timestamp,frame_id,face_detected,ear_left,ear_right,ear_avg,mar,eye_closed,mouth_open,perclos,yawn_count_window,long_eye_closure_count,head_tilt_score,looking_down,looking_side,fatigue_score,distraction_score,final_state,alert_message,fps
1777745858.4646323,1,False,0.0,0.0,0.0,0.0,False,False,0.0,0,0,0.0,False,False,0.0,15.0,Normal,,2.4671681598089963
1777745858.6330209,2,False,0.0,0.0,0.0,0.0,False,False,0.0,0,0,0.0,False,False,0.0,16.96453372637431,Normal,,2.8143584509529536
1777745858.682025,3,False,0.0,0.0,0.0,0.0,False,False,0.0,0,0,0.0,False,False,0.0,17.536247968673706,Normal,,4.571853958953757
1777745858.7318294,4,False,0.0,0.0,0.0,0.0,False,False,0.0,0,0,0.0,False,False,0.0,18.117299874623615,Normal,,6.135499287631908
1777745858.7732112,5,False,0.0,0.0,0.0,0.0,False,False,0.0,0,0,0.0,False,False,0.0,18.600087960561115,Normal,,7.909313516136365
1777745858.8103702,6,False,0.0,0.0,0.0,0.0,False,False,0.0,0,0,0.0,False,False,0.0,19.033609231313072,Normal,,9.78138454260351
1777745858.8507988,7,False,0.0,0.0,0.0,0.0,False,False,0.0,0,0,0.0,False,False,0.0,19.505276679992676,Normal,,11.327172914528415
1777745858.8926094,8,False,0.0,0.0,0.0,0.0,False,False,0.0,0,0,0.0,False,False,0.0,19.99306599299113,Normal,,12.580805701147458
1777745858.9345205,9,False,0.0,0.0,0.0,0.0,False,False,0.0,0,0,0.0,False,False,0.0,20.48202912012736,Normal,,13.702589571370497
1777745858.9722617,10,False,0.0,0.0,0.0,0.0,False,False,0.0,0,0,0.0,False,False,0.0,20.922342936197918,Normal,,14.976832827517786
1777745859.011118,11,False,0.0,0.0,0.0,0.0,False,False,0.0,0,0,0.0,False,False,0.0,21.37566606203715,Normal,,16.01844514542446
1777745859.0513873,12,False,0.0,0.0,0.0,0.0,False,False,0.0,0,0,0.0,False,False,0.0,21.845475435256958,Normal,,16.93752429653995
1777745859.0940661,13,False,0.0,0.0,0.0,0.0,False,False,0.0,0,0,0.0,False,False,0.0,22.34339515368144,Normal,,17.526053601455388
1777745859.1420395,14,False,0.0,0.0,0.0,0.0,False,False,0.0,0,0,0.0,False,False,0.0,22.903084754943848,Normal,,17.90019376771516
1777745859.1837614,15,False,0.0,0.0,0.0,0.0,False,False,0.0,0,0,0.0,False,False,0.0,23.389839331309002,Normal,,18.508739090067785
1777745859.2264252,16,False,0.0,0.0,0.0,0.0,False,False,0.0,0,0,0.0,False,False,0.0,23.887583812077843,Normal,,18.977087590570488
1777745859.2715542,17,False,0.0,0.0,0.0,0.0,False,False,0.0,0,0,0.0,False,False,0.0,24.4140895207723,Normal,,19.270953104942514
1777745859.3233516,18,False,0.0,0.0,0.0,0.0,False,False,0.0,0,0,0.0,False,False,0.0,25.018392403920494,Normal,,19.32435779101925
1777745859.3712893,19,False,0.0,0.0,0.0,0.0,False,False,0.0,0,0,0.0,False,False,0.0,25.577664772669472,Normal,,19.4797398046927
1777745859.4149442,20,False,0.0,0.0,0.0,0.0,False,False,0.0,0,0,0.0,False,False,0.0,26.08697215716044,Normal,,19.802599016515316
1777745859.4627228,21,False,0.0,0.0,0.0,0.0,False,False,0.0,0,0,0.0,False,False,0.0,26.644389231999718,Normal,,19.92822295449557
1777745859.5089483,22,False,0.0,0.0,0.0,0.0,False,False,0.0,0,0,0.0,False,False,0.0,27.18368728955587,Normal,,20.04125789033092
1777745859.560144,23,False,0.0,0.0,0.0,0.0,False,False,0.0,0,0,0.0,False,False,0.0,27.780969540278114,Normal,,20.038100568558534
1777745859.6030955,24,False,0.0,0.0,0.0,0.0,False,False,0.0,0,0,0.0,False,False,0.0,28.282071352005005,Normal,,20.346156628594787
1777745859.6485927,25,False,0.0,0.0,0.0,0.0,False,False,0.0,0,0,0.0,False,False,0.0,28.81287177403768,Normal,,20.523573093750883
1777745859.6965423,26,False,0.0,0.0,0.0,0.0,False,False,0.0,0,0,0.0,False,False,0.0,29.372283220291138,Normal,,20.55741764391469
1777745859.742992,27,False,0.0,0.0,0.0,0.0,False,False,0.0,0,0,0.0,False,False,0.0,29.914195934931435,Normal,,20.650660700870176
1777745859.7922757,28,False,0.0,0.0,0.0,0.0,False,False,0.0,0,0,0.0,False,False,0.0,30.48917293548584,Atencao,Atencao: sinais iniciais de risco,20.625453472568825
1777745860.0211608,29,False,0.0,0.0,0.0,0.0,False,False,0.0,0,0,0.0,False,False,0.0,33.15949996312459,Atencao,Atencao: sinais iniciais de risco,18.998101329302575
1777745860.058761,30,False,0.0,0.0,0.0,0.0,False,False,0.0,0,0,0.0,False,False,0.0,33.59816710154216,Atencao,Atencao: sinais iniciais de risco,19.746406929763708
1777745860.1032584,31,False,0.0,0.0,0.0,0.0,False,False,0.0,0,0,0.0,False,False,0.0,34.117304484049484,Atencao,Atencao: sinais iniciais de risco,20.06647578464652
1777745860.1416988,32,False,0.0,0.0,0.0,0.0,False,False,0.0,0,0,0.0,False,False,0.0,34.56577658653259,Atencao,Atencao: sinais iniciais de risco,20.666887075772113
1777745860.1816583,33,False,0.0,0.0,0.0,0.0,False,False,0.0,0,0,0.0,False,False,0.0,35.03196994463603,Atencao,Atencao: sinais iniciais de risco,21.10310173766914
1777745860.2211957,34,False,0.0,0.0,0.0,0.0,False,False,0.0,0,0,0.0,False,False,0.0,35.49323995908101,Atencao,Atencao: sinais iniciais de risco,21.510104384095996
1777745860.2590394,35,False,0.0,0.0,0.0,0.0,False,False,0.0,0,0,0.0,False,False,0.0,35.93474984169006,Atencao,Atencao: sinais iniciais de risco,21.953080565713957
1777745860.2963145,36,False,0.0,0.0,0.0,0.0,False,False,0.0,0,0,0.0,False,False,0.0,36.36962572733562,Atencao,Atencao: sinais iniciais de risco,22.4372506533744
1777745860.3347666,37,False,0.0,0.0,0.0,0.0,False,False,0.0,0,0,0.0,False,False,0.0,36.81823412577312,Atencao,Atencao: sinais iniciais de risco,22.739369877549446
1777745860.3761635,38,False,0.0,0.0,0.0,0.0,False,False,0.0,0,0,0.0,False,False,0.0,37.301197449366256,Atencao,Atencao: sinais iniciais de risco,22.968442757894262
1777745860.4209523,39,False,0.0,0.0,0.0,0.0,False,False,0.0,0,0,0.0,False,False,0.0,37.82373388608296,Atencao,Atencao: sinais iniciais de risco,22.89252269991823
1777745860.463471,40,False,0.0,0.0,0.0,0.0,False,False,0.0,0,0,0.0,False,False,0.0,38.31978440284729,Atencao,Atencao: sinais iniciais de risco,22.974860676176764
1777745860.5029104,41,False,0.0,0.0,0.0,0.0,False,False,0.0,0,0,0.0,False,False,0.0,38.77991120020549,Atencao,Atencao: sinais iniciais de risco,23.228603278133235
1777745860.5401134,42,False,0.0,0.0,0.0,0.0,False,False,0.0,0,0,0.0,False,False,0.0,39.213947057724,Atencao,Atencao: sinais iniciais de risco,23.492101461294347
1777745860.5850985,43,False,0.0,0.0,0.0,0.0,False,False,0.0,0,0,0.0,False,False,0.0,39.73877271016438,Atencao,Atencao: sinais iniciais de risco,23.432813825156625
1777745860.6250331,44,False,0.0,0.0,0.0,0.0,False,False,0.0,0,0,0.0,False,False,0.0,40.20467678705852,Atencao,Atencao: sinais iniciais de risco,23.584579773591756
1777745860.6639974,45,False,0.0,0.0,0.0,0.0,False,False,0.0,0,0,0.0,False,False,0.0,40.6592599550883,Atencao,Atencao: sinais iniciais de risco,23.784144138187703
1777745860.7047904,46,False,0.0,0.0,0.0,0.0,False,False,0.0,0,0,0.0,False,False,0.0,41.13517761230469,Atencao,Atencao: sinais iniciais de risco,23.857473279590472
1777745860.7441914,47,False,0.0,0.0,0.0,0.0,False,False,0.0,0,0,0.0,False,False,0.0,41.594856580098465,Atencao,Atencao: sinais iniciais de risco,23.946250720896188
1777745860.788726,48,False,0.0,0.0,0.0,0.0,False,False,0.0,0,0,0.0,False,False,0.0,42.114427884419754,Atencao,Atencao: sinais iniciais de risco,23.860902476284682
1777745860.8293068,49,False,0.0,0.0,0.0,0.0,False,False,0.0,0,0,0.0,False,False,0.0,42.58786996205647,Atencao,Atencao: sinais iniciais de risco,23.945876071366552
1777745860.8691554,50,False,0.0,0.0,0.0,0.0,False,False,0.0,0,0,0.0,False,False,0.0,43.052769899368286,Atencao,Atencao: sinais iniciais de risco,24.05203868904185
1777745860.9098938,51,False,0.0,0.0,0.0,0.0,False,False,0.0,0,0,0.0,False,False,0.0,43.52805058161418,Atencao,Atencao: sinais iniciais de risco,24.10466460412031
1777745860.9512017,52,False,0.0,0.0,0.0,0.0,False,False,0.0,0,0,0.0,False,False,0.0,44.009976387023926,Atencao,Atencao: sinais iniciais de risco,24.12643599910498
1777745860.9894266,53,False,0.0,0.0,0.0,0.0,False,False,0.0,0,0,0.0,False,False,0.0,44.45593396822612,Atencao,Atencao: sinais iniciais de risco,24.323089322323813
1777745861.0269747,54,False,0.0,0.0,0.0,0.0,False,False,0.0,0,0,0.0,False,False,0.0,44.89399472872417,Atencao,Atencao: sinais iniciais de risco,24.550524627571555
1777745861.0632336,55,False,0.0,0.0,0.0,0.0,False,False,0.0,0,0,0.0,False,False,0.0,45.317015647888184,Atencao,Atencao: sinais iniciais de risco,24.84409922858107
1777745861.1036947,56,False,0.0,0.0,0.0,0.0,False,False,0.0,0,0,0.0,False,False,0.0,45.78906138737996,Atencao,Atencao: sinais iniciais de risco,24.821524699807096
1777745861.142316,57,False,0.0,0.0,0.0,0.0,False,False,0.0,0,0,0.0,False,False,0.0,46.23964468638103,Atencao,Atencao: sinais iniciais de risco,24.909868081803005
1777745861.1830812,58,False,0.0,0.0,0.0,0.0,False,False,0.0,0,0,0.0,False,False,0.0,46.71523690223694,Atencao,Atencao: sinais iniciais de risco,24.902723875048654
1777745861.2219071,59,False,0.0,0.0,0.0,0.0,False,False,0.0,0,0,0.0,False,False,0.0,47.1682067712148,Atencao,Atencao: sinais iniciais de risco,24.98132953259453
1777745861.2594078,60,False,0.0,0.0,0.0,0.0,False,False,0.0,0,0,0.0,False,False,0.0,47.60571400324504,Atencao,Atencao: sinais iniciais de risco,25.078280448854883
1777745861.3004048,61,False,0.0,0.0,0.0,0.0,False,False,0.0,0,0,0.0,False,False,0.0,48.08401266733806,Atencao,Atencao: sinais iniciais de risco,25.072284997046136
1777745861.3376925,62,False,0.0,0.0,0.0,0.0,False,False,0.0,0,0,0.0,False,False,0.0,48.51903597513835,Atencao,Atencao: sinais iniciais de risco,25.188378884063717
1777745861.377353,63,False,0.0,0.0,0.0,0.0,False,False,0.0,0,0,0.0,False,False,0.0,48.98174126942952,Atencao,Atencao: sinais iniciais de risco,25.239547985680804
1777745861.4215677,64,False,0.0,0.0,0.0,0.0,False,False,0.0,0,0,0.0,False,False,0.0,49.497579733530685,Atencao,Atencao: sinais iniciais de risco,24.949067154671024
1777745861.4641461,65,False,0.0,0.0,0.0,0.0,False,False,0.0,0,0,0.0,False,False,0.0,49.99432841936748,Atencao,Atencao: sinais iniciais de risco,24.84353251251812
1777745861.5047517,66,False,0.0,0.0,0.0,0.0,False,False,0.0,0,0,0.0,False,False,0.0,50.0,Atencao,Atencao: sinais iniciais de risco,24.777325027893394
1777745861.5454054,67,False,0.0,0.0,0.0,0.0,False,False,0.0,0,0,0.0,False,False,0.0,50.0,Atencao,Atencao: sinais iniciais de risco,24.797544204978227
1777745861.587893,68,False,0.0,0.0,0.0,0.0,False,False,0.0,0,0,0.0,False,False,0.0,50.0,Atencao,Atencao: sinais iniciais de risco,24.690899601103204
1777745861.6303387,69,False,0.0,0.0,0.0,0.0,False,False,0.0,0,0,0.0,False,False,0.0,50.0,Atencao,Atencao: sinais iniciais de risco,24.567867208576686
1777745861.672368,70,False,0.0,0.0,0.0,0.0,False,False,0.0,0,0,0.0,False,False,0.0,50.0,Atencao,Atencao: sinais iniciais de risco,24.490084351972175
1777745861.7115512,71,False,0.0,0.0,0.0,0.0,False,False,0.0,0,0,0.0,False,False,0.0,50.0,Atencao,Atencao: sinais iniciais de risco,24.540457320113756
1777745861.7545075,72,False,0.0,0.0,0.0,0.0,False,False,0.0,0,0,0.0,False,False,0.0,50.0,Atencao,Atencao: sinais iniciais de risco,24.44387910218252
1777745861.8032243,73,False,0.0,0.0,0.0,0.0,False,False,0.0,0,0,0.0,False,False,0.0,50.0,Atencao,Atencao: sinais iniciais de risco,24.06862509325068
1777745861.8542771,74,False,0.0,0.0,0.0,0.0,False,False,0.0,0,0,0.0,False,False,0.0,50.0,Atencao,Atencao: sinais iniciais de risco,23.60779899387804
1777745861.9042354,75,False,0.0,0.0,0.0,0.0,False,False,0.0,0,0,0.0,False,False,0.0,50.0,Atencao,Atencao: sinais iniciais de risco,23.25721884895241
1777745861.950007,76,False,0.0,0.0,0.0,0.0,False,False,0.0,0,0,0.0,False,False,0.0,50.0,Atencao,Atencao: sinais iniciais de risco,23.109382279424562
1777745861.9881036,77,False,0.0,0.0,0.0,0.0,False,False,0.0,0,0,0.0,False,False,0.0,50.0,Atencao,Atencao: sinais iniciais de risco,23.418652674172698
1777745862.0267181,78,False,0.0,0.0,0.0,0.0,False,False,0.0,0,0,0.0,False,False,0.0,50.0,Atencao,Atencao: sinais iniciais de risco,23.681374607612465
1777745862.0636706,79,False,0.0,0.0,0.0,0.0,False,False,0.0,0,0,0.0,False,False,0.0,50.0,Atencao,Atencao: sinais iniciais de risco,24.009752438875275
1777745862.1017478,80,False,0.0,0.0,0.0,0.0,False,False,0.0,0,0,0.0,False,False,0.0,50.0,Atencao,Atencao: sinais iniciais de risco,24.193644863312308
1777745862.1384928,81,False,0.0,0.0,0.0,0.0,False,False,0.0,0,0,0.0,False,False,0.0,50.0,Atencao,Atencao: sinais iniciais de risco,24.479644571276
1777745862.177225,82,False,0.0,0.0,0.0,0.0,False,False,0.0,0,0,0.0,False,False,0.0,50.0,Atencao,Atencao: sinais iniciais de risco,24.634741837448264
1777745862.2146964,83,False,0.0,0.0,0.0,0.0,False,False,0.0,0,0,0.0,False,False,0.0,50.0,Atencao,Atencao: sinais iniciais de risco,24.786002205725325
1777745862.2540944,84,False,0.0,0.0,0.0,0.0,False,False,0.0,0,0,0.0,False,False,0.0,50.0,Atencao,Atencao: sinais iniciais de risco,24.953422635200184
1777745862.295094,85,False,0.0,0.0,0.0,0.0,False,False,0.0,0,0,0.0,False,False,0.0,50.0,Atencao,Atencao: sinais iniciais de risco,24.892437917833323
1777745862.334272,86,False,0.0,0.0,0.0,0.0,False,False,0.0,0,0,0.0,False,False,0.0,50.0,Atencao,Atencao: sinais iniciais de risco,24.938022671206486
1777745862.3742807,87,False,0.0,0.0,0.0,0.0,False,False,0.0,0,0,0.0,False,False,0.0,50.0,Atencao,Atencao: sinais iniciais de risco,24.892092957808284
1777745862.417198,88,False,0.0,0.0,0.0,0.0,False,False,0.0,0,0,0.0,False,False,0.0,50.0,Atencao,Atencao: sinais iniciais de risco,24.80010863447852
1777745862.4605458,89,False,0.0,0.0,0.0,0.0,False,False,0.0,0,0,0.0,False,False,0.0,50.0,Atencao,Atencao: sinais iniciais de risco,24.57165528587498
1777745862.5047116,90,False,0.0,0.0,0.0,0.0,False,False,0.0,0,0,0.0,False,False,0.0,50.0,Atencao,Atencao: sinais iniciais de risco,24.423190789066727
1777745862.550413,91,False,0.0,0.0,0.0,0.0,False,False,0.0,0,0,0.0,False,False,0.0,50.0,Atencao,Atencao: sinais iniciais de risco,24.159217215140185
1777745862.5963666,92,False,0.0,0.0,0.0,0.0,False,False,0.0,0,0,0.0,False,False,0.0,50.0,Atencao,Atencao: sinais iniciais de risco,23.93286874441089
1777745862.6413693,93,False,0.0,0.0,0.0,0.0,False,False,0.0,0,0,0.0,False,False,0.0,50.0,Atencao,Atencao: sinais iniciais de risco,23.75608060014246
1777745862.6859689,94,False,0.0,0.0,0.0,0.0,False,False,0.0,0,0,0.0,False,False,0.0,50.0,Atencao,Atencao: sinais iniciais de risco,23.62265014205575
1777745862.7289608,95,False,0.0,0.0,0.0,0.0,False,False,0.0,0,0,0.0,False,False,0.0,50.0,Atencao,Atencao: sinais iniciais de risco,23.543839446616566
1777745862.7708373,96,False,0.0,0.0,0.0,0.0,False,False,0.0,0,0,0.0,False,False,0.0,50.0,Atencao,Atencao: sinais iniciais de risco,23.63992538163454
1777745862.8124375,97,False,0.0,0.0,0.0,0.0,False,False,0.0,0,0,0.0,False,False,0.0,50.0,Atencao,Atencao: sinais iniciais de risco,23.67364638094631
1777745862.8492365,98,False,0.0,0.0,0.0,0.0,False,False,0.0,0,0,0.0,False,False,0.0,50.0,Atencao,Atencao: sinais iniciais de risco,23.97867803096639
1777745862.8940606,99,False,0.0,0.0,0.0,0.0,False,False,0.0,0,0,0.0,False,False,0.0,50.0,Atencao,Atencao: sinais iniciais de risco,23.82593773794338
1777745862.9329653,100,False,0.0,0.0,0.0,0.0,False,False,0.0,0,0,0.0,False,False,0.0,50.0,Atencao,Atencao: sinais iniciais de risco,24.041711671343307
1777745862.9700382,101,False,0.0,0.0,0.0,0.0,False,False,0.0,0,0,0.0,False,False,0.0,50.0,Atencao,Atencao: sinais iniciais de risco,24.255362109611454
1777745863.01337,102,False,0.0,0.0,0.0,0.0,False,False,0.0,0,0,0.0,False,False,0.0,50.0,Atencao,Atencao: sinais iniciais de risco,24.20054467691286
1777745863.063159,103,False,0.0,0.0,0.0,0.0,False,False,0.0,0,0,0.0,False,False,0.0,50.0,Atencao,Atencao: sinais iniciais de risco,23.742086085485415
1777745863.1057727,104,False,0.0,0.0,0.0,0.0,False,False,0.0,0,0,0.0,False,False,0.0,50.0,Atencao,Atencao: sinais iniciais de risco,23.771642734403848
1777745863.1492262,105,False,0.0,0.0,0.0,0.0,False,False,0.0,0,0,0.0,False,False,0.0,50.0,Atencao,Atencao: sinais iniciais de risco,23.634350876859173
1777745863.1943517,106,True,0.2698127194794697,0.3312921868075184,0.30055245314349405,0.04379722549422475,False,False,0.0,0,0,34.20252017710697,False,False,1.7101260088553485,15.0,Normal,,23.554213692554875
1777745863.2403445,107,True,0.2830237869292906,0.2831851794554338,0.2831044831923622,0.07377826112390246,False,False,0.0,0,0,33.377768536115234,False,False,1.6688884268057615,15.0,Normal,,23.36560200141867
1777745863.2846806,108,True,0.28277549023140386,0.29765050124237663,0.29021299573689024,0.08406337050383689,False,False,0.0,0,0,32.26062750315124,False,False,1.613031375157562,15.0,Normal,,23.244710567282823
1777745863.329321,109,True,0.2849219765497215,0.2794389313604303,0.2821804539550759,0.0909823142324791,False,False,0.0,0,0,34.42576730569655,False,False,1.7212883652848276,15.0,Normal,,23.17534620001154
1777745863.375229,110,True,0.2532632492020181,0.2934185157509805,0.2733408824764993,0.08593149875799634,False,False,0.0,0,0,33.36640557893975,False,False,1.6683202789469875,15.0,Normal,,23.06469351884189
1777745863.4204004,111,True,0.290865305840111,0.2930320822993016,0.2919486940697063,0.0840661303111596,False,False,0.0,0,0,31.262576405839486,False,False,1.5631288202919744,15.0,Normal,,22.95268885154033
1777745863.4713118,112,True,0.15366873091541725,0.1761148837902407,0.164891807352829,0.06661770782851537,True,False,0.14285714285714285,0,0,51.78439470529557,False,False,22.232076878121916,15.0,Normal,,22.613605326016206
1777745863.5266292,113,True,0.21868001175984086,0.22449561013187375,0.2215878109458573,0.002417933730522529,False,False,0.125,0,0,35.60036162246357,False,False,19.16112898772413,15.0,Normal,,22.170793626991923
1777745863.582844,114,True,0.27085323335801637,0.26115462740984896,0.26600393038393266,0.1282241918580821,False,False,0.1111111111111111,0,0,23.593078432638535,False,False,16.651042606010655,15.0,Normal,,21.728831733740723
1777745863.6361282,115,True,0.277376792879669,0.312124719670115,0.294750756274892,0.1619702489127781,False,False,0.1,0,0,19.670238449656278,False,False,14.927122829083766,15.0,Normal,,21.438670071471922
1777745863.6925204,116,True,0.28638426877499124,0.3216599592277484,0.3040221140013698,0.18515278376840238,False,False,0.09090909090909091,0,0,27.998300473256542,False,False,14.09352593026378,15.0,Normal,,21.061612489045842
1777745863.7443264,117,True,0.27266708604106316,0.30821341995787516,0.2904402529994692,0.23068722768493094,False,False,0.08333333333333333,0,0,37.02542406699874,False,False,13.50321544328422,15.0,Normal,,20.894950500586383
1777745863.7910302,118,True,0.2941086783051406,0.31348786825420655,0.30379827327967357,0.21562166010549302,False,False,0.07692307692307693,0,0,41.0704629134048,False,True,12.82405712919427,22.692307692307693,Normal,,20.949046005822794
1777745863.8370283,119,True,0.323815353645627,0.3367264145308978,0.33027088408826244,0.2506161749176013,False,False,0.07142857142857142,0,0,44.941294612125915,False,True,12.262104208635817,29.285714285714285,Normal,,21.015597883206045
1777745863.8817554,120,True,0.32282045423348693,0.37515734590119554,0.34898890006734123,0.2806591430142138,False,False,0.06666666666666667,0,0,44.946774291992185,False,True,11.607616287867227,35.0,Atencao,Atencao: sinais iniciais de risco,21.15738265156031
1777745863.9310343,121,True,0.3142339582526591,0.3694691928624647,0.3418515755575619,0.2687471618854489,False,False,0.0625,0,0,45.16660299301147,False,True,11.045691056251526,40.0,Atencao,Atencao: sinais iniciais de risco,21.06883304045592
1777745863.9717305,122,True,0.3241445037096092,0.3371165915375597,0.33063054762358446,0.2617716805114072,False,False,0.058823529411764705,0,0,43.330322360992426,False,True,10.448362318768218,44.41176470588236,Atencao,Atencao: sinais iniciais de risco,21.37684869690803
1777745864.0118275,123,True,0.32751891299257896,0.36460660525574157,0.3460627591241603,0.21565984882578226,False,False,0.05555555555555555,0,0,43.78054208755493,False,True,10.021526899867586,48.333333333333336,Atencao,Atencao: sinais iniciais de risco,21.784833135472546
1777745864.0592172,124,True,0.32227871823615156,0.36576440610575695,0.34402156217095425,0.13558613473084855,False,False,0.05263157894736842,0,0,43.792421913146974,False,True,9.620074107521457,50.0,Atencao,Atencao: sinais iniciais de risco,21.66790369629473
1777745864.1096296,125,True,0.3344796412484903,0.4029055957124997,0.36869261848049495,0.1298171905201292,False,False,0.05,0,0,43.617372798919675,False,True,9.249479546546937,50.0,Atencao,Atencao: sinais iniciais de risco,21.487901189008237
1777745864.1547146,126,True,0.3080486742764724,0.40138391061919326,0.35471629244783287,0.0029037424732688264,False,False,0.047619047619047616,0,0,44.05938196182251,False,True,8.944199052311125,50.0,Atencao,Atencao: sinais iniciais de risco,21.55981827441151
1777745864.2009351,127,True,0.33775066138786464,0.37829461855512186,0.35802263997149325,0.005639659956888578,False,False,0.045454545454545456,0,0,42.659613037109374,False,True,8.576591558456421,50.0,Atencao,Atencao: sinais iniciais de risco,21.608708773719577
1777745864.244179,128,True,0.33357560795757507,0.39629946077274875,0.3649375343651619,0.004275765330644226,False,False,0.043478260869565216,0,0,42.32007284164428,False,True,8.287875418248383,50.0,Atencao,Atencao: sinais iniciais de risco,21.769747434803822
1777745864.288717,129,True,0.2948043766847904,0.44122553963482597,0.3680149581598082,0.005498450279893667,False,False,0.041666666666666664,0,0,41.58253102302551,False,True,8.001904124418893,50.0,Atencao,Atencao: sinais iniciais de risco,21.785918672164595
1777745864.336926,130,True,0.29998381009588987,0.4072911961394782,0.35363750311768405,0.004750314806195355,False,False,0.04,0,0,41.180488920211786,False,True,7.752635352611541,50.0,Atencao,Atencao: sinais iniciais de risco,21.73108679552559
1777745864.3771136,131,True,0.24472590569415228,0.2757060221938881,0.2602159639440202,0.05155015695648544,False,False,0.038461538461538464,0,0,39.59169731898741,False,True,7.4616573110118605,50.0,Atencao,Atencao: sinais iniciais de risco,21.979819246296003
1777745864.4283261,132,False,0.0,0.0,0.0,0.0,False,False,0.038461538461538464,0,0,0.0,False,False,5.4820724450624905,50.0,Atencao,Atencao: sinais iniciais de risco,21.76614541436741
1777745864.4776087,133,False,0.0,0.0,0.0,0.0,False,False,0.038461538461538464,0,0,0.0,False,False,5.4820724450624905,50.574963092803955,Atencao,Atencao: sinais iniciais de risco,21.58947087473941
1777745864.5301864,134,False,0.0,0.0,0.0,0.0,False,False,0.038461538461538464,0,0,0.0,False,False,5.4820724450624905,51.18836998939514,Atencao,Atencao: sinais iniciais de risco,21.375984734692096
1777745864.5794363,135,True,0.3450451923567474,0.35530953215071026,0.35017736225372886,0.1958112352325634,False,False,0.037037037037037035,0,0,46.44547424316406,False,True,7.608477211351747,50.0,Atencao,Atencao: sinais iniciais de risco,21.251698281349448
1777745864.6284702,136,True,0.27667563339930745,0.3487208339005636,0.31269823364993554,0.007382428671002764,False,False,0.03571428571428571,0,0,42.18375096321106,False,True,7.21351274047579,50.0,Atencao,Atencao: sinais iniciais de risco,21.1781345523816
1777745864.6743662,137,True,0.2939818325972941,0.42484039796203693,0.3594111152796655,0.006285188565680942,False,False,0.034482758620689655,0,0,43.65718193054199,False,True,7.117849313472879,50.0,Atencao,Atencao: sinais iniciais de risco,21.22908568257505
1777745864.720238,138,True,0.29177879279043917,0.37732889556471927,0.3345538441775792,0.010460465092104092,False,False,0.03333333333333333,0,0,43.29855556488037,False,True,6.941872018178303,50.0,Atencao,Atencao: sinais iniciais de risco,21.23585761828164
1777745864.7680058,139,True,0.27302897786822206,0.42149113417935663,0.34726005602378934,0.004838684779759925,False,False,0.03225806451612903,0,0,44.28659467697143,False,True,6.843424511417266,50.0,Atencao,Atencao: sinais iniciais de risco,21.230184527362795
1777745864.8129113,140,True,0.2784747789303019,0.3785152670634647,0.3284950229968833,0.0031131754028141606,False,False,0.03125,0,0,44.28351850509643,False,True,6.704661831855773,50.0,Atencao,Atencao: sinais iniciais de risco,21.371048768113557
1777745865.0511057,141,True,0.22858269479900722,0.27693663296490656,0.2527596638819569,0.004716259278411261,False,False,0.030303030303030304,0,0,36.64169505834579,False,True,6.192362326184909,50.0,Atencao,Atencao: sinais iniciais de risco,19.653900744948743
1777745865.0955942,142,True,0.22547407112547307,0.3032061151120341,0.2643400931187536,0.006732181109914411,False,False,0.029411764705882353,0,0,38.59800164699554,False,True,6.167628636009551,50.0,Atencao,Atencao: sinais iniciais de risco,19.940260844676175
1777745865.1372457,143,True,0.18157912556813363,0.1944906996059749,0.18803491258705426,0.009517957929143013,True,False,0.05714285714285714,0,0,35.00080549078411,False,True,9.800794038283016,50.0,Atencao,Atencao: sinais iniciais de risco,20.304336015412492
1777745865.1800256,144,True,0.2871340334124052,0.3586940488961293,0.32291404115426725,0.0065033499160366175,False,False,0.05555555555555555,0,0,36.096743679046625,False,True,9.61539639049106,50.0,Atencao,Atencao: sinais iniciais de risco,20.647879825022283
1777745865.2264326,145,True,0.3005760533598073,0.2942800126789718,0.2974280330193896,0.008825385899932026,False,False,0.05405405405405406,0,0,36.797211575508115,False,True,9.443963328857679,50.0,Atencao,Atencao: sinais iniciais de risco,20.694765595045126
1777745865.271431,146,True,0.291222733081928,0.3402504668515833,0.3157365999667556,0.009015088379609413,False,False,0.05263157894736842,0,0,35.66902607679367,False,True,9.191963726752682,50.0,Atencao,Atencao: sinais iniciais de risco,20.888935997181285
1777745865.3157918,147,True,0.1833502561976998,0.24381432970061262,0.2135822929491562,0.003472340297389053,False,False,0.05128205128205128,0,0,40.788539218902585,False,True,9.262379329877021,50.0,Atencao,Atencao: sinais iniciais de risco,21.052335234149748
1777745865.360164,148,True,0.16463108294276618,0.339824233667865,0.25222765830531557,0.04378090470454025,False,False,0.05,0,0,52.32129554748535,False,True,9.662735095024109,50.0,Atencao,Atencao: sinais iniciais de risco,21.20159322008188
1777745865.4042232,149,True,0.16347388734852636,0.20903591270858018,0.18625490002855327,0.024544611876906614,True,False,0.07317073170731707,0,0,57.83034172058106,False,True,13.12416301343499,50.0,Atencao,Atencao: sinais iniciais de risco,21.310521711947978
1777745865.4518836,150,True,0.21666760475508862,0.41299373878884826,0.31483067177196844,0.09103160536550658,False,False,0.07142857142857142,0,0,28.45280691439455,False,True,11.414119538181012,50.0,Atencao,Atencao: sinais iniciais de risco,21.306463863081166
1777745865.5009558,151,True,0.2661423790073714,0.34445221015755273,0.3052972945824621,0.027156376384954807,False,False,0.06976744186046512,0,0,38.72277307510375,False,True,11.699212530601855,50.0,Atencao,Atencao: sinais iniciais de risco,21.219540895920815
1777745865.546176,152,True,0.28732136859925567,0.38275576244206494,0.3350385655206603,0.004114684174251677,False,False,0.06818181818181818,0,0,35.24440759095279,False,True,11.307271000580354,50.0,Atencao,Atencao: sinais iniciais de risco,21.320975070354127
1777745865.5960412,153,True,0.29031260246555907,0.3465734083661549,0.318443005415857,0.004510447983843699,False,False,0.06666666666666667,0,0,33.680857583609495,False,True,11.020760166879857,50.0,Atencao,Atencao: sinais iniciais de risco,21.190258517838917
1777745865.6425247,154,True,0.29875534971225903,0.39383527574656857,0.34629531272941383,0.006439145218650873,False,False,0.06521739130434782,0,0,32.91139240752567,False,True,10.783011545756823,50.0,Atencao,Atencao: sinais iniciais de risco,21.217537694794423
1777745865.6961915,155,True,0.31002651292704614,0.39880232522688236,0.35441441907696425,0.010519079325093399,False,False,0.06382978723404255,0,0,30.97770261222666,False,False,10.4955314963249,50.0,Atencao,Atencao: sinais iniciais de risco,20.958307345356616
1777745865.7517,156,True,0.295438231843598,0.3704459770411243,0.33294210444236116,0.004181044680812352,False,False,0.0625,0,0,32.76787063858726,False,False,10.402194152962078,50.0,Atencao,Atencao: sinais iniciais de risco,20.662757095608328
1777745865.8007097,157,True,0.3066186640307068,0.4180804940721174,0.3623495790514121,0.00374902614055405,False,False,0.061224489795918366,0,0,31.591629983078345,False,False,10.167999467125407,50.0,Atencao,Atencao: sinais iniciais de risco,20.601707002241593
1777745865.8521776,158,True,0.28541515906531195,0.3952939964132312,0.3403545777392716,0.007017874498591657,False,False,0.06,0,0,30.717469558390704,False,False,9.95592409895225,50.0,Atencao,Atencao: sinais iniciais de risco,20.525927085844607
1777745865.900429,159,True,0.2876836994483057,0.3870995372078559,0.3373916183280808,0.008035810372719882,False,False,0.058823529411764705,0,0,31.407800429517568,False,False,9.828675936626238,50.0,Atencao,Atencao: sinais iniciais de risco,20.49093186074684
1777745865.950038,160,True,0.3124140135232129,0.36240631075191754,0.33741016213756525,0.007494429548892097,False,False,0.057692307692307696,0,0,33.628354552117266,False,False,9.784160656330885,50.0,Atencao,Atencao: sinais iniciais de risco,20.51332140035273
1777745865.9983618,161,True,0.3251393174591207,0.3188871734170227,0.32201324543807175,0.00629411166586595,False,False,0.05660377358490566,0,0,38.62181974432685,False,True,9.884160476173586,50.0,Atencao,Atencao: sinais iniciais de risco,20.512047586710892
1777745866.0430696,162,True,0.32911169784305067,0.353361987009414,0.3412368424262323,0.005670361320429581,False,False,0.05555555555555555,0,0,41.83266096115113,False,True,9.900572557979158,50.0,Atencao,Atencao: sinais iniciais de risco,20.697979291979856
1777745866.09131,163,True,0.3461050815079289,0.4524522011234733,0.3992786413157011,0.0036356920628643793,False,False,0.05454545454545454,0,0,36.79985333681106,False,True,9.510043287873266,50.0,Atencao,Atencao: sinais iniciais de risco,20.709671710557153
1777745866.1398938,164,True,0.3463660251130808,0.42636365494939954,0.38636484003124016,0.00786582282456223,False,False,0.05357142857142857,0,0,36.655705630779266,False,True,9.368907331143106,50.0,Atencao,Atencao: sinais iniciais de risco,20.68983512328881
1777745866.188426,165,True,0.3449047325795087,0.28381972087501267,0.31436222672726066,0.010293948754874879,False,False,0.05263157894736842,0,0,41.89358787536621,False,True,9.501572120064182,50.0,Atencao,Atencao: sinais iniciais de risco,20.685163173306172
1777745866.231575,166,True,0.32655604219621504,0.3321303475336562,0.32934319486493563,0.007226561247413204,False,False,0.05172413793103448,0,0,38.7213002204895,False,True,9.21818459757443,50.0,Atencao,Atencao: sinais iniciais de risco,20.91173559305776
1777745866.2767668,167,True,0.3820889357564833,0.2912491912980081,0.3366690635272457,0.010463745952797752,False,False,0.05084745762711865,0,0,43.89229364395141,False,True,9.356190726959099,50.0,Atencao,Atencao: sinais iniciais de risco,21.05890530357455
1777745866.321366,168,True,0.3733312730561757,0.3478014345628574,0.3605663538095165,0.007997494386792064,False,False,0.05,0,0,42.54263525009156,False,True,9.172182383537294,50.0,Atencao,Atencao: sinais iniciais de risco,21.20224778468055
1777745866.3678548,169,True,0.36881997919053233,0.3396774136351273,0.35424869641282986,0.006699751910815938,False,False,0.04918032786885246,0,0,37.1808874130249,False,True,8.791390073651174,50.0,Atencao,Atencao: sinais iniciais de risco,21.209189259730312
1777745866.416329,170,True,0.37062352812144167,0.4587699246017549,0.41469672636159827,0.01313835580162298,False,False,0.04838709677419355,0,0,35.98939094543457,False,True,8.622745974756056,50.0,Atencao,Atencao: sinais iniciais de risco,21.111599316016882
1777745866.4793572,171,True,0.3740937660387352,0.4746239567147704,0.4243588613767528,0.008484489608266185,False,False,0.047619047619047616,0,0,35.71703123450279,False,True,8.5035212303769,50.0,Atencao,Atencao: sinais iniciais de risco,20.61936134361253
1777745866.5337312,172,True,0.36772543275846065,0.5617506504235967,0.4647380415910287,0.012552294161682484,False,False,0.046875,0,0,35.91746461391448,False,True,8.411236351728439,50.0,Atencao,Atencao: sinais iniciais de risco,20.390360490202497
1777745866.589165,173,True,0.3712412709022356,0.4269098179071285,0.39907554440468207,0.012314699364900346,False,False,0.046153846153846156,0,0,35.948204445838925,False,True,8.313614689478507,50.0,Atencao,Atencao: sinais iniciais de risco,20.142707174590992
1777745866.6430814,174,True,0.354040276317151,0.6102634380743507,0.4821518571957508,0.014083073096135726,False,False,0.045454545454545456,0,0,36.89420282840729,False,True,8.26476076245308,50.0,Atencao,Atencao: sinais iniciais de risco,19.99377400862851
1777745866.6952662,175,True,0.37746726495144783,1.0123956596151131,0.6949314622832805,0.011643140857161196,False,False,0.04477611940298507,0,0,35.58168063759803,False,True,8.105851070823064,50.0,Atencao,Atencao: sinais iniciais de risco,19.89108044555392
1777745866.746876,176,True,0.34875128945781714,0.6453014283126676,0.4970263588852424,0.012346702030933524,False,False,0.04411764705882353,0,0,35.93764737844467,False,True,8.033109460543184,50.0,Atencao,Atencao: sinais iniciais de risco,19.874432907130284
1777745866.7973807,177,True,0.3663286286765283,0.6320912382574032,0.49920993346696574,0.012053192854063362,False,False,0.043478260869565216,0,0,36.90737826824188,False,True,7.993680404010026,50.0,Atencao,Atencao: sinais iniciais de risco,19.869779005502984
1777745866.8449924,178,True,0.33444897191738837,0.817863398622206,0.5761561852697972,0.016070640370009187,False,False,0.04285714285714286,0,0,37.17579164505005,False,True,7.921697346142359,50.0,Atencao,Atencao: sinais iniciais de risco,19.971661212583204
1777745866.8971765,179,True,0.36696969081699937,0.5519029840762972,0.4594363374466483,0.013897975864288911,False,False,0.04225352112676056,0,0,36.23332251310348,False,True,7.791575901617466,50.0,Atencao,Atencao: sinais iniciais de risco,19.905403332975276
1777745866.9462154,180,True,0.34655192663267254,1.1572146946947408,0.7518833106637066,0.011251669174372864,False,False,0.041666666666666664,0,0,36.03464356660842,False,True,7.700949466029802,50.0,Atencao,Atencao: sinais iniciais de risco,19.934714097401873
1777745866.9940782,181,True,0.3656305073873688,0.49535467468270783,0.43049259103503834,0.012684506384285244,False,False,0.0410958904109589,0,0,35.42212921977043,False,True,7.591842013528085,50.0,Atencao,Atencao: sinais iniciais de risco,20.038215078085578
1777745867.0468407,182,True,0.36473556789780814,0.5090197766517663,0.43687767227478724,0.006997428435930831,False,False,0.04054054054054054,0,0,36.05244678258895,False,True,7.546997284486487,50.0,Atencao,Atencao: sinais iniciais de risco,19.93516927633217
1777745867.1009438,183,True,0.35021973814499,0.5770157581808986,0.4636177481629443,0.013155055998391153,False,False,0.04,0,0,36.58665580749512,False,True,7.49938341140747,50.0,Atencao,Atencao: sinais iniciais de risco,19.786851234384528
1777745867.14456,184,True,0.3533367169616158,0.5144499980613685,0.43389335751149216,0.012311343962898947,False,False,0.039473684210526314,0,0,37.19285221099853,False,True,7.457324810530009,50.0,Atencao,Atencao: sinais iniciais de risco,20.078390975973306
1777745867.193364,185,True,0.3653535709171487,1.3367305736293056,0.8510420722732271,0.011803343032567437,False,False,0.03896103896103896,0,0,36.92934169769287,False,True,7.373660563060215,50.0,Atencao,Atencao: sinais iniciais de risco,20.099999158665796
1777745867.2493875,186,True,0.3783730332905354,0.6007401337627315,0.48955658352663345,0.0072359361696089685,False,False,0.038461538461538464,0,0,35.73893844485283,False,True,7.245459081736895,50.0,Atencao,Atencao: sinais iniciais de risco,19.91340262467742
1777745867.2948532,187,True,0.348762083066021,0.4870287589258465,0.4178954209959338,0.014379256538852678,False,False,0.0379746835443038,0,0,35.79259576797485,False,True,7.181199396773229,50.0,Atencao,Atencao: sinais iniciais de risco,20.082748249322258
1777745867.3327246,188,True,0.35572948560231615,0.4901647653115524,0.42294712545693425,0.012443874163092715,False,False,0.0375,0,0,35.34460034370422,False,True,7.093530638217925,50.0,Atencao,Atencao: sinais iniciais de risco,20.738163860606942
1777745867.3709939,189,True,0.3661979627017216,0.7804290335846094,0.5733134981431655,0.013627810879581738,False,False,0.037037037037037035,0,0,36.596905815601346,False,True,7.092488504405375,50.0,Atencao,Atencao: sinais iniciais de risco,21.292302610647873
1777745867.409962,190,True,0.3596834070793629,0.44571243456648085,0.4026979208229219,0.011596576316812119,False,False,0.036585365853658534,0,0,35.459719145298,False,True,6.973524383175663,50.0,Atencao,Atencao: sinais iniciais de risco,21.734440679803225
1777745867.4457152,191,True,0.3599627595216991,0.43218350346634643,0.3960731314940228,0.01303399196975768,False,False,0.03614457831325301,0,0,35.04632117301226,False,True,6.892246197755616,50.0,Atencao,Atencao: sinais iniciais de risco,22.340751103784225
1777745868.5754647,192,True,0.2627217514320465,0.2951442089358828,0.2789329801839646,0.005589122145822963,False,False,0.03571428571428571,0,0,42.91472659273581,False,True,7.22650123638379,50.0,Atencao,Atencao: sinais iniciais de risco,20.195217320199717
1777745868.6172764,193,True,0.2715620400666262,0.28743239758553885,0.2794972188260825,0.015647666451991414,False,False,0.03529411764705882,0,0,43.981933537938374,False,True,7.222088474400222,50.0,Atencao,Atencao: sinais iniciais de risco,20.54389914050275
1777745868.6622791,194,True,0.2587123409170855,0.3287604952660432,0.29373641809156437,0.11686865967419224,False,False,0.03488372093023256,0,0,43.62902612035925,False,True,7.148013554957654,50.0,Atencao,Atencao: sinais iniciais de risco,20.70410830655541
1777745868.703201,195,True,0.26427775710471346,0.313560494929674,0.2889191260171937,0.1517007047924429,False,False,0.034482758620689655,0,0,45.39448719024658,False,True,7.181154290889872,50.0,Atencao,Atencao: sinais iniciais de risco,21.098791742044792
1777745868.7462518,196,True,0.27825494925493977,0.3198379938595141,0.29904647155722697,0.006324776553423848,False,False,0.03409090909090909,0,0,45.9808245187456,False,True,7.156591846969995,50.0,Atencao,Atencao: sinais iniciais de risco,21.3251428284481
1777745868.793441,197,True,0.26853403480057836,0.3305568082653539,0.29954542153296615,0.004231369316983895,False,False,0.033707865168539325,0,0,44.23266940333626,False,True,7.016515551873685,50.0,Atencao,Atencao: sinais iniciais de risco,21.27129786400593
1777745868.8393598,198,True,0.2818239196693569,0.31908626259848477,0.3004550911339208,0.005246516031148483,False,False,0.03333333333333333,0,0,45.5200143949552,False,True,7.029384674113808,50.0,Atencao,Atencao: sinais iniciais de risco,21.35196114502912
1777745868.8831189,199,True,0.27695639926868465,0.3371305451919331,0.30704347223030887,0.007012850942504141,False,False,0.03296703296703297,0,0,44.979556598988445,False,True,6.95199548394917,50.0,Atencao,Atencao: sinais iniciais de risco,21.50815673012918
1777745868.9287007,200,True,0.26418154878006445,0.2935481802716382,0.27886486452585135,0.26165231713513304,False,False,0.03260869565217391,0,0,44.24187839789824,False,True,6.865840193101539,50.0,Atencao,Atencao: sinais iniciais de risco,21.52697614509185
1777745868.9701633,201,True,0.21901690267667073,0.2746653173994759,0.24684111003807332,0.3074323129141437,False,False,0.03225806451612903,0,0,44.950734517791055,False,True,6.85307121789001,50.0,Atencao,Atencao: sinais iniciais de risco,21.76354784707655
1777745869.020551,202,True,0.2564025804424738,0.24093818886926974,0.24867038465587177,0.2641660802473631,False,False,0.031914893617021274,0,0,42.10196407328952,False,True,6.6634466970376165,50.0,Atencao,Atencao: foco visual fora da direcao,21.586857116715308
1777745869.0680883,203,True,0.2672287438656996,0.267412790580692,0.2673207672231958,0.2758864101371257,False,False,0.031578947368421054,0,0,40.30036550706083,False,True,6.527174159543652,50.0,Atencao,Atencao: foco visual fora da direcao,21.536163859168433
1777745869.1083882,204,True,0.2586349666004099,0.2736850967162196,0.26616003165831476,0.2387123317423314,False,False,0.03125,0,0,41.1933564749631,False,True,6.52659344478087,50.0,Atencao,Atencao: foco visual fora da direcao,21.882434978766867
1777745869.1451192,205,True,0.2592701495998544,0.26097571678931697,0.2601229331945857,0.247398773233077,False,False,0.030927835051546393,0,0,42.084918691895226,False,True,6.526873875215105,50.0,Atencao,Atencao: foco visual fora da direcao,22.42525293552811
1777745869.1789093,206,True,0.2716524474441165,0.2898690525059773,0.28076074997504685,0.18866752209976953,False,False,0.030612244897959183,0,0,39.5445625001734,False,True,6.3564624195107715,50.0,Atencao,Atencao: foco visual fora da direcao,23.12041345045719
1777745869.2178414,207,True,0.2557610182661661,0.31032773378314,0.28304437602465304,0.13865912043088965,False,False,0.030303030303030304,0,0,39.304438022591846,False,True,6.301939188828975,50.0,Atencao,Atencao: foco visual fora da direcao,23.405133944738914
1777745869.2587888,208,True,0.2605373056377692,0.3248854473475671,0.29271137649266815,0.15072727387903245,False,False,0.03,0,0,37.61059784726663,False,True,6.175580513396047,50.0,Atencao,Atencao: foco visual fora da direcao,23.506420253069585
1777745869.3002665,209,True,0.2631563410632661,0.32684986447154235,0.2950031027674042,0.14650556489918598,False,False,0.0297029702970297,0,0,37.21544526219368,False,True,6.114981299983983,50.0,Atencao,Atencao: foco visual fora da direcao,23.557044175864604
1777745869.3414295,210,True,0.2677945963786668,0.3192564534647663,0.2935255249217166,0.08590187134022385,False,False,0.029411764705882353,0,0,37.6773316394199,False,True,6.0980348500625325,50.0,Atencao,Atencao: foco visual fora da direcao,23.624683341802836
1777745869.3788955,211,True,0.26629672160565104,0.3351238398746525,0.30071028074015177,0.07805366426767678,False,False,0.02912621359223301,0,0,37.50782146508044,False,True,6.0502960632187754,50.0,Atencao,Atencao: foco visual fora da direcao,23.934696995404032
1777745869.4158835,212,True,0.2674902188806173,0.34251511968361353,0.3050026692821154,0.016510601652878248,False,False,0.028846153846153848,0,0,37.68370021852581,False,True,6.020581785805159,50.0,Atencao,Atencao: foco visual fora da direcao,24.179450397857885
1777745869.4613307,213,True,0.27043822965667347,0.3476239047859509,0.3090310672213122,0.005996057029939054,False,False,0.02857142857142857,0,0,39.53598145950924,False,True,6.0754211225796055,50.0,Atencao,Atencao: foco visual fora da direcao,24.000500140078483
1777745869.5038157,214,True,0.2777517043171111,0.3317743412282814,0.3047630227726963,0.0043421895882522505,False,False,0.02830188679245283,0,0,40.00197382406755,False,True,6.061658746198357,50.0,Atencao,Atencao: foco visual fora da direcao,23.96256185364566
1777745869.546364,215,True,0.2817322660459177,0.31038168186906595,0.29605697395749186,0.008475562802469675,False,False,0.028037383177570093,0,0,40.87010532509196,False,True,6.068696074203201,50.0,Atencao,Atencao: foco visual fora da direcao,23.905087582804608
1777745869.5925589,216,True,0.28018031679037936,0.3142467221271727,0.29721351945877605,0.003793026146489841,False,False,0.027777777777777776,0,0,40.713648440079254,False,True,6.0251774874811215,50.0,Atencao,Atencao: foco visual fora da direcao,23.686178642258035
1777745869.638451,217,True,0.28434365629573444,0.3291876891342824,0.30676567271500843,0.004033634629522799,False,False,0.027522935779816515,0,0,40.78563663417643,False,True,5.9937361224663075,50.0,Atencao,Atencao: foco visual fora da direcao,23.465788491553656
1777745869.6896522,218,True,0.2805113405477897,0.35144791673695547,0.3159796286423726,0.004649134770721046,False,False,0.02727272727272727,0,0,40.5940676770427,False,True,5.949754004884849,50.0,Atencao,Atencao: foco visual fora da direcao,23.10146842550452
1777745869.7411795,219,True,0.2787504811376513,0.34676179601207296,0.3127561385748621,0.005854694484269474,False,False,0.02702702702702703,0,0,40.699440802769224,False,True,5.921238877387392,50.0,Atencao,Atencao: foco visual fora da direcao,22.737770870714584
1777745869.7906518,220,True,0.27205026827622725,0.3379628831472542,0.3050065757117407,0.23917885926590104,False,False,0.026785714285714284,0,0,42.27899840257384,False,True,5.9670362554471215,50.0,Atencao,Atencao: foco visual fora da direcao,22.4474714143218
1777745870.3433807,221,True,0.2735322645822674,0.2866649746087319,0.28009861959549964,0.2635704037289597,False,False,0.02654867256637168,0,0,25.58966055404056,False,False,5.099976126610849,50.0,Atencao,Atencao: sinais iniciais de risco,20.38378840491066
1777745870.5848756,222,True,0.2705249769439996,0.32936722035898797,0.2999460986514938,0.2136345170499927,False,False,0.02631578947368421,0,0,26.724917812239042,False,False,5.124717564276246,50.0,Atencao,Atencao: sinais iniciais de risco,18.758339899776516
1777745870.6396055,223,True,0.27600926425740113,0.31531218293227,0.29566072359483553,0.21111547794296162,False,False,0.02608695652173913,0,0,26.005993607098404,False,False,5.0573068231267655,50.0,Atencao,Atencao: sinais iniciais de risco,18.740603031890586
1777745870.6915288,224,True,0.28643278233384467,0.32790572204490503,0.30716925218937485,0.2028162433551334,False,False,0.02586206896551724,0,0,26.419239026308063,False,False,5.047047055106738,50.0,Atencao,Atencao: sinais iniciais de risco,18.792916715402175
1777745870.7472146,225,True,0.2830655790235122,0.3138916020487868,0.2984785905361495,0.20460607240733486,False,False,0.02564102564102564,0,0,25.657893041859975,False,False,4.978586298766739,50.0,Atencao,Atencao: sinais iniciais de risco,18.69760950030863
1777745870.7976162,226,True,0.27713085542645705,0.29991680648764363,0.28852383095705036,0.1898089904346371,False,False,0.025423728813559324,0,0,24.947699254751207,False,False,4.913198295634682,50.0,Atencao,Atencao: sinais iniciais de risco,18.81057110639342
1777745870.847974,227,True,0.29239436889355847,0.32477799563891263,0.3085861822662356,0.19618548062088417,False,False,0.025210084033613446,0,0,25.055252865363254,False,False,4.889199818922727,50.0,Atencao,Atencao: sinais iniciais de risco,18.939346094845153
1777745870.8971248,228,True,0.2880477160389329,0.32096793840109267,0.3045078272200128,0.21934529072836875,False,False,0.025,0,0,24.820181748812846,False,False,4.848559708473357,50.0,Atencao,Atencao: sinais iniciais de risco,19.077973122752894
1777745870.9432142,229,True,0.2891540818026496,0.33984518281136633,0.31449963230700795,0.19034697381570495,False,False,0.024793388429752067,0,0,25.21649618324908,False,False,4.839966339286078,50.0,Atencao,Atencao: sinais iniciais de risco,19.3276079497915
1777745870.9863806,230,True,0.2929245231023806,0.32522289954494105,0.3090737113236608,0.2057711043500315,False,False,0.02459016393442623,0,0,24.79816407303918,False,False,4.791106365668281,50.0,Atencao,Atencao: sinais iniciais de risco,19.679381314976396
1777745871.0363667,231,True,0.28044512558827467,0.31886964466500906,0.29965738512664186,0.19010747652581633,False,False,0.024390243902439025,0,0,24.539232380281796,False,False,4.7506707766321705,50.0,Atencao,Atencao: sinais iniciais de risco,19.712575824325388
1777745871.0885148,232,True,0.2906678637056765,0.3344111436463024,0.3125395036759895,0.1865508741466069,False,False,0.024193548387096774,0,0,24.977358007566494,False,False,4.745531424636845,50.0,Atencao,Atencao: sinais iniciais de risco,19.6887417024246
1777745871.137499,233,True,0.229718384701647,0.2799848104097646,0.2548515975557058,0.20125047148178152,False,False,0.024,0,0,25.77170651690526,False,False,4.758635946877978,50.0,Atencao,Atencao: sinais iniciais de risco,19.7418587090164
1777745871.1948617,234,True,0.2973918309247581,0.3364240846073539,0.316907957766056,0.0063412405692530064,False,False,0.023809523809523808,0,0,27.661727613752536,False,False,4.826946525529865,50.0,Atencao,Atencao: sinais iniciais de risco,19.522077269665445
1777745871.2453084,235,True,0.2857744248930685,0.3529136016368603,0.3193440132649644,0.005230273118066869,False,False,0.023622047244094488,0,0,29.299993379278614,False,False,4.883081786059638,50.0,Atencao,Atencao: sinais iniciais de risco,19.517001029927247
1777745871.2929707,236,True,0.31209250050383286,0.35509910123174265,0.33359580086778773,0.0031672811230130447,False,False,0.0234375,0,0,31.36710383377292,False,False,4.961062062721361,50.0,Atencao,Atencao: sinais iniciais de risco,19.71200219892244
1777745871.3377793,237,True,0.31101140032280167,0.3739968930689188,0.34250414669586027,0.004959627215351847,False,False,0.023255813953488372,0,0,30.235007417472925,False,False,4.879475410511012,50.0,Atencao,Atencao: sinais iniciais de risco,19.947581644937014
1777745871.382172,238,True,0.30565171002754726,0.37459363482650915,0.3401226724270282,0.0034459329957257905,False,False,0.023076923076923078,0,0,30.897388537905435,False,False,4.88799697100491,50.0,Atencao,Atencao: sinais iniciais de risco,20.200469074231115
1777745871.4249597,239,True,0.3246129299295443,0.3519454776190129,0.3382792037742786,0.0049215631249303485,False,False,0.022900763358778626,0,0,30.05905481902036,False,False,4.821858323815794,50.0,Atencao,Atencao: sinais iniciais de risco,20.559861901407096
1777745871.468815,240,True,0.31760365534410023,0.3880692460511841,0.35283645069764213,0.004424985291016252,False,False,0.022727272727272728,0,0,34.24384505098516,False,False,5.007242873581973,50.0,Atencao,Atencao: sinais iniciais de risco,20.72108211977372
1777745871.5179648,241,True,0.3084167576140759,0.35664336047431217,0.332530059044194,0.007649867869744596,False,False,0.022556390977443608,0,0,35.48207353841175,False,True,5.045658057351798,50.0,Atencao,Atencao: sinais iniciais de risco,20.68716139024332
1777745871.5646744,242,True,0.29221686807671066,0.4064855034753279,0.3493511857760193,0.006482213096509395,False,False,0.022388059701492536,0,0,42.75018092556433,False,True,5.385917876266155,50.0,Atencao,Atencao: sinais iniciais de risco,20.782464960983468
1777745871.6162095,243,True,0.3023062399786071,0.3753678843231532,0.33883706215088016,0.006854852234532876,False,False,0.022222222222222223,0,0,42.99982528686523,False,True,5.375597440931532,50.0,Atencao,Atencao: sinais iniciais de risco,20.663569761750274
1777745871.6700969,244,True,0.3181584683608221,0.37405749696295726,0.3461079826618897,0.006335513209885026,False,False,0.022058823529411766,0,0,42.49549961090088,False,True,5.327913836871876,50.0,Atencao,Atencao: sinais iniciais de risco,20.43661461234301
1777745871.7245526,245,True,0.307137868158255,0.3874169470485727,0.34727740760341386,0.006768331219665144,False,False,0.021897810218978103,0,0,41.7384609222412,False,True,5.267922572254264,50.0,Atencao,Atencao: sinais iniciais de risco,20.207673802847083
1777745871.7771027,246,True,0.33005587623113436,0.4492967887016864,0.38967633246641037,0.004890064753689436,False,False,0.021739130434782608,0,0,41.78663296699524,False,True,5.248512704165085,50.0,Atencao,Atencao: sinais iniciais de risco,20.13309811324818
1777745871.8273482,247,True,0.32472511292075606,0.458900570437024,0.39181284167889,0.005464249008296946,False,False,0.02158273381294964,0,0,41.211590099334714,False,True,5.198256025280026,50.0,Atencao,Atencao: sinais iniciais de risco,20.10473053151339
1777745871.8783488,248,True,0.32437955542755137,0.4469100778028374,0.3856448166151944,0.005024240202833774,False,False,0.02142857142857143,0,0,41.16524238586425,False,True,5.174741311754499,50.0,Atencao,Atencao: sinais iniciais de risco,20.047802184476897
1777745871.9305098,249,True,0.3308496821903844,0.49537313080858314,0.41311140649948375,0.0021435993071159845,False,False,0.02127659574468085,0,0,40.17575316429138,False,True,5.1043701941409,50.0,Atencao,Atencao: sinais iniciais de risco,19.93881047113595
1777745871.9782336,250,True,0.33434009330952624,0.46058774996151924,0.39746392163552274,0.003050029099900188,False,False,0.02112676056338028,0,0,40.264847135543825,False,True,5.088222555274695,50.0,Atencao,Atencao: sinais iniciais de risco,20.02714790406467
1777745872.0278206,251,True,0.3219792198091459,0.48360102315743575,0.40279012148329085,0.0017229428157809032,False,False,0.02097902097902098,0,0,41.25769662857056,False,True,5.117550837076627,50.0,Atencao,Atencao: sinais iniciais de risco,20.06755525006411
1777745872.0744283,252,True,0.3174824042867077,0.4595562554581434,0.38851932987242555,0.004158051566870121,False,False,0.020833333333333332,0,0,39.97286915779114,False,True,5.033277412255605,50.0,Atencao,Atencao: sinais iniciais de risco,20.236955153858794
1777745872.1181767,253,True,0.3241407068024316,0.48152649387346524,0.40283360033794846,0.0016761325703205207,False,False,0.020689655172413793,0,0,41.10277395248413,False,True,5.0700169048638175,50.0,Atencao,Atencao: sinais iniciais de risco,20.459925587168726
1777745872.1627522,254,True,0.33957144740301554,0.48943669129525486,0.4145040693491352,0.002824782327510693,False,False,0.02054794520547945,0,0,40.171616554260254,False,True,5.003973914499152,50.0,Atencao,Atencao: sinais iniciais de risco,20.68878521834188
1777745872.2068624,255,True,0.32315419020713926,0.46520795116753216,0.3941810706873357,0.02516365438082102,False,False,0.02040816326530612,0,0,39.88024969100952,False,True,4.970185554562782,50.0,Atencao,Atencao: sinais iniciais de risco,20.862652535532042
1777745872.2509007,256,True,0.33250587630425976,0.443681491060661,0.3880936836824604,0.13175715523657403,False,False,0.02027027027027027,0,0,40.09326558113098,False,True,4.9618760622514255,50.0,Atencao,Atencao: sinais iniciais de risco,21.061521797479607
1777745872.295475,257,True,0.3190355417898782,0.45416518242894943,0.38660036210941384,0.11810561250634523,False,False,0.020134228187919462,0,0,40.276888322830196,False,True,4.952351413013151,50.0,Atencao,Atencao: sinais iniciais de risco,21.207332766677375
1777745872.3374057,258,True,0.340346429504178,0.4449396552338967,0.39264304236903735,0.17595932062869027,False,False,0.02,0,0,40.05370020866394,False,True,4.922735631465912,50.0,Atencao,Atencao: sinais iniciais de risco,21.479837157429
1777745872.3771782,259,True,0.33404612648931253,0.4399980099374735,0.387022068213393,0.1623484255034368,False,False,0.019867549668874173,0,0,40.930934047698976,False,True,4.948385402887862,50.0,Atencao,Atencao: sinais iniciais de risco,21.813249177619156
1777745872.4232483,260,True,0.33568539717417156,0.4533181619549884,0.39450177956458,0.03239665851346017,False,False,0.019736842105263157,0,0,39.790333032608025,False,True,4.8733830621368,50.0,Atencao,Atencao: sinais iniciais de risco,21.829668494372896
1777745872.4638746,261,True,0.3253063467724798,0.45790569751923904,0.39160602214585943,0.03867780639097401,False,False,0.0196078431372549,0,0,39.292406463623045,False,True,4.830749375586416,50.0,Atencao,Atencao: sinais iniciais de risco,22.110471904749446
1777745872.5130205,262,True,0.31060096126983355,0.4441890587623681,0.3773950100161008,0.005415745654671766,False,False,0.01948051948051948,0,0,39.79731407165527,False,True,4.838487753186907,50.0,Atencao,Atencao: sinais iniciais de risco,21.913896678967188
1777745872.5652237,263,True,0.3112407217791057,0.46193410783747635,0.38658741480829106,0.003218786523375498,False,False,0.01935483870967742,0,0,39.670361042022705,False,True,4.814858995714495,50.0,Atencao,Atencao: sinais iniciais de risco,21.64329007686454
1777745872.6176553,264,True,0.3167089111629052,0.4697511351186586,0.3932300231407819,0.0023928966336490805,False,False,0.019230769230769232,0,0,40.5467408657074,False,True,4.841618433548854,50.0,Atencao,Atencao: sinais iniciais de risco,21.36591017506576
1777745872.6676323,265,True,0.3029816180367019,0.4519391899773608,0.3774604040070314,0.0024211394299186537,False,False,0.01910828025477707,0,0,39.74547920227051,False,True,4.784713116178088,50.0,Atencao,Atencao: sinais iniciais de risco,21.253717202871332
1777745872.7128685,266,True,0.3093402624810291,0.4530632959924499,0.3812017792367395,0.0021790078155084565,False,False,0.0189873417721519,0,0,39.66308431625366,False,True,4.763964330516284,50.0,Atencao,Atencao: sinais iniciais de risco,21.354148774274606
1777745872.7605236,267,True,0.3048692581656463,0.4274155630383735,0.3661424106020099,0.0021216199030498722,False,False,0.018867924528301886,0,0,39.64062156677246,False,True,4.746421322012847,50.0,Atencao,Atencao: sinais iniciais de risco,21.310412154600204
1777745872.806411,268,True,0.30791123573496076,0.4383958500837916,0.3731535429093762,0.0031819525363230247,False,False,0.01875,0,0,40.28964920043945,False,True,4.762658081054687,50.0,Atencao,Atencao: sinais iniciais de risco,21.323283193789024
1777745872.8569367,269,True,0.3133618920511923,0.4331603948419673,0.3732611434465798,0.007578854245765604,False,False,0.018633540372670808,0,0,39.876958513259886,False,True,4.726010347937946,50.0,Atencao,Atencao: sinais iniciais de risco,21.19849519531146
1777745872.9019787,270,True,0.31420718786324875,0.4555870705637583,0.3848971292135035,0.004384010588993148,False,False,0.018518518518518517,0,0,40.042762374877924,False,True,4.718485036072908,50.0,Atencao,Atencao: sinais iniciais de risco,21.285215958106633
1777745872.9432907,271,True,0.3133030174977709,0.44979072083395455,0.3815468691658627,0.0031887586193105563,False,False,0.018404907975460124,0,0,40.83204636573791,False,True,4.742327785945378,50.0,Atencao,Atencao: sinais iniciais de risco,21.559483522169714
1777745872.9878767,272,True,0.3122680328851985,0.42836193744232864,0.3703149851637636,0.004306057126049773,False,False,0.018292682926829267,0,0,40.79857368469238,False,True,4.725223207706358,50.0,Atencao,Atencao: sinais iniciais de risco,21.667474242086406
1777745873.0286338,273,True,0.31416099447740187,0.4102930742700617,0.36222703437373177,0.00530968197860693,False,False,0.01818181818181818,0,0,40.59969239234924,False,True,4.700035240650177,50.0,Atencao,Atencao: sinais iniciais de risco,21.895414443656886
1777745873.0696528,274,True,0.31492003030571836,0.46554212615005847,0.3902310782278884,0.01623955450086356,False,False,0.018072289156626505,0,0,40.516097164154054,False,True,4.680795238276562,50.0,Atencao,Atencao: sinais iniciais de risco,22.204523726205643
1777745873.1108353,275,True,0.32164172691421916,0.44262100428301304,0.3821313655986161,0.22481584206118205,False,False,0.017964071856287425,0,0,40.260824251174924,False,True,4.653151713830981,50.0,Atencao,Atencao: sinais iniciais de risco,22.417800897658033
1777745873.1563385,276,True,0.32439725714529793,0.4341989891891682,0.3792981231672331,0.21544594741603296,False,False,0.017857142857142856,0,0,41.9912486076355,False,True,4.7249701942716325,50.0,Atencao,Atencao: sinais iniciais de risco,22.378552399544674
1777745873.1973522,277,True,0.32771058615164084,0.4497513360808719,0.3887309611162564,0.2090072280296237,False,False,0.01775147928994083,0,0,41.00548615455627,False,True,4.661153331127393,50.0,Atencao,Atencao: sinais iniciais de risco,22.556342812124896
1777745873.2379148,278,True,0.3124004667840255,0.4363518739495727,0.3743761703667991,0.2450644491463577,False,False,0.01764705882352941,0,0,40.93315148353577,False,True,4.643178783444798,50.0,Atencao,Atencao: sinais iniciais de risco,22.789663792446994
1777745873.2878058,279,True,0.3273346758585231,0.4245550169306615,0.3759448463945923,0.19530429861011425,False,False,0.017543859649122806,0,0,41.95982213020324,False,True,4.680322429297263,50.0,Atencao,Atencao: sinais iniciais de risco,22.506382741658758
1777745873.344458,280,True,0.327856301306924,0.42918759752212926,0.37852194941452666,0.20618602930822724,False,False,0.01744186046511628,0,0,41.94738311767578,False,True,4.665675590869991,50.0,Atencao,Atencao: sinais iniciais de risco,22.023353388041834
1777745873.3934171,281,True,0.34188626807003775,0.41790794534523773,0.37989710670763777,0.18256698479613725,False,False,0.017341040462427744,0,0,40.806864929199214,False,True,4.59478693107649,50.0,Atencao,Atencao: sinais iniciais de risco,21.864378150578045
1777745873.436526,282,True,0.32747339256880165,0.43147532494640684,0.37947435875760427,0.003733197690964082,False,False,0.017241379310344827,0,0,41.33319029808044,False,True,4.607399791109151,50.0,Atencao,Atencao: sinais iniciais de risco,22.016257400526154
1777745873.4773815,283,True,0.31006395714353274,0.41349793121327216,0.36178094417840245,0.0031719737934721264,False,False,0.017142857142857144,0,0,42.392949962615965,False,True,4.64684097630637,50.0,Atencao,Atencao: sinais iniciais de risco,22.223556242673794
1777745873.5243938,284,True,0.15661468873233117,0.22653538356688643,0.1915750361496088,0.06646756021517472,True,False,0.022727272727272728,0,0,42.48172378540039,False,True,5.419136810302734,50.0,Atencao,Atencao: sinais iniciais de risco,22.13606878070683
1777745873.5730498,285,True,0.28087738872913237,0.356898388420767,0.31888788857494965,0.18429741617935083,False,False,0.022598870056497175,0,0,43.79658126831055,False,True,5.467285650396078,50.0,Atencao,Atencao: sinais iniciais de risco,21.99514252010592
1777745873.6165812,286,True,0.27106997756829815,0.3598023153749604,0.31543614647162926,0.19941564435157857,False,False,0.02247191011235955,0,0,43.71898345947265,False,True,5.44594876763526,50.0,Atencao,Atencao: sinais iniciais de risco,22.079390266310195
1777745873.6600223,287,True,0.2729154363048948,0.3736280718816126,0.3232717540932537,0.24447810919258808,False,False,0.0223463687150838,0,0,44.387563323974604,False,True,5.462115818734941,50.0,Atencao,Atencao: sinais iniciais de risco,22.135333933166216
1777745873.7049196,288,True,0.28873579782280184,0.3575546118372309,0.3231452048300164,0.23388785326835668,False,False,0.022222222222222223,0,0,45.55345649719238,False,True,5.503340334627363,50.0,Atencao,Atencao: sinais iniciais de risco,22.19336621695068
1777745873.7459211,289,True,0.2900227904579752,0.380235887732773,0.3351293390953741,0.1988673049482465,False,False,0.022099447513812154,0,0,45.93746814727783,False,True,5.505659394725251,50.0,Atencao,Atencao: sinais iniciais de risco,22.367645342649727
1777745873.7943964,290,True,0.2935478661444041,0.39088302300471084,0.34221544457455744,0.20233606314315553,False,False,0.02197802197802198,0,0,45.18910264968872,False,True,5.451545108674647,50.0,Atencao,Atencao: sinais iniciais de risco,22.228895875747618
1777745873.8365495,291,True,0.28724513172435984,0.3803165408635878,0.3337808362939738,0.14857924281999088,False,False,0.02185792349726776,0,0,46.3835147857666,False,True,5.4947521743748355,50.0,Atencao,Atencao: sinais iniciais de risco,22.337823939892715
1777745873.877779,292,True,0.2912211138191149,0.3645825813268629,0.3279018475729889,0.12760421098608618,False,False,0.021739130434782608,0,0,45.67167539596557,False,True,5.442826158793076,50.0,Atencao,Atencao: sinais iniciais de risco,22.53823910019355
1777745873.9221394,293,True,0.2760583169431384,0.39019615705346644,0.33312723699830243,0.13187520197447583,False,False,0.021621621621621623,0,0,44.83963871002197,False,True,5.38506686268626,50.0,Atencao,Atencao: sinais iniciais de risco,22.55904488018966
1777745873.9640682,294,True,0.27574556162123487,0.36693103923501247,0.32133830042812367,0.21485265829313285,False,False,0.021505376344086023,0,0,45.03360319137573,False,True,5.378781361092804,50.0,Atencao,Atencao: sinais iniciais de risco,22.70289657955542
1777745874.0046058,295,True,0.2941644898796306,0.39395892357759593,0.34406170672861325,0.24418125394166096,False,False,0.0213903743315508,0,0,45.95577325820923,False,True,5.409077087710885,50.0,Atencao,Atencao: sinais iniciais de risco,22.877451231519117
1777745874.0436409,296,True,0.2899213963655583,0.39592033738582927,0.3429208668756938,0.260902653552072,False,False,0.02127659574468085,0,0,46.07899951934814,False,True,5.399593845073213,50.0,Atencao,Atencao: sinais iniciais de risco,23.15534805854777
1777745874.0831938,297,True,0.29131983572318965,0.382959677712297,0.3371397567177433,0.23195879205054654,False,False,0.021164021164021163,0,0,45.620084285736084,False,True,5.361169078551903,50.0,Atencao,Atencao: sinais iniciais de risco,23.336131186072876
1777745874.1245766,298,True,0.29623857757298894,0.3833364645911528,0.3397875210820709,0.2198681364323318,False,False,0.021052631578947368,0,0,45.57188777923584,False,True,5.343443185279243,50.0,Atencao,Atencao: sinais iniciais de risco,23.46686512517733
1777745874.1693308,299,True,0.2966645552559039,0.38404262069844325,0.3403535879771736,0.22880998060704089,False,False,0.020942408376963352,0,0,45.3773696899414,False,True,5.318561590541719,50.0,Atencao,Atencao: sinais iniciais de risco,23.329044557899497
1777745874.2131863,300,True,0.28476959208653513,0.4012324337658744,0.3430010129262048,0.09961643798631721,False,False,0.020833333333333332,0,0,44.846015930175774,False,True,5.276996084054311,50.0,Atencao,Atencao: sinais iniciais de risco,23.29859521126417
1777745874.2570634,301,True,0.2803397913883818,0.40569844327931337,0.3430191173338476,0.005727074424869627,False,False,0.02072538860103627,0,0,44.18263826370239,False,True,5.228984800039795,50.0,Atencao,Atencao: sinais iniciais de risco,23.23950184701411
1777745874.3015926,302,True,0.27951835595001334,0.41528136605969984,0.3473998610048566,0.018239916987483593,False,False,0.020618556701030927,0,0,44.37778549194336,False,True,5.224052775201109,50.0,Atencao,Atencao: sinais iniciais de risco,23.15103276903735
1777745874.343152,303,True,0.2835251506092651,0.4150814962766914,0.3493033234429782,0.213766186288106,False,False,0.020512820512820513,0,0,44.37488784790039,False,True,5.209369167120029,50.0,Atencao,Atencao: sinais iniciais de risco,23.24973258543656
1777745874.385095,304,True,0.2826211514980939,0.4031373929622026,0.34287927223014825,0.194339569618992,False,False,0.02040816326530612,0,0,44.79793872833252,False,True,5.216131339608406,50.0,Atencao,Atencao: sinais iniciais de risco,23.274344743765695
1777745874.438898,305,True,0.2803379054023915,0.4021825000835186,0.34126020274295504,0.1290824283596908,False,False,0.02030456852791878,0,0,44.76328287124633,False,True,5.200154270363338,50.0,Atencao,Atencao: sinais iniciais de risco,22.8420305226123
1777745874.4907565,306,True,0.2846194317150939,0.40947143667059305,0.3470454341928435,0.03915831699089,False,False,0.020202020202020204,0,0,44.234140110015865,False,True,5.15959673749076,50.0,Atencao,Atencao: sinais iniciais de risco,22.467656789717314
1777745874.539052,307,True,0.27656072391826414,0.4151429073181734,0.34585181561821876,0.03341043277678983,False,False,0.020100502512562814,0,0,44.51065998077392,False,True,5.159464048728272,50.0,Atencao,Atencao: foco visual fora da direcao,22.274806386485075
1777745874.8423338,308,True,0.3152920307805488,0.42168680762117666,0.36848941920086276,0.008114887344418285,False,False,0.02,0,0,43.80886878967285,False,True,5.110555393695831,50.0,Atencao,Atencao: foco visual fora da direcao,20.377505206997373
1777745874.8977332,309,True,0.31807094268084785,0.4243609147238143,0.3712159287023311,0.01750311545974492,False,False,0.01990049751243781,0,0,42.88256254196167,False,True,5.050558489270471,50.0,Atencao,Atencao: foco visual fora da direcao,20.128868288270038
1777745874.9519181,310,True,0.325711439377804,0.4158389162191631,0.37077517779848357,0.1666672907621418,False,False,0.019801980198019802,0,0,44.17695970535278,False,True,5.10173221670755,50.0,Atencao,Atencao: foco visual fora da direcao,19.995147334499578
1777745874.9987385,311,True,0.31700571937452543,0.42490321876011616,0.37095446906732077,0.16559707908485458,False,False,0.019704433497536946,0,0,43.04881057739258,False,True,5.031912088993147,50.0,Atencao,Atencao: foco visual fora da direcao,20.111994405345367
1777745875.044545,312,True,0.3223733454263585,0.4283851284121947,0.3753792369192766,0.16296646541600407,False,False,0.0196078431372549,0,0,44.49799995422363,False,True,5.091090383295919,50.0,Atencao,Atencao: foco visual fora da direcao,20.254973857356056
1777745875.0945482,313,True,0.3228177415670956,0.40839729001332975,0.36560751579021267,0.21232087226849694,False,False,0.01951219512195122,0,0,42.54332447052002,False,True,4.980205007006482,50.0,Atencao,Atencao: foco visual fora da direcao,20.223927907733298
1777745875.1416042,314,True,0.311648209846001,0.4241052723940871,0.36787674112004404,0.2098949218751174,False,False,0.019417475728155338,0,0,42.68218307495117,False,True,4.974124020581106,50.0,Atencao,Atencao: foco visual fora da direcao,20.360611550731576
1777745875.1879494,315,True,0.3155336635052256,0.4127266192777512,0.3641301413914884,0.19292430388173534,False,False,0.01932367149758454,0,0,42.68347482681274,False,True,4.9612905264707,50.0,Atencao,Atencao: foco visual fora da direcao,20.457897382516432
1777745875.2338748,316,True,0.3119151869605071,0.41089364625056596,0.3614044166055365,0.18575726522127514,False,False,0.019230769230769232,0,0,42.33759689331055,False,True,4.931222568108485,50.0,Atencao,Atencao: foco visual fora da direcao,20.630819371389787
1777745875.2774825,317,True,0.31279146007439984,0.4251817836962558,0.3689866218853278,0.18857135118181823,False,False,0.019138755980861243,0,0,42.61756029129028,False,True,4.932568916145124,50.0,Atencao,Atencao: foco visual fora da direcao,20.85534455003928
1777745875.3161454,318,True,0.31014542481722074,0.4231976915063085,0.3666715581617646,0.18659127401039508,False,False,0.01904761904761905,0,0,42.57249402999877,False,True,4.917784274759747,50.0,Atencao,Atencao: foco visual fora da direcao,21.357768326186175
1777745875.3589547,319,True,0.32292877179412866,0.4187996107863789,0.3708641912902538,0.07396909130740015,False,False,0.018957345971563982,0,0,43.617524719238276,False,True,4.95762326126415,50.0,Atencao,Atencao: foco visual fora da direcao,21.537932111276383
1777745875.5859268,320,True,0.3179559730675792,0.3997359654683884,0.35884596926798384,0.0023622503877171416,False,False,0.018867924528301886,0,0,44.41516904830932,False,True,4.9852100292691635,50.0,Atencao,Atencao: foco visual fora da direcao,19.82536494386057
1777745875.6340394,321,True,0.3100961044454853,0.400537382027931,0.35531674323670814,0.003876516965020151,False,False,0.018779342723004695,0,0,43.63513889312744,False,True,4.934028523281706,50.0,Atencao,Atencao: foco visual fora da direcao,19.887684409039352
1777745875.678773,322,True,0.3142816253146446,0.392470748824844,0.3533761870697443,0.004719601357125624,False,False,0.018691588785046728,0,0,43.836540603637694,False,True,4.932032442337999,50.0,Atencao,Atencao: foco visual fora da direcao,20.144330831229873
1777745875.7301667,323,True,0.30682295761479894,0.4033926886118278,0.35510782311331335,0.0043573509668123666,False,False,0.018604651162790697,0,0,43.52689867019654,False,True,4.904596422605737,50.0,Atencao,Atencao: foco visual fora da direcao,20.071008334603192
1777745875.777689,324,True,0.31119498217193786,0.3958227838299949,0.3535088830009664,0.005466110139015312,False,False,0.018518518518518517,0,0,43.906272888183594,False,True,4.911721894917665,50.0,Atencao,Atencao: foco visual fora da direcao,20.186026990767374
1777745875.8208282,325,True,0.30643754100993603,0.4148153608944293,0.36062645095218265,0.005104964869661908,False,False,0.018433179723502304,0,0,43.62273035049438,False,True,4.885810683718474,50.0,Atencao,Atencao: foco visual fora da direcao,20.506069465647013
1777745875.8670404,326,True,0.3131619884030916,0.39241525039521197,0.3527886193991518,0.005699005433823719,False,False,0.01834862385321101,0,0,43.93656768798828,False,True,4.889876118428116,50.0,Atencao,Atencao: foco visual fora da direcao,20.623846184540945
1777745875.9148018,327,True,0.3125929642753903,0.40338422246185157,0.35798859336862093,0.004540698120636434,False,False,0.0182648401826484,0,0,43.70944337844848,False,True,4.866999648248768,50.0,Atencao,Atencao: foco visual fora da direcao,20.65740549440185
1777745875.961827,328,True,0.31139221073584394,0.39872632378056827,0.35505926725820613,0.006289554375477246,False,False,0.01818181818181818,0,0,43.77684020996094,False,True,4.858953964710235,50.0,Atencao,Atencao: foco visual fora da direcao,20.71189469332565
1777745876.0091748,329,True,0.1842873687123982,0.22378062776762941,0.2040339982400138,0.005889685497886267,True,False,0.02262443438914027,0,0,43.922634792327884,False,True,5.47710342233537,50.0,Atencao,Atencao: foco visual fora da direcao,20.72854917119406
1777745876.0583205,330,True,0.09035968758976393,0.056486995547621204,0.07342334156869257,0.005844540711024936,True,False,0.02702702702702703,0,0,43.871225643157956,False,True,6.079889452586302,50.0,Atencao,Atencao: foco visual fora da direcao,20.664266842152127
1777745876.106937,331,True,0.22044335514892863,0.26014111716285754,0.24029223615589307,0.04245079353423146,False,False,0.026905829596412557,0,0,43.476524826071476,False,True,6.077900849674436,50.0,Atencao,Atencao: foco visual fora da direcao,20.67598678405306
1777745876.156274,332,True,0.21545323775326583,0.2608685029887475,0.23816087037100664,0.06569464423239535,False,False,0.026785714285714284,0,0,43.30386899330399,False,True,6.05275220281505,50.0,Atencao,Atencao: foco visual fora da direcao,20.66605207965616
1777745876.202972,333,True,0.2716865836526558,0.2961636008461458,0.28392509224940077,0.1760974997555494,False,False,0.02666666666666667,0,0,37.09389501918445,False,True,5.725884456490025,50.0,Atencao,Atencao: foco visual fora da direcao,20.72143126715311
1777745876.2510679,334,True,0.26317910280005,0.28156006611186823,0.27236958445595916,0.18634770713501053,False,False,0.02654867256637168,0,0,37.08405599865046,False,True,5.7091683166727645,50.0,Atencao,Atencao: foco visual fora da direcao,20.719291515532916
1777745876.3013136,335,True,0.28986762032334124,0.3365841760103466,0.31322589816684393,0.14735252379528635,False,False,0.02643171806167401,0,0,36.91512423266063,False,False,5.6846404839773435,50.0,Atencao,Atencao: sinais iniciais de risco,20.63971174255915
1777745876.3446894,336,True,0.2884059561324683,0.3235727364537909,0.30598934629312957,0.01777791123392099,False,False,0.02631578947368421,0,0,35.605517237294805,False,False,5.603219953360455,50.0,Atencao,Atencao: sinais iniciais de risco,20.87032374555397
1777745876.3852556,337,True,0.28953161708949066,0.32580958078206923,0.30767059893577997,0.02575211977546842,False,False,0.026200873362445413,0,0,35.66419035575606,False,False,5.590352643988183,50.0,Atencao,Atencao: sinais iniciais de risco,21.263843837266577
1777745876.4285522,338,True,0.27868256664899593,0.32776968302325504,0.3032261248361255,0.1294141176528454,False,False,0.02608695652173913,0,0,35.3552015488798,False,False,5.559239638047256,50.0,Atencao,Atencao: sinais iniciais de risco,21.43817175440315
1777745876.4704332,339,True,0.27065102094471716,0.3190709867648751,0.29486100385479613,0.24538790030678154,False,False,0.025974025974025976,0,0,39.495572234283784,False,True,5.750730222006896,50.0,Atencao,Atencao: sinais iniciais de risco,21.71378746427993
1777745876.51104,340,True,0.2578739046422848,0.28834156535015587,0.2731077349962203,0.28298041793408996,False,False,0.02586206896551724,0,0,42.22745166204193,False,True,5.871930104724853,50.0,Atencao,Atencao: sinais iniciais de risco,21.977602133456102
1777745876.5575376,341,True,0.27649450929688124,0.28275049183051926,0.27962250056370025,0.27158240876269296,False,False,0.02575107296137339,0,0,42.45755134387449,False,True,5.868173138246702,50.0,Atencao,Atencao: sinais iniciais de risco,21.949815987661935
1777745876.6013412,342,True,0.17206097785337884,0.197211682140816,0.18463632999709742,0.1145912381106727,True,False,0.029914529914529916,0,0,46.20719709396362,False,True,6.6281307568101795,50.0,Atencao,Atencao: sinais iniciais de risco,22.020671458855418
1777745876.6445506,343,True,0.2321526444400447,0.16769304769585316,0.1999228460679489,0.004979438640249066,True,False,0.03404255319148936,0,0,44.67917823791504,False,True,7.119333014589675,50.0,Atencao,Atencao: sinais iniciais de risco,22.141851655994124
1777745876.687207,344,True,0.2486326639569645,0.284926036971217,0.26677935046409074,0.020818806456400385,False,False,0.03389830508474576,0,0,45.60258855819702,False,True,7.1616705887869925,50.0,Atencao,Atencao: sinais iniciais de risco,22.248719133990722
1777745876.7368884,345,True,0.2811008164550484,0.3062196073743315,0.29366021191468994,0.22705364822848725,False,False,0.03375527426160337,0,0,45.533506870269775,False,True,7.138549766208551,50.0,Atencao,Atencao: sinais iniciais de risco,22.041062132696613
1777745876.7833912,346,True,0.26274532645449694,0.35892677183868194,0.31083604914658947,0.24261560382515296,False,False,0.03361344537815126,0,0,43.838684654235834,False,True,7.034307183932189,50.0,Atencao,Atencao: sinais iniciais de risco,21.989966042992727
1777745876.8282497,347,True,0.24992614009848862,0.37026032669082565,0.3100932333946571,0.2192506242380143,False,False,0.03347280334728033,0,0,43.997114372253414,False,True,7.022890390588314,50.0,Atencao,Atencao: sinais iniciais de risco,22.038357409664172
1777745876.8723145,348,True,0.24383042949421388,0.31437055368508154,0.2791004915896477,0.22677929728676555,False,False,0.03333333333333333,0,0,41.37236256599426,False,True,6.872475673357645,50.0,Atencao,Atencao: sinais iniciais de risco,22.101509342383604
1777745876.918241,349,True,0.23255726639711488,0.3316736439772426,0.28211545518717873,0.23943848059400788,False,False,0.03319502074688797,0,0,41.44898362159729,False,True,6.857288745501559,50.0,Atencao,Atencao: sinais iniciais de risco,22.086444487063343
1777745876.9626036,350,True,0.21746231313211536,0.2895005716516231,0.2534814423918692,0.24588626921436266,False,False,0.03305785123966942,0,0,40.0784327507019,False,True,6.76990039471424,50.0,Atencao,Atencao: sinais iniciais de risco,22.11576259923533
1777745877.0113783,351,True,0.23940048339281153,0.27439535105407964,0.25689791722344557,0.2209840688677137,False,False,0.03292181069958848,0,0,40.65010247230529,False,True,6.779778306533279,50.0,Atencao,Atencao: sinais iniciais de risco,21.956440842864502
1777745877.0591552,352,True,0.22681042766071005,0.25824760774318756,0.2425290177019488,0.22020382108599387,False,False,0.03278688524590164,0,0,39.459789180755614,False,True,6.7017103920738545,50.0,Atencao,Atencao: sinais iniciais de risco,21.828399084361465
1777745877.1031168,353,True,0.21601483714238465,0.2604271782621541,0.2382210077022694,0.20500373428269772,False,False,0.0326530612244898,0,0,39.30819931030273,False,True,6.675730095607083,50.0,Atencao,Atencao: sinais iniciais de risco,21.960347198224614
1777745877.145227,354,True,0.21524925043972273,0.2848716870459887,0.2500604687428557,0.16563294212735594,False,False,0.032520325203252036,0,0,40.441277265548706,False,True,6.714132790449189,50.0,Atencao,Atencao: sinais iniciais de risco,22.14542360040714
1777745877.1833868,355,True,0.22085723427508222,0.285603923591643,0.2532305789333626,0.05446093385923794,False,False,0.032388663967611336,0,0,41.150911235809325,False,True,6.731511069061623,50.0,Atencao,Atencao: sinais iniciais de risco,22.522642548037453
1777745877.2216656,356,True,0.2136571586517597,0.27520572415559513,0.2444314414036774,0.01564573942451187,False,False,0.03225806451612903,0,0,41.2791341304779,False,True,6.719964789216236,50.0,Atencao,Atencao: sinais iniciais de risco,22.89510532168312
1777745877.259219,357,True,0.18252456283403032,0.31066826882589466,0.2465964158299625,0.011024229980594736,False,False,0.0321285140562249,0,0,40.83974151611328,False,True,6.680181970261185,50.0,Atencao,Atencao: sinais iniciais de risco,23.243762214542397
1777745877.298626,358,True,0.18350435155546574,0.2622934459936755,0.22289889877457061,0.007307074040466917,False,False,0.032,0,0,40.86307244300842,False,True,6.66367783387502,50.0,Atencao,Atencao: sinais iniciais de risco,23.437567262364105
1777745877.3369036,359,True,0.11514326918901183,0.13580089495885142,0.12547208207393162,0.005288403054469942,True,False,0.035856573705179286,0,0,39.740752077102655,False,True,7.137840700041884,50.0,Atencao,Atencao: sinais iniciais de risco,23.731657840907495
1777745877.3741093,360,True,0.11173295703086852,0.21523431984593075,0.16348363843839964,0.002913794467052558,True,False,0.03968253968253968,0,0,40.304514217376706,False,True,7.69209912894264,50.0,Atencao,Atencao: sinais iniciais de risco,24.03766869353116
1777745877.4143608,361,True,0.13315118866052528,0.2135641079463709,0.17335764830344808,0.0039670381401596165,True,False,0.043478260869565216,0,0,41.51170568466186,False,True,8.274370365522909,50.0,Atencao,Atencao: sinais iniciais de risco,24.131354422610165
1777745877.4566085,362,True,0.16177254617821465,0.17166287637350075,0.16671771127585772,0.005185811816257683,True,False,0.047244094488188976,0,0,42.15178289413452,False,True,8.824176348557309,50.0,Atencao,Atencao: sinais iniciais de risco,24.10404526340682
1777745877.496887,363,True,0.13771035150331035,0.15873250085355695,0.14822142617843365,0.005855811746207588,True,False,0.050980392156862744,0,0,41.90751476287842,False,True,9.325703871437147,50.0,Atencao,Atencao: sinais iniciais de risco,24.178088095171542
1777745877.543266,364,True,0.13878257129025443,0.16456316456609782,0.15167286792817614,0.00657680796649541,True,False,0.0546875,0,0,42.466632175445554,False,True,9.863387070496877,50.0,Atencao,Atencao: sinais iniciais de risco,23.900346698565254
1777745877.584562,365,True,0.12558048360429813,0.1580842883699034,0.14183238598710077,0.029797454934402924,True,False,0.058365758754863814,0,0,41.80439691543579,False,True,10.336035886290162,50.0,Atencao,Atencao: sinais iniciais de risco,23.895648885406736
1777745877.6319156,366,True,0.11977694817548752,0.14545856239038174,0.13261775528293462,0.005850670013971214,True,False,0.06201550387596899,0,0,41.22475008964538,False,True,10.808893499152605,50.0,Atencao,Atencao: sinais iniciais de risco,23.651661425373508
1777745877.6773355,367,True,0.13503385299317383,0.18184876083375456,0.1584413069134642,0.007054307292296546,True,False,0.06563706563706563,0,0,41.42756886482238,False,True,11.316999180062243,50.0,Atencao,Atencao: sinais iniciais de risco,23.475718613603032
1777745877.7298672,368,True,0.14326751489097198,0.19925650480280674,0.17126200984688936,0.005280028398966171,True,False,0.06923076923076923,0,0,41.54587745666504,False,True,11.81704885378862,50.0,Atencao,Atencao: sinais iniciais de risco,23.050536049593838
1777745877.7728596,369,True,0.15683547993840244,0.19752510996997938,0.1771802949541909,0.27793690270436044,True,False,0.07279693486590039,0,0,42.523848628997804,False,True,12.356295187235794,50.0,Atencao,Atencao: sinais iniciais de risco,23.039897152454355
1777745877.821332,370,True,0.1538683388519261,0.20483678183933127,0.1793525603456287,0.3172348983893671,True,False,0.07633587786259542,0,0,43.15916996002197,False,True,12.874665915832567,50.0,Atencao,Atencao: sinais iniciais de risco,22.791739730227945
1777745877.864051,371,True,0.15911443441274375,0.22116604144638036,0.19014023792956206,0.19147119020832826,True,False,0.07984790874524715,0,0,43.434074497222895,False,True,13.371315389057226,50.0,Atencao,Atencao: sinais iniciais de risco,22.821741265927415
1777745877.9042218,372,True,0.14205456343612924,0.22078846571431623,0.18142151457522274,0.10742058592757472,True,False,0.08333333333333333,0,0,43.21037998199463,False,True,13.839376544157663,50.0,Atencao,Atencao: sinais iniciais de risco,23.10559751603642
1777745877.9427578,373,True,0.14737653129400846,0.21478380071954806,0.18108016600677826,0.10059596818046368,True,False,0.08679245283018867,0,0,43.19744529724121,False,True,14.314358740737603,50.0,Atencao,Atencao: sinais iniciais de risco,23.343931925698776
1777745877.9817562,374,True,0.13624014641891138,0.20415860808126005,0.17019937725008571,0.01829035261806364,True,False,0.09022556390977443,0,0,43.65952939987182,False,True,14.809515719312175,50.0,Atencao,Atencao: sinais iniciais de risco,23.634810120753137
1777745878.0198138,375,True,0.1492193127286405,0.18506119933199783,0.16714025603031918,0.0389616994924294,True,False,0.09363295880149813,0,0,42.93231344223022,False,True,15.241671719042102,50.0,Atencao,Atencao: sinais iniciais de risco,23.85689184550713
1777745878.0605521,376,True,0.14470065562162748,0.19505971965996116,0.16988018764079432,0.1510476319825068,True,False,0.09701492537313433,0,0,42.69781970977783,False,True,15.69496743601946,50.0,Atencao,Atencao: sinais iniciais de risco,23.906431658353238
1777745878.102827,377,True,0.09880063219785397,0.09715253201503156,0.09797658210644276,0.25832174190034146,True,False,0.10037174721189591,0,0,42.63817510604858,False,True,16.153548208662716,50.0,Atencao,Atencao: sinais iniciais de risco,23.932625140998894
1777745878.144052,378,True,0.10320820570866948,0.08776865262478763,0.09548842916672856,0.2464198800531008,True,False,0.1037037037037037,0,0,43.290473747253415,False,True,16.64430715834653,50.0,Atencao,Atencao: sinais iniciais de risco,23.946773601221267
1777745878.1849887,379,True,0.09926556721642829,0.10403437054591984,0.10164996888117406,0.2416043606249157,True,False,0.1070110701107011,0,0,43.11837892532348,False,True,17.090465298212173,50.0,Atencao,Atencao: sinais iniciais de risco,23.96320470149895
1777745878.2265718,380,True,0.17098077232022826,0.18713233582083127,0.17905655407052978,0.13119365899392987,True,False,0.11029411764705882,0,0,43.12099504470825,False,True,17.5420151404306,50.0,Atencao,Atencao: sinais iniciais de risco,24.004309432949807
1777745878.2687194,381,True,0.1880669869858916,0.29297174847852986,0.24051936773221072,0.11587444883493266,False,False,0.10989010989010989,0,0,41.71690669059753,False,True,17.850664128654604,50.0,Atencao,Atencao: sinais iniciais de risco,23.964089113047578
1777745878.3117976,382,True,0.19907534948615563,0.2836150253213072,0.24134518740373143,0.15335804122651792,False,False,0.10948905109489052,0,0,40.693065023422236,False,True,17.744326460953175,50.0,Atencao,Atencao: sinais iniciais de risco,23.89642435833636
1777745878.355605,383,True,0.19700115385735362,0.29584716917383536,0.2464241615155945,0.2903624735559834,False,False,0.10909090909090909,0,0,40.3219657421112,False,True,17.671026971340176,50.0,Atencao,Atencao: sinais iniciais de risco,23.788782413856506
1777745878.3949883,384,True,0.2200237530066216,0.25789320691178297,0.23895847995920227,0.3352942984665837,False,False,0.10869565217391304,0,0,40.52927088737487,False,True,17.627044402516404,50.0,Atencao,Atencao: sinais iniciais de risco,23.92548188659847
1777745878.4375947,385,True,0.20866957970733793,0.27876846290788315,0.24371902130761053,0.3336731019707006,False,False,0.10830324909747292,0,0,40.367464160919184,False,True,17.564998643183102,50.0,Atencao,Atencao: sinais iniciais de risco,23.902708643071055
1777745878.477894,386,True,0.21621649256623018,0.2522867450232012,0.23425161879471568,0.2889019394375086,False,False,0.1079136690647482,0,0,40.66382122039794,False,True,17.526249241657393,50.0,Atencao,Atencao: sinais iniciais de risco,24.015165752486855
1777745878.5208652,387,True,0.18860774293782478,0.3210693817899282,0.2548385623638765,0.2609730407651198,False,False,0.10752688172043011,0,0,41.53325133323669,False,True,17.516537487455594,50.0,Atencao,Atencao: sinais iniciais de risco,23.930969057313014
1777745878.5696402,388,True,0.22624044317877848,0.29459844802688256,0.26041944560283053,0.23521371855118386,False,False,0.10714285714285714,0,0,41.3544557094574,False,True,17.454794326850344,50.0,Atencao,Atencao: sinais iniciais de risco,23.59291017852578
1777745878.6172137,389,True,0.21064299800255526,0.2937743066645553,0.25220865233355527,0.29961635638302136,False,False,0.10676156583629894,0,0,41.62583217620849,False,True,17.415935595536148,50.0,Atencao,Atencao: sinais iniciais de risco,23.283845609252367
1777745878.6633077,390,True,0.21452697863356723,0.28648365526575315,0.25050531694966016,0.19389879889583722,False,False,0.10638297872340426,0,0,40.89667601585388,False,True,17.327422059495397,50.0,Atencao,Atencao: sinais iniciais de risco,23.14694887054796
1777745878.7107074,391,True,0.22222319614529532,0.29150064084747157,0.25686191849638346,0.19836427769163534,False,False,0.10600706713780919,0,0,41.033263540267946,False,True,17.282563592696782,50.0,Atencao,Atencao: sinais iniciais de risco,22.941122195744253
1777745878.7589405,392,True,0.20988647237275526,0.27986984726919656,0.2448781598209759,0.17038111722323668,False,False,0.1056338028169014,0,0,40.99292869567871,False,True,17.229223006342497,50.0,Atencao,Atencao: sinais iniciais de risco,22.724966598216852
1777745878.8041275,393,True,0.2107855819086387,0.28964433896096975,0.25021496043480423,0.15668360574558912,False,False,0.10526315789473684,0,0,41.1624481678009,False,True,17.18673530315098,50.0,Atencao,Atencao: sinais iniciais de risco,22.68221880221753
1777745878.8491728,394,True,0.04889325672911887,0.0640699023076471,0.056481579518382986,0.07842217511106361,True,False,0.10839160839160839,0,0,40.74304037094116,False,True,17.595926856627827,50.0,Atencao,Atencao: sinais iniciais de risco,22.604462264273383
1777745878.8944008,395,True,0.03492680785587079,0.08040121841254025,0.05766401313420552,0.06282571854185853,True,False,0.11149825783972125,0,0,39.69672050476074,False,True,17.97077516243433,50.0,Atencao,Atencao: sinais iniciais de risco,22.600919340050982
1777745878.9368517,396,True,0.0766929176794976,0.13713810380938146,0.10691551074443953,0.003586180673130245,True,False,0.11458333333333333,0,0,42.47481870651245,False,True,18.533877952893572,50.0,Atencao,Atencao: sinais iniciais de risco,22.655760111066307
1777745878.976369,397,True,0.03086356394529774,0.1474809397035864,0.08917225182444206,0.0035968250097864495,True,False,0.11764705882352941,0,0,42.144332361221316,False,True,18.938615890530976,50.0,Atencao,Atencao: sinais iniciais de risco,22.96404091956525
1777745879.020586,398,True,0.16762138907507487,0.2196234540880374,0.19362242158155613,0.001999883864449762,True,False,0.1206896551724138,0,0,44.35184488296508,False,True,19.46734851458977,50.0,Atencao,Atencao: sinais iniciais de risco,22.925110760034833
1777745879.0636585,399,True,0.1850083414450909,0.2116847591348371,0.198346550289964,0.001472042738940852,True,False,0.12371134020618557,0,0,42.51249395012856,False,True,19.790862660091562,50.0,Atencao,Atencao: sinais iniciais de risco,22.95012364254512
1777745879.105061,400,True,0.20503095028642132,0.2610972735238074,0.23306411190511436,0.0024426721903317854,False,False,0.1232876712328767,0,0,41.37029337449507,False,True,19.70558315979662,50.0,Atencao,Atencao: sinais iniciais de risco,23.08048260042046
1777745879.1434495,401,True,0.22592257481848851,0.23450044608547121,0.23021151045197985,0.00258330249642129,False,False,0.12286689419795221,0,0,39.53571278994733,False,True,19.555997288267115,50.0,Atencao,Atencao: sinais iniciais de risco,23.38740820541065
1777745879.1841187,402,True,0.2173932197837683,0.2441271223583869,0.2307601710710776,0.14493077957199024,False,False,0.12244897959183673,0,0,39.97016877315261,False,True,19.520256829086502,50.0,Atencao,Atencao: sinais iniciais de risco,23.507917607447382
1777745879.2277422,403,True,0.22125704794040696,0.2332707877630738,0.22726391785174038,0.15146949444347166,False,False,0.12203389830508475,0,0,40.30685847618363,False,True,19.480017637309658,50.0,Atencao,Atencao: sinais iniciais de risco,23.44809758507342
1777745879.2714698,404,True,0.22432763074401998,0.3034388394985424,0.2638832351212812,0.23680831668596308,False,False,0.12162162162162163,0,0,38.16442720835859,False,True,19.316208029942224,50.0,Atencao,Atencao: sinais iniciais de risco,23.3560474573432
1777745879.31162,405,True,0.225067812283803,0.26587796623075116,0.24547288925727706,0.25009330446744965,False,False,0.12121212121212122,0,0,36.72107481035319,False,True,19.18773410373565,50.0,Atencao,Atencao: sinais iniciais de risco,23.550717448722605
1777745879.3542743,406,True,0.24008762253910138,0.274732505904412,0.2574100642217567,0.26965323030434546,False,False,0.12080536912751678,0,0,39.22862639806487,False,True,19.257183271488124,50.0,Atencao,Atencao: sinais iniciais de risco,23.544188198079812
1777745879.3960567,407,True,0.23713323683065565,0.27930695673321043,0.25822009678193303,0.30290550687833157,False,False,0.12040133779264214,0,0,40.84942539225925,False,True,19.28266891265258,50.0,Atencao,Atencao: sinais iniciais de risco,23.537242324830434
1777745879.437975,408,True,0.22833520870027008,0.25411958457703104,0.24122739663865056,0.28771361268557577,False,False,0.12,0,0,41.400641188296404,False,True,19.255045755966144,50.0,Atencao,Atencao: sinais iniciais de risco,23.59487655527865
1777745879.4752195,409,True,0.23559163619625434,0.2698338902959333,0.2527127632460938,0.29766796004220025,False,False,0.11960132890365449,0,0,41.40307791991667,False,True,19.20035031679965,50.0,Atencao,Atencao: foco visual fora da direcao,23.92913670988805
1777745879.5124655,410,True,0.24932028916906462,0.28109567507169264,0.26520798212037866,0.3009244913684441,False,False,0.11920529801324503,0,0,41.734478734298186,False,True,19.162466110087422,50.0,Atencao,Atencao: foco visual fora da direcao,24.143207149704793
1777745879.5587986,411,True,0.2495603714018902,0.29434801617879586,0.271954193790343,0.2944055096583212,False,False,0.1188118811881188,0,0,44.14514482129703,False,True,19.22890460098251,50.0,Atencao,Atencao: foco visual fora da direcao,23.926258818828906
1777745879.6071174,412,True,0.2526113165068189,0.2725093148128425,0.26256031565983073,0.3156370400411539,False,False,0.11842105263157894,0,0,45.133123016357416,False,True,19.224564584211297,50.0,Atencao,Atencao: foco visual fora da direcao,23.598016943403515
1777745879.652663,413,True,0.2482627748104707,0.29530112982373646,0.27178195231710356,0.3220802370219948,False,False,0.1180327868852459,0,0,44.33871962373907,False,True,19.13145787445959,50.0,Atencao,Atencao: foco visual fora da direcao,23.46187543845737
1777745879.6974893,414,True,0.26337414567056966,0.272215839128944,0.2677949923997568,0.3451633295993813,False,False,0.11764705882352941,0,0,42.89446615197441,False,True,19.006207592385334,50.0,Atencao,Atencao: foco visual fora da direcao,23.313055450234675
1777745879.7410574,415,True,0.27290204508273214,0.2860093681142081,0.2794557065984701,0.3593700683396825,False,False,0.11726384364820847,0,0,39.3991028834473,False,True,18.77874734235235,50.0,Atencao,Atencao: foco visual fora da direcao,23.260100559496895
1777745879.7872415,416,True,0.26017339361846287,0.2729482367240267,0.26656081517124475,0.33523886731891334,False,False,0.11688311688311688,0,0,42.71202452833002,False,True,18.892043494396393,50.0,Atencao,Atencao: foco visual fora da direcao,23.120532811933245
1777745879.8323858,417,True,0.2527435249305737,0.2980182054045953,0.27538086516758453,0.35212940503603385,False,False,0.11650485436893204,0,0,44.81878473054279,False,True,18.945370408806617,50.0,Atencao,Atencao: foco visual fora da direcao,23.05567054399819
1777745879.8742826,418,True,0.25903694836653407,0.2927272469893299,0.275882097677932,0.3440543066043516,False,False,0.11612903225806452,0,0,44.62880316755988,False,True,18.884195790413187,50.0,Atencao,Atencao: foco visual fora da direcao,23.13573056192719
1777745879.912202,419,True,0.2602516011080605,0.2979530873486863,0.27910234422837343,0.3632707225052392,False,False,0.1157556270096463,0,0,43.92748155052012,False,True,18.797786487903696,50.0,Atencao,Atencao: foco visual fora da direcao,23.436386229834813
1777745879.9487772,420,True,0.2540690396904458,0.29394496994234803,0.27400700481639695,0.3795170648089865,False,False,0.11538461538461539,0,0,45.943110324035985,False,True,18.847553828137734,50.0,Atencao,Atencao: foco visual fora da direcao,23.753128679052253
1777745879.987413,421,True,0.26530120192678347,0.31634448975561197,0.2908228458411977,0.3971762024151935,False,False,0.11501597444089456,0,0,46.95690584182739,False,True,18.847555474265697,50.0,Atencao,Atencao: foco visual fora da direcao,24.040584185815042
1777745880.0305715,422,True,0.2653458206998401,0.30703532994208754,0.2861905753209638,0.4069357162743057,False,False,0.11464968152866242,0,0,46.710505676269534,False,True,18.78487019055588,50.0,Atencao,Atencao: foco visual fora da direcao,23.94508289727721
1777745880.0755115,423,True,0.25698006604786133,0.305254706575102,0.28111738631148164,0.3934254081553159,False,False,0.11428571428571428,0,0,46.84726829528808,False,True,18.74166282560144,50.0,Atencao,Atencao: foco visual fora da direcao,23.79469445170873
1777745880.1120925,424,True,0.2631374412388987,0.28178546977153024,0.2724614555052145,0.4200066054346389,False,False,0.11392405063291139,0,0,46.064011860977516,False,True,18.652771251625513,50.0,Atencao,Atencao: foco visual fora da direcao,24.12737625637668
1777745880.150337,425,True,0.25212390287854336,0.28162135567110935,0.26687262927482636,0.42693928510928125,False,False,0.11356466876971609,0,0,46.36842061497948,False,True,18.61857668313626,50.0,Atencao,Atencao: foco visual fora da direcao,24.30113093465988
1777745880.196087,426,True,0.26353426418176157,0.27057726949774,0.2670557668397508,0.4464060968851986,False,False,0.11320754716981132,0,0,46.39343512545933,False,True,18.570723188673348,50.0,Atencao,Atencao: foco visual fora da direcao,24.0514247061823
1777745880.238306,427,True,0.24618458143651115,0.29534947307088644,0.2707670272536988,0.4566756083046903,False,False,0.11285266457680251,0,0,46.51436352892355,False,True,18.52797325230784,50.0,Atencao,Atencao: foco visual fora da direcao,24.04205991606652
1777745880.2788172,428,True,0.24079562995316087,0.2614897272162709,0.2511426785847159,0.48270554076797834,False,False,0.1125,0,0,46.114337154951954,False,True,18.45948055429892,50.0,Atencao,Atencao: foco visual fora da direcao,24.076319253009302
1777745880.319345,429,True,0.23652138498106537,0.24101103034231608,0.2387662076616907,0.45757265308834577,False,False,0.11214953271028037,0,0,47.10442633412101,False,True,18.460795760920924,50.0,Atencao,Atencao: foco visual fora da direcao,24.162216618405445
1777745880.361057,430,True,0.26849670222866745,0.2921885034261144,0.28034260282739093,0.5287314425229673,False,False,0.11180124223602485,0,0,47.33056545257568,False,True,18.42421277663352,50.0,Atencao,Atencao: foco visual fora da direcao,24.13710957490588
1777745880.597106,431,True,0.2948669161737079,0.33611827116566906,0.3154925936696885,0.5005970615304879,False,False,0.11145510835913312,0,0,43.5330527305603,False,True,18.18674373246014,50.0,Atencao,Atencao: foco visual fora da direcao,22.148017150752228
1777745880.6460955,432,True,0.2897293055153851,0.3191675482053379,0.3044484268603615,0.5363662657983823,False,False,0.1111111111111111,0,0,41.903930473327634,False,True,18.05798799799548,50.0,Atencao,Atencao: foco visual fora da direcao,21.961859894385626
1777745880.7009764,433,True,0.28421336400532643,0.34266042419082693,0.3134368940980767,0.5470322400786816,False,False,0.11076923076923077,0,0,40.37878050804138,False,True,17.934721952722622,50.0,Atencao,Atencao: foco visual fora da direcao,21.558968061282684
1777745880.761546,434,True,0.2863184850807489,0.35179762936163156,0.31905805722119024,0.5184333487967748,False,False,0.11042944785276074,0,0,40.3335159778595,False,True,17.885738575198896,50.0,Atencao,Atencao: foco visual fora da direcao,21.087565485940317
1777745880.8056064,435,True,0.27922613968189464,0.37306258791318936,0.32614436379754197,0.526248132501952,False,False,0.11009174311926606,0,0,40.07566986083984,False,True,17.8264118684924,50.0,Atencao,Atencao: foco visual fora da direcao,21.246840351658236
1777745880.8531325,436,True,0.2779612259255027,0.37275964191804606,0.3253604339217744,0.5109232116196064,False,False,0.10975609756097561,0,0,39.580907869338986,False,True,17.75552250465242,50.0,Atencao,Atencao: foco visual fora da direcao,21.223716305218815
1777745880.8927581,437,True,0.2669068003852814,0.3607550899338991,0.31383094515959026,0.5584767821911444,False,False,0.1094224924012158,0,0,39.688744688034056,False,True,17.715043636120196,50.0,Atencao,Atencao: foco visual fora da direcao,21.60898042663218
1777745880.9319127,438,True,0.2724148325690791,0.3641062636624483,0.3182605481157637,0.5464267700482004,False,False,0.10909090909090909,0,0,39.50613002777099,False,True,17.66032019793987,50.0,Atencao,Atencao: foco visual fora da direcao,22.004130121091894
1777745880.9703662,439,True,0.26914382344470533,0.3381975985565782,0.3036707110006418,0.5104322399114586,False,False,0.10876132930513595,0,0,39.054329299926756,False,True,17.59241294100385,50.0,Atencao,Atencao: foco visual fora da direcao,22.401457076147267
1777745881.0096538,440,True,0.2687678550511587,0.36338397841219827,0.31607591673167845,0.5416240515296323,False,False,0.10843373493975904,0,0,40.089099359512325,False,True,17.599107218743807,50.0,Atencao,Atencao: foco visual fora da direcao,22.711778741303306
1777745881.0533202,441,True,0.27165159619205537,0.35348262233156086,0.3125671092618081,0.5673514188446848,False,False,0.10810810810810811,0,0,40.09200086593628,False,True,17.554478604713,50.0,Atencao,Atencao: foco visual fora da direcao,22.717965682245406
1777745881.0934412,442,True,0.2795180630026937,0.3435449310247172,0.31153149701370547,0.5393904478817921,False,False,0.10778443113772455,0,0,40.64491057395935,False,True,17.537618506686417,50.0,Atencao,Atencao: foco visual fora da direcao,22.94746979066745
1777745881.1352572,443,True,0.239206721913144,0.3318646522109963,0.28553568706207016,0.5446603415638642,False,False,0.10746268656716418,0,0,41.35735721588134,False,True,17.529000960330464,50.0,Atencao,Atencao: foco visual fora da direcao,23.054940536875016
1777745881.1705275,444,True,0.23343571648338166,0.3233796688925544,0.278407692687968,0.550942794966449,False,False,0.10714285714285714,0,0,41.275846815109254,False,True,17.48094889444964,50.0,Atencao,Atencao: foco visual fora da direcao,23.5424929164651
1777745881.2086208,445,True,0.05257921815587407,0.18448206145378288,0.11853063980482847,0.535067958983123,True,False,0.10979228486646884,0,0,41.71711225509643,False,True,17.867308478445608,50.0,Atencao,Atencao: foco visual fora da direcao,23.841847485250334
1777745881.2488034,446,True,0.10291594214806589,0.24329618008062204,0.17310606111434396,0.5620008408584398,True,False,0.11242603550295859,0,0,41.82026057243347,False,True,18.2346066068298,50.0,Atencao,Atencao: foco visual fora da direcao,23.925250964028464
1777745881.2872162,447,True,0.19211456096963123,0.2660792170310172,0.2290968890003242,0.5437997674055433,False,False,0.11209439528023599,0,0,42.92010145187378,False,True,18.19845036494931,50.0,Atencao,Atencao: foco visual fora da direcao,24.155270837187793
1777745881.3259294,448,True,0.1824508271685335,0.27678119650695876,0.22961601183774613,0.5643533281127013,False,False,0.11176470588235295,0,0,42.5638671875,False,True,18.135306359521703,50.0,Atencao,Atencao: foco visual fora da direcao,24.28807281636068
1777745881.368311,449,True,0.21653080537683742,0.27859751416729095,0.2475641597720642,0.5573630747303239,False,False,0.11143695014662756,0,0,44.04545850753784,False,True,18.164319511861354,50.0,Atencao,Atencao: foco visual fora da direcao,24.265355830919507
1777745881.4047296,450,True,0.2057593244189306,0.2821481076464849,0.24395371603270777,0.5449465611778351,False,False,0.1111111111111111,0,0,43.251994132995605,False,True,18.07984342575073,50.0,Atencao,Atencao: foco visual fora da direcao,24.530849417041267
1777745881.4450982,451,True,0.22754408623851308,0.2842965854957675,0.25592033586714025,0.5637420356500259,False,False,0.11078717201166181,0,0,44.46579284667968,False,True,18.095991735260657,50.0,Atencao,Atencao: foco visual fora da direcao,24.587199952859436
1777745881.4879613,452,True,0.21948440252724616,0.2828432217667404,0.2511638121469933,0.5695430703558312,False,False,0.11046511627906977,0,0,44.113877582550046,False,True,18.034113308822768,50.0,Atencao,Atencao: foco visual fora da direcao,24.449381765833202
1777745881.531868,453,True,0.22824165023748866,0.3090005551954644,0.26862110271647655,0.5436850910260709,False,False,0.11014492753623188,0,0,44.1886601448059,False,True,17.993826484795356,50.0,Atencao,Atencao: foco visual fora da direcao,24.264601303308858
1777745881.5817888,454,True,0.2257254202707976,0.29903576299502127,0.26238059163290944,0.545693258708911,False,False,0.10982658959537572,0,0,43.708724117279054,False,True,17.92605821655129,50.0,Atencao,Atencao: foco visual fora da direcao,23.879424079625373
1777745881.628493,455,True,0.22601769750030062,0.320351802681425,0.2731847500908628,0.5221751753086104,False,False,0.10951008645533142,0,0,44.11318063735962,False,True,17.902761860799224,50.0,Atencao,Atencao: foco visual fora da direcao,23.624378187112217
1777745881.6771777,456,True,0.23317262638915556,0.3151537788453641,0.27416320261725985,0.5129442806120201,False,False,0.10919540229885058,0,0,44.59509420394897,False,True,17.883588467612576,50.0,Atencao,Atencao: foco visual fora da direcao,23.305204441151684
1777745881.7259603,457,True,0.23145088811875622,0.3004973889984609,0.2659741385586086,0.5364505468146689,False,False,0.10888252148997135,0,0,44.54569091796875,False,True,17.838097192092675,50.0,Atencao,Atencao: foco visual fora da direcao,23.014513711847638
1777745881.774472,458,True,0.23722240001724615,0.32265349872996535,0.2799379493736057,0.4654716629741817,False,False,0.10857142857142857,0,0,45.32621116638184,False,True,17.834347928213692,50.0,Atencao,Atencao: foco visual fora da direcao,22.8031143202986
1777745881.8174715,459,True,0.2303472259753094,0.311362662931895,0.2708549444536022,0.4870064023667156,False,False,0.10826210826210826,0,0,45.03854618072509,False,True,17.777433136399313,50.0,Atencao,Atencao: foco visual fora da direcao,22.821796161752616
1777745881.8633785,460,True,0.23092548962077425,0.31469486919769435,0.2728101794092343,0.47354534494495537,False,False,0.10795454545454546,0,0,46.09758014678955,False,True,17.78809494866265,50.0,Atencao,Atencao: foco visual fora da direcao,22.709284585519217
1777745881.905136,461,True,0.23255635758255985,0.30810316589422465,0.27032976173839224,0.41483069436127756,False,False,0.10764872521246459,0,0,46.62486124038696,False,True,17.7724087200564,50.0,Atencao,Atencao: foco visual fora da direcao,22.849034465978526
1777745881.9459045,462,True,0.24044497399141393,0.32453508042028156,0.28249002720584776,0.3945295028736127,False,False,0.10734463276836158,0,0,46.324590301513666,False,True,17.715582462048573,50.0,Atencao,Atencao: foco visual fora da direcao,23.037927331702157
1777745881.986793,463,True,0.23589947277509754,0.330267379925147,0.2830834263501223,0.3210280760223485,False,False,0.10704225352112676,0,0,46.82745943069458,False,True,17.69914877201283,50.0,Atencao,Atencao: foco visual fora da direcao,23.134138439684918
1777745882.028027,464,True,0.2245649009687371,0.3162530982482941,0.2704089996085156,0.2915241082876907,False,False,0.10674157303370786,0,0,47.82513818740844,False,True,17.70768914282843,50.0,Atencao,Atencao: foco visual fora da direcao,23.22843697932705
1777745882.0684102,465,True,0.23348623408615005,0.30881025833048986,0.27114824620831995,0.28718066032206296,False,False,0.10644257703081232,0,0,46.85927944183349,False,True,17.618284255151544,50.0,Atencao,Atencao: foco visual fora da direcao,23.43902187315454
1777745882.109001,466,True,0.24625073442549908,0.32702595855284644,0.28663834648917275,0.22723658508448724,False,False,0.10614525139664804,0,0,46.78612937927246,False,True,17.573744477325903,50.0,Atencao,Atencao: foco visual fora da direcao,23.541938086576547
1777745882.149863,467,True,0.25365767050361104,0.32108134805420413,0.2873695092789076,0.22312667821623663,False,False,0.10584958217270195,0,0,47.302572631835936,False,True,17.55891212166149,50.0,Atencao,Atencao: foco visual fora da direcao,23.63847839592107
1777745882.1908581,468,True,0.24471335665617155,0.3046829391852055,0.27469814792068853,0.17711431546332354,False,False,0.10555555555555556,0,0,47.46640281677246,False,True,17.526674971050685,50.0,Atencao,Atencao: foco visual fora da direcao,23.73499409986518
1777745882.2310376,469,True,0.23896353829338984,0.29568275582955694,0.2673231470614734,0.1365479526167769,False,False,0.10526315789473684,0,0,47.26454362869262,False,True,17.47637733328412,50.0,Atencao,Atencao: foco visual fora da direcao,23.85474421748156
1777745882.2700477,470,True,0.24711320505691697,0.2836424311456601,0.2653778181012886,0.10743215459446405,False,False,0.10497237569060773,0,0,47.335626888275144,False,True,17.439948943195493,50.0,Atencao,Atencao: foco visual fora da direcao,24.01360483203316
1777745882.3088713,471,True,0.24546900581515504,0.28404524139089043,0.2647571236030227,0.09414348348219405,False,False,0.1046831955922865,0,0,47.83189477920532,False,True,17.425000074222833,50.0,Atencao,Atencao: foco visual fora da direcao,24.15747306437931
1777745882.3497896,472,True,0.24324104233275,0.282967569409794,0.263104305871272,0.018268222789254895,False,False,0.1043956043956044,0,0,47.376056575775145,False,True,17.36266437450754,50.0,Atencao,Atencao: foco visual fora da direcao,24.22195215172763
1777745882.3887165,473,True,0.22630128268738256,0.27192375723659096,0.24911251996198674,0.007742219080627552,False,False,0.10410958904109589,0,0,47.8973466873169,False,True,17.349401768839705,50.0,Atencao,Atencao: foco visual fora da direcao,24.380408757177356
1777745882.427038,474,True,0.09492559839141687,0.11269509083385379,0.10381034461263533,0.005016842416465378,True,False,0.10655737704918032,0,0,47.40217056274414,False,True,17.661213813722675,50.0,Atencao,Atencao: foco visual fora da direcao,24.551378883630413
1777745882.469913,475,True,0.07601716765322415,0.055453523999560786,0.06573534582639247,0.004078985075541611,True,False,0.10899182561307902,0,0,47.84724388122559,False,True,18.018204157182815,50.0,Atencao,Atencao: foco visual fora da direcao,24.41732057580797
1777745882.5129766,476,True,0.24488376708753362,0.3049567544265857,0.27492026075705966,0.004026112029428042,False,False,0.10869565217391304,0,0,47.757691574096675,False,True,17.939134642041246,50.0,Atencao,Atencao: foco visual fora da direcao,24.282233966028794
1777745882.5549467,477,True,0.2441066097792617,0.2880764496295547,0.2660915297044082,0.005690564280618188,False,False,0.10840108401084012,0,0,47.76650981903076,False,True,17.89907243186542,50.0,Atencao,Atencao: foco visual fora da direcao,24.210922448190626
1777745882.6048355,478,True,0.2652375728802291,0.29316289218964847,0.27920023253493875,0.005737877334952291,False,False,0.10810810810810811,0,0,47.62156496047973,False,True,17.85154100231222,50.0,Atencao,Atencao: foco visual fora da direcao,23.830117721547808
1777745882.664174,479,True,0.2665271712228247,0.3083138155196529,0.2874204933712388,0.006092121319655081,False,False,0.1078167115902965,0,0,47.073619270324706,False,True,17.78407669660537,50.0,Atencao,Atencao: foco visual fora da direcao,23.126911494170045
1777745882.7134168,480,True,0.269887939665671,0.3080158396480276,0.28895188965684926,0.006521364702504142,False,False,0.10752688172043011,0,0,47.15431385040283,False,True,17.74825981850265,50.0,Atencao,Atencao: foco visual fora da direcao,22.848030403005783
1777745882.7629452,481,True,0.27409090197800245,0.3315218284507934,0.30280636521439797,0.006353428184747861,False,False,0.10723860589812333,0,0,47.63530044555664,False,True,17.73267122269316,50.0,Atencao,Atencao: foco visual fora da direcao,22.59048999090849
1777745882.8115115,482,True,0.27768629711779813,0.32865290013187276,0.30316959862483545,0.00613969398282062,False,False,0.10695187165775401,0,0,47.69105520248414,False,True,17.69603300248875,50.0,Atencao,Atencao: foco visual fora da direcao,22.373457523458008
1777745882.859384,483,True,0.2751557060066525,0.3377603444513645,0.3064580252290085,0.006208776923741548,False,False,0.10666666666666667,0,0,47.697298526763916,False,True,17.657129482428232,50.0,Atencao,Atencao: foco visual fora da direcao,22.209664846315434
1777745882.908157,484,True,0.28135058240472927,0.34397622812931195,0.31266340526702063,0.006516368914811531,False,False,0.10638297872340426,0,0,47.72977428436279,False,True,17.619746178109594,50.0,Atencao,Atencao: foco visual fora da direcao,22.065735675152673
1777745882.9634159,485,True,0.27242117330030835,0.3381815186639348,0.30530134598212155,0.006696170293270138,False,False,0.10610079575596817,0,0,47.624002552032465,False,True,17.575657433470617,50.0,Atencao,Atencao: foco visual fora da direcao,21.67226723142338
1777745883.0107272,486,True,0.27176850384574575,0.3205006717254923,0.296134587785619,0.006743854427724488,False,False,0.10582010582010581,0,0,47.51756391525268,False,True,17.531740635450554,50.0,Atencao,Atencao: foco visual fora da direcao,21.596863155991944
1777745883.0574243,487,True,0.25115794396433316,0.2833221625161116,0.2672400532402224,0.007351115600756995,False,False,0.10554089709762533,0,0,48.010724735260006,False,True,17.518007477109855,50.0,Atencao,Atencao: foco visual fora da direcao,21.578036865504604
1777745883.1022477,488,True,0.2624337229324846,0.3021865198184442,0.2823101213754644,0.007512621345480493,False,False,0.10526315789473684,0,0,47.9582615852356,False,True,17.477195179211463,50.0,Atencao,Atencao: foco visual fora da direcao,21.677487997839652
1777745883.140246,489,True,0.26344159622775315,0.31935579407655085,0.291398695152152,0.00793651536627041,False,False,0.10498687664041995,0,0,48.094660282135,False,True,17.446026441587865,50.0,Atencao,Atencao: foco visual fora da direcao,22.067140059675012
1777745883.177491,490,True,0.2644262795248173,0.32187929135132476,0.293152785438071,0.007168151249011423,False,False,0.10471204188481675,0,0,48.09428949356079,False,True,17.408218123263715,50.0,Atencao,Atencao: foco visual fora da direcao,22.58993698144253
1777745883.2196796,491,True,0.24690671243773263,0.3010809307224941,0.2739938215801134,0.008560905348282332,False,False,0.10443864229765012,0,0,48.00606498718262,False,True,17.366214454709393,50.0,Atencao,Atencao: foco visual fora da direcao,22.691699952136588
1777745883.2604277,492,True,0.2384073667722568,0.3100335349627964,0.2742204508675266,0.008292371958100002,False,False,0.10416666666666667,0,0,47.859939098358154,False,True,17.321511511007945,50.0,Atencao,Atencao: foco visual fora da direcao,22.895708336005455
1777745883.3016734,493,True,0.24662512623526284,0.3135321311146408,0.2800786286749518,0.010358004707824305,False,False,0.1038961038961039,0,0,47.124927997589104,False,True,17.24755857501711,50.0,Atencao,Atencao: foco visual fora da direcao,23.028301270455664
1777745883.3399894,494,True,0.24757901422152925,0.36053973316782634,0.3040593736946778,0.0510021414280328,False,False,0.10362694300518134,0,0,45.11927509307861,False,True,17.110266307289734,50.0,Atencao,Atencao: foco visual fora da direcao,23.331171375691234
1777745883.382378,495,True,0.2581255642872936,0.3579781059718006,0.3080518351295471,0.0501500498259323,False,False,0.10335917312661498,0,0,39.691085720062254,False,True,16.80203848033604,50.0,Atencao,Atencao: foco visual fora da direcao,23.363009385325604
1777745883.4249747,496,True,0.2566903709422816,0.3797635212913814,0.3182269461168315,0.0058809891559169145,False,False,0.10309278350515463,0,0,37.182511544227594,False,True,16.63998119859351,50.0,Atencao,Atencao: foco visual fora da direcao,23.34361491281225
1777745883.4638908,497,True,0.24710273983151698,0.3698458493806865,0.30847429460610176,0.005271248377774756,False,False,0.10282776349614396,0,0,35.900762712955476,False,True,16.539453505790938,50.0,Atencao,Atencao: foco visual fora da direcao,23.618652475891885
1777745883.5022173,498,True,0.2551994427594664,0.3681643454979557,0.31168189412871106,0.0063982663813606,False,False,0.10256410256410256,0,0,35.68919011950493,False,True,16.49262149796272,50.0,Atencao,Atencao: foco visual fora da direcao,23.86769193538955
1777745883.5443077,499,True,0.2587244284799704,0.3703479891249339,0.31453620880245214,0.12278887321090481,False,False,0.10230179028132992,0,0,35.76892157196998,False,True,16.460540131704732,50.0,Atencao,Atencao: foco visual fora da direcao,23.849019738783557
1777745883.59426,500,True,0.27900027587292303,0.3699050393746487,0.32445265762378583,0.2103648021400674,False,False,0.10204081632653061,0,0,35.28349036872387,False,True,16.400384652757523,50.0,Atencao,Atencao: foco visual fora da direcao,23.47479850084514
1777745883.6442368,501,True,0.26765048774834604,0.3685799198757079,0.31811520381202696,0.1677772174985594,False,False,0.10178117048346055,0,0,36.41988409757614,False,True,16.421503035778002,50.0,Atencao,Atencao: foco visual fora da direcao,23.12195308322067
1777745883.6957505,502,True,0.2723171049384155,0.37465216859497863,0.32348463676669703,0.18912599195019125,False,False,0.10152284263959391,0,0,36.31498526334762,False,True,16.380738015534913,50.0,Atencao,Atencao: foco visual fora da direcao,22.757587113908002
1777745883.7436666,503,True,0.27095435486962727,0.3509367731339424,0.31094556400178486,0.20911315762868074,False,False,0.10126582278481013,0,0,37.187225580215454,False,True,16.389009801345534,50.0,Atencao,Atencao: foco visual fora da direcao,22.573585415957922
1777745883.7928884,504,True,0.26819145491622326,0.39315664003545536,0.3306740474758393,0.17464546162643688,False,False,0.10101010101010101,0,0,37.207064914703366,False,True,16.354840024047427,50.0,Atencao,Atencao: foco visual fora da direcao,22.326058973453204
1777745883.838658,505,True,0.27444694701419925,0.39099548833396514,0.3327212176740822,0.15956863107776056,False,False,0.10075566750629723,0,0,37.62104885578155,False,True,16.340554614328315,50.0,Atencao,Atencao: foco visual fora da direcao,22.291491984423104
1777745883.8839967,506,True,0.26545056879847173,0.3777804352703709,0.32161550203442135,0.14627750994202557,False,False,0.10050251256281408,0,0,38.192237925529476,False,True,16.33430526308678,50.0,Atencao,Atencao: foco visual fora da direcao,22.27905279116339
1777745883.930918,507,True,0.2636161484232719,0.377401589872683,0.3205088691479775,0.16157716683123546,False,False,0.10025062656641603,0,0,37.88002943992615,False,True,16.28406051430188,50.0,Atencao,Atencao: foco visual fora da direcao,22.17927799200541
1777745883.9697933,508,True,0.2674084299377747,0.3834586653219435,0.3254335476298591,0.19529545209739188,False,False,0.1,0,0,37.922956585884094,False,True,16.251745718717576,50.0,Atencao,Atencao: foco visual fora da direcao,22.538776064290914
1777745884.0098364,509,True,0.26990090774555,0.3766621230254262,0.3232815153854881,0.1980612951105662,False,False,0.09975062344139651,0,0,38.15659029483795,False,True,16.229138127357288,50.0,Atencao,Atencao: foco visual fora da direcao,22.762151086719477
1777745884.051787,510,True,0.27480401911521957,0.37921559813467187,0.3270098086249457,0.20911948253979296,False,False,0.09950248756218906,0,0,38.18655292987823,False,True,16.196517575718275,50.0,Atencao,Atencao: foco visual fora da direcao,22.897532863616288
1777745884.0914054,511,True,0.2838190766633338,0.3794277595765268,0.3316234181199303,0.21324362307632208,False,False,0.09925558312655088,0,0,38.24759356975555,False,True,16.165620247811894,50.0,Atencao,Atencao: foco visual fora da direcao,23.11331681427186
1777745884.1320026,512,True,0.29958502760531497,0.3929553774674888,0.3462702025364019,0.21212783840456256,False,False,0.09900990099009901,0,0,38.67529625892639,False,True,16.153224088508303,50.0,Atencao,Atencao: foco visual fora da direcao,23.27431359933886
1777745884.1702657,513,True,0.29713414116216647,0.41716856663647045,0.35715135389931846,0.29279620715510374,False,False,0.09876543209876543,0,0,40.42476773262024,False,True,16.20708318963463,50.0,Atencao,Atencao: foco visual fora da direcao,23.472211289198853
1777745884.2127697,514,True,0.2883158285443834,0.45268310551700597,0.3704994670306947,0.4046466647123678,False,False,0.09852216748768473,0,0,41.456568479537964,False,True,16.22522434295692,50.0,Atencao,Atencao: foco visual fora da direcao,23.533270792657348
1777745884.254566,515,True,0.295943445637947,0.41341667272438365,0.3546800591811653,0.38102987771720775,False,False,0.09828009828009827,0,0,40.540179538726804,False,True,16.146120379873224,50.0,Atencao,Atencao: foco visual fora da direcao,23.58754016012385
1777745884.2953637,516,True,0.3158026235860359,0.4336702550434605,0.3747364393147482,0.38337497282092,False,False,0.09803921568627451,0,0,42.75577516555786,False,True,16.22377880456401,50.0,Atencao,Atencao: foco visual fora da direcao,23.676071617329384
1777745884.336337,517,True,0.3166682817734252,0.3840151390669135,0.35034171042016937,0.2723368986889012,False,False,0.097799511002445,0,0,44.37556848526001,False,True,16.27180907652256,50.0,Atencao,Atencao: foco visual fora da direcao,23.729103794203535
1777745884.3744252,518,True,0.3193136868803206,0.4097215663302131,0.3645176266052669,0.32250341558474804,False,False,0.0975609756097561,0,0,44.27273645401001,False,True,16.233868858465332,50.0,Atencao,Atencao: foco visual fora da direcao,24.02343620365497
1777745884.411993,519,True,0.2971325436845421,0.4028415933806761,0.3499870685326091,0.32738297395498106,False,False,0.09732360097323602,0,0,44.972365570068355,False,True,16.23621130174674,50.0,Atencao,Atencao: foco visual fora da direcao,24.218117431039964
1777745884.4530752,520,True,0.3235700311883312,0.4072219750139242,0.36539600310112774,0.20050649457215508,False,False,0.0970873786407767,0,0,44.67617673873902,False,True,16.188921289467114,50.0,Atencao,Atencao: foco visual fora da direcao,24.25806835954026
1777745884.4934273,521,True,0.3212961475696874,0.4194421424993352,0.3703691450345113,0.2002441184179648,False,False,0.09685230024213075,0,0,44.674927902221675,False,True,16.15653556782743,50.0,Atencao,Atencao: foco visual fora da direcao,24.31192210921765
1777745884.534817,522,True,0.32045547693680343,0.3934292332620764,0.35694235509943995,0.010938449722956602,False,False,0.0966183574879227,0,0,45.00852174758911,False,True,16.141048131392196,50.0,Atencao,Atencao: foco visual fora da direcao,24.29441646742943
1777745884.5757658,523,True,0.31787875199734444,0.418601231085488,0.36823999154141623,0.011531337978759803,False,False,0.0963855421686747,0,0,44.66889572143554,False,True,16.092054723687916,50.0,Atencao,Atencao: foco visual fora da direcao,24.288512213373448
1777745884.622004,524,True,0.29818943978839224,0.4339452390842708,0.3660673394363315,0.13880149214815674,False,False,0.09615384615384616,0,0,44.508360576629634,False,True,16.0521697644087,50.0,Atencao,Atencao: foco visual fora da direcao,24.047189022292116
1777745884.6656804,525,True,0.3042358507849942,0.43466516658305815,0.3694505086840262,0.17762795413909147,False,False,0.09592326139088729,0,0,43.96198387145996,False,True,15.99314552424337,50.0,Atencao,Atencao: foco visual fora da direcao,23.942700832951807
1777745884.7134824,526,True,0.30595579051186156,0.4279277782364979,0.36694178437417974,0.20370881943065436,False,False,0.09569377990430622,0,0,44.11294202804565,False,True,15.969139727667757,50.0,Atencao,Atencao: foco visual fora da direcao,23.630779305304916
1777745884.7649226,527,True,0.2967338629875064,0.3846586436277157,0.34069625330761105,0.19692810571967503,False,False,0.0954653937947494,0,0,45.160872077941896,False,True,15.990133140098507,50.0,Atencao,Atencao: foco visual fora da direcao,23.22220445201335
1777745884.8135362,528,True,0.3096235992508081,0.40011219807832554,0.3548678986645668,0.21551020039140795,False,False,0.09523809523809523,0,0,44.45563220977783,False,True,15.923617595150358,50.0,Atencao,Atencao: foco visual fora da direcao,22.942317494822973
1777745884.8643634,529,True,0.3628372409336668,0.4803007593632356,0.4215690001484512,0.16811361885202275,False,False,0.09501187648456057,0,0,43.78179607391357,False,True,15.858820709746126,50.0,Atencao,Atencao: foco visual fora da direcao,22.62596905431961
1777745884.9136865,530,True,0.3407302860473809,0.4613678119628214,0.4010490490051012,0.16560090956868648,False,False,0.0947867298578199,0,0,43.2591215133667,False,True,15.801729320541941,50.0,Atencao,Atencao: foco visual fora da direcao,22.39177794315203
1777745884.960872,531,True,0.34250699490703546,0.46637634362329633,0.4044416692651659,0.17904222095892763,False,False,0.09456264775413711,0,0,42.849525451660156,False,True,15.750438228200231,50.0,Atencao,Atencao: foco visual fora da direcao,22.25053599114029
1777745885.003822,532,True,0.3525097403315894,0.48321727210622245,0.4178635062189059,0.14694340024450303,False,False,0.09433962264150944,0,0,42.73919095993042,False,True,15.714255550627438,50.0,Atencao,Atencao: foco visual fora da direcao,22.359934703908177
1777745885.0489478,533,True,0.33650063331313035,0.4574773364554753,0.3969889848843028,0.003664594130603938,False,False,0.09411764705882353,0,0,43.302816200256345,False,True,15.711915170024422,50.0,Atencao,Atencao: foco visual fora da direcao,22.31607279781376
1777745885.094652,534,True,0.34457002011206855,0.4558458708936618,0.4002079455028652,0.0031419179433643547,False,False,0.09389671361502347,0,0,43.13332033157348,False,True,15.67306202806777,50.0,Atencao,Atencao: foco visual fora da direcao,22.318962576323223
1777745885.1357548,535,True,0.3369100805640606,0.484532415620319,0.4107212480921898,0.1191249052390232,False,False,0.0936768149882904,0,0,42.19015393257141,False,True,15.595667646941871,50.0,Atencao,Atencao: foco visual fora da direcao,22.485861166153153
1777745885.176873,536,True,0.34273039331184824,0.4995288669308219,0.4211296301213351,0.23604951017126916,False,False,0.09345794392523364,0,0,41.841756439208986,False,True,15.548153001103444,50.0,Atencao,Atencao: foco visual fora da direcao,22.697299647422312
1777745885.2170491,537,True,0.34267149132916525,0.4654666993375012,0.40406909533333324,0.23159498644341764,False,False,0.09324009324009325,0,0,42.1878643989563,False,True,15.535503929884007,50.0,Atencao,Atencao: foco visual fora da direcao,22.914902940643845
1777745885.2593226,538,True,0.3356628537655652,0.4574859002030519,0.39657437698430853,0.2877571692006661,False,False,0.09302325581395349,0,0,42.21004991531372,False,True,15.506798059607661,50.0,Atencao,Atencao: foco visual fora da direcao,22.96510268986521
1777745885.300913,539,True,0.3274612521274316,0.4606748796774721,0.39406806590245186,0.28970578526998503,False,False,0.09280742459396751,0,0,41.95593528747559,False,True,15.464415535467682,50.0,Atencao,Atencao: foco visual fora da direcao,23.08053249006298
1777745885.3418794,540,True,0.3401740456458528,0.43779038729804765,0.3889822164719502,0.07431582416397091,False,False,0.09259259259259259,0,0,43.16515321731567,False,True,15.495337031770633,50.0,Atencao,Atencao: foco visual fora da direcao,23.220861227970307
1777745885.3802304,541,True,0.3454614106651763,0.42842407912273156,0.38694274489395397,0.004322414882261971,False,False,0.09237875288683603,0,0,44.02457332611084,False,True,15.508905077668864,50.0,Atencao,Atencao: foco visual fora da direcao,23.503375870004497
1777745885.6098204,542,True,0.2633623053955603,0.3941540888634699,0.32875819712951515,0.23237440408119084,False,False,0.09216589861751152,0,0,41.15094299316406,False,True,15.335956098989406,50.0,Atencao,Atencao: foco visual fora da direcao,21.586356276948557
1777745885.6599805,543,True,0.2811481250706717,0.4062938164733096,0.34372097077199065,0.24504486181567542,False,False,0.09195402298850575,0,0,41.73314714431763,False,True,15.335933407558791,50.0,Atencao,Atencao: foco visual fora da direcao,21.47867454717654
1777745885.7045696,544,True,0.2841625358969639,0.4095554227301043,0.3468589793135341,0.23443419102428215,False,False,0.09174311926605505,0,0,42.12856268882751,False,True,15.326704922947314,50.0,Atencao,Atencao: foco visual fora da direcao,21.581964187040324
1777745885.7490876,545,True,0.28567598811505557,0.400669009555746,0.3431724988354008,0.19795945616147131,False,False,0.09153318077803203,0,0,41.86233005523681,False,True,15.284526749164616,50.0,Atencao,Atencao: foco visual fora da direcao,21.649204509671453
1777745885.7956138,546,True,0.2871884742730802,0.39130425993217666,0.33924636710262845,0.18617081174873007,False,False,0.091324200913242,0,0,41.994932889938354,False,True,15.262422159491063,50.0,Atencao,Atencao: foco visual fora da direcao,21.649128288035524
1777745885.8404531,547,True,0.28673088540243763,0.39602936459341104,0.34138012499792436,0.1923351402576244,False,False,0.09111617312072894,0,0,42.08346467018127,False,True,15.238244927032662,50.0,Atencao,Atencao: foco visual fora da direcao,21.708202044001318
1777745885.8812888,548,True,0.28678048742813433,0.3936545040202728,0.34021749572420357,0.21022201725375417,False,False,0.09090909090909091,0,0,41.67923345565796,False,True,15.189559562206268,50.0,Atencao,Atencao: foco visual fora da direcao,21.983918888782842
1777745885.9212937,549,True,0.2863969116969085,0.39645699677743307,0.3414269542371708,0.22808054742166217,False,False,0.09070294784580499,0,0,41.864198160171505,False,True,15.17046312623013,50.0,Atencao,Atencao: foco visual fora da direcao,22.29935936304095
1777745885.9625099,550,True,0.2778306597152948,0.38011113551125403,0.3289708976132744,0.2641347501774,False,False,0.09049773755656108,0,0,42.384753131866454,False,True,15.16827446004384,50.0,Atencao,Atencao: foco visual fora da direcao,22.47794767449051
1777745886.0022585,551,True,0.3098353724181991,0.3886413118227485,0.3492383421204738,0.3657383586708848,False,False,0.09029345372460497,0,0,43.33257455825805,False,True,15.187576504469455,50.0,Atencao,Atencao: foco visual fora da direcao,22.737889275572826
1777745886.0431237,552,True,0.35632577525699566,0.42147583816753226,0.38890080671226396,0.47573989848918535,False,False,0.09009009009009009,0,0,43.83057537078857,False,True,15.184514045350184,50.0,Atencao,Atencao: foco visual fora da direcao,22.93806190011095
1777745886.0910914,553,True,0.35100794181514955,0.43716765425423587,0.39408779803469274,0.5162419881686447,False,False,0.0898876404494382,0,0,44.406833171844475,False,True,15.185490109813346,50.0,Atencao,Atencao: foco visual fora da direcao,22.6907018533148
1777745886.1346266,554,True,0.36481682854370945,0.43146055881032874,0.3981386936770191,0.5254671609871782,False,False,0.08968609865470852,0,0,43.65777587890625,False,True,15.120325248391104,50.0,Atencao,Atencao: foco visual fora da direcao,22.747288782700533
1777745886.175907,555,True,0.36501672678949865,0.42880427495840695,0.3969105008739528,0.550758851979253,False,False,0.0894854586129754,0,0,43.35590848922729,False,True,15.07764387316885,50.0,Atencao,Atencao: foco visual fora da direcao,22.8633886833128
1777745886.2206643,556,True,0.370223655049949,0.4043583435246187,0.38729099928728383,0.6057021575624847,False,False,0.08928571428571429,0,0,43.29171142578125,False,True,15.046969174998146,50.0,Atencao,Atencao: foco visual fora da direcao,22.841250315716835
1777745886.2611117,557,True,0.3583369862656527,0.40917535481370676,0.3837561705396797,0.6209280573916544,False,False,0.08908685968819599,0,0,43.85860166549682,False,True,15.047971179825158,50.0,Atencao,Atencao: foco visual fora da direcao,23.02451867761629
1777745886.3041632,558,True,0.3669700981515927,0.4059246507447626,0.38644737444817767,0.6416600716771139,False,False,0.08888888888888889,0,0,43.740538120269775,False,True,15.01484701765908,50.0,Atencao,Atencao: foco visual fora da direcao,23.063564947670045
1777745886.345275,559,True,0.37270579358229555,0.4257052081224279,0.3992055008523617,0.766043981528776,False,True,0.08869179600886919,0,0,41.614661312103266,False,True,14.881452906248047,50.0,Atencao,Atencao: foco visual fora da direcao,23.171401980769925
1777745886.386017,560,True,0.36294679609563285,0.45482268191700154,0.40888473900631717,0.7497656360223048,False,True,0.08849557522123894,0,0,43.18368320465088,False,True,14.932923642576267,50.0,Atencao,Atencao: foco visual fora da direcao,23.291787986955363
1777745886.426002,561,True,0.3601721579041376,0.422805935520608,0.39148904671237283,0.7217514578394318,False,True,0.08830022075055188,0,0,43.526851463317875,False,True,14.923220815790147,50.0,Atencao,Atencao: foco visual fora da direcao,23.4457918335128
1777745886.4636126,562,True,0.3596113959875689,0.44545437189945847,0.4025328839435137,0.7902311311546477,False,True,0.0881057268722467,0,0,43.619660186767575,False,True,14.901118343695668,50.0,Atencao,Atencao: foco visual fora da direcao,23.797371702233242
1777745886.5038664,563,True,0.3559580762307076,0.43315251161050466,0.3945552939206061,0.8001360585833593,False,True,0.08791208791208792,0,0,44.27618942260742,False,True,14.90731944846583,50.0,Atencao,Atencao: foco visual fora da direcao,23.919848991773627
1777745886.543078,564,True,0.3695551072210764,0.4248330664007645,0.39719408681092044,0.8047559396659589,False,True,0.08771929824561403,0,0,43.13276243209839,False,True,14.823639519800219,50.0,Atencao,Atencao: foco visual fora da direcao,24.014696314724983
1777745886.58973,565,True,0.3552743196704954,0.4247737543684494,0.3900240370194724,0.803803861102924,False,True,0.087527352297593,0,0,47.13876218795776,False,True,14.997546939740293,50.0,Atencao,Atencao: foco visual fora da direcao,23.798732410342613
1777745886.6348777,566,True,0.354663263255694,0.43292168739044545,0.3937924753230697,0.789700889255251,False,True,0.08733624454148471,0,0,45.1980393409729,False,True,14.874233480926163,50.0,Atencao,Atencao: foco visual fora da direcao,23.622021586817997
1777745886.6804867,567,True,0.3555302756379379,0.4258807603426214,0.39070551799027964,0.7963037549906098,False,True,0.08714596949891068,0,0,47.16733350753784,False,True,14.946535370900481,50.0,Atencao,Atencao: foco visual fora da direcao,23.43687500442526
1777745886.7330248,568,True,0.3566816529369118,0.4403758404118608,0.3985287466743863,0.8178961958280204,False,True,0.08695652173913043,0,0,45.807375431060784,False,True,14.852488400106843,50.0,Atencao,Atencao: foco visual fora da direcao,23.025584527364085
1777745886.782117,569,True,0.3530613688164937,0.4100222907872472,0.38154182980187046,0.8249115601954884,False,True,0.08676789587852494,0,0,48.744238948822016,False,True,14.97339552016165,50.0,Atencao,Atencao: foco visual fora da direcao,22.723858420699564
1777745886.8288608,570,True,0.36402885281815406,0.4344136652000954,0.39922125900912475,0.8895250543393516,False,True,0.08658008658008658,0,0,47.47414302825928,False,True,14.884066945598237,50.0,Atencao,Atencao: foco visual fora da direcao,22.559114044175644
1777745886.8766053,571,True,0.36245288687098054,0.3927604275196001,0.3776066571952903,0.8544057261797966,False,True,0.08639308855291576,0,0,50.92195148468017,False,True,15.030745139683294,50.0,Atencao,Atencao: foco visual fora da direcao,22.40204995087915
1777745886.9272993,572,True,0.36851876755214275,0.4208990112027695,0.39470888937745613,0.8985796235390434,False,True,0.08620689655172414,0,0,51.79624862670899,False,True,15.048858596620889,50.0,Atencao,Atencao: foco visual fora da direcao,22.190069732304842
1777745886.9705496,573,True,0.3655018137088573,0.4517164152847257,0.4086091144967915,0.8642498027850801,False,True,0.08602150537634409,0,0,53.37617702484131,False,True,15.102363729912748,50.0,Atencao,Atencao: foco visual fora da direcao,22.270103599158734
1777745887.0126407,574,True,0.36876041680177435,0.41091055031306756,0.3898354835574209,0.8563073082421229,False,True,0.08583690987124463,0,0,57.27231693267822,False,True,15.271788843353416,50.0,Atencao,Atencao: foco visual fora da direcao,22.433659109500777
1777745887.0596056,575,True,0.36239876080463146,0.4113542296972839,0.3868764952509577,0.8778889061920959,False,True,0.08565310492505353,0,0,56.894474792480466,False,True,15.227623556242253,50.0,Atencao,Atencao: foco visual fora da direcao,22.29377614556602
1777745887.1011906,576,True,0.35399896775775624,0.38097097782941736,0.36748497279358683,0.8476132393455366,False,True,0.08547008547008547,0,0,59.790106964111324,False,True,15.347239989765686,50.0,Atencao,Atencao: foco visual fora da direcao,22.42755410104431
1777745887.1444209,577,True,0.34915773067728073,0.4131383803084327,0.3811480554928567,0.8518155954056936,False,True,0.08528784648187633,0,0,59.43329334259033,False,True,15.304341447810883,50.0,Atencao,Atencao: foco visual fora da direcao,22.54266642378591
1777745887.186215,578,True,0.3599559774648891,0.4030716961420914,0.38151383680349027,0.8389509412704534,False,True,0.0851063829787234,0,0,60.16623420715332,False,True,15.316037259355504,50.0,Atencao,Atencao: foco visual fora da direcao,22.713459376077346
1777745887.2275758,579,True,0.3452569108011989,0.4325765552987947,0.3889167330499968,0.819778432302576,False,True,0.08492569002123142,0,0,59.18251838684082,False,True,15.24200618668473,50.0,Atencao,Atencao: foco visual fora da direcao,22.82111164303375
1777745887.2711275,580,True,0.3537213895934334,0.4157734612075647,0.38474742540049905,0.8258391082774578,False,True,0.0847457627118644,0,0,57.270759963989256,False,True,15.121678260504188,50.0,Atencao,Atencao: foco visual fora da direcao,22.834026010950247
1777745887.3110673,581,True,0.3454773476824162,0.35279366362001585,0.34913550565121604,0.8802179419009846,False,True,0.08456659619450317,0,0,54.08778209686279,False,True,14.937893971010695,50.0,Atencao,Atencao: foco visual fora da direcao,23.039058408349298
1777745887.3517575,582,True,0.3304806930787084,0.3761885144090104,0.3533346037438594,0.8279058553930897,False,True,0.08438818565400844,0,0,52.94972896575928,False,True,14.856459865137493,50.0,Atencao,Atencao: foco visual fora da direcao,23.182827400549368
1777745887.3935797,583,True,0.34680725387497635,0.38520655274423754,0.36600690330960695,0.8590988622734109,False,True,0.08421052631578947,0,0,52.02989177703857,False,True,14.786039846696351,50.0,Atencao,Atencao: foco visual fora da direcao,23.31902629613516
1777745887.4366186,584,True,0.3448696994270896,0.3840015670910659,0.3644356332590778,0.8436258988279166,False,True,0.08403361344537816,0,0,51.333964538574214,False,True,14.726917965091577,50.0,Atencao,Atencao: foco visual fora da direcao,23.309065553258247
1777745887.4787033,585,True,0.36702299531803056,0.40535630439680487,0.3861896498574177,0.8504838908199328,False,True,0.08385744234800839,0,0,51.12175502777099,False,True,14.692083963663071,50.0,Atencao,Atencao: foco visual fora da direcao,23.343903025756866
1777745887.5214586,586,True,0.35794598691440754,0.39627315623536785,0.37710957157488767,0.8540079467353149,False,True,0.08368200836820083,0,0,50.49268131256104,False,True,14.636508105679038,50.0,Atencao,Atencao: foco visual fora da direcao,23.33429936585246
1777745887.5640602,587,True,0.37178055523785314,0.3784283543267597,0.3751044547823064,0.9159005783985951,False,True,0.08350730688935282,0,0,50.44283428192138,False,True,14.609994300805452,50.0,Atencao,Atencao: foco visual fora da direcao,23.361314042592667
1777745887.6050904,588,True,0.35757802020263374,0.3929740182755332,0.3752760192390835,0.9167766295184054,False,True,0.08333333333333333,0,0,49.97430686950683,False,True,14.562646566232043,50.0,Atencao,Atencao: foco visual fora da direcao,23.42597009702618
1777745887.6515784,589,True,0.3456614159926368,0.3885519774292769,0.36710669671095686,0.863572084389827,False,True,0.08316008316008316,0,0,49.73661937713623,False,True,14.526940292791616,50.0,Atencao,Atencao: foco visual fora da direcao,23.25038936407073
1777745887.695786,590,True,0.3348548367908895,0.4092867414365783,0.3720707891137339,0.814139667645804,False,True,0.08298755186721991,0,0,49.64710998535156,False,True,14.498741770433686,50.0,Atencao,Atencao: foco visual fora da direcao,23.194725216687306
1777745887.7411044,591,True,0.3481934418508645,0.3981084776639746,0.3731509597574195,0.8214904810235368,False,True,0.08281573498964803,0,0,49.68092727661133,False,True,14.47680781433054,50.0,Atencao,Atencao: foco visual fora da direcao,23.0863750820817
1777745887.7867124,592,True,0.33861936347947613,0.45288698968094016,0.39575317658020814,0.8071495202591997,False,True,0.08264462809917356,0,0,49.3810245513916,False,True,14.438285480629313,50.0,Atencao,Atencao: foco visual fora da direcao,22.920703397216396
1777745887.8370574,593,True,0.34002004589759977,0.4005496652845978,0.3702848555910988,0.835832469112161,False,True,0.08247422680412371,0,0,48.99028549194336,False,True,14.395318349587548,50.0,Atencao,Atencao: foco visual fora da direcao,22.66535100658867
1777745887.8849287,594,True,0.3508108958322131,0.4140889807281646,0.3824499382801888,0.8372363974892657,False,True,0.0823045267489712,1,0,48.230243587493895,False,True,18.0839824967816,50.0,Atencao,Atencao: bocejo detectado,22.485596775678925
1777745887.9290228,595,True,0.35550360315526763,0.38482803837238266,0.37016582076382515,0.8249513231219902,False,True,0.08213552361396304,1,0,47.23387546539307,False,True,18.010926159612943,50.0,Atencao,Atencao: foco visual fora da direcao,22.489213265023547
1777745887.9694645,596,True,0.342031137723826,0.38865229762172127,0.3653417176727736,0.8420541966667334,False,True,0.08196721311475409,1,0,47.323570251464844,False,True,17.992268205275302,50.0,Atencao,Atencao: foco visual fora da direcao,22.696986554610923
1777745888.0128045,597,True,0.3271745275089597,0.4225893180440799,0.37488192277651977,0.8278864796291673,False,True,0.081799591002045,1,0,46.29652709960938,False,True,17.917868007185024,50.0,Atencao,Atencao: foco visual fora da direcao,22.758295663757828
1777745888.0559,598,True,0.3362109711015924,0.4386846759105429,0.38744782350606766,0.8759008436225264,False,True,0.08163265306122448,1,0,45.48906202316284,False,True,17.85454078649988,50.0,Atencao,Atencao: foco visual fora da direcao,22.790282670917527
1777745888.0957804,599,True,0.3385770858611251,0.4132744714351414,0.37592577864813326,0.830071092856317,False,True,0.0814663951120163,1,0,45.54515151977539,False,True,17.834484793314378,50.0,Atencao,Atencao: foco visual fora da direcao,23.050608034698325
1777745888.1357727,600,True,0.34602394377467716,0.39989598277457933,0.3729599632746282,0.8510334530645055,False,True,0.08130081300813008,1,0,46.156366443634035,False,True,17.842278000222958,50.0,Atencao,Atencao: foco visual fora da direcao,23.170618591296375
1777745888.1815705,601,True,0.3401771421200007,0.4053583000436281,0.37276772108181444,0.8419626034138329,False,True,0.08113590263691683,1,0,45.9303879737854,False,True,17.808303900688706,50.0,Atencao,Atencao: foco visual fora da direcao,23.086212900276536
1777745888.227977,602,True,0.3507068973025469,0.4017224252641791,0.376214661283363,0.8483920949848398,False,True,0.08097165991902834,1,0,45.9536566734314,False,True,17.786883961961337,50.0,Atencao,Atencao: foco visual fora da direcao,22.943781715120277
1777745888.2715578,603,True,0.34743004765635244,0.39365910158228534,0.3705445746193189,0.8418833293949083,False,True,0.08080808080808081,1,0,46.391287612915036,False,True,17.786273381180234,50.0,Atencao,Atencao: foco visual fora da direcao,22.93332723410033
1777745888.3136764,604,True,0.33383178886976755,0.4173276353172879,0.3755797120935277,0.818499718128921,False,True,0.08064516129032258,1,0,46.0770580291748,False,True,17.748160468301464,50.0,Atencao,Atencao: foco visual fora da direcao,23.0267375851514
1777745888.3543708,605,True,0.34122447610666773,0.415653534886369,0.3784390054965184,0.7825027996425693,False,True,0.08048289738430583,1,0,46.32478170394897,False,True,17.73823536496287,50.0,Atencao,Atencao: foco visual fora da direcao,23.158415446662058
1777745888.3966286,606,True,0.33930621865667987,0.3875696157376825,0.3634379171971812,0.7866065246738897,False,True,0.08032128514056225,1,0,46.30233268737793,False,True,17.714891230619575,50.0,Atencao,Atencao: foco visual fora da direcao,23.223503609656742
1777745888.4365816,607,True,0.3404691183318297,0.39303171985716434,0.366750419094497,0.7774373618615336,False,True,0.08016032064128256,1,0,46.80423793792725,False,True,17.717853874496083,50.0,Atencao,Atencao: foco visual fora da direcao,23.368857173141095
1777745888.4784153,608,True,0.3445204079030516,0.42334856333772,0.3839344856203858,0.6901344882117846,False,True,0.08,1,0,45.744413471221925,False,True,17.642818562984466,50.0,Atencao,Atencao: foco visual fora da direcao,23.429432064077034
1777745888.52118,609,True,0.32990070138859184,0.38204676485243116,0.3559737331205115,0.4501752811603116,False,False,0.07984031936127745,1,0,47.05743417739868,False,True,17.686513510468952,50.0,Atencao,Atencao: foco visual fora da direcao,23.44906936261139
1777745888.5606892,610,True,0.3372737642303399,0.39424949250032587,0.3657616283653329,0.4470574746678951,False,False,0.0796812749003984,1,0,46.504239082336426,False,True,17.636985142344972,50.0,Atencao,Atencao: foco visual fora da direcao,23.61133293519255
1777745888.6029086,611,True,0.33814944517288914,0.39371615426209305,0.3659327997174911,0.472785578574959,False,False,0.07952286282306163,1,0,46.0923376083374,False,True,17.594608408011215,50.0,Atencao,Atencao: foco visual fora da direcao,23.584237855476438
1777745888.6457148,612,True,0.3290311969408484,0.370437998706831,0.3497345978238397,0.05758538015804972,False,False,0.07936507936507936,1,0,45.87627258300781,False,True,17.562109931272172,50.0,Atencao,Atencao: foco visual fora da direcao,23.584009860548278
1777745888.6939526,613,True,0.3136583521993499,0.3719735200346364,0.3428159361169931,0.01090360170729845,False,False,0.07920792079207921,1,0,46.32555503845215,False,True,17.562964750256867,50.0,Atencao,Atencao: foco visual fora da direcao,23.321227772711936
1777745888.7413473,614,True,0.3277815480431052,0.3961184545877212,0.3619500013154132,0.010540985663326424,False,False,0.07905138339920949,1,0,45.08952703475952,False,True,17.47963945855265,50.0,Atencao,Atencao: foco visual fora da direcao,23.09013513236833
1777745888.790307,615,True,0.3095092349349857,0.38588141473466375,0.34769532483482474,0.006905512100043302,False,False,0.07889546351084813,1,0,44.00904140472412,False,True,17.404176192401195,50.0,Atencao,Atencao: foco visual fora da direcao,22.842148628576666
1777745888.8343859,616,True,0.3110942439595013,0.3807120072717681,0.34590312561563474,0.2298836309093293,False,False,0.07874015748031496,1,0,42.57997331619263,False,True,17.311368208776308,50.0,Atencao,Atencao: foco visual fora da direcao,22.75520958160394
1777745888.8825922,617,True,0.2794874254554739,0.3434568196763215,0.31147212256589774,0.22407776918685635,False,False,0.07858546168958742,1,0,42.71471633911133,False,True,17.296834688697206,50.0,Atencao,Atencao: foco visual fora da direcao,22.600835824096798
1777745888.9278622,618,True,0.16284177282865392,0.26020548449319053,0.21152362866092222,0.1407704266095921,False,False,0.0784313725490196,1,0,42.133179092407225,False,True,17.246570569533926,50.0,Atencao,Atencao: foco visual fora da direcao,22.532941473229137
1777745888.9675107,619,True,0.23159822424571863,0.273667738279788,0.25263298126275335,0.20855296631758916,False,False,0.07827788649706457,1,0,42.783749961853026,False,True,17.2579947808624,50.0,Atencao,Atencao: foco visual fora da direcao,22.78002863463061
1777745889.0104551,620,True,0.2284198245671036,0.29051820182757393,0.2594690131973388,0.215125183991884,False,False,0.078125,1,0,42.44415311813354,False,True,17.219993045330046,50.0,Atencao,Atencao: foco visual fora da direcao,22.885327407064516
1777745889.0533357,621,True,0.231189773959941,0.3003034907844248,0.2657466323721829,0.2469525289810856,False,False,0.07797270955165692,1,0,43.9651647567749,False,True,17.27510369061494,50.0,Atencao,Atencao: foco visual fora da direcao,22.910811359050008
1777745889.0949643,622,True,0.2723141837815607,0.2922456194282201,0.28227990160489036,0.23619307692903005,False,False,0.07782101167315175,1,0,41.9238076237115,False,True,17.15217737566731,50.0,Atencao,Atencao: foco visual fora da direcao,23.045937140492672
1777745889.1334813,623,True,0.26048112463938095,0.2868205629097342,0.27365084377455756,0.23297922860694192,False,False,0.07766990291262135,1,0,43.16029219952496,False,True,17.193224149885054,50.0,Atencao,Atencao: foco visual fora da direcao,23.31012908239058
1777745889.1688714,624,True,0.27716599493477845,0.29550508000580283,0.2863355374702906,0.30856736712008587,False,False,0.07751937984496124,1,0,44.33833575682207,False,True,17.231429405946642,50.0,Atencao,Atencao: foco visual fora da direcao,23.78022877541806
1777745889.2111163,625,True,0.2894349707659665,0.33702915129468547,0.31323206103032597,0.31041485977053507,False,False,0.07736943907156674,1,0,46.18391036987305,False,True,17.303091280257448,50.0,Atencao,Atencao: foco visual fora da direcao,23.808649390730803
1777745889.253567,626,True,0.2940411418064517,0.33227405240726277,0.3131575971068572,0.28857361474545073,False,False,0.07722007722007722,1,0,45.94645719528198,False,True,17.270681366948086,50.0,Atencao,Atencao: foco visual fora da direcao,23.77947508322226
1777745889.2942097,627,True,0.35822417482398533,0.41042300911237856,0.38432359196818194,0.31333583716271945,False,False,0.07707129094412331,1,0,44.46910247802734,False,True,17.17635551814169,50.0,Atencao,Atencao: foco visual fora da direcao,23.807363168217798
1777745889.338185,628,True,0.37900490204571263,0.47140147370527963,0.42520318787549616,0.14274559033890824,False,False,0.07692307692307693,1,0,43.68882513046265,False,True,17.116962222869578,50.0,Atencao,Atencao: foco visual fora da direcao,23.755653039698664
1777745889.3772914,629,True,0.3798662638282049,0.4708625471686883,0.42536440549844656,0.07502616052773062,False,False,0.07677543186180422,1,0,43.07081499099731,False,True,17.065760519971317,50.0,Atencao,Atencao: foco visual fora da direcao,23.88121324116782
1777745889.4198902,630,True,0.3849683048322726,0.4617320163316422,0.4233501605819574,0.008433915649742576,False,False,0.07662835249042145,1,0,42.53596963882446,False,True,17.018794838797543,50.0,Atencao,Atencao: foco visual fora da direcao,23.869043486192712
1777745889.459386,631,True,0.3647298494413323,0.4800386984245258,0.42238427393292904,0.006325955326981669,False,False,0.07648183556405354,1,0,43.08570833206177,False,True,17.02613569608382,50.0,Atencao,Atencao: foco visual fora da direcao,24.000961035898047
1777745889.4968371,632,True,0.3581818049422968,0.4956861354762299,0.4269339702092634,0.007571780344581356,False,False,0.07633587786259542,1,0,44.10875520706177,False,True,17.057218855883328,50.0,Atencao,Atencao: foco visual fora da direcao,24.278456168787756
1777745889.5375705,633,True,0.35880091715103185,0.4794972322754089,0.4191490747132204,0.19850347197612095,False,False,0.0761904761904762,1,0,43.613999652862546,False,True,17.012488348256973,50.0,Atencao,Atencao: foco visual fora da direcao,24.317383124906804
1777745889.5791261,634,True,0.34914676309950343,0.49155171795560426,0.42034924052755385,0.15894575979750025,False,False,0.07604562737642585,1,0,43.183036899566645,False,True,16.97102349866026,50.0,Atencao,Atencao: foco visual fora da direcao,24.270702901121723
1777745889.6273592,635,True,0.35470500669658694,0.449761286534152,0.40223314661536946,0.21481568597064216,False,False,0.07590132827324478,1,0,42.19860739707947,False,True,16.9019608968485,50.0,Atencao,Atencao: foco visual fora da direcao,23.932754553642948
1777745889.6717463,636,True,0.3503037710074446,0.45481589663617833,0.4025598338218115,0.08926427032809543,False,False,0.07575757575757576,1,0,42.02254376411438,False,True,16.873391744295756,50.0,Atencao,Atencao: foco visual fora da direcao,23.804571977504292
1777745889.715492,637,True,0.33303094465803396,0.45798932339881604,0.395510134028425,0.11189936788372237,False,False,0.07561436672967864,1,0,41.674993419647215,False,True,16.836322985736544,50.0,Atencao,Atencao: foco visual fora da direcao,23.672781321989877
1777745889.7642074,638,True,0.32424211598682606,0.46020555637593646,0.39222383618138124,0.08261849607838408,False,False,0.07547169811320754,1,0,41.45781087875366,False,True,16.805846923927092,50.0,Atencao,Atencao: foco visual fora da direcao,23.37308841566801
1777745889.824818,639,True,0.2842386567238619,0.36229622059907524,0.32326743866146856,0.05448617708235943,False,False,0.07532956685499058,1,0,42.19460768699646,False,True,16.823143716334396,50.0,Atencao,Atencao: foco visual fora da direcao,22.6901816067963
1777745889.8812275,640,True,0.3005881023735311,0.4036699981865484,0.35212905028003977,0.003651201116865195,False,False,0.07518796992481203,1,0,43.90709833611141,False,True,16.889298670890593,50.0,Atencao,Atencao: foco visual fora da direcao,22.1679432575689
1777745889.9294853,641,True,0.30612674795263384,0.3879335006770229,0.3470301243148284,0.0022379704803668606,False,False,0.075046904315197,1,0,40.966232529011634,False,True,16.722858859213538,50.0,Atencao,Atencao: foco visual fora da direcao,22.038635494441436
1777745889.9770057,642,True,0.3070750472880238,0.40796787039539395,0.3575214588417089,0.1641285473694898,False,False,0.0749063670411985,1,0,41.14939207055352,False,True,16.712692961115838,50.0,Atencao,Atencao: foco visual fora da direcao,21.96334635170169
1777745890.0216508,643,True,0.3075931385871505,0.4060714015729535,0.356832270080052,0.23406150704350048,False,False,0.07476635514018691,1,0,42.880099825425575,False,True,16.77997671247035,50.0,Atencao,Atencao: foco visual fora da direcao,22.0177128121826
1777745890.0618522,644,True,0.29943304161294404,0.3907134948588827,0.34507326823591333,0.18933428988883633,False,False,0.07462686567164178,1,0,45.50836464004083,False,True,16.892210151276156,50.0,Atencao,Atencao: foco visual fora da direcao,22.254537678556073
1777745890.1018097,645,True,0.3036690377333065,0.3770160981621764,0.3403425679477414,0.17075911571141364,False,False,0.074487895716946,1,0,44.44319414496422,False,True,16.819843257751653,50.0,Atencao,Atencao: foco visual fora da direcao,22.52606880159582
1777745890.143261,646,True,0.31240561514634424,0.4015763767714029,0.35699099595887357,0.14924450051040575,False,False,0.07434944237918216,1,0,46.168159313093525,False,True,16.887054182215593,50.0,Atencao,Atencao: foco visual fora da direcao,22.73322632438138
1777745890.1812196,647,True,0.3096474928611956,0.39331053492298795,0.3514790138920918,0.008295894906230842,False,False,0.07421150278293136,1,0,46.53014178655364,False,True,16.886186611404113,50.0,Atencao,Atencao: foco visual fora da direcao,23.0820773171951
1777745890.2217605,648,True,0.2909765569065942,0.4006409097169855,0.34580873331178985,0.006502031379711417,False,False,0.07407407407407407,1,0,50.999617689306085,False,True,17.09076395907386,50.0,Atencao,Atencao: foco visual fora da direcao,23.238040540780226
1777745890.2682703,649,True,0.3104463682105924,0.411421004679334,0.3609336864449632,0.005113296744850358,False,False,0.07393715341959335,1,0,51.98088760375976,False,True,17.121000864805442,50.0,Atencao,Atencao: foco visual fora da direcao,23.073643945409174
1777745890.308317,650,True,0.34545492504574027,0.44722585010996446,0.3963403875778524,0.17992699587428412,False,False,0.07380073800738007,1,0,50.8898868560791,False,True,17.047693708242086,50.0,Atencao,Atencao: foco visual fora da direcao,23.234281898700505
1777745890.3486092,651,True,0.3495045253465505,0.46845824560445404,0.4089813854755023,0.20510520077186611,False,False,0.07366482504604052,1,0,52.0162841796875,False,True,17.085325542238316,50.0,Atencao,Atencao: foco visual fora da direcao,23.3800931590065
1777745890.3933673,652,True,0.35539950038612295,0.46499826898633156,0.4101988846862272,0.20490033646284145,False,False,0.07352941176470588,1,0,51.06350002288818,False,True,17.019067008214837,50.0,Atencao,Atencao: foco visual fora da direcao,23.28860342249492
1777745890.6312509,653,True,0.3673094754697897,0.4291077534506893,0.3982086144602395,0.15584576627120883,False,False,0.07339449541284404,1,0,53.10710468292237,False,True,17.102696242835545,50.0,Atencao,Atencao: foco visual fora da direcao,21.38092676643977
1777745890.6770904,654,True,0.3589012631231236,0.4669915110530217,0.41294638708807263,0.23970448795073318,False,False,0.07326007326007326,1,0,52.79433937072754,False,True,17.06857493121982,50.0,Atencao,Atencao: foco visual fora da direcao,21.39308502473903
1777745890.7263348,655,True,0.36014819858805786,0.48253204345263884,0.42134012102034835,0.19408750038845082,False,False,0.07312614259597806,1,0,52.998923683166495,False,True,17.06038868052868,50.0,Atencao,Atencao: foco visual fora da direcao,21.286697647251206
1777745890.7734592,656,True,0.3507615735720358,0.4948992147532446,0.42283039416264023,0.23425983233962744,False,False,0.072992700729927,1,0,53.33454914093018,False,True,17.05882169683484,50.0,Atencao,Atencao: foco visual fora da direcao,21.286656660981365
1777745890.814208,657,True,0.34737230287405046,0.466096404042085,0.40673435345806774,0.21228602858252085,False,False,0.07285974499089254,1,0,52.937702369689944,False,True,17.02069794415559,50.0,Atencao,Atencao: foco visual fora da direcao,21.639860935456944
1777745890.8595273,658,True,0.346369741192795,0.4899820789873551,0.41817591009007504,0.22238477461608808,False,False,0.07272727272727272,1,0,53.30198154449462,False,True,17.0206969666481,50.0,Atencao,Atencao: foco visual fora da direcao,21.660163255484708
1777745890.9020805,659,True,0.3507933190727331,0.5011186162599203,0.4259559676663267,0.2014015115582198,False,False,0.07259528130671507,1,0,53.52769050598144,False,True,17.013833594395763,50.0,Atencao,Atencao: foco visual fora da direcao,21.85795606614573
1777745890.9387171,660,True,0.34588930866689926,0.49130819704765566,0.41859875285727743,0.006859242536943302,False,False,0.07246376811594203,1,0,54.03973236083984,False,True,17.02135262340739,50.0,Atencao,Atencao: foco visual fora da direcao,22.353981201771127
1777745890.979118,661,True,0.3530623550629563,0.48550086778948726,0.4192816114262218,0.005143495890637008,False,False,0.07233273056057866,1,0,54.23653869628906,False,True,17.013175276317387,50.0,Atencao,Atencao: foco visual fora da direcao,22.621937577973352
1777745891.0190601,662,True,0.3693570103922077,0.4871984303969269,0.4282777203945673,0.06083443561582542,False,False,0.07220216606498195,1,0,53.69362354278564,False,True,16.96807690049767,50.0,Atencao,Atencao: foco visual fora da direcao,22.865394062053397
1777745891.0595949,663,True,0.3598916730169392,0.5125738681234923,0.4362327705702157,0.07147603135585735,False,False,0.07207207207207207,1,0,53.41904945373535,False,True,16.936460272020046,50.0,Atencao,Atencao: foco visual fora da direcao,23.07151998797391
1777745891.1010885,664,True,0.36211234813040843,0.4836391985896396,0.422875773360024,0.09790351090452569,False,False,0.07194244604316546,1,0,53.99694404602051,False,True,16.947531422659647,50.0,Atencao,Atencao: foco visual fora da direcao,23.175697378988747
1777745891.1397724,665,True,0.361625164423731,0.4872100501685008,0.4244176072961159,0.09142648593793035,False,False,0.0718132854578097,1,0,54.21019725799561,False,True,16.940434502771986,50.0,Atencao,Atencao: foco visual fora da direcao,23.41792449406477
1777745891.179451,666,True,0.35382730195450884,0.4796452061128253,0.4167362540336671,0.25428724342840825,False,False,0.07168458781362007,1,0,54.352530288696286,False,True,16.92985522823094,50.0,Atencao,Atencao: foco visual fora da direcao,23.606157118914545
1777745891.2203436,667,True,0.35763106832398883,0.47890114319253907,0.41826610575826395,0.29657744316554974,False,False,0.07155635062611806,1,0,55.27169971466064,False,True,16.958181086247635,50.0,Atencao,Atencao: foco visual fora da direcao,23.68133391449721
1777745891.2615514,668,True,0.35414756203730774,0.4713055049487969,0.4127265334930523,0.2890349724814079,False,False,0.07142857142857142,1,0,54.940887641906734,False,True,16.924070842947277,50.0,Atencao,Atencao: foco visual fora da direcao,23.758182322289336
1777745891.303736,669,True,0.33360393438227154,0.4484521029604389,0.3910280186713552,0.4236731407629613,False,False,0.07130124777183601,1,0,56.280479812622076,False,True,16.973543448681927,50.0,Atencao,Atencao: foco visual fora da direcao,23.746312922177196
1777745891.3431377,670,True,0.2935704627227582,0.3670611295324161,0.33031579612758716,0.25155133638494553,False,False,0.0711743772241993,1,0,56.394184875488286,False,True,16.96178400152519,50.0,Atencao,Atencao: foco visual fora da direcao,23.909501491702578
1777745891.385313,671,True,0.26445506814667574,0.37227441754051616,0.31836474284359595,0.23012096532072732,False,False,0.07104795737122557,1,0,56.646056747436525,False,True,16.95699486533871,50.0,Atencao,Atencao: foco visual fora da direcao,23.888483539359463
1777745891.4257054,672,True,0.2796498948544016,0.3743555488577693,0.3270027218560855,0.2044962117707688,False,False,0.07092198581560284,1,0,56.76486186981201,False,True,16.945614032559362,50.0,Atencao,Atencao: foco visual fora da direcao,23.988299318577972
1777745891.4690924,673,True,0.26951299894036146,0.37002562719296916,0.31976931306666534,0.04385354948557989,False,False,0.07079646017699115,1,0,57.598042678833,False,True,16.970013297701303,50.0,Atencao,Atencao: foco visual fora da direcao,23.87410793437519
1777745891.5080328,674,True,0.276052647361898,0.3849842522883969,0.33051844982514744,0.002694004276320127,False,False,0.0706713780918728,1,0,59.19100189208984,False,True,17.03246247166037,50.0,Atencao,Atencao: foco visual fora da direcao,24.030262048831148
1777745891.5472891,675,True,0.27395563069608764,0.4063921884692004,0.34017390958264404,0.0016974940735591804,False,False,0.07054673721340388,1,0,59.18007392883301,False,True,17.014777952708055,50.0,Atencao,Atencao: foco visual fora da direcao,24.199027407037736
1777745891.594075,676,True,0.2826420870601658,0.39975313563498843,0.3411976113475771,0.004814238207538569,False,False,0.07042253521126761,1,0,61.34916133880615,False,True,17.106154547912972,50.0,Atencao,Atencao: foco visual fora da direcao,23.925010573522908
1777745891.6415856,677,True,0.2984111032315291,0.4073788340406917,0.35289496863611036,0.010287720598196472,False,False,0.070298769771529,1,0,65.12538375854491,False,True,17.277947920935855,50.0,Atencao,Atencao: foco visual fora da direcao,23.64524955044572
1777745891.686892,678,True,0.29774214723519793,0.4013752040025847,0.3495586756188913,0.07605438008786593,False,False,0.07017543859649122,1,0,70.18184127807616,False,True,17.51381276034472,50.0,Atencao,Atencao: foco visual fora da direcao,23.443737932924964
1777745891.7338495,679,True,0.28010042390594364,0.408935897633537,0.3445181607697403,0.02988744992107201,False,False,0.07005253940455342,1,0,71.71562538146972,False,True,17.57360332662295,50.0,Atencao,Atencao: foco visual fora da direcao,23.27102526281381
1777745891.780757,680,True,0.2870328056857056,0.39761211868452,0.3423224621851128,0.0036054848838106696,False,False,0.06993006993006994,1,0,70.17256813049316,False,True,17.479610911332642,50.0,Atencao,Atencao: foco visual fora da direcao,23.0634828858116
1777745891.8263333,681,True,0.3182662700734877,0.4028937488902814,0.3605800094818845,0.003751220783694941,False,False,0.06980802792321117,1,0,69.52342376708984,False,True,17.430372917219398,50.0,Atencao,Atencao: foco visual fora da direcao,22.93846416101475
1777745891.8719842,682,True,0.3150479375580358,0.41473055411784704,0.3648892458379414,0.004886743618036842,False,False,0.06968641114982578,1,0,70.08110008239746,False,True,17.44153442664429,50.0,Atencao,Atencao: foco visual fora da direcao,22.833941727748538
1777745891.9142475,683,True,0.3023778234037213,0.43374413277353724,0.36806097808862925,0.004478992247368215,False,False,0.06956521739130435,1,0,71.53040962219238,False,True,17.497335761837338,50.0,Atencao,Atencao: foco visual fora da direcao,22.901569190720203
1777745891.95569,684,True,0.3107289287745888,0.4398944765970274,0.3753117026858081,0.004634457880810022,False,False,0.06944444444444445,1,0,71.40858840942383,False,True,17.47463842100567,50.0,Atencao,Atencao: foco visual fora da direcao,23.06161196294606
1777745891.9922457,685,True,0.31140643199588364,0.42953940897253623,0.37047292048420993,0.004559012915151419,False,False,0.06932409012131716,1,0,71.21164474487304,False,True,17.44824251834813,50.0,Atencao,Atencao: foco visual fora da direcao,23.470599122333553
1777745892.02865,686,True,0.3104389657692281,0.43765576889231245,0.37404736733077026,0.08991585739323996,False,False,0.06920415224913495,1,0,72.33471183776855,False,True,17.487904415567854,50.0,Atencao,Atencao: foco visual fora da direcao,23.850816893557404
1777745892.0690053,687,True,0.3081612629451709,0.4287263776635249,0.36844382030434786,0.28030169931732357,False,False,0.0690846286701209,1,0,73.37929191589355,False,True,17.52369892735967,50.0,Atencao,Atencao: foco visual fora da direcao,23.968256496704964
1777745892.109759,688,True,0.30200308958382127,0.4292913128796605,0.3656472012317409,0.2848330066451336,False,False,0.06896551724137931,1,0,73.05044364929199,False,True,17.490878692577624,50.0,Atencao,Atencao: foco visual fora da direcao,24.034036184633138
1777745892.1495264,689,True,0.30579444178452037,0.4313538647045491,0.36857415324453474,0.2647324097617274,False,False,0.06884681583476764,1,0,74.08709983825683,False,True,17.52639005861676,50.0,Atencao,Atencao: foco visual fora da direcao,24.156688834128175
1777745892.189641,690,True,0.3043438980225893,0.40815814358356267,0.356251020803076,0.005397682016550148,False,False,0.06872852233676977,1,0,70.2678813934326,False,True,17.319163780400842,50.0,Atencao,Atencao: foco visual fora da direcao,24.212401356787932
1777745892.2305155,691,True,0.30270003615449453,0.4049774882271398,0.35383876219081717,0.005223498222137491,False,False,0.0686106346483705,1,0,70.5643886566162,False,True,17.317779586405123,50.0,Atencao,Atencao: foco visual fora da direcao,24.249546896812685
1777745892.2702549,692,True,0.31010785257864903,0.4085787892242305,0.3593433209014398,0.007463192052675275,False,False,0.0684931506849315,1,0,68.96937637329101,False,True,17.221874927266,50.0,Atencao,Atencao: foco visual fora da direcao,24.310398252735887
1777745892.3110597,693,True,0.3159025827536401,0.3918697021486593,0.3538861424511497,0.23807497097695154,False,False,0.06837606837606838,1,0,65.85005569458008,False,True,17.049810075861775,50.0,Atencao,Atencao: foco visual fora da direcao,24.3561324798347
1777745892.349165,694,True,0.3253619534220452,0.39235922372090454,0.35886058857147485,0.21288874686994794,False,False,0.06825938566552901,1,0,65.1918098449707,False,True,17.000853910682142,50.0,Atencao,Atencao: foco visual fora da direcao,24.548032449448353
1777745892.3876503,695,True,0.32756475020721976,0.39040599572786444,0.35898537296754207,0.12111113696089952,False,False,0.06814310051107325,1,0,64.17806701660156,False,True,16.93417756052602,50.0,Atencao,Atencao: foco visual fora da direcao,24.645955769626568
1777745892.4306023,696,True,0.3303360973102338,0.39410027327320235,0.36221818529171806,0.11533134368716189,False,False,0.06802721088435375,1,0,63.59574012756348,False,True,16.889126392400183,50.0,Atencao,Atencao: foco visual fora da direcao,24.53770559633636
1777745892.4704187,697,True,0.33064805768369065,0.4014184668561712,0.36603326226993094,0.05021854628915116,False,False,0.06791171477079797,1,0,63.5784538269043,False,True,16.872381361753305,50.0,Atencao,Atencao: foco visual fora da direcao,24.616491042781014
1777745892.5109065,698,True,0.32663739704350886,0.380962177718026,0.35379978738076745,0.14183917052132153,False,False,0.06779661016949153,1,0,62.73908290863037,False,True,16.814585933159975,50.0,Atencao,Atencao: foco visual fora da direcao,24.61159087434321
1777745892.5542703,699,True,0.3261424681722872,0.3921245611603344,0.3591335146663108,0.16163879681942792,False,False,0.0676818950930626,1,0,62.51527423858643,False,True,16.7876221766488,50.0,Atencao,Atencao: foco visual fora da direcao,24.419240209187123
1777745892.6021128,700,True,0.31718782971579274,0.39472414552515894,0.35595598762047587,0.18606383394920048,False,False,0.06756756756756757,1,0,61.32368507385253,False,True,16.712322683656538,50.0,Atencao,Atencao: foco visual fora da direcao,24.11314645001388
1777745892.6456015,701,True,0.31477121445549067,0.3946394368314065,0.3547053256434486,0.09518315376133121,False,False,0.06745362563237774,1,0,59.13182007724589,False,True,16.587062417737602,50.0,Atencao,Atencao: foco visual fora da direcao,23.937832760726664
1777745892.6945925,702,True,0.30287788837507257,0.364690654958741,0.3337842716669068,0.0269743694581539,False,False,0.06734006734006734,1,0,55.895180568911805,False,True,16.409616177128218,50.0,Atencao,Atencao: foco visual fora da direcao,23.610562266797466
1777745892.7379057,703,True,0.3038422212930396,0.3664347681791736,0.3351384947361066,0.02458328542188778,False,False,0.06722689075630252,1,0,55.80398634726351,False,True,16.389494685778143,50.0,Atencao,Atencao: foco visual fora da direcao,23.59362780126757
1777745892.7841434,704,True,0.32937530457860914,0.3605847006164669,0.344980002597538,0.0069305355336357465,False,False,0.06711409395973154,1,0,47.25109899044037,False,False,15.946340758408475,50.0,Atencao,Atencao: sinais iniciais de risco,23.380703651346263
1777745892.8277502,705,True,0.3220304455236275,0.38731614519781593,0.3546732953607217,0.0043916404599762555,False,False,0.06700167504187604,1,0,45.26409716551954,False,False,15.831533065957302,50.0,Atencao,Atencao: sinais iniciais de risco,23.287629750334883
1777745892.874374,706,True,0.31591237255422183,0.3533989369968557,0.33465565477553877,0.004035595079048886,False,False,0.06688963210702341,1,0,40.88850838569078,False,False,15.597347723423626,50.0,Atencao,Atencao: sinais iniciais de risco,23.15732126077902
1777745892.9195597,707,True,0.30169962164646386,0.3703931003713837,0.33604636100892377,0.012270220445846585,False,False,0.0667779632721202,1,0,37.295010112903334,False,False,15.402318344985062,50.0,Atencao,Atencao: sinais iniciais de risco,23.05387573155536
1777745892.9633183,708,True,0.3082283867544554,0.33722617657936965,0.32272728166691256,0.00424962646208752,False,False,0.06666666666666667,1,0,35.681847379695284,False,False,15.3063569250748,50.0,Atencao,Atencao: sinais iniciais de risco,23.016318980221865
1777745893.0056114,709,True,0.297675920588117,0.344435654045025,0.32105578731657103,0.005306400333427368,False,False,0.06655574043261231,1,0,39.50332609035752,False,False,15.482178503425438,50.0,Atencao,Atencao: sinais iniciais de risco,23.098176175141514
1777745893.046433,710,True,0.34179117118721075,0.3552039253891712,0.348497548288191,0.007210443222290081,False,False,0.0664451827242525,1,0,42.86031973524527,False,False,15.634826500770352,50.0,Atencao,Atencao: sinais iniciais de risco,23.22182159552824
1777745893.0872264,711,True,0.32191834906036415,0.3737319404092123,0.3478251447347882,0.005071244063174674,False,False,0.06633499170812604,1,0,53.96489550688051,False,True,16.174904024634724,50.0,Atencao,Atencao: sinais iniciais de risco,23.34429249044176
1777745893.1296527,712,True,0.32389259555642386,0.393028086757235,0.35846034115682945,0.002965115126120286,False,False,0.06622516556291391,1,0,55.30403878905557,False,True,16.22676009377681,50.0,Atencao,Atencao: sinais iniciais de risco,23.392659452683926
1777745893.1706355,713,True,0.31377446827739425,0.3765184273392835,0.34514644780833886,0.0034816919897670486,False,False,0.06611570247933884,1,0,60.62310509790073,False,True,16.4776622352275,50.0,Atencao,Atencao: sinais iniciais de risco,23.481072935417124
1777745893.216248,714,True,0.3043719205538305,0.39723660140980227,0.3508042609818164,0.004696239493969978,False,False,0.066006600660066,1,0,66.59318466186524,False,True,16.761164713275704,50.0,Atencao,Atencao: cabeca inclinada,23.31698213640548
1777745893.2604282,715,True,0.2984555652324938,0.39747867141471593,0.34796711832360483,0.004217398337763484,False,False,0.06589785831960461,1,0,66.63963623046875,False,True,16.74853521989244,50.0,Atencao,Atencao: cabeca inclinada,23.267852176994666
1777745893.3041303,716,True,0.30286191396146483,0.37712432724231326,0.339993120601889,0.0061484458116862475,False,False,0.06578947368421052,1,0,66.5563117980957,False,True,16.7294661109071,50.0,Atencao,Atencao: cabeca inclinada,23.225152364962007
1777745893.3464866,717,True,0.29461238293996256,0.3842887686339561,0.33945057578695936,0.004808507408879868,False,False,0.06568144499178982,1,0,65.27026596069337,False,True,16.650309873829137,50.0,Atencao,Atencao: cabeca inclinada,23.253763788455295
1777745893.3899221,718,True,0.29643450248391595,0.40441068908942607,0.350422595786671,0.004093132829667024,False,False,0.06557377049180328,1,0,65.94504280090332,False,True,16.669243472091487,50.0,Atencao,Atencao: cabeca inclinada,23.221644547564114
1777745893.4320328,719,True,0.28864788709250605,0.3871894136603787,0.33791865037644236,0.005816098125612932,False,False,0.06546644844517185,1,0,67.17893104553224,False,True,16.71618110291111,50.0,Atencao,Atencao: cabeca inclinada,23.28010938829746
1777745893.473634,720,True,0.28322028138151306,0.4005049924466063,0.3418626369140597,0.0064512648579900635,False,False,0.06535947712418301,1,0,68.26211776733399,False,True,16.755631882365233,50.0,Atencao,Atencao: cabeca inclinada,23.365394744592265
1777745893.5135741,721,True,0.2766943467799181,0.4234198183247028,0.3500570825523105,0.07719544528818727,False,False,0.06525285481239804,1,0,72.9778205871582,False,True,16.976756455486008,50.0,Atencao,Atencao: cabeca inclinada,23.51977586560296
1777745893.5542252,722,True,0.29205961355839655,0.3359525290334353,0.31400607129591596,0.21933944135055256,False,False,0.06514657980456026,1,0,75.64473114013673,False,True,17.09548916955724,50.0,Atencao,Atencao: cabeca inclinada,23.59810321043699
1777745893.5976129,723,True,0.28706102822501195,0.337765188376232,0.31241310830062197,0.2112570250118991,False,False,0.06504065040650407,1,0,75.8899974822998,False,True,17.09318719443267,50.0,Atencao,Atencao: cabeca inclinada,23.5784266510955
1777745893.643549,724,True,0.2980224543962643,0.3561625730347847,0.3270925137155245,0.214022694998,False,False,0.06493506493506493,1,0,75.68511083938859,False,True,17.068424859964225,50.0,Atencao,Atencao: cabeca inclinada,23.41112130325272
1777745893.6890712,725,True,0.2967170568890506,0.35011419141514905,0.3234156241520998,0.22512987366794682,False,False,0.06482982171799027,1,0,71.28366335413673,False,True,16.83388154335387,50.0,Atencao,Atencao: cabeca inclinada,23.209916300524966
1777745893.7400043,726,True,0.298451718443092,0.3690658406939264,0.3337587795685092,0.2760997201820189,False,False,0.06472491909385113,1,0,64.49517896933989,False,True,16.48003321329489,50.0,Atencao,Atencao: sinais iniciais de risco,22.864198197205877
1777745893.7846038,727,True,0.29255363063711215,0.3375121498175468,0.3150328902273295,0.2644421906979108,False,False,0.06462035541195477,1,0,62.73931705247273,False,False,16.377862611190785,50.0,Atencao,Atencao: sinais iniciais de risco,22.8499169585738
1777745893.8301897,728,True,0.29233409432079877,0.34857438078013736,0.3204542375504681,0.3629531186705967,False,False,0.06451612903225806,1,0,58.03768207810142,False,False,16.128449735263924,50.0,Atencao,Atencao: sinais iniciais de risco,22.76346191632676
1777745893.8740287,729,True,0.31016198691003294,0.36300221199391375,0.33658209945197337,0.2277307418855281,False,False,0.0644122383252818,1,0,55.56233644106171,False,False,15.990397481202702,50.0,Atencao,Atencao: sinais iniciais de risco,22.76463614329736
1777745893.9169164,730,True,0.2954140108861846,0.3471594391871549,0.3212867250366698,0.1875616114739926,False,False,0.06430868167202572,1,0,55.72477403716607,False,True,15.98428032118521,50.0,Atencao,Atencao: sinais iniciais de risco,22.810152156503904
1777745893.9596078,731,True,0.27021283041077393,0.31294057005590037,0.29157670023333715,0.16832834729849736,False,False,0.06420545746388442,1,0,56.41469518488103,False,True,16.004583049951528,50.0,Atencao,Atencao: sinais iniciais de risco,22.88961498509963
1777745894.0016143,732,True,0.2779430241928507,0.3102416243811369,0.29409232428699383,0.16239079942929288,False,False,0.0641025641025641,1,0,57.03539255207235,False,True,16.02147008112955,50.0,Atencao,Atencao: sinais iniciais de risco,22.96692372293393
1777745894.0442178,733,True,0.3033849644682441,0.3360464636177863,0.3197157140430152,0.15505099976086678,False,False,0.064,1,0,59.59339596087283,False,True,16.135267687467014,50.0,Atencao,Atencao: sinais iniciais de risco,23.02336631398041
1777745894.0879257,734,True,0.28820650557541466,0.33205816605670085,0.31013233581605776,0.16762673893967117,False,False,0.06389776357827476,1,0,57.75767548897049,False,True,16.029424155884673,50.0,Atencao,Atencao: sinais iniciais de risco,22.98752923352048
1777745894.1302156,735,True,0.32551829164292373,0.37734060853095414,0.35142945008693893,0.16321774951447382,False,False,0.06379585326953748,1,0,60.69054985046387,False,True,16.162055206507965,50.0,Atencao,Atencao: sinais iniciais de risco,23.073959553439934
1777745894.1685498,736,True,0.3055590076150075,0.40785413107901564,0.35670656934701156,0.15100858134248946,False,False,0.06369426751592357,1,0,57.81671352386475,False,True,16.004395349056097,50.0,Atencao,Atencao: sinais iniciais de risco,23.362873720047613
1777745894.2094817,737,True,0.30373540448852876,0.4222991941804164,0.3630172993344726,0.15342168441984316,False,False,0.06359300476947535,1,0,55.577253532409664,False,True,15.878498721846714,50.0,Atencao,Atencao: sinais iniciais de risco,23.47059413143327
1777745894.2488873,738,True,0.30741864532359464,0.4395947106600403,0.37350667799181747,0.1506288055792731,False,False,0.06349206349206349,1,0,55.891857337951656,False,True,15.880349486479682,50.0,Atencao,Atencao: sinais iniciais de risco,23.62818083708285
1777745894.2933767,739,True,0.3084077047571626,0.42149339826392,0.36495055151054134,0.15100004874632503,False,False,0.06339144215530904,1,0,54.56702289581299,False,True,15.800272330569012,50.0,Atencao,Atencao: sinais iniciais de risco,23.564879392367317
1777745894.331963,740,True,0.3008857223785987,0.4421664649242439,0.3715260936514213,0.15408187206622959,False,False,0.06329113924050633,1,0,54.115845298767084,False,True,15.763921799931346,50.0,Atencao,Atencao: sinais iniciais de risco,23.795365522398555
1777745894.3718963,741,True,0.31111323728906043,0.44415340350069765,0.37763332039487907,0.15170034352827638,False,False,0.0631911532385466,1,0,53.663733863830565,False,True,15.727568152915055,50.0,Atencao,Atencao: sinais iniciais de risco,23.8931245575525
1777745894.4128745,742,True,0.31524106594994167,0.42888828246692456,0.37206467420843314,0.15714542832834066,False,False,0.06309148264984227,1,0,53.271940803527826,False,True,15.694273793953073,50.0,Atencao,Atencao: sinais iniciais de risco,23.955435444567524
1777745894.4550612,743,True,0.3141269072577989,0.4098331725443747,0.3619800399010868,0.1572862712197859,False,False,0.06299212598425197,1,0,52.31827945709229,False,True,15.63292918511263,50.0,Atencao,Atencao: sinais iniciais de risco,23.923209429850626
1777745894.4956279,744,True,0.3099362213828764,0.4267155510675496,0.368325886225213,0.15575785148427693,False,False,0.06289308176100629,1,0,51.396178054809575,False,True,15.573205534302213,50.0,Atencao,Atencao: sinais iniciais de risco,24.024977495764375
1777745894.5406997,745,True,0.31596161292979136,0.42492545792254793,0.37044353542616965,0.1398277155346077,False,False,0.06279434850863422,1,0,50.402680969238276,False,True,15.509954857822489,50.0,Atencao,Atencao: sinais iniciais de risco,23.81966866328007
1777745894.5821416,746,True,0.3069119462445097,0.4267364831799485,0.3668242147122291,0.10605991881601072,False,False,0.06269592476489028,1,0,50.67360038757324,False,True,15.509967563974445,50.0,Atencao,Atencao: sinais iniciais de risco,23.85919106027163
1777745894.6294374,747,True,0.3126511849777476,0.4239234296434103,0.3682873073105789,0.04236948906435924,False,False,0.06259780907668232,1,0,50.624745559692386,False,True,15.494033915451807,50.0,Atencao,Atencao: sinais iniciais de risco,23.575344386962968
1777745894.6743705,748,True,0.307026538373988,0.4257198978148236,0.3663732180944058,0.025314079964960746,False,False,0.0625,1,0,50.29141693115234,False,True,15.463918735980988,50.0,Atencao,Atencao: sinais iniciais de risco,23.460450163374528
1777745894.7215536,749,True,0.3083258107505774,0.409501986027673,0.35891389838912524,0.0451863501027886,False,False,0.062402496099843996,1,0,49.42953777313232,False,True,15.407417991808535,50.0,Atencao,Atencao: sinais iniciais de risco,23.23300433018262
1777745894.764183,750,True,0.30320482771172663,0.40754502457945596,0.3553749261455913,0.06229580110334385,False,False,0.06230529595015576,1,0,48.70237846374511,False,True,15.357695005757042,50.0,Atencao,Atencao: sinais iniciais de risco,23.26462320582239
1777745894.8143334,751,True,0.28905307405038555,0.38673338412513497,0.33789322908776026,0.04178144161955575,False,False,0.06220839813374806,1,0,48.339342975616454,False,True,15.32621978159455,50.0,Atencao,Atencao: sinais iniciais de risco,22.92346171735205
1777745894.869234,752,True,0.2866495516353548,0.3990313075834367,0.34284042960939576,0.007935380943339941,False,False,0.062111801242236024,1,0,48.26791467666626,False,True,15.309366294064134,50.0,Atencao,Atencao: sinais iniciais de risco,22.43717052518114
1777745894.9207435,753,True,0.299947837457718,0.39474570946047954,0.3473467734590988,0.005176705458803236,False,False,0.06201550387596899,1,0,48.100959396362306,False,True,15.287777642187221,50.0,Atencao,Atencao: sinais iniciais de risco,22.14163572171928
1777745894.970774,754,True,0.3080405681138755,0.4024997422488082,0.35527015518134186,0.06735205007591676,False,False,0.06191950464396285,1,0,48.52353391647338,False,True,15.29570647379193,50.0,Atencao,Atencao: sinais iniciais de risco,21.94657691908604
1777745895.010528,755,True,0.3033564008232987,0.39148374555844095,0.3474200731908698,0.10651467793015484,False,False,0.061823802163833076,1,0,47.882054233551024,False,True,15.25047339862797,50.0,Atencao,Atencao: sinais iniciais de risco,22.24968372677551
1777745895.049344,756,True,0.29218422887914025,0.40647310785756985,0.3493286683683551,0.21614932664808992,False,False,0.06172839506172839,1,0,47.41971521377564,False,True,15.214237971099806,50.0,Atencao,Atencao: sinais iniciais de risco,22.615764833697014
1777745895.088374,757,True,0.27925365462574436,0.36621367652225717,0.32273366557400074,0.22102154540227892,False,False,0.061633281972265024,1,0,46.71549844741821,False,True,15.16594908298072,50.0,Atencao,Atencao: sinais iniciais de risco,22.919494637254324
1777745895.1289623,758,True,0.26002476554802745,0.3511234904207505,0.305574127984389,0.1991592167079084,False,False,0.06153846153846154,1,0,46.69761476516723,False,True,15.152017089220193,50.0,Atencao,Atencao: sinais iniciais de risco,23.03336340270506
1777745895.1715193,759,True,0.26179814687211106,0.35599062821328376,0.3088943875426974,0.20167601491224946,False,False,0.06144393241167435,1,0,47.177141380310054,False,True,15.162995665044095,50.0,Atencao,Atencao: sinais iniciais de risco,23.118856893630017
1777745895.2102344,760,True,0.22442325362390453,0.3390488132564927,0.2817360334401986,0.20350212607782056,False,False,0.06134969325153374,1,0,46.90367794036865,False,True,15.136364608527693,50.0,Atencao,Atencao: sinais iniciais de risco,23.39212621297429
1777745895.2507617,761,True,0.15094534728559286,0.1121607790014738,0.13155306314353332,0.06211925662573889,True,False,0.06278713629402756,1,0,48.26020622253417,False,True,15.401839440978867,50.0,Atencao,Atencao: sinais iniciais de risco,23.535621530574133
1777745895.2929683,762,True,0.08863396147174799,0.08398561461307312,0.08630978804241055,0.005435602040212202,True,False,0.06422018348623854,1,0,47.420877361297606,False,True,15.55691698684605,50.0,Atencao,Atencao: sinais iniciais de risco,23.51695864793125
1777745895.3364508,763,True,0.08880521665501476,0.11014249937109875,0.09947385801305675,0.010350909116913594,True,False,0.06564885496183206,1,0,50.142117881774894,False,True,15.889421340764024,50.0,Atencao,Atencao: sinais iniciais de risco,23.483404560249426
1777745895.3746471,764,True,0.06837094541198001,0.05248117685252262,0.06042606113225131,0.02537578359390846,True,False,0.06707317073170732,1,0,52.02696838378906,False,True,16.17950728422258,50.0,Atencao,Atencao: sinais iniciais de risco,23.751173585554824
1777745895.4166844,765,True,0.06081694042909594,0.06229490564571669,0.06155592303740631,0.028023303756493312,True,False,0.0684931506849315,1,0,51.44359264373779,False,True,16.34558574078834,50.0,Atencao,Atencao: sinais iniciais de risco,23.760494428720524
1777745895.6455538,766,True,0.2559124630181903,0.33559229750206865,0.2957523802601295,0.01081642947124531,False,False,0.06838905775075987,1,0,57.26391410827636,False,True,16.692850343777216,50.0,Atencao,Atencao: sinais iniciais de risco,21.821358784075986
1777745895.691707,767,True,0.24565064596888833,0.3493260649481023,0.29748835545849533,0.013131964900635921,False,False,0.06828528072837632,1,0,57.50628452301025,False,True,16.690699523936175,50.0,Atencao,Atencao: sinais iniciais de risco,21.80093636487707
1777745895.735918,768,True,0.2628571273810148,0.3510085866864595,0.3069328570337372,0.0048707084037410975,False,False,0.06818181818181818,1,0,55.96236724853516,False,True,16.599277560060674,50.0,Atencao,Atencao: sinais iniciais de risco,21.85125303724878
1777745895.7780728,769,True,0.262746088311771,0.3466600118072365,0.3047030500595037,0.10014202063282396,False,False,0.0680786686838124,1,0,54.44052219390869,False,True,16.509002251353557,50.0,Atencao,Atencao: sinais iniciais de risco,22.079062995369746
1777745895.8240592,770,True,0.2784315757599719,0.38991912191615336,0.33417534883806266,0.32580339872318,False,False,0.06797583081570997,1,0,51.77922668457031,False,True,16.361797269022553,50.0,Atencao,Atencao: sinais iniciais de risco,22.042181333877053
1777745895.8709886,771,True,0.27028933227029867,0.3414799170971817,0.30588462468374017,0.28509499527702076,False,False,0.06787330316742081,1,0,50.20135307312012,False,True,16.268806036810282,50.0,Atencao,Atencao: sinais iniciais de risco,21.985877145459728
1777745895.9112046,772,True,0.2605906614506054,0.3442481273847209,0.30241939441766313,0.31516655617649764,False,False,0.0677710843373494,1,0,50.07243537902832,False,True,16.248305062970875,50.0,Atencao,Atencao: sinais iniciais de risco,22.252748351616653
1777745895.9556506,773,True,0.26578699206412193,0.35201726622077234,0.30890212914244713,0.34153856597008675,False,False,0.06766917293233082,1,0,49.6187515258789,False,True,16.21160805212335,50.0,Atencao,Atencao: sinais iniciais de risco,22.28925172717511
1777745896.0006769,774,True,0.284838072348199,0.3646093277880439,0.32472370006812146,0.3317442508962904,False,False,0.06756756756756757,1,0,48.009408092498774,False,True,16.117170142799395,50.0,Atencao,Atencao: sinais iniciais de risco,22.266049963433247
1777745896.0418475,775,True,0.2834254430628753,0.3461787335899525,0.3148020883264139,0.3300956657762274,False,False,0.06746626686656672,1,0,48.85001068115235,False,True,16.145271425844456,50.0,Atencao,Atencao: sinais iniciais de risco,22.473316673496846
1777745896.0819144,776,True,0.28683871399095434,0.3144951671613059,0.3006669405761301,0.3660834845077499,False,False,0.06736526946107785,1,0,46.621410846710205,False,True,16.01995429086763,50.0,Atencao,Atencao: sinais iniciais de risco,22.728506298650462
1777745896.1208642,777,True,0.27686898142295724,0.3476421152566561,0.3122555483398067,0.3697561471295439,False,False,0.06726457399103139,1,0,46.97100009918213,False,True,16.02358812635984,50.0,Atencao,Atencao: sinais iniciais de risco,23.0035497059122
1777745896.159987,778,True,0.2760671043926042,0.34678065102995365,0.3114238777112789,0.36805649466106005,False,False,0.06716417910447761,1,0,46.38545627593994,False,True,15.980506638296585,50.0,Atencao,Atencao: sinais iniciais de risco,23.265490550762507
1777745896.1973317,779,True,0.28375838493236377,0.35531553986039793,0.31953696239638085,0.3753866421850346,False,False,0.06706408345752608,1,0,44.89929876327514,False,True,15.89243561120751,50.0,Atencao,Atencao: sinais iniciais de risco,23.62203585657297
1777745896.2352655,780,True,0.26392446138213227,0.3208532510811014,0.2923888562316168,0.4001216489791324,False,False,0.06696428571428571,1,0,42.23323965072632,False,True,15.745410465884518,50.0,Atencao,Atencao: sinais iniciais de risco,23.858740207838693
1777745896.2770877,781,True,0.2627431254849257,0.3175398319645752,0.29014147872475043,0.39020097762779304,False,False,0.06686478454680535,1,0,43.71897144317627,False,True,15.806015644978466,50.0,Atencao,Atencao: sinais iniciais de risco,23.901211779341565
1777745896.3191972,782,True,0.2592541511482787,0.3468400940262519,0.3030471225872653,0.4101253585769165,False,False,0.06676557863501484,1,0,39.511197900772096,False,True,15.58198615498706,50.0,Atencao,Atencao: sinais iniciais de risco,23.86977587302176
1777745896.3603344,783,True,0.2740940015912151,0.3371317791790587,0.3056128903851369,0.427198519558053,False,False,0.06666666666666667,1,0,39.52969312667847,False,True,15.569310520634506,50.0,Atencao,Atencao: sinais iniciais de risco,23.912022828341655
1777745896.4044826,784,True,0.27072759815710434,0.30980515508628,0.2902663766216922,0.411482167406315,False,False,0.06656804733727811,1,0,39.950878047943114,False,True,15.576809608906814,50.0,Atencao,Atencao: sinais iniciais de risco,23.810271212090857
1777745896.4474597,785,True,0.26343925818695824,0.32350743396454645,0.2934733460757524,0.4554634141232258,False,False,0.06646971935007386,1,0,38.345424675941466,False,True,15.483016842066144,50.0,Atencao,Atencao: sinais iniciais de risco,23.75967060746117
1777745896.4914114,786,True,0.2635015777086124,0.3215060020940761,0.29250378990134424,0.44051245755790486,False,False,0.06637168141592921,1,0,38.55847747325897,False,True,15.48018926598713,50.0,Atencao,Atencao: sinais iniciais de risco,23.612875831693394
1777745896.546773,787,True,0.2679259684106667,0.34855105615631077,0.30823851228348875,0.4572605233876674,False,False,0.0662739322533137,1,0,36.171412515640256,False,True,15.347395508246562,50.0,Atencao,Atencao: sinais iniciais de risco,23.081193456394573
1777745896.600419,788,True,0.26556834274952074,0.3316594196366361,0.2986138811930784,0.4533913181759041,False,False,0.0661764705882353,1,0,37.448056030273435,False,True,15.397826705029942,50.0,Atencao,Atencao: sinais iniciais de risco,22.588031904562165
1777745896.645717,789,True,0.26565266410962246,0.36010599718180564,0.31287933064571405,0.4418684091983076,False,False,0.06607929515418502,1,0,38.85075693130493,False,True,15.454600127899601,50.0,Atencao,Atencao: sinais iniciais de risco,22.619544572477956
1777745896.692477,790,True,0.2587216171781004,0.3442376743252565,0.3014796457516784,0.4350190195932778,False,False,0.06598240469208211,1,0,38.72358460426331,False,True,15.434919073008372,50.0,Atencao,Atencao: sinais iniciais de risco,22.488741149165957
1777745896.7362077,791,True,0.2695449420427587,0.34541079427578236,0.30747786815927053,0.43581000271972664,False,False,0.06588579795021962,1,0,42.200686645507815,False,True,15.595490748064506,50.0,Atencao,Atencao: sinais iniciais de risco,22.456645832475882
1777745896.780674,792,True,0.2651099301897109,0.328479424890465,0.2967946775400879,0.4690892301308431,False,False,0.06578947368421052,1,0,44.14742794036865,False,True,15.679583226231296,50.0,Atencao,Atencao: sinais iniciais de risco,22.546104064683878
1777745896.82633,793,True,0.27409955951314763,0.3521709087301403,0.31313523412164396,0.5157836548107936,False,False,0.06569343065693431,1,0,47.7000433921814,False,True,15.844008082571452,50.0,Atencao,Atencao: sinais iniciais de risco,22.42482244041277
1777745896.8722892,794,True,0.2664929834851944,0.32208644007738113,0.29428971178128777,0.5002490529208494,False,False,0.06559766763848396,1,0,48.867872047424314,False,True,15.889232100296677,50.0,Atencao,Atencao: sinais iniciais de risco,22.414537863641943
1777745896.9185252,795,True,0.2690346568168255,0.334821332688411,0.3019279947526182,0.5075066141647261,False,False,0.06550218340611354,1,0,50.243559455871576,False,True,15.944887388768105,50.0,Atencao,Atencao: foco visual fora da direcao,22.292055865942086
1777745896.965486,796,True,0.2735688361054018,0.3190126841795226,0.2962907601424622,0.5040447129432204,False,False,0.06540697674418605,1,0,50.8855661392212,False,True,15.963896806920559,50.0,Atencao,Atencao: foco visual fora da direcao,22.20918755519424
1777745897.0118518,797,True,0.27364121303473776,0.32975489099196226,0.30169805201335,0.5015589123653464,False,False,0.06531204644412192,1,0,52.07139091491699,False,True,16.01013512944653,50.0,Atencao,Atencao: foco visual fora da direcao,22.15452929306286
1777745897.054819,798,True,0.2757432474587492,0.31642780347782873,0.2960855254682889,0.4983415825341529,False,False,0.06521739130434782,1,0,51.906724739074704,False,True,15.988886738935477,50.0,Atencao,Atencao: foco visual fora da direcao,22.23424411564529
1777745897.098537,799,True,0.27253909539647825,0.33665701781430296,0.30459805660539063,0.48604095997644753,False,False,0.06512301013024602,1,0,52.86754264831542,False,True,16.023950222958515,50.0,Atencao,Atencao: foco visual fora da direcao,22.278470531836835
1777745897.1408982,800,True,0.2789547124430907,0.3454787583942595,0.3122167354186751,0.4857274333004659,False,False,0.06502890173410404,1,0,52.724955558776855,False,True,16.003880964012065,50.0,Atencao,Atencao: foco visual fora da direcao,22.433675216584543
1777745897.187356,801,True,0.27025584296737054,0.3376680842206935,0.30396196359403205,0.49528630924525907,False,False,0.06493506493506493,1,0,53.64849033355713,False,True,16.0371551428832,50.0,Atencao,Atencao: foco visual fora da direcao,22.375961499889485
1777745897.2354422,802,True,0.28284430532354393,0.33417315761761124,0.30850873147057756,0.4777587692625969,False,False,0.06484149855907781,1,0,53.41075992584228,False,True,16.012403245799227,50.0,Atencao,Atencao: foco visual fora da direcao,22.22404072257514
1777745897.27843,803,True,0.27244177388859153,0.3201565402223802,0.2962991570554859,0.49522916573724796,False,False,0.06474820143884892,1,0,54.735766029357904,False,True,16.065825196943536,50.0,Atencao,Atencao: foco visual fora da direcao,22.311542913513595
1777745897.3208828,804,True,0.2668929554919297,0.3280442102111594,0.29746858285154454,0.5014775407550721,False,False,0.06465517241379311,1,0,55.76276454925537,False,True,16.104383631993237,50.0,Atencao,Atencao: foco visual fora da direcao,22.46076857975241
1777745897.3633118,805,True,0.28556945799970573,0.34023013528537355,0.31289979664253964,0.5112375548384592,False,False,0.06456241032998565,1,0,56.18894653320312,False,True,16.1129379446671,50.0,Atencao,Atencao: foco visual fora da direcao,22.554365570584082
1777745897.4056036,806,True,0.28002914067932383,0.34897176914795996,0.31450045491364187,0.4495958605675689,False,False,0.06446991404011461,1,0,54.670397377014154,False,True,16.024292247000382,50.0,Atencao,Atencao: foco visual fora da direcao,22.647642506714014
1777745897.450834,807,True,0.27563450241192694,0.34324078685936354,0.30943764463564527,0.4492400777281536,False,False,0.06437768240343347,1,0,54.73760623931885,False,True,16.01497084007196,50.0,Atencao,Atencao: foco visual fora da direcao,22.616950991546975
1777745897.496821,808,True,0.28200421500116407,0.3439122916634938,0.31295825333232896,0.4590377330172353,False,False,0.06428571428571428,1,0,53.80979537963867,False,True,15.955934680901564,50.0,Atencao,Atencao: foco visual fora da direcao,22.530502457011757
1777745897.5431194,809,True,0.2897725778062077,0.3444411397295007,0.31710685876785416,0.45659631848243365,False,False,0.06419400855920114,1,0,53.91731719970703,False,True,15.948701234509423,50.0,Atencao,Atencao: foco visual fora da direcao,22.443989607853062
1777745897.589661,810,True,0.2760631013333727,0.3471325882965809,0.31159784481497677,0.456213697518128,False,False,0.0641025641025641,1,0,53.05921802520752,False,True,15.893222662996855,50.0,Atencao,Atencao: foco visual fora da direcao,22.342225873120896
1777745897.6393497,811,True,0.28581272928287854,0.3412881104563029,0.31355041986959076,0.4355456833559627,False,False,0.06401137980085349,1,0,53.22541713714599,False,True,15.88899477710857,50.0,Atencao,Atencao: foco visual fora da direcao,22.1235024757497
1777745897.6918044,812,True,0.2783011911436189,0.35363293456435857,0.31596706285398873,0.42397224214196716,False,False,0.06392045454545454,1,0,52.86839752197265,False,True,15.858641573732548,50.0,Atencao,Atencao: foco visual fora da direcao,21.813110103685066
1777745897.7459552,813,True,0.28289083941030996,0.3480137103771652,0.3154522748937376,0.4163016660997945,False,False,0.06382978723404255,1,0,52.88146610260009,False,True,15.846828247444773,50.0,Atencao,Atencao: foco visual fora da direcao,21.472409586596672
1777745897.794484,814,True,0.29009927538584984,0.3482175874345214,0.31915843141018563,0.3768802196945686,False,False,0.06373937677053824,1,0,51.93301296234131,False,True,15.78697415169999,50.0,Atencao,Atencao: foco visual fora da direcao,21.346330188730697
1777745897.8453164,815,True,0.2863963250337941,0.34943321264579014,0.3179147688397921,0.3787726200295043,False,False,0.06364922206506365,1,0,51.47300853729247,False,True,15.751577658444793,50.0,Atencao,Atencao: foco visual fora da direcao,21.1727814150198
1777745897.8957496,816,True,0.2764091323026864,0.3518841372685432,0.3141466347856148,0.3548999694173892,False,False,0.0635593220338983,1,0,50.19764862060547,False,True,15.675448408325208,50.0,Atencao,Atencao: foco visual fora da direcao,21.062592312710134
1777745897.9445271,817,True,0.27409535553305225,0.3798211396032707,0.3269582475681615,0.31663431345368187,False,False,0.06346967559943582,1,0,46.22191104888916,False,True,15.464335145000799,50.0,Atencao,Atencao: foco visual fora da direcao,20.987561181680597
1777745897.9933271,818,True,0.26208139894405824,0.38126360521697344,0.32167250208051584,0.295844006368372,False,False,0.06338028169014084,1,0,45.19526529312133,False,True,15.400711194684348,50.0,Atencao,Atencao: foco visual fora da direcao,20.980986582168693
1777745898.0371215,819,True,0.2713974155865959,0.3687411644783569,0.3200692900324764,0.2510965453200277,False,False,0.06329113924050633,1,0,42.35196580886841,False,True,15.246289133646957,50.0,Atencao,Atencao: foco visual fora da direcao,21.180159453303446
1777745898.0774581,820,True,0.26447710894875737,0.3560889312602389,0.31028302010449815,0.2908217238359283,False,False,0.06320224719101124,1,0,43.10530004501343,False,True,15.271733188648632,50.0,Atencao,Atencao: foco visual fora da direcao,21.545017882939582
1777745898.1205275,821,True,0.28545002830238125,0.3892652675074607,0.33735764790492095,0.19446992910030714,False,False,0.06311360448807854,1,0,35.75462362766266,False,True,14.892010996127848,50.0,Atencao,Atencao: foco visual fora da direcao,21.698854736828764
1777745898.1627433,822,True,0.2747414935719475,0.3594401818220186,0.31709083769698304,0.20132415546283838,False,False,0.06302521008403361,1,0,37.06241466999054,False,True,14.945246317688065,50.0,Atencao,Atencao: foco visual fora da direcao,21.8826137639131
1777745898.2056544,823,True,0.27405991745750274,0.3695308238457471,0.3217953706516249,0.17850166079281676,False,False,0.06293706293706294,1,0,35.28405250608921,False,True,14.84420797678453,50.0,Atencao,Atencao: foco visual fora da direcao,22.0194525404171
1777745898.250114,824,True,0.2780775422403304,0.37869530745260105,0.32838642484646574,0.05629744943182417,False,False,0.06284916201117319,1,0,36.36552119255066,False,True,14.886195033797762,50.0,Atencao,Atencao: foco visual fora da direcao,22.074818151305912
1777745898.2934911,825,True,0.2901892889306774,0.3989081899561743,0.34454873944342584,0.006416900116276871,False,False,0.06276150627615062,1,0,36.75015436410904,False,True,14.89337402881008,50.0,Atencao,Atencao: foco visual fora da direcao,22.188081945923052
1777745898.3360424,826,True,0.2813820533512571,0.3998741636553977,0.34062810850332736,0.0055048390258647505,False,False,0.06267409470752089,1,0,36.32858846187592,False,True,14.860276643011835,50.0,Atencao,Atencao: foco visual fora da direcao,22.327024738723345
1777745898.3786964,827,True,0.27750713690226686,0.37997249120713195,0.32873981405469943,0.004569977635546743,False,False,0.06258692628650904,1,0,36.963132166862486,False,True,14.880018170372034,50.0,Atencao,Atencao: foco visual fora da direcao,22.40077618502258
1777745898.4248629,828,True,0.2116864559752224,0.30368198651157635,0.2576842212433994,0.006777794152155963,False,False,0.0625,1,0,38.42664968967438,False,True,14.941241682117635,50.0,Atencao,Atencao: foco visual fora da direcao,22.32322075877085
1777745898.4728796,829,True,0.20723284002127754,0.31976201047019537,0.26349742524573644,0.007113274152771476,False,False,0.06241331484049931,1,0,38.98378849029541,False,True,14.957179412717341,50.0,Atencao,Atencao: foco visual fora da direcao,22.208138734471753
1777745898.513128,830,True,0.16851253175608724,0.2617877016218246,0.2151501166889559,0.0796109376890578,False,False,0.062326869806094184,1,0,38.63620038032531,False,True,14.927913814988132,50.0,Atencao,Atencao: foco visual fora da direcao,22.464915057805637
1777745898.5546968,831,True,0.22260136724915836,0.3336604113851656,0.278130889317162,0.11953464534888059,False,False,0.06224066390041494,1,0,40.40717716217041,False,True,15.004609342049491,50.0,Atencao,Atencao: foco visual fora da direcao,22.61237164974264
1777745898.5963438,832,True,0.24261338488888523,0.33323341045028776,0.2879233976695865,0.13107962929754932,False,False,0.062154696132596686,1,0,41.159491300582886,False,True,15.030404480895104,50.0,Atencao,Atencao: foco visual fora da direcao,22.759664536945863
1777745898.64055,833,True,0.25122610113574134,0.341306133720132,0.2962661174279367,0.14031450340073634,False,False,0.06206896551724138,1,0,40.676561927795404,False,True,14.994470052644376,50.0,Atencao,Atencao: foco visual fora da direcao,22.724453845266208
1777745898.6887102,834,True,0.2629617328933174,0.354592802931968,0.3087772679126427,0.12832906204679687,False,False,0.06198347107438017,1,0,41.59076905250549,False,True,15.028424922986463,50.0,Atencao,Atencao: foco visual fora da direcao,22.511023962258896
1777745898.740384,835,True,0.25239786362826344,0.34368142670605706,0.29803964516716025,0.009739110538326797,False,False,0.061898211829436035,1,0,42.07303838729858,False,True,15.040815243546302,50.0,Atencao,Atencao: foco visual fora da direcao,22.20103592047563
1777745898.787285,836,True,0.2502368803922512,0.34843375272869426,0.29933531656047274,0.006703639145143431,False,False,0.061813186813186816,1,0,41.53339209556579,False,True,15.002141989225393,50.0,Atencao,Atencao: foco visual fora da direcao,22.140647591310504
1777745898.8331127,837,True,0.2966427649978492,0.40682524772796463,0.3517340063629069,0.017010721309592924,False,False,0.06172839506172839,1,0,40.267936611175536,False,True,14.927210349180346,50.0,Atencao,Atencao: foco visual fora da direcao,22.092946570333616
1777745898.8795443,838,True,0.294679430010139,0.41760525820945577,0.3561423441097974,0.02940890528866899,False,False,0.06164383561643835,1,0,39.77136831283569,False,True,14.890755010535974,50.0,Atencao,Atencao: foco visual fora da direcao,22.053249343111418
1777745898.927894,839,True,0.3640618395269215,0.44697328046147183,0.4055175599941967,0.03882487135374936,False,False,0.06155950752393981,1,0,37.68591724525798,False,True,14.77488734443854,50.0,Atencao,Atencao: foco visual fora da direcao,21.89925695656995
1777745898.9701772,840,True,0.430155266953858,0.6050556244483918,0.5176054457011249,0.03332709944842828,False,False,0.06147540983606557,1,0,21.518385033444922,False,False,13.954947301765179,50.0,Atencao,Atencao: sinais iniciais de risco,22.109542478873088
1777745899.0091565,841,True,0.30638995744987185,0.30474515129466223,0.305567554372267,0.024922711477455964,False,False,0.061391541609822645,1,0,42.07619566917419,False,True,14.97130595244324,50.0,Atencao,Atencao: sinais iniciais de risco,22.43082999924333
1777745899.0521948,842,True,0.2886289105942117,0.33958233077381617,0.31410562068401393,0.009694826913258769,False,False,0.06130790190735695,1,0,38.418764209747316,False,True,14.776933920382861,50.0,Atencao,Atencao: sinais iniciais de risco,22.50480915059579
1777745899.0941694,843,True,0.29801696007627526,0.36334578082456864,0.33068137045042195,0.010036546972257868,False,False,0.061224489795918366,1,0,38.21610143184662,False,True,14.755331616165021,50.0,Atencao,Atencao: sinais iniciais de risco,22.657943270975153
1777745899.135566,844,True,0.3072199041327934,0.4320420712396134,0.3696309876862034,0.0094448847745884,False,False,0.06114130434782609,1,0,41.92777767181396,False,True,14.929477429050701,50.0,Atencao,Atencao: sinais iniciais de risco,22.80024979402529
1777745899.177355,845,True,0.2977781275149861,0.40833497794315754,0.3530565527290718,0.02124683927624171,False,False,0.06105834464043419,1,0,41.19982829093933,False,True,14.881673000240584,50.0,Atencao,Atencao: sinais iniciais de risco,22.91934194061798
1777745899.221189,846,True,0.32134445428934505,0.3844571294535397,0.3529007918714424,0.027307549094382353,False,False,0.06097560975609756,1,0,41.48057489395141,False,True,14.884334283794903,50.0,Atencao,Atencao: sinais iniciais de risco,22.9002796579769
1777745899.262957,847,True,0.3156315343276806,0.3520825295163891,0.33385703192203486,0.023673380828713207,False,False,0.06089309878213803,1,0,40.32084693908691,False,True,14.815002627132241,50.0,Atencao,Atencao: sinais iniciais de risco,23.031676457012885
1777745899.303015,848,True,0.319229182376362,0.3329049454995478,0.3260670639379549,0.01760879397740798,False,False,0.060810810810810814,1,0,38.1447772026062,False,True,14.694884544250712,50.0,Atencao,Atencao: sinais iniciais de risco,23.10524531436068
1777745899.3462565,849,True,0.31747369313345086,0.3254701980655193,0.3214719455994851,0.011264156672794842,False,False,0.06072874493927125,1,0,38.16347348690033,False,True,14.684535301128731,50.0,Atencao,Atencao: sinais iniciais de risco,23.180660915622752
1777745899.3945136,850,True,0.3187969866781657,0.30436408792400016,0.3115805373010829,0.029176087544105427,False,False,0.06064690026954178,1,0,38.0155131816864,False,True,14.66588364378023,50.0,Atencao,Atencao: sinais iniciais de risco,22.946800917334098
1777745899.44216,851,True,0.31028719005125943,0.3503181818038231,0.3303026859275413,0.032493046493231925,False,False,0.06056527590847914,1,0,38.073035621643065,False,True,14.65753641613195,50.0,Atencao,Atencao: sinais iniciais de risco,22.743567228587334
1777745899.4808924,852,True,0.3165261620911839,0.37451997475258914,0.3455230684218865,0.04564341227662729,False,False,0.06048387096774194,1,0,38.277820348739624,False,True,14.656582473135414,50.0,Atencao,Atencao: sinais iniciais de risco,23.087230864441967
1777745899.5216033,853,True,0.312142153048272,0.37645333163795386,0.34429774234311294,0.03366139826380283,False,False,0.06040268456375839,1,0,38.64786305427551,False,True,14.66392147786447,50.0,Atencao,Atencao: sinais iniciais de risco,23.212112943651057
1777745899.5622034,854,True,0.30106747902169817,0.29609812539108094,0.29858280220638955,0.02117050694862709,False,False,0.06032171581769437,1,0,37.223059034347536,False,True,14.581548074284267,50.0,Atencao,Atencao: sinais iniciais de risco,23.346823984768083
1777745899.6047652,855,True,0.2773655516622269,0.2841579957012113,0.28076177368171906,0.023440033714751018,False,False,0.060240963855421686,1,0,35.57034766077995,False,True,14.487809110793394,50.0,Atencao,Atencao: sinais iniciais de risco,23.36355572582034
1777745899.6494122,856,True,0.2158976317804462,0.34194667525355404,0.2789221535170001,0.03821637820324769,False,False,0.06016042780748663,1,0,48.76033048629761,False,True,15.136234545478208,50.0,Atencao,Atencao: sinais iniciais de risco,23.270907118034764
1777745899.6948748,857,True,0.19341973179737243,0.09788692102177331,0.14565332640957288,0.03388361205100725,True,False,0.06141522029372497,1,0,37.283200126344504,False,True,14.734911994338322,50.0,Atencao,Atencao: sinais iniciais de risco,23.113696301403618
1777745899.7376275,858,True,0.3006149875548276,0.18366086008875232,0.24213792382178995,0.031331005488240325,False,False,0.06133333333333333,1,0,48.256464004516594,False,True,15.228438681364059,50.0,Atencao,Atencao: sinais iniciais de risco,23.156602862345085
1777745899.7855368,859,True,0.27229568692770534,0.12861161038804675,0.20045364865787604,0.1309542819759114,True,False,0.06258322237017311,1,0,49.69001846313476,False,True,15.471976146860435,50.0,Atencao,Atencao: sinais iniciais de risco,22.96226076131562
1777745899.8347244,860,False,0.0,0.0,0.0,0.0,False,False,0.06258322237017311,1,0,0.0,False,False,12.952080967007975,50.0,Atencao,Atencao: sinais iniciais de risco,22.666702909266732
1777745899.8801289,861,False,0.0,0.0,0.0,0.0,False,False,0.06258322237017311,1,0,0.0,False,False,12.952080967007975,50.52971839904785,Atencao,Atencao: sinais iniciais de risco,22.625008868350882
1777745899.9347048,862,False,0.0,0.0,0.0,0.0,False,False,0.06258322237017311,1,0,0.0,False,False,12.952080967007975,51.16643746693929,Atencao,Atencao: sinais iniciais de risco,22.19922730640704
1777745899.984909,863,False,0.0,0.0,0.0,0.0,False,False,0.06258322237017311,1,0,0.0,False,False,12.952080967007975,51.75215403238932,Atencao,Atencao: sinais iniciais de risco,21.968815871559233
1777745900.0359535,864,False,0.0,0.0,0.0,0.0,False,False,0.06258322237017311,1,0,0.0,False,False,12.952080967007975,52.34767278035482,Atencao,Atencao: sinais iniciais de risco,21.714855155162525
1777745900.079787,865,False,0.0,0.0,0.0,0.0,False,False,0.06258322237017311,1,0,0.0,False,False,12.952080967007975,52.85906354586283,Atencao,Atencao: sinais iniciais de risco,21.85536938029122
1777745900.1282966,866,False,0.0,0.0,0.0,0.0,False,False,0.06258322237017311,1,0,0.0,False,False,12.952080967007975,53.42500885327657,Atencao,Atencao: sinais iniciais de risco,21.714663315762202
1777745900.1704338,867,False,0.0,0.0,0.0,0.0,False,False,0.06258322237017311,1,0,0.0,False,False,12.952080967007975,53.91660888989767,Atencao,Atencao: sinais iniciais de risco,21.94217597877123
1777745900.2117348,868,False,0.0,0.0,0.0,0.0,False,False,0.06258322237017311,1,0,0.0,False,False,12.952080967007975,54.39845403035482,Atencao,Atencao: sinais iniciais de risco,22.148400059937263
1777745900.2555404,869,False,0.0,0.0,0.0,0.0,False,False,0.06258322237017311,1,0,0.0,False,False,12.952080967007975,54.90951935450236,Atencao,Atencao: sinais iniciais de risco,22.179090887332148
1777745900.2980373,870,False,0.0,0.0,0.0,0.0,False,False,0.06258322237017311,1,0,0.0,False,False,12.952080967007975,55.405316750208534,Atencao,Atencao: sinais iniciais de risco,22.304660833426222
1777745900.3419478,871,False,0.0,0.0,0.0,0.0,False,False,0.06258322237017311,1,0,0.0,False,False,12.952080967007975,55.91760595639547,Atencao,Atencao: sinais iniciais de risco,22.392605246324145
1777745900.384787,872,False,0.0,0.0,0.0,0.0,False,False,0.06258322237017311,1,0,0.0,False,False,12.952080967007975,56.41739765803019,Atencao,Atencao: sinais iniciais de risco,22.45896374646275
1777745900.4280338,873,False,0.0,0.0,0.0,0.0,False,False,0.06258322237017311,1,0,0.0,False,False,12.952080967007975,56.921943028767906,Atencao,Atencao: sinais iniciais de risco,22.57421423014929
1777745900.654204,874,False,0.0,0.0,0.0,0.0,False,False,0.06258322237017311,1,0,0.0,False,False,12.952080967007975,59.56059376398722,Atencao,Atencao: sinais iniciais de risco,20.75879562797462
1777745900.703325,875,False,0.0,0.0,0.0,0.0,False,False,0.06258322237017311,1,0,0.0,False,False,12.952080967007975,60.13367374738058,Risco por distracao,Atencao: foco visual fora da direcao,20.727266197169346
1777745900.747751,876,False,0.0,0.0,0.0,0.0,False,False,0.06258322237017311,1,0,0.0,False,False,12.952080967007975,60.651976664861046,Risco por distracao,Atencao: foco visual fora da direcao,20.8458737254759
1777745900.7964964,877,False,0.0,0.0,0.0,0.0,False,False,0.06258322237017311,1,0,0.0,False,False,12.952080967007975,61.220672925313316,Risco por distracao,Atencao: foco visual fora da direcao,20.83348593085037
1777745900.8433168,878,False,0.0,0.0,0.0,0.0,False,False,0.06258322237017311,1,0,0.0,False,False,12.952080967007975,61.76691095034281,Risco por distracao,Atencao: foco visual fora da direcao,20.89507507069144
1777745900.8928208,879,False,0.0,0.0,0.0,0.0,False,False,0.06258322237017311,1,0,0.0,False,False,12.952080967007975,62.34445810317993,Risco por distracao,Atencao: foco visual fora da direcao,20.846179829835318
1777745900.9394207,880,False,0.0,0.0,0.0,0.0,False,False,0.06258322237017311,1,0,0.0,False,False,12.952080967007975,62.888123194376625,Risco por distracao,Atencao: foco visual fora da direcao,20.877919172135623
1777745900.9777846,881,False,0.0,0.0,0.0,0.0,False,False,0.06258322237017311,1,0,0.0,False,False,12.952080967007975,63.335702419281006,Risco por distracao,Atencao: foco visual fora da direcao,21.39362948763696
1777745901.021676,882,False,0.0,0.0,0.0,0.0,False,False,0.06258322237017311,1,0,0.0,False,False,12.952080967007975,63.84776910146078,Risco por distracao,Atencao: foco visual fora da direcao,21.565999041236047
1777745901.060795,883,False,0.0,0.0,0.0,0.0,False,False,0.06258322237017311,1,0,0.0,False,False,12.952080967007975,64.30415749549866,Risco por distracao,Atencao: foco visual fora da direcao,21.91885980414505
1777745901.1071389,884,False,0.0,0.0,0.0,0.0,False,False,0.06258322237017311,1,0,0.0,False,False,12.952080967007975,64.84483520189922,Risco por distracao,Atencao: foco visual fora da direcao,21.92485814055283
1777745901.148113,885,False,0.0,0.0,0.0,0.0,False,False,0.06258322237017311,1,0,0.0,False,False,12.952080967007975,65.32286683718364,Risco por distracao,Atencao: foco visual fora da direcao,22.162027727997668
1777745901.1927774,886,False,0.0,0.0,0.0,0.0,False,False,0.06258322237017311,1,0,0.0,False,False,12.952080967007975,65.84395130475362,Risco por distracao,Atencao: foco visual fora da direcao,22.177639019985744
1777745901.235828,887,False,0.0,0.0,0.0,0.0,False,False,0.06258322237017311,1,0,0.0,False,False,12.952080967007975,66.34620745976767,Risco por distracao,Atencao: foco visual fora da direcao,22.300348454368745
1777745901.2794952,888,False,0.0,0.0,0.0,0.0,False,False,0.06258322237017311,1,0,0.0,False,False,12.952080967007975,66.85565948486328,Risco por distracao,Atencao: foco visual fora da direcao,22.36104394059048
1777745901.3224025,889,False,0.0,0.0,0.0,0.0,False,False,0.06258322237017311,1,0,0.0,False,False,12.952080967007975,67.35624392827353,Risco por distracao,Atencao: foco visual fora da direcao,22.43037784420473
1777745901.3647265,890,False,0.0,0.0,0.0,0.0,False,False,0.06258322237017311,1,0,0.0,False,False,12.952080967007975,67.8500247001648,Risco por distracao,Atencao: foco visual fora da direcao,22.57761451161443
1777745901.409398,891,False,0.0,0.0,0.0,0.0,False,False,0.06258322237017311,1,0,0.0,False,False,12.952080967007975,68.37119261423747,Risco por distracao,Atencao: foco visual fora da direcao,22.55800094880059
1777745901.4546623,892,False,0.0,0.0,0.0,0.0,False,False,0.06258322237017311,1,0,0.0,False,False,12.952080967007975,68.89927546183269,Risco por distracao,Atencao: foco visual fora da direcao,22.460322078364378
1777745901.4996874,893,False,0.0,0.0,0.0,0.0,False,False,0.06258322237017311,1,0,0.0,False,False,12.952080967007975,69.42456841468811,Risco por distracao,Atencao: foco visual fora da direcao,22.483644059333997
1777745901.5465837,894,False,0.0,0.0,0.0,0.0,False,False,0.06258322237017311,1,0,0.0,False,False,12.952080967007975,69.97169097264607,Risco por distracao,Atencao: foco visual fora da direcao,22.352008798592355
1777745901.596241,895,False,0.0,0.0,0.0,0.0,False,False,0.06258322237017311,1,0,0.0,False,False,12.952080967007975,70.55102666219075,Risco por distracao,Atencao: foco visual fora da direcao,22.12615136485635
1777745901.6471527,896,False,0.0,0.0,0.0,0.0,False,False,0.06258322237017311,1,0,0.0,False,False,12.952080967007975,71.1449960867564,Risco por distracao,Atencao: foco visual fora da direcao,21.884787499395713
1777745901.7032163,897,True,0.0999751927316611,0.23110601658024238,0.16554060465595175,0.6537496894035272,True,True,0.06382978723404255,1,0,65.31340789794922,False,True,16.389154030687486,50.0,Atencao,Atencao: cabeca inclinada,21.47767142139939
1777745901.7575088,898,True,0.13481619192068336,0.2732347331308783,0.20402546252578085,0.5028079675142845,True,False,0.0650730411686587,1,0,48.88952713012695,False,True,15.738907408306092,50.0,Atencao,Atencao: sinais iniciais de risco,21.159506139655388
1777745901.8136876,899,True,0.20587300491184024,0.20569098813479522,0.20578199652331775,0.07470750447780199,True,False,0.06631299734748011,1,0,39.042776060104366,False,True,15.417063829392905,50.0,Atencao,Atencao: sinais iniciais de risco,20.83465269868291
1777745901.8634233,900,True,0.21747615140280788,0.3258271072845216,0.2716516293436647,0.0074788682137984465,False,False,0.06622516556291391,1,0,35.76951337456703,False,True,15.238740733662585,50.0,Atencao,Atencao: sinais iniciais de risco,20.742540971269275
1777745901.913594,901,True,0.2330659100247314,0.3099743897037254,0.2715201498642284,0.00914316440057662,False,False,0.06613756613756613,1,0,37.118289375305174,False,True,15.29413461271417,50.0,Atencao,Atencao: sinais iniciais de risco,20.68259652914792
1777745901.9606566,902,True,0.2539176428712057,0.33110836401806004,0.2925130034446329,0.19136215378421237,False,False,0.06605019815059446,1,0,40.87478275299072,False,True,15.469946183389844,50.0,Atencao,Atencao: sinais iniciais de risco,20.710026043239843
1777745902.0063143,903,True,0.2427932477238955,0.33591729191479264,0.28935526981934406,0.2674399495874245,False,False,0.06596306068601583,1,0,43.112516689300534,False,True,15.569851478825772,50.0,Atencao,Atencao: sinais iniciais de risco,20.846957872623808
1777745902.0531478,904,True,0.2519278642437989,0.30129112508216366,0.2766094946629813,0.28704199003723874,False,False,0.06587615283267458,1,0,44.55115404129028,False,True,15.629833516590837,50.0,Atencao,Atencao: sinais iniciais de risco,20.926768935799334
1777745902.0967014,905,True,0.24336553112123419,0.3415659572786209,0.29246574419992755,0.254169159060535,False,False,0.06578947368421052,1,0,45.40697526931762,False,True,15.660706195078397,50.0,Atencao,Atencao: sinais iniciais de risco,21.100709748691244
1777745902.139405,906,True,0.24550554944216751,0.3657351737076793,0.3056203615749234,0.2169453594605702,False,False,0.0657030223390276,1,0,46.09816465377807,False,True,15.683378604338767,50.0,Atencao,Atencao: sinais iniciais de risco,21.36701945151514
1777745902.1836486,907,True,0.2427929792492397,0.3297296477837644,0.2862613135165021,0.19764805932401994,False,False,0.06561679790026247,1,0,45.91855363845825,False,True,15.662542193242569,50.0,Atencao,Atencao: sinais iniciais de risco,21.48345782085069
1777745902.2304783,908,True,0.28357207348682967,0.33200265034744847,0.30778736191713907,0.16711014291705747,False,False,0.0655307994757536,1,0,48.12540483474731,False,True,15.761059969687054,50.0,Atencao,Atencao: sinais iniciais de risco,21.467608295157312
1777745902.27203,909,True,0.26763130250074846,0.3551499258733778,0.31139061418706315,0.1400645279509105,False,False,0.06544502617801047,1,0,48.52285327911376,False,True,15.769138563465695,50.0,Atencao,Atencao: sinais iniciais de risco,21.714898729701147
1777745902.3145134,910,True,0.28298433153425706,0.3441852120695498,0.3135847718019034,0.08834121683067166,False,False,0.06535947712418301,1,0,49.2449460029602,False,True,15.793480204756744,50.0,Atencao,Atencao: sinais iniciais de risco,21.842777449456698
1777745902.356996,911,True,0.2891243213786099,0.3717440889772275,0.33043420517791866,0.08676298142053682,False,False,0.06527415143603134,1,0,49.011132049560544,False,True,15.770057224965905,50.0,Atencao,Atencao: sinais iniciais de risco,22.094725404071866
1777745902.397857,912,True,0.2802335957575409,0.35582949856393875,0.31803154716073984,0.055577788062417116,False,False,0.0651890482398957,1,0,49.001747322082515,False,True,15.757886299123355,50.0,Atencao,Atencao: sinais iniciais de risco,22.3015931236903
1777745902.4433875,913,True,0.298639290983694,0.3540307053191073,0.32633499815140066,0.02729241490520568,False,False,0.06510416666666667,1,0,49.26090879440307,False,True,15.759173156420388,50.0,Atencao,Atencao: sinais iniciais de risco,22.2663416252577
1777745902.491291,914,True,0.28087822015123604,0.3605869729604938,0.32073259655586495,0.026297365167372137,False,False,0.06501950585175553,1,0,48.95026779174805,False,True,15.732000244237359,50.0,Atencao,Atencao: sinais iniciais de risco,22.13634571213901
1777745902.5381064,915,True,0.30597108813168616,0.3495041317052546,0.32773760991847034,0.01798434565128949,False,False,0.06493506493506493,1,0,49.639991188049315,False,True,15.754875788007462,50.0,Atencao,Atencao: sinais iniciais de risco,22.076486386403325
1777745902.5777323,916,True,0.30374390333117385,0.3480508743149579,0.32589738882306585,0.0202986800605068,False,False,0.0648508430609598,1,0,49.26836833953857,False,True,15.72471413789247,50.0,Atencao,Atencao: sinais iniciais de risco,22.382063598424555
1777745902.6211343,917,True,0.2993968457075173,0.37856299420336315,0.3389799199554402,0.01612238519416234,False,False,0.06476683937823834,1,0,50.157304763793945,False,True,15.757610452731036,50.0,Atencao,Atencao: sinais iniciais de risco,22.43212915911102
1777745902.6630116,918,True,0.30127591344336535,0.37383486168431224,0.3375553875638388,0.009438724528944752,False,False,0.0646830530401035,1,0,49.983755111694336,False,True,15.737412348632514,50.0,Atencao,Atencao: sinais iniciais de risco,22.577318163026458
1777745902.7141495,919,True,0.2956258905972511,0.3887750632710044,0.34220047693412775,0.010877026281601464,False,False,0.06459948320413436,1,0,51.27225227355957,False,True,15.790346354280022,50.0,Atencao,Atencao: sinais iniciais de risco,22.27615827622312
1777745902.769541,920,True,0.3002224824496327,0.37383750607315086,0.3370299942613918,0.02501774693159321,False,False,0.06451612903225806,1,0,51.429052925109865,False,True,15.786725188224548,50.0,Atencao,Atencao: sinais iniciais de risco,21.83686896841894
1777745902.8208404,921,True,0.2906692747043027,0.38678317278013286,0.3387262237422178,0.02333077002661698,False,False,0.06443298969072164,1,0,51.748106193542476,False,True,15.791246192184918,50.0,Atencao,Atencao: sinais iniciais de risco,21.596163343738024
1777745902.8692777,922,True,0.2978500079243637,0.38435100875749295,0.3411005083409283,0.019913359670651606,False,False,0.06435006435006435,1,0,52.02684993743895,False,True,15.793781145039365,50.0,Atencao,Atencao: sinais iniciais de risco,21.528570958642216
1777745902.915967,923,True,0.2892037846122048,0.38788088392769565,0.33854233426995023,0.02751132771217123,False,False,0.06426735218508997,1,0,52.15524921417236,False,True,15.788828186192056,50.0,Atencao,Atencao: sinais iniciais de risco,21.513438940096478
1777745902.9635808,924,True,0.2983833647373981,0.3873177468829643,0.3428505558101812,0.01789087749938031,False,False,0.06418485237483953,1,0,52.58573989868164,False,True,15.799008996508087,50.0,Atencao,Atencao: sinais iniciais de risco,21.482527104515245
1777745903.0102346,925,True,0.29303740020267155,0.39794165941826737,0.34548952981046943,0.02706945142684964,False,False,0.0641025641025641,1,0,52.563990402221684,False,True,15.786606884247217,50.0,Atencao,Atencao: sinais iniciais de risco,21.462708355904027
1777745903.0549085,926,True,0.29757193804953175,0.39128590206312885,0.3444289200563303,0.035959211629026384,False,False,0.06402048655569782,1,0,52.73261852264404,False,True,15.783752627574222,50.0,Atencao,Atencao: sinais iniciais de risco,21.5676047504344
1777745903.0959947,927,True,0.29260246884894847,0.3789643070500419,0.3357833879494952,0.03122685224203449,False,False,0.0639386189258312,1,0,52.91150684356689,False,True,15.781440244513703,50.0,Atencao,Atencao: sinais iniciais de risco,21.841332316380587
1777745903.1373248,928,True,0.2926080344635904,0.3757700432714032,0.3341890388674968,0.027008455727122037,False,False,0.06385696040868455,1,0,52.928466987609866,False,True,15.771060205608189,50.0,Atencao,Atencao: sinais iniciais de risco,22.090514086963267
1777745903.1786191,929,True,0.2876914984722221,0.38637186176392735,0.3370316801180747,0.04837623958940567,False,False,0.06377551020408163,1,0,52.92936134338378,False,True,15.759905520263983,50.0,Atencao,Atencao: sinais iniciais de risco,22.25091756169775
1777745903.2213807,930,True,0.28224644742067573,0.37802010909466943,0.3301332782576726,0.03699307171484675,False,False,0.06369426751592357,1,0,53.4271535873413,False,True,15.773624262840123,50.0,Atencao,Atencao: sinais iniciais de risco,22.393451833619007
1777745903.2631652,931,True,0.29094582397284063,0.3493362668990546,0.3201410454359476,0.03971185437306174,False,False,0.06361323155216285,1,0,53.356223106384284,False,True,15.758935293775174,50.0,Atencao,Atencao: sinais iniciais de risco,22.571182812770452
1777745903.3048182,932,True,0.20648595908944237,0.20722102731564215,0.20685349320254226,0.03998166309078343,True,False,0.06480304955527319,1,0,53.96806030273438,False,True,15.953127129020352,50.0,Atencao,Atencao: sinais iniciais de risco,22.68681960776567
1777745903.346775,933,True,0.08357516114092986,0.050417198454433515,0.06699617979768169,0.03350623046758282,True,False,0.06598984771573604,1,0,52.480183601379395,False,True,16.041918041016245,50.0,Atencao,Atencao: sinais iniciais de risco,22.827944595716147
1777745903.3886416,934,True,0.09421227212016135,0.04419720732183462,0.06920473972099798,0.022446323077490216,True,False,0.06717363751584284,1,0,52.81653690338135,False,True,16.221506803631026,50.0,Atencao,Atencao: sinais iniciais de risco,22.896309963633886
1777745903.431607,935,True,0.18348307461318755,0.20155661478735162,0.1925198447002696,0.024561941370613707,True,False,0.06835443037974684,1,0,53.75257034301757,False,True,16.430667494399636,50.0,Atencao,Atencao: sinais iniciais de risco,22.946779871827726
1777745903.4715543,936,True,0.24415582597713734,0.2729155801354154,0.2585357030562764,0.03516259135357381,False,False,0.06826801517067003,1,0,54.55421009063721,False,True,16.458152166584398,50.0,Atencao,Atencao: sinais iniciais de risco,23.184888811772378
1777745903.5156937,937,True,0.25072405576987883,0.2940891426809749,0.27240659922542687,0.03158225691892617,False,False,0.06818181818181818,1,0,54.04521865844727,False,True,16.42085050900777,50.0,Atencao,Atencao: sinais iniciais de risco,23.10247088774777
1777745903.5592456,938,True,0.24573020511179727,0.29873785625728544,0.27223403068454133,0.015808692619494934,False,False,0.06809583858764187,1,0,54.00111198425292,False,True,16.406822981098813,50.0,Atencao,Atencao: sinais iniciais de risco,23.101404640039704
1777745903.6015823,939,True,0.2598024325653653,0.31529915771930017,0.2875507951423327,0.00983045685254491,False,False,0.06801007556675064,1,0,54.57017803192139,False,True,16.423483868109688,50.0,Atencao,Atencao: sinais iniciais de risco,23.17136651966416
1777745903.647003,940,True,0.2755050926935619,0.33779558221904893,0.30665033745630543,0.021440597295285576,False,False,0.06792452830188679,1,0,54.9575834274292,False,True,16.4310913889663,50.0,Atencao,Atencao: sinais iniciais de risco,23.05296471396867
1777745903.694226,941,True,0.2769979930211254,0.3441538903374831,0.31057594167930425,0.02460121991932475,False,False,0.0678391959798995,1,0,54.80042057037353,False,True,16.411500051840264,50.0,Atencao,Atencao: sinais iniciais de risco,22.826194983601464
1777745903.7439988,942,True,0.30447380244283617,0.36781659154392754,0.33614519699338186,0.021264638993645675,False,False,0.06775407779171895,1,0,53.75142192840576,False,True,16.34734636886705,50.0,Atencao,Atencao: sinais iniciais de risco,22.585283496047445
1777745903.7947993,943,True,0.2772229514368824,0.38855601628440395,0.3328894838606432,0.0230590590711737,False,False,0.06766917293233082,1,0,54.10220851898193,False,True,16.353211280229992,50.0,Atencao,Atencao: sinais iniciais de risco,22.248671528694622
1777745903.861609,944,True,0.30258300598113186,0.36610886947639437,0.3343459377287631,0.0238684149221277,False,False,0.06758448060075094,1,0,54.80415592193604,False,True,16.37666345478546,50.0,Atencao,Atencao: sinais iniciais de risco,21.536862827053362
1777745903.9215133,945,True,0.2943490513998051,0.3982702367687896,0.3463096440842973,0.01819892277781444,False,False,0.0675,1,0,53.9544132232666,False,True,16.322560237248737,50.0,Atencao,Atencao: sinais iniciais de risco,21.03327620915769
1777745903.9721208,946,True,0.3038812674897588,0.3802552056369746,0.3420682365633667,0.008758169491903828,False,False,0.06741573033707865,1,0,54.19727115631103,False,True,16.323116055249272,50.0,Atencao,Atencao: sinais iniciais de risco,20.960755936720602
1777745904.021094,947,True,0.294481658314782,0.41311662017876283,0.3537991392467724,0.008642833216600594,False,False,0.06733167082294264,1,0,53.88332309722901,False,True,16.29586046910147,50.0,Atencao,Atencao: sinais iniciais de risco,20.889316110569126
1777745904.0625064,948,True,0.2898927765507926,0.4082976214743361,0.34909519901256436,0.009213287206208811,False,False,0.06724782067247821,1,0,54.070066642761226,False,True,16.293668250689223,50.0,Atencao,Atencao: sinais iniciais de risco,21.222442667571187
1777745904.1027496,949,True,0.29713668912819624,0.4015631129720909,0.3493499010501436,0.007253078312053923,False,False,0.06716417910447761,1,0,54.066264343261714,False,True,16.281977420114167,50.0,Atencao,Atencao: sinais iniciais de risco,21.55104664085582
1777745904.143648,950,True,0.2987341466692328,0.3881797264544524,0.3434569365618426,0.00801107545433794,False,False,0.0670807453416149,1,0,54.35678062438964,False,True,16.28503109177694,50.0,Atencao,Atencao: sinais iniciais de risco,21.889433961611445
1777745904.1829545,951,True,0.2950642493576335,0.41131802726718103,0.3531911383124072,0.007264247152875213,False,False,0.06699751861042183,1,0,53.737922477722165,False,True,16.24264450890452,50.0,Atencao,Atencao: sinais iniciais de risco,22.241483127121587
1777745904.2211785,952,True,0.2939603212929297,0.3827500408710111,0.3383551810819704,0.006400272964422714,False,False,0.06691449814126393,1,0,54.33838882446289,False,True,16.261252511732344,50.0,Atencao,Atencao: sinais iniciais de risco,22.585981908762193
1777745904.2609506,953,True,0.3008543092948629,0.41371455171276583,0.35728443050381437,0.007589807073820398,False,False,0.06683168316831684,1,0,53.83456268310547,False,True,16.224674145884247,50.0,Atencao,Atencao: sinais iniciais de risco,22.86341437231169
1777745904.3016803,954,True,0.2966320343979153,0.3833561667347644,0.33999410056633983,0.00859169155085164,False,False,0.06674907292954264,1,0,54.38036861419677,False,True,16.24060553460736,50.0,Atencao,Atencao: sinais iniciais de risco,23.040509382105327
1777745904.3435538,955,True,0.2995879784153414,0.40717416873373596,0.3533810735745387,0.006954515433739796,False,False,0.06666666666666667,1,0,53.72865104675293,False,True,16.19668879508972,50.0,Atencao,Atencao: sinais iniciais de risco,23.1394496877924
1777745904.3863804,956,True,0.30125891996511156,0.3773738122593807,0.33931636611224614,0.0068266328739059415,False,False,0.06658446362515413,1,0,54.361182022094724,False,True,16.21701242564884,50.0,Atencao,Atencao: sinais iniciais de risco,23.13627034450946
1777745904.4308145,957,True,0.3068644359197335,0.41768426150009613,0.3622743487099148,0.007565960082619665,False,False,0.0665024630541872,1,0,54.01911239624023,False,True,16.188633865848157,50.0,Atencao,Atencao: sinais iniciais de risco,23.07177514432019
1777745904.4722435,958,True,0.30633160533405845,0.38951182955523495,0.3479217174446467,0.00789283758840346,False,False,0.06642066420664207,1,0,54.26914234161377,False,True,16.18988802157938,50.0,Atencao,Atencao: sinais iniciais de risco,23.20914909021763
1777745904.5123038,959,True,0.3056404781428923,0.41218337052885284,0.3589119243358726,0.0070200425130997005,False,False,0.06633906633906633,1,0,54.10988006591797,False,True,16.170705201002928,50.0,Atencao,Atencao: sinais iniciais de risco,23.35904159354741
1777745904.5557451,960,True,0.30196446930224696,0.37916230534310713,0.34056338732267705,0.0068634898892526944,False,False,0.06625766871165645,1,0,54.262768554687504,False,True,16.167157451672544,50.0,Atencao,Atencao: sinais iniciais de risco,23.349405888881158
1777745904.5974855,961,True,0.3038554620907227,0.4167896633080473,0.360322562699385,0.007437963533527899,False,False,0.0661764705882353,1,0,54.0143144607544,False,True,16.143570005005483,50.0,Atencao,Atencao: sinais iniciais de risco,23.410552969497278
1777745904.6378157,962,True,0.301243051557458,0.385732383680835,0.34348771761914654,0.008300659070092246,False,False,0.06609547123623011,1,0,54.251809692382814,False,True,16.144307355686188,50.0,Atencao,Atencao: sinais iniciais de risco,23.528512050914877
1777745904.680696,963,True,0.3015332401268266,0.4124967495343466,0.35701499483058663,0.008055502414730678,False,False,0.06601466992665037,1,0,53.98346519470214,False,True,16.11977995073494,50.0,Atencao,Atencao: sinais iniciais de risco,23.5014423646572
1777745904.726298,964,True,0.2984303086840498,0.38490170868158696,0.3416660086828184,0.008800506402525025,False,False,0.06593406593406594,1,0,54.07765922546386,False,True,16.113406603292667,50.0,Atencao,Atencao: foco visual fora da direcao,23.314133693882077
1777745904.7749584,965,True,0.29738720060163154,0.4188417041227064,0.358114452362169,0.00969330065713684,False,False,0.06585365853658537,1,0,53.999101829528804,False,True,16.098422716342338,50.0,Atencao,Atencao: foco visual fora da direcao,23.033161169529226
1777745904.8216474,966,True,0.30085172239835994,0.39426958997466016,0.34756065618651005,0.009048232184055035,False,False,0.06577344701583435,1,0,53.92897815704345,False,True,16.083887448614803,50.0,Atencao,Atencao: foco visual fora da direcao,22.908347155723067
1777745904.872821,967,True,0.2987137730282973,0.41508009218652236,0.35689693260740984,0.008706697293384353,False,False,0.06569343065693431,1,0,53.945706558227535,False,True,16.07372161932525,50.0,Atencao,Atencao: foco visual fora da direcao,22.58205635197693
1777745904.9202747,968,True,0.2984316248571534,0.3887578788865319,0.34359475187184263,0.008061344811749097,False,False,0.06561360874848117,1,0,53.81511173248291,False,True,16.056216365625716,50.0,Atencao,Atencao: foco visual fora da direcao,22.426205987047062
1777745904.968767,969,True,0.3022032972592381,0.3886075687921759,0.34540543302570703,0.006792316169113646,False,False,0.06553398058252427,1,0,53.54637241363525,False,True,16.03183052686426,50.0,Atencao,Atencao: foco visual fora da direcao,22.247522016788025
1777745905.0120528,970,True,0.30708353125674537,0.38869257972143495,0.3478880554890902,0.006048830325645408,False,False,0.06545454545454546,1,0,53.786379051208485,False,True,16.032908528645834,50.0,Atencao,Atencao: foco visual fora da direcao,22.321694377236167
1777745905.054235,971,True,0.30246707375427345,0.4116838684349822,0.35707547109462784,0.006932053034757395,False,False,0.06537530266343826,1,0,53.40264549255372,False,True,16.002825966935852,50.0,Atencao,Atencao: foco visual fora da direcao,22.456775448823898
1777745905.093876,972,True,0.31262262722526785,0.3848843850037191,0.34875350611449346,0.0030447906233695547,False,False,0.06529625151148731,1,0,52.80544414520263,False,True,15.962096366175043,50.0,Atencao,Atencao: foco visual fora da direcao,22.740271925241167
1777745905.1349335,973,True,0.30591623235546206,0.41100220543401855,0.3584592188947403,0.004792051632219836,False,False,0.06521739130434782,1,0,52.81528034210206,False,True,15.951744897538337,50.0,Atencao,Atencao: foco visual fora da direcao,22.88147031714399
1777745905.1755033,974,True,0.3065875183789021,0.38930803425583205,0.34794777631736706,0.001298975774545808,False,False,0.06513872135102533,1,0,51.05470581054688,False,True,15.852899052378735,50.0,Atencao,Atencao: foco visual fora da direcao,23.08040909305937
1777745905.2132447,975,True,0.2913461138932409,0.3510027477972321,0.3211744308452365,0.0024091361480667105,False,False,0.06506024096385542,1,0,49.529846382141116,False,True,15.765865027722583,50.0,Atencao,Atencao: foco visual fora da direcao,23.412004966351866
1777745905.258559,976,True,0.2998990666355619,0.35770471427386086,0.32880189045471137,0.0021469200018476536,False,False,0.06498194945848375,1,0,50.21813468933105,False,True,15.789514361093477,50.0,Atencao,Atencao: foco visual fora da direcao,23.245180751933702
1777745905.2994204,977,True,0.29345803423473965,0.3485017094620813,0.3209798718484105,0.002237034608114288,False,False,0.06490384615384616,1,0,50.20476913452148,False,True,15.778106878965328,50.0,Atencao,Atencao: foco visual fora da direcao,23.400722989263745
1777745905.3374226,978,True,0.2683554785059775,0.3370856062346205,0.302720542370299,0.0012854587834558342,False,False,0.06482593037214886,1,0,47.83687328046018,False,True,15.648998666278885,50.0,Atencao,Atencao: foco visual fora da direcao,23.713986998498296
1777745905.3757336,979,True,0.27212349550442877,0.33447468355418997,0.3032990895293094,0.002250662703617392,False,False,0.06474820143884892,1,0,46.96863537593321,False,True,15.594899042723796,50.0,Atencao,Atencao: foco visual fora da direcao,23.94803733135662
1777745905.4123485,980,True,0.2683356122925079,0.3494304109576018,0.3088830116250548,0.0029824148282782494,False,False,0.06467065868263473,1,0,41.47115787050941,False,False,15.309363038473153,50.0,Atencao,Atencao: sinais iniciais de risco,24.287595784595606
1777745905.453919,981,True,0.2862952514986614,0.3314359694160056,0.3088656104573335,0.005899635679348123,False,False,0.0645933014354067,1,0,38.22602022723718,False,False,15.136469534815689,50.0,Atencao,Atencao: sinais iniciais de risco,24.264561830790086
1777745905.685931,982,True,0.27439111084659235,0.31163950308911254,0.29301530696785244,0.00467703623988788,False,False,0.06451612903225806,1,0,30.35321252102201,False,False,14.732217944071992,50.0,Atencao,Atencao: sinais iniciais de risco,22.267428759795866
1777745905.7298734,983,True,0.2769940150713786,0.3170363428814041,0.29701517897639135,0.002167817929754296,False,False,0.06443914081145585,1,0,29.696875664049927,False,False,14.688815220863084,50.0,Atencao,Atencao: sinais iniciais de risco,22.319213043096656
1777745905.7722788,984,True,0.28772534634047237,0.31304530896185506,0.3003853276511637,0.008995778434141618,False,False,0.06436233611442194,1,0,29.252574503692713,False,False,14.65603951700306,50.0,Atencao,Atencao: sinais iniciais de risco,22.514217017943654
1777745905.8147478,985,True,0.2687798917740107,0.3069647932327164,0.2878723425033636,0.004562457070446877,False,False,0.06428571428571428,1,0,27.861352941393854,False,False,14.575942937440814,50.0,Atencao,Atencao: sinais iniciais de risco,22.605544157496393
1777745905.8606057,986,True,0.27659430472175456,0.3273898407653866,0.30199207274357054,0.0037110106157073495,False,False,0.06420927467300833,1,0,28.1914888265458,False,False,14.581939284951343,50.0,Atencao,Atencao: sinais iniciais de risco,22.503246042802335
1777745905.9055085,987,True,0.2804341553193094,0.332860731544621,0.30664744343196515,0.0030649646915659563,False,False,0.06413301662707839,1,0,26.71856479292566,False,False,14.49780760195497,50.0,Atencao,Atencao: sinais iniciais de risco,22.473224332791673
1777745905.9476862,988,True,0.28926050136987524,0.3059373863583126,0.2975989438640939,0.0024633856482830737,False,False,0.06405693950177936,1,0,30.110034916075794,False,False,14.656920503383859,50.0,Atencao,Atencao: sinais iniciais de risco,22.605143491728725
1777745905.9903617,989,True,0.2870298485717028,0.3396686373542174,0.3133492429629601,0.003629276272132785,False,False,0.06398104265402843,1,0,29.277317177707495,False,False,14.604848799899694,50.0,Atencao,Atencao: sinais iniciais de risco,22.698561742183728
1777745906.0304182,990,True,0.273128275742939,0.28753331276833527,0.2803307942556371,0.0033698060470992368,False,False,0.06390532544378698,1,0,30.894211236455227,False,False,14.67528238642888,50.0,Atencao,Atencao: sinais iniciais de risco,22.939388522566688
1777745906.0709171,991,True,0.28581485678754964,0.3033605773111752,0.29458771704936243,0.0036533282914018,False,False,0.06382978723404255,1,0,29.398343592611226,False,False,14.59010250039682,50.0,Atencao,Atencao: sinais iniciais de risco,23.092477632799774
1777745906.1162155,992,True,0.2854180232101874,0.2660025720493758,0.2757102976297816,0.004276688818941395,False,False,0.06375442739079103,1,0,33.941229636831714,False,False,14.806884824160761,50.0,Atencao,Atencao: sinais iniciais de risco,23.019951013624237
1777745906.1557045,993,True,0.2716389299828848,0.25126173134561886,0.26145033066425183,0.004977606561134631,False,False,0.06367924528301887,1,0,33.181188481775195,False,False,14.758545226589261,50.0,Atencao,Atencao: sinais iniciais de risco,23.222137896534523
1777745906.1981945,994,True,0.31128898278185957,0.362135102866022,0.3367120428239408,0.06673946103369367,False,False,0.0636042402826855,1,0,43.0885303887454,False,True,15.243599134391935,50.0,Atencao,Atencao: sinais iniciais de risco,23.281086257579734
1777745906.2376156,995,True,0.29262756494108827,0.3460086619592014,0.3193181134501448,0.09535147300654667,False,False,0.06352941176470588,1,0,43.3097536211664,False,True,15.244371374790784,50.0,Atencao,Atencao: sinais iniciais de risco,23.45792490156577
1777745906.2790422,996,True,0.30494703543546003,0.3539712561124797,0.32945914577396984,0.18119776972804055,False,False,0.06345475910693302,1,0,47.22099571228027,False,True,15.429668738902711,50.0,Atencao,Atencao: sinais iniciais de risco,23.54919526404516
1777745906.3197458,997,True,0.29067950024733014,0.37484479925415687,0.3327621497507435,0.19902006246995146,False,False,0.06338028169014084,1,0,46.31891946792602,False,True,15.374324281876076,50.0,Atencao,Atencao: sinais iniciais de risco,23.620659263587928
1777745906.3603761,998,True,0.29824126651307664,0.3810473758974717,0.33964432120527416,0.2160973841721973,False,False,0.06330597889800703,1,0,46.19639873504639,False,True,15.357981611313694,50.0,Atencao,Atencao: sinais iniciais de risco,23.70761091183666
1777745906.4022098,999,True,0.28917284713638236,0.3768961393006327,0.33303449321850753,0.23068324274464624,False,False,0.06323185011709602,1,0,46.241466712951656,False,True,15.350042302833693,50.0,Atencao,Atencao: sinais iniciais de risco,23.752466299994865
1777745906.4432259,1000,True,0.2889903936105821,0.3643053466121725,0.3266478701113773,0.2519433603239785,False,False,0.06315789473684211,1,0,46.00914878845215,False,True,15.328257541823806,50.0,Atencao,Atencao: sinais iniciais de risco,23.808730099854795
1777745906.4846568,1001,True,0.2964612810904151,0.3759364877709381,0.3361988844306766,0.23181046795612723,False,False,0.0630841121495327,1,0,46.24563980102539,False,True,15.329936986697424,50.0,Atencao,Atencao: sinais iniciais de risco,23.84673985590011
1777745906.5271575,1002,True,0.29160947489616956,0.3781114142026145,0.334860444549392,0.24146476732804795,False,False,0.06301050175029171,1,0,46.30762157440185,False,True,15.322914645470611,50.0,Atencao,Atencao: sinais iniciais de risco,23.80105566112327
1777745906.5695724,1003,True,0.2874395034595695,0.3700374679782053,0.3287384857188874,0.23105184627792583,False,False,0.06293706293706294,1,0,46.32566919326782,False,True,15.313719189594952,50.0,Atencao,Atencao: sinais iniciais de risco,23.795897251896093
1777745906.6091113,1004,True,0.28946693795916295,0.390681823869948,0.34007438091455544,0.19210170710568739,False,False,0.06286379511059371,1,0,47.03450450897217,False,True,15.33908662924065,50.0,Atencao,Atencao: sinais iniciais de risco,23.964331406718955
1777745906.654735,1005,True,0.30439856807971083,0.3916134935402331,0.34800603080997194,0.18908708284380357,False,False,0.06279069767441861,1,0,47.801066112518306,False,True,15.367363811943882,50.0,Atencao,Atencao: sinais iniciais de risco,23.73358640156051
1777745906.7012618,1006,True,0.29896540843672,0.3841209040563305,0.3415431562465252,0.2206937911806307,False,False,0.0627177700348432,1,0,47.24743757247924,False,True,15.32965483450031,50.0,Atencao,Atencao: sinais iniciais de risco,23.526192656489314
1777745906.7510774,1007,True,0.2932944105285838,0.3899185788985341,0.341606494713559,0.25971776920220385,False,False,0.06264501160092807,1,0,47.149509048461915,False,True,15.314754123636114,50.0,Atencao,Atencao: sinais iniciais de risco,23.185949502582694
1777745906.7962246,1008,True,0.23843497512257913,0.30089644837840723,0.2696657117504932,0.23185048612923173,False,False,0.06257242178447277,1,0,47.778938102722165,False,True,15.336244476586522,50.0,Atencao,Atencao: sinais iniciais de risco,23.062985247200235
1777745906.8428462,1009,True,0.14362266164854753,0.14302895489918568,0.1433258082738666,0.26237023365938356,True,False,0.06365740740740741,1,0,47.23519639968872,False,True,15.458242914588364,50.0,Atencao,Atencao: sinais iniciais de risco,22.89576991271136
1777745906.88948,1010,True,0.1391167074151476,0.1387675402923557,0.13894212385375165,0.2810757499601156,True,False,0.06473988439306358,1,0,46.61021165847778,False,True,15.575834263055539,50.0,Atencao,Atencao: sinais iniciais de risco,22.772284490072753
1777745906.9372325,1011,True,0.12718238806199664,0.1681692900063882,0.1476758390341924,0.25613193919101523,True,False,0.06581986143187067,1,0,46.36335218711333,False,True,15.711988132323292,50.0,Atencao,Atencao: sinais iniciais de risco,22.57209335453426
1777745906.9832625,1012,True,0.18661421811846526,0.2227605076128625,0.20468736286566389,0.24517669392393246,True,False,0.06689734717416378,1,0,42.69543008695949,False,True,15.676746316880902,50.0,Atencao,Atencao: sinais iniciais de risco,22.510726851008556
1777745907.029763,1013,True,0.23983153978006633,0.27435925155425966,0.257095395667163,0.20339344186137776,False,False,0.06682027649769585,1,0,35.78050569350069,False,False,15.324191586847304,50.0,Atencao,Atencao: sinais iniciais de risco,22.403548035135188
1777745907.0698647,1014,True,0.27063771283866783,0.28746396024205645,0.2790508365403621,0.17357027771486233,False,False,0.0667433831990794,1,0,31.99013568460941,False,False,15.124100257842976,50.0,Atencao,Atencao: sinais iniciais de risco,22.598647601068254
1777745907.1127527,1015,True,0.26070486634482676,0.2988213462696043,0.27976310630721557,0.003995905229944299,False,False,0.06666666666666667,1,0,31.63390055651014,False,False,15.095739978231263,50.0,Atencao,Atencao: sinais iniciais de risco,22.711723722096696
1777745907.1587021,1016,True,0.2764560992738608,0.32231779939296046,0.2993869493334106,0.004631691716263405,False,False,0.06659012629161883,1,0,30.125035881725225,False,False,15.00977244292294,50.0,Atencao,Atencao: sinais iniciais de risco,22.616758872508747
1777745907.195819,1017,True,0.2689982755472015,0.33700931812901636,0.30300379683810896,0.0031576941567583935,False,False,0.06651376146788991,1,0,29.848967418616468,False,False,14.985468856504776,50.0,Atencao,Atencao: sinais iniciais de risco,23.054947180897607
1777745907.2344513,1018,True,0.2709061465916233,0.3231116333796902,0.2970088899856568,0.0032060472540066647,False,False,0.06643757159221077,1,0,29.753704720193685,False,False,14.970229613677754,50.0,Atencao,Atencao: sinais iniciais de risco,23.342672232205366
1777745907.27337,1019,True,0.30474697000809553,0.34252841813774826,0.32363769407292187,0.22721532520040516,False,False,0.06636155606407322,1,0,29.726374235207388,False,False,14.958410954309524,50.0,Atencao,Atencao: sinais iniciais de risco,23.56932939965951
1777745907.316133,1020,True,0.29090321788545637,0.31102680968966195,0.30096501378755913,0.22848498025073657,False,False,0.06628571428571428,1,0,28.927070119164206,False,False,14.908017503983015,50.0,Atencao,Atencao: sinais iniciais de risco,23.52701839021407
1777745907.36134,1021,True,0.3149589295603577,0.36571912470341883,0.34033902713188824,0.22329897950738425,False,False,0.06621004566210045,1,0,29.20302607877688,False,False,14.911410866216745,50.0,Atencao,Atencao: sinais iniciais de risco,23.415594615638785
1777745907.4024715,1022,True,0.322694825713769,0.422269654813102,0.3724822402634355,0.24775230062360476,False,False,0.0661345496009122,1,0,31.14030947576869,False,False,14.99789432765295,50.0,Atencao,Atencao: sinais iniciais de risco,23.489114913330894
1777745907.453345,1023,True,0.30503096142504454,0.39847003684462207,0.3517504991348333,0.20912851386091344,False,False,0.06605922551252848,1,0,32.63729908032851,False,False,15.06238674572818,50.0,Atencao,Atencao: sinais iniciais de risco,23.115582298929425
1777745907.5032308,1024,True,0.29732229440709845,0.3528332669611898,0.3250777806841441,0.1641526381421071,False,False,0.06598407281001138,1,0,32.534162235801865,False,False,15.046896406905748,50.0,Atencao,Atencao: sinais iniciais de risco,22.805994008939955
1777745907.544544,1025,True,0.2888590366516906,0.3567582286571925,0.32280863265444154,0.15286694612668159,False,False,0.0659090909090909,1,0,34.39045778458768,False,False,15.129401172968471,50.0,Atencao,Atencao: sinais iniciais de risco,22.94098774322726
1777745907.5865912,1026,True,0.29637132745421524,0.3713007484299764,0.3338360379420958,0.11154236448990516,False,False,0.06583427922814983,1,0,39.91053436561064,False,True,15.395118395890224,50.0,Atencao,Atencao: sinais iniciais de risco,23.019897422659582
1777745907.628489,1027,True,0.27168441794636894,0.3762438028840448,0.3239641104152069,0.11004979499036585,False,False,0.06575963718820861,1,0,37.730761211026795,False,False,15.275866457669114,50.0,Atencao,Atencao: sinais iniciais de risco,23.10947978073028
1777745907.6714108,1028,True,0.29080717882130397,0.37651703574844697,0.33366210728487544,0.10766696833624008,False,False,0.06568516421291053,1,0,37.15345929210836,False,False,15.236761327619705,50.0,Atencao,Atencao: sinais iniciais de risco,23.144440770897383
1777745907.7157106,1029,True,0.2868980296199454,0.3918751087450532,0.3393865691824993,0.12722280273342756,False,False,0.06561085972850679,1,0,38.189674548669295,False,False,15.278355223842238,50.0,Atencao,Atencao: sinais iniciais de risco,23.078435714779268
1777745907.7634695,1030,True,0.30786282334372805,0.3929662501915054,0.3504145367676167,0.01748881594351647,False,False,0.0655367231638418,1,0,39.30901830575683,False,True,15.324128634055178,50.0,Atencao,Atencao: sinais iniciais de risco,22.874504368727745
1777745907.80768,1031,True,0.3074556133968387,0.41379936793989025,0.36062749066836447,0.006408838321699087,False,False,0.0654627539503386,1,0,42.495215919884764,False,True,15.473267747904885,50.0,Atencao,Atencao: sinais iniciais de risco,22.822040409895184
1777745907.8526576,1032,True,0.2961544477492503,0.39881041343420076,0.34748243059172557,0.01365928578898995,False,False,0.06538895152198422,1,0,41.44815394011411,False,True,15.410766815017627,50.0,Atencao,Atencao: sinais iniciais de risco,22.739751451024688
1777745907.8966389,1033,True,0.32668604912178373,0.3978545767433577,0.3622703129325707,0.16088445701039197,False,False,0.06531531531531531,1,0,40.153067616982895,False,True,15.33588752044409,50.0,Atencao,Atencao: sinais iniciais de risco,22.799030309916738
1777745907.9403286,1034,True,0.2963919720812126,0.41348702540772675,0.3549394987444697,0.11719327261213622,False,False,0.06524184476940383,1,0,40.87916165644473,False,True,15.362090022354352,50.0,Atencao,Atencao: sinais iniciais de risco,22.75976756332526
1777745907.9873297,1035,True,0.3324251625624925,0.4084717332118573,0.3704484478871749,0.0048521600349524146,False,False,0.0651685393258427,1,0,42.175446204163805,False,True,15.41682475125065,50.0,Atencao,Atencao: sinais iniciais de risco,22.649516465082794
1777745908.028723,1036,True,0.31467372848509856,0.4156383430217604,0.3651560357534295,0.006297506859025802,False,False,0.06509539842873176,1,0,42.46686625101349,False,True,15.42133888024038,50.0,Atencao,Atencao: sinais iniciais de risco,22.798822460266493
1777745908.0717485,1037,True,0.31770951557700816,0.404735336251962,0.36122242591448506,0.0064581077990975315,False,False,0.06502242152466367,1,0,44.15182783061808,False,True,15.495552634911249,50.0,Atencao,Atencao: sinais iniciais de risco,22.821724050308696
1777745908.1120322,1038,True,0.3181291814299235,0.3891578184352834,0.35364349993260347,0.004008126274000695,False,False,0.06494960806270997,1,0,44.14572232528166,False,True,15.485235508625793,50.0,Atencao,Atencao: sinais iniciais de risco,23.026130337210844
1777745908.1564236,1039,True,0.2970086715833385,0.3755007631504128,0.3362547173668756,0.1470249252370628,False,False,0.06487695749440715,1,0,44.66994332237677,False,True,15.501457105338911,50.0,Atencao,Atencao: sinais iniciais de risco,22.97047604214801
1777745908.1972756,1040,True,0.11469010533525424,0.05673482731536044,0.08571246632530734,0.13534375389735118,True,False,0.0659217877094972,1,0,47.43960819244384,False,True,15.783604503417148,50.0,Atencao,Atencao: sinais iniciais de risco,23.130654280061886
1777745908.2376676,1041,True,0.22793158558294704,0.24699907399651308,0.23746532978973006,0.047383005702839105,False,False,0.06584821428571429,1,0,47.96211023330688,False,True,15.772789344587245,50.0,Atencao,Atencao: sinais iniciais de risco,23.27372230818978
1777745908.2810044,1042,True,0.21128709333143111,0.25126580697607864,0.23127645015375486,0.07127299326429994,False,False,0.06577480490523968,1,0,47.865466594696045,False,True,15.757863372841445,50.0,Atencao,Atencao: sinais iniciais de risco,23.263342436117274
1777745908.3290713,1043,True,0.3200059755337544,0.37836487284911086,0.3491854241914326,0.012007349738774542,False,False,0.06570155902004454,1,0,48.91231775283813,False,True,15.80013462153422,50.0,Atencao,Atencao: sinais iniciais de risco,23.010066930256976
1777745908.3771014,1044,True,0.30619937519351276,0.3697587604240058,0.3379790678087593,0.0410499958066962,False,False,0.06562847608453838,1,0,49.89514007568359,False,True,15.839226834044394,50.0,Atencao,Atencao: sinais iniciais de risco,22.791547558274935
1777745908.4214694,1045,True,0.31203654988120944,0.37665209068694483,0.34434432028407713,0.06041747300404157,False,False,0.06555555555555556,1,0,49.63283805847168,False,True,15.816085160448662,50.0,Atencao,Atencao: sinais iniciais de risco,22.75566187509483
1777745908.4659944,1046,True,0.3107227456801952,0.37157529392921385,0.3411490198047045,0.060431099950858776,False,False,0.06548279689234185,1,0,49.810025215148926,False,True,15.814940202090638,50.0,Atencao,Atencao: sinais iniciais de risco,22.728888647477778
1777745908.510279,1047,True,0.3265209995385545,0.3918715963238387,0.3591962979311966,0.12587888059553354,False,False,0.06541019955654102,1,0,50.11979675292968,False,True,15.820446645307062,50.0,Atencao,Atencao: sinais iniciais de risco,22.71806962180822
1777745908.5603218,1048,True,0.3383629588924742,0.43112299757058,0.3847429782315271,0.20691571247647772,False,False,0.06533776301218161,1,0,48.58106365203857,False,True,15.733549965413086,50.0,Atencao,Atencao: sinais iniciais de risco,22.4642632235865
1777745908.6072078,1049,True,0.3314292301152729,0.4106155393239402,0.3710223847196066,0.0031051992304560257,False,False,0.06526548672566372,1,0,49.124239730834965,False,True,15.750770779956696,50.0,Atencao,Atencao: sinais iniciais de risco,22.338421843734412
1777745908.6541762,1050,True,0.33693661587575974,0.4109852295809749,0.37396092272836734,0.0030345934995145802,False,False,0.06519337016574586,1,0,49.430806350708,False,True,15.756183083961643,50.0,Atencao,Atencao: sinais iniciais de risco,22.250207727976708
1777745908.7023256,1051,True,0.34357444949598276,0.427147035213097,0.3853607423545399,0.020884046798023182,False,False,0.06512141280353201,1,0,48.588872528076166,False,True,15.704192255525648,50.0,Atencao,Atencao: sinais iniciais de risco,22.110944982551878
1777745908.7486336,1052,True,0.3432346544255822,0.42319921297140134,0.38321693369849175,0.05988723893680668,False,False,0.06504961411245866,1,0,49.0708607673645,False,True,15.718419347467478,50.0,Atencao,Atencao: sinais iniciais de risco,21.993907132682875
1777745908.804886,1053,True,0.3358534629743306,0.4352288266077053,0.385541144791018,0.0714820817242749,False,False,0.06497797356828194,1,0,49.12132062911987,False,True,15.711091765730949,50.0,Atencao,Atencao: sinais iniciais de risco,21.609260124098643
1777745908.859877,1054,True,0.33115762589980674,0.45311619256390895,0.39213690923185784,0.00421547955764147,False,False,0.06490649064906491,1,0,49.559706878662105,False,True,15.723182176815719,50.0,Atencao,Atencao: sinais iniciais de risco,21.25670796594851
1777745908.9124146,1055,True,0.33800882238678914,0.4242714488060558,0.38114013559642246,0.014294364954903011,False,False,0.06483516483516484,1,0,50.56239814758301,False,True,15.763509440850505,50.0,Atencao,Atencao: sinais iniciais de risco,21.04714976193272
1777745908.964799,1056,True,0.3422946360794231,0.46299503856102653,0.4026448373202248,0.04375784154154229,False,False,0.06476399560922064,1,0,50.9595230102539,False,True,15.773579915416722,50.0,Atencao,Atencao: sinais iniciais de risco,20.851042990465103
1777745909.0107434,1057,True,0.27278679249603105,0.2606233843432648,0.2667050884196479,0.11665002682938377,False,False,0.06469298245614036,1,0,52.061343574523924,False,True,15.818906635081683,50.0,Atencao,Atencao: sinais iniciais de risco,20.910807414671382
1777745909.0594902,1058,True,0.16508102178116232,0.23422513318875213,0.19965307748495723,0.2109516714595491,True,False,0.06571741511500548,1,0,51.18992347717285,False,True,15.916195120808082,50.0,Atencao,Atencao: sinais iniciais de risco,20.87551670230616
1777745909.10073,1059,True,0.23711561689592298,0.3201144560377064,0.2786150364668147,0.21140608625571508,False,False,0.06564551422319474,1,0,51.048826408386226,False,True,15.875575267855279,50.0,Atencao,Atencao: sinais iniciais de risco,21.241465073218396
1777745909.1429105,1060,True,0.26336501743590834,0.2968995220427193,0.2801322697393138,0.20649375831395253,False,False,0.06557377049180328,1,0,50.375472640991205,False,True,15.832042816419202,50.0,Atencao,Atencao: sinais iniciais de risco,21.494738778243313
1777745909.1835275,1061,True,0.29142222694893727,0.38851091873447585,0.33996657284170656,0.11636516538329537,False,False,0.06550218340611354,1,0,48.53702735900879,False,True,15.73027732803774,50.0,Atencao,Atencao: sinais iniciais de risco,21.82275688509455
1777745909.2254539,1062,True,0.30919995869089517,0.4028363314286358,0.3560181450597655,0.08738626042257142,False,False,0.06543075245365322,1,0,47.51212396621704,False,True,15.66921040243486,50.0,Atencao,Atencao: sinais iniciais de risco,21.968368826322596
1777745909.2687068,1063,True,0.3036375020209863,0.4187250441299278,0.36118127307545705,0.13586122951484245,False,False,0.06535947712418301,1,0,44.38586159836162,False,True,15.503096926239936,50.0,Atencao,Atencao: sinais iniciais de risco,22.093301316679472
1777745909.3068602,1064,True,0.2947977726978189,0.4158946058327453,0.3553461892652821,0.18950533483945647,False,False,0.06528835690968444,1,0,41.90419276085767,False,True,15.369234454871185,50.0,Atencao,Atencao: sinais iniciais de risco,22.541517156231418
1777745909.344697,1065,True,0.2939011415200664,0.37298465517219553,0.33344289834613094,0.2043190925896814,False,False,0.06521739130434782,1,0,43.54441395347769,False,True,15.441487743768398,50.0,Atencao,Atencao: sinais iniciais de risco,22.87898569312226
1777745909.3876967,1066,True,0.30107091257214963,0.3807938907711757,0.34093240167166267,0.21015714876792713,False,False,0.06514657980456026,1,0,42.035352362827815,False,True,15.356298083015117,50.0,Atencao,Atencao: sinais iniciais de risco,22.925021834461802
1777745909.428954,1067,True,0.24276217937325348,0.2246412227837062,0.23370170107847985,0.005727726640826121,False,False,0.0650759219088937,1,0,45.81863212585449,False,True,15.5357466105123,50.0,Atencao,Atencao: sinais iniciais de risco,23.1006681934746
1777745909.4704192,1068,True,0.2947445444908926,0.3352027299784078,0.3149736372346502,0.00608395487906152,False,False,0.06500541711809317,1,0,46.88533592224121,False,True,15.579387391596562,50.0,Atencao,Atencao: sinais iniciais de risco,23.1495481531062
1777745909.513422,1069,True,0.3224635446118602,0.3916015591656871,0.3570325518887737,0.007873390663921554,False,False,0.06493506493506493,1,0,47.44818096160889,False,True,15.597856218398562,50.0,Atencao,Atencao: sinais iniciais de risco,23.219258984763307
1777745909.554078,1070,True,0.33601926219045275,0.4321185810661712,0.38406892162831197,0.10331651999495226,False,False,0.06486486486486487,1,0,47.35366849899292,False,True,15.583478085615255,50.0,Atencao,Atencao: sinais iniciais de risco,23.308307840487597
1777745909.5967216,1071,True,0.3411067881067392,0.43898844643635915,0.3900476172715492,0.12314156167294955,False,False,0.06479481641468683,1,0,47.822539234161376,False,True,15.5972899604742,50.0,Atencao,Atencao: sinais iniciais de risco,23.36026191556209
1777745909.636443,1072,True,0.3355995006062438,0.412704357346694,0.3741519289764689,0.15843423473153134,False,False,0.06472491909385113,1,0,48.087138938903806,False,True,15.60090906409641,50.0,Atencao,Atencao: sinais iniciais de risco,23.520360487536582
1777745909.6768441,1073,True,0.3343918257429748,0.43610577449506766,0.38524880011902124,0.15578868493194073,False,False,0.06465517241379311,1,0,47.938929080963135,False,True,15.5839084026914,50.0,Atencao,Atencao: sinais iniciais de risco,23.644479069579095
1777745909.7295182,1074,True,0.32635247044388926,0.43059675394577673,0.378474612194833,0.12723298737109753,False,False,0.06458557588805167,1,0,47.69072647094726,False,True,15.561928749901156,50.0,Atencao,Atencao: sinais iniciais de risco,23.16149870757308
1777745909.7730236,1075,True,0.325138529392169,0.44153843492347655,0.38333848215782274,0.16763922473121728,False,False,0.06451612903225806,1,0,44.46192445755005,False,True,15.390939706559678,50.0,Atencao,Atencao: sinais iniciais de risco,23.19509435860062
1777745909.8177838,1076,True,0.33923242594057706,0.4239931777151718,0.38161280182787444,0.0040046344547635376,False,False,0.0644468313641246,1,0,44.33017349243163,False,True,15.374823728935404,50.0,Atencao,Atencao: sinais iniciais de risco,23.096662057010967
1777745909.863349,1077,True,0.334029264308999,0.43939538047920873,0.38671232239410386,0.003065062696666598,False,False,0.06437768240343347,1,0,43.71116170883179,False,True,15.334365157660383,50.0,Atencao,Atencao: sinais iniciais de risco,22.95889752467867
1777745909.9076662,1078,True,0.3257510574281233,0.4360418166689652,0.38089643704854426,0.002840034356058354,False,False,0.06430868167202572,1,0,42.97543134689331,False,True,15.288091038994892,50.0,Atencao,Atencao: sinais iniciais de risco,22.930406659262125
1777745909.9491353,1079,True,0.3016278795631999,0.44121371824352934,0.37142079890336466,0.07864527896732489,False,False,0.06423982869379015,1,0,42.19243144989014,False,True,15.239473759637344,50.0,Atencao,Atencao: sinais iniciais de risco,23.018465775928206
1777745909.9902632,1080,True,0.3106378466787514,0.4194981421795105,0.36506799442913096,0.1727402721799652,False,False,0.06417112299465241,1,0,42.61158990859985,False,True,15.25098464894139,50.0,Atencao,Atencao: sinais iniciais de risco,23.189167725664774
1777745910.0293727,1081,True,0.30773356405434404,0.43236584226339453,0.3700497031588693,0.17652102829672295,False,False,0.0641025641025641,1,0,42.89758720397949,False,True,15.255857666048229,50.0,Atencao,Atencao: sinais iniciais de risco,23.448932988790897
1777745910.068484,1082,True,0.27609694557892606,0.31422970940886724,0.2951633274938966,0.20159916903304062,False,False,0.064034151547492,1,0,39.89674077033997,False,True,15.096408618043837,50.0,Atencao,Atencao: sinais iniciais de risco,23.634532125279954
1777745910.1058035,1083,True,0.1361892497139532,0.03179129144413609,0.08399027057904464,0.18571419074007267,True,False,0.0650319829424307,1,0,38.615411329269406,False,True,15.169543962794382,50.0,Atencao,Atencao: sinais iniciais de risco,23.95922927547164
1777745910.144471,1084,True,0.1746410515457627,0.13998310903131886,0.15731208028854077,0.20258462514700626,True,False,0.06602768903088392,1,0,38.71696662902831,False,True,15.311531314944645,50.0,Atencao,Atencao: sinais iniciais de risco,24.141715780590026
1777745910.180484,1085,True,0.26106198135088904,0.29023060323708205,0.2756462922939855,0.2277792719192188,False,False,0.06595744680851064,1,0,39.16709151268005,False,True,15.30935326628829,50.0,Atencao,Atencao: sinais iniciais de risco,24.540998140829906
1777745910.222228,1086,True,0.2552325273779355,0.2893710485000212,0.27230178793897836,0.20515320470549808,False,False,0.06588735387885228,1,0,37.79079406261444,False,True,15.230900615956987,50.0,Atencao,Atencao: sinais iniciais de risco,24.46383820500812
1777745910.2637641,1087,True,0.30592221845245293,0.3347598969720903,0.3203410577122716,0.18872744511049408,False,False,0.06581740976645435,1,0,39.87533717155456,False,True,15.325510455949278,50.0,Atencao,Atencao: sinais iniciais de risco,24.41628950912018
1777745910.3029542,1088,True,0.3081643937726247,0.37592006057360106,0.3420422271731129,0.1664721404615003,False,False,0.06574761399787911,1,0,40.49111013412475,False,True,15.34670218589869,50.0,Atencao,Atencao: sinais iniciais de risco,24.520355788653724
1777745910.3414536,1089,True,0.31933331187885633,0.38461441866488133,0.3519738652718688,0.018831582827767885,False,False,0.06567796610169492,1,0,41.56999244689941,False,True,15.3910697158121,50.0,Atencao,Atencao: sinais iniciais de risco,24.628274335061118
1777745910.3859875,1090,True,0.31148375241944604,0.3759639644427537,0.34372385843109987,0.004418280721087676,False,False,0.0656084656084656,1,0,43.05161037445068,False,True,15.455594294370629,50.0,Atencao,Atencao: sinais iniciais de risco,24.42133194201755
1777745910.4271798,1091,True,0.3091493773690394,0.4161396995891419,0.3626445384790906,0.009124494996179618,False,False,0.06553911205073996,1,0,43.1818284034729,False,True,15.452569081634465,50.0,Atencao,Atencao: sinais iniciais de risco,24.462640402288088
1777745910.4640937,1092,True,0.32226033726414016,0.41572132735759,0.36899083231086505,0.00986228852792717,False,False,0.06546990496304118,1,0,43.30584001541137,False,True,15.449253687672806,50.0,Atencao,Atencao: sinais iniciais de risco,24.716984269126574
1777745910.6952758,1093,True,0.3148213058094965,0.42469643503301985,0.3697588704212582,0.16258697578701287,False,False,0.06540084388185655,1,0,43.5219084739685,False,True,15.450561211937774,50.0,Atencao,Atencao: sinais iniciais de risco,22.677492499233452
1777745910.7365553,1094,True,0.3314786076531671,0.4115561423730403,0.37151737501310367,0.23744653947192815,False,False,0.06533192834562697,1,0,44.18425273895264,False,True,15.474202538955415,50.0,Atencao,Atencao: sinais iniciais de risco,22.842288759684052
1777745910.7785797,1095,True,0.25551629024282035,0.28983492422376705,0.2726756072332937,0.21762486759164423,False,False,0.06526315789473684,1,0,43.07733297348022,False,True,15.409400613684403,50.0,Atencao,Atencao: foco visual fora da direcao,22.875068348057475
1777745910.8244746,1096,True,0.21607440344573703,0.2919273146860585,0.25400085906589775,0.1701582726850386,False,False,0.06519453207150368,1,0,42.700415229797365,False,True,15.381118675805698,50.0,Atencao,Atencao: foco visual fora da direcao,22.821240025742714
1777745910.8695407,1097,True,0.26814931918732104,0.3495024975551005,0.30882590837121077,0.19337423718129595,False,False,0.06512605042016807,1,0,44.63155508041382,False,True,15.468259441277876,50.0,Atencao,Atencao: foco visual fora da direcao,22.72454532938443
1777745910.913685,1098,True,0.29637426575945175,0.4096751223395151,0.35302469404948345,0.19345360146372934,False,False,0.06505771248688352,1,0,43.818807983398436,False,True,15.418225620600483,50.0,Atencao,Atencao: foco visual fora da direcao,22.756955210791745
1777745910.9588661,1099,True,0.2922125335814952,0.4051206832591895,0.34866660842034236,0.18605844939193006,False,False,0.0649895178197065,1,0,43.924450969696046,False,True,15.414131003178522,50.0,Atencao,Atencao: foco visual fora da direcao,22.62965816606627
1777745911.0075626,1100,True,0.2855226057247211,0.3991753899822998,0.3423489978535105,0.22225535612801584,False,False,0.06492146596858639,1,0,42.64438323974609,False,True,15.340770487152009,50.0,Atencao,Atencao: foco visual fora da direcao,22.45792006879237
1777745911.0530226,1101,True,0.28660493401607856,0.4079095790478691,0.3472572565319738,0.2155809660684254,False,False,0.06485355648535565,1,0,42.320819568634036,False,True,15.31525474965218,50.0,Atencao,Atencao: foco visual fora da direcao,22.437257786895355
1777745911.0940087,1102,True,0.29095002032309647,0.3929631975160524,0.34195660891957447,0.21799791268767718,False,False,0.06478578892371996,1,0,41.383125305175774,False,True,15.259051996754359,50.0,Atencao,Atencao: foco visual fora da direcao,22.61160760718734
1777745911.1343036,1103,True,0.2959850383169033,0.40788488853378335,0.35193496342534336,0.2272579585827097,False,False,0.06471816283924843,1,0,42.407598686218265,False,True,15.300977079191648,50.0,Atencao,Atencao: foco visual fora da direcao,22.84781836241257
1777745911.172436,1104,True,0.30083761390545527,0.3874456483692566,0.34414163113735596,0.18547915324865283,False,False,0.06465067778936393,1,0,41.858920860290525,False,True,15.264263993536142,50.0,Atencao,Atencao: foco visual fora da direcao,23.16732526848223
1777745911.2106438,1105,True,0.29697899061562666,0.3613611421682029,0.3291700663919148,0.17918033191877486,False,False,0.06458333333333334,1,0,41.09509124755859,False,True,15.21681265019534,50.0,Atencao,Atencao: foco visual fora da direcao,23.48084963678516
1777745911.2516637,1106,True,0.2966174198647896,0.36581093806591813,0.3312141789653539,0.19033762780084587,False,False,0.06451612903225806,1,0,41.54196186065674,False,True,15.229915589452396,50.0,Atencao,Atencao: foco visual fora da direcao,23.56700963122269
1777745911.294404,1107,True,0.2901183822169854,0.3754984248097351,0.3328084035133603,0.04476344564337142,False,False,0.06444906444906445,1,0,41.25269360704855,False,True,15.206230796582867,50.0,Atencao,Atencao: foco visual fora da direcao,23.542980300278003
1777745911.3345897,1108,True,0.28667479381012784,0.3963413597365572,0.3415080767733425,0.04680494931052206,False,False,0.06438213914849429,1,0,40.341203168847336,False,True,15.151454045844407,50.0,Atencao,Atencao: foco visual fora da direcao,23.68582304540218
1777745911.3721557,1109,True,0.2839591822561749,0.35457116776136194,0.3192651750087684,0.006726406415926727,False,False,0.06431535269709543,1,0,41.19692285765301,False,True,15.185056893217348,50.0,Atencao,Atencao: foco visual fora da direcao,23.976355519362258
1777745911.4122589,1110,True,0.287602914585995,0.32552552444397603,0.3065642195149855,0.10781325039563625,False,False,0.06424870466321243,1,0,37.71377805037932,False,True,15.001735548194752,50.0,Atencao,Atencao: foco visual fora da direcao,24.066282157189605
1777745911.4546065,1111,True,0.29061322218773555,0.34976704149630616,0.32019013184202083,0.2324753200279096,False,False,0.06418219461697723,1,0,36.595676909251644,False,True,14.936685359781027,50.0,Atencao,Atencao: foco visual fora da direcao,24.046106528726803
1777745911.495308,1112,True,0.30885134971134415,0.3519194951958097,0.33038542245357694,0.23683121409648325,False,False,0.0641158221302999,1,0,36.31844911521131,False,False,14.913697753160877,50.0,Atencao,Atencao: sinais iniciais de risco,24.07054339607273
1777745911.5360281,1113,True,0.31452135670682946,0.3351003244763008,0.3248108405915651,0.22643896747428685,False,False,0.0640495867768595,1,0,34.890725859728725,False,False,14.833204229288693,50.0,Atencao,Atencao: sinais iniciais de risco,24.122056056726574
1777745911.5768437,1114,True,0.2971369418971901,0.3326136470919195,0.31487529449455476,0.24359140591678027,False,False,0.06398348813209494,1,0,31.909753692962905,False,False,14.675067057295275,50.0,Atencao,Atencao: sinais iniciais de risco,24.179907187999063
1777745911.6180117,1115,True,0.2915449098971996,0.30920715388308684,0.3003760318901432,0.24641159896497705,False,False,0.06391752577319587,1,0,32.2432374257933,False,False,14.682671419588173,50.0,Atencao,Atencao: sinais iniciais de risco,24.196262166575856
1777745911.6587174,1116,True,0.3001637667655107,0.3113749347290092,0.30576935074725997,0.23826484879489368,False,False,0.06385169927909372,1,0,31.270715774460268,False,False,14.624994194082475,50.0,Atencao,Atencao: sinais iniciais de risco,24.19100433829998
1777745911.7018132,1117,True,0.285784920345662,0.2870683239954661,0.286426622170564,0.18757182857625368,False,False,0.06378600823045268,1,0,33.50462589995428,False,False,14.727657181169032,50.0,Atencao,Atencao: sinais iniciais de risco,24.081772821422526
1777745911.7454076,1118,True,0.26181010704638696,0.2806009288011598,0.27120551792377334,0.18655187942843335,False,False,0.06372045220966084,1,0,31.095862030441108,False,False,14.598205034834496,50.0,Atencao,Atencao: sinais iniciais de risco,23.9871625265234
1777745911.7949889,1119,True,0.26731290191667567,0.282525521700786,0.2749192118087308,0.18317987093732518,False,False,0.06365503080082136,1,0,30.87052490494468,False,False,14.577942734844246,50.0,Atencao,Atencao: sinais iniciais de risco,23.60753065953997
1777745911.843212,1120,True,0.27556289006147633,0.2980038308260853,0.28678336044378083,0.16754928204121988,False,False,0.06358974358974359,1,0,31.11961889998479,False,False,14.581420443073059,50.0,Atencao,Atencao: sinais iniciais de risco,23.34092194777814
1777745911.8897414,1121,True,0.2781619909331598,0.29233129882769276,0.2852466448804263,0.1739402975929303,False,False,0.06352459016393443,1,0,30.76867582933469,False,False,14.554914693491796,50.0,Atencao,Atencao: sinais iniciais de risco,23.12006090370335
1777745911.9388025,1122,True,0.28135216841764327,0.3023624704620362,0.2918573194398397,0.11409243274415307,False,False,0.06345957011258956,1,0,31.759687117013062,False,False,14.595525000815792,50.0,Atencao,Atencao: sinais iniciais de risco,22.85866804834012
1777745911.9831352,1123,True,0.2592434946970868,0.28401633859261183,0.2716299166448493,0.060420302138786575,False,False,0.06339468302658487,1,0,30.209477697448296,False,False,14.50909255551191,50.0,Atencao,Atencao: sinais iniciais de risco,22.84059092130823
1777745912.0293276,1124,True,0.2719249883273624,0.2929508648457428,0.2824379265865526,0.23151487507109286,False,False,0.06332992849846783,1,0,31.92204218560999,False,False,14.585817032303902,50.0,Atencao,Atencao: sinais iniciais de risco,22.7186846407653
1777745912.0717757,1125,True,0.26940433065785,0.28949919623414766,0.27945176344599887,0.21817887294659008,False,False,0.06326530612244897,1,0,31.063387220285154,False,False,14.533998707335067,50.0,Atencao,Atencao: sinais iniciais de risco,22.811083584640475
1777745912.1119623,1126,True,0.2836979275845592,0.3097421667756498,0.2967200471801045,0.21580966829660653,False,False,0.06320081549439348,1,0,32.60092426375909,False,False,14.602008098151133,50.0,Atencao,Atencao: sinais iniciais de risco,23.005688479263803
1777745912.154073,1127,True,0.28065910187502413,0.3177418730063884,0.29920048744070626,0.1930146640541053,False,False,0.06313645621181263,1,0,31.711853810061108,False,False,14.548705174111369,50.0,Atencao,Atencao: sinais iniciais de risco,23.07666488257648
1777745912.191735,1128,True,0.26039388576870454,0.3212647338891087,0.29082930982890665,0.1737335634337955,False,False,0.06307222787385554,1,0,31.430562345548108,False,False,14.525809204416618,50.0,Atencao,Atencao: sinais iniciais de risco,23.426014779877004
1777745912.2306166,1129,True,0.2582500674930009,0.3271707549111843,0.2927104112020926,0.19684488160714525,False,False,0.06300813008130081,1,0,32.07933410947973,False,False,14.549434346136923,50.0,Atencao,Atencao: sinais iniciais de risco,23.63631582362847
1777745912.270543,1130,True,0.26176116572015357,0.31118680654184233,0.28647398613099795,0.2125281777066884,False,False,0.06294416243654823,1,0,32.64104460152713,False,False,14.568724319585813,50.0,Atencao,Atencao: sinais iniciais de risco,23.773828513874744
1777745912.310645,1131,True,0.256066506619283,0.3106323632801271,0.28334943494970505,0.21851997666042552,False,False,0.06288032454361055,1,0,32.011475090547044,False,False,14.528468133757878,50.0,Atencao,Atencao: sinais iniciais de risco,23.91064460066624
1777745912.3521998,1132,True,0.2654945040641563,0.3102030377836844,0.28784877092392036,0.014658077347966265,False,False,0.06281661600810537,1,0,33.52450293573466,False,False,14.595359602385296,50.0,Atencao,Atencao: sinais iniciais de risco,23.91336205328737
1777745912.3944795,1133,True,0.262402970954053,0.32181829109635307,0.29211063102520307,0.0026402464961663634,False,False,0.06275303643724696,1,0,32.217801773548125,False,False,14.521282353282938,50.0,Atencao,Atencao: sinais iniciais de risco,23.902541800065062
1777745912.4341404,1134,True,0.284566662140402,0.3134887686615461,0.29902771540097406,0.0078120427732083705,False,False,0.06268958543983821,1,0,31.74072430567308,False,False,14.488703967745485,50.0,Atencao,Atencao: sinais iniciais de risco,24.028548959609623
1777745912.4757767,1135,True,0.27264138639695135,0.319968434641457,0.29630491051920416,0.00798278275308976,False,False,0.06262626262626263,1,0,31.20939192338423,False,False,14.453430461764398,50.0,Atencao,Atencao: sinais iniciais de risco,24.030789016393456
1777745912.51548,1136,True,0.27123100969499,0.3222908345533004,0.2967609221241452,0.0037022091680879196,False,False,0.06256306760847628,1,0,30.615139975331047,False,False,14.415028549416116,50.0,Atencao,Atencao: sinais iniciais de risco,24.10644259177475
1777745912.5593588,1137,True,0.26826933044836493,0.33844349938222856,0.30335641491529675,0.00471598190693535,False,False,0.0625,1,0,31.4055472783067,False,False,14.445877118399412,50.0,Atencao,Atencao: sinais iniciais de risco,23.988004145197557
1777745912.6005225,1138,True,0.2808798214364588,0.33339560551186725,0.307137713474163,0.07975614027093059,False,False,0.06243705941591138,1,0,30.374903928149834,False,False,14.385690620579382,50.0,Atencao,Atencao: sinais iniciais de risco,24.02563718138312
1777745912.6376677,1139,True,0.27854116617227503,0.32434751058897293,0.301444338380624,0.22035239978851437,False,False,0.06237424547283702,1,0,30.045084742795336,False,False,14.360562744138933,50.0,Atencao,Atencao: sinais iniciais de risco,24.307413825600864
1777745912.6799924,1140,True,0.28584157695793033,0.30975104222311517,0.2977963095905227,0.17134333324197734,False,False,0.062311557788944726,1,0,31.048306937380264,False,False,14.40210429733299,50.0,Atencao,Atencao: sinais iniciais de risco,24.276837573423812
1777745912.7336755,1141,True,0.2753165033539905,0.3309007077180359,0.3031086055360132,0.08628229419453765,False,False,0.06224899598393574,1,0,30.64623291086067,False,False,14.373398347818275,50.0,Atencao,Atencao: sinais iniciais de risco,23.704341571636707
1777745912.7823672,1142,True,0.26942788911925275,0.3204704357991526,0.29494916245920266,0.07612336561950701,False,False,0.062186559679037114,1,0,30.430420423637738,False,False,14.354022731533565,50.0,Atencao,Atencao: sinais iniciais de risco,23.385147388031516
1777745912.8294861,1143,True,0.2922939029915023,0.3137018686548689,0.3029978858231856,0.009946356346220125,False,False,0.06212424849699399,1,0,29.757109027017247,False,False,14.311789374171612,50.0,Atencao,Atencao: sinais iniciais de risco,23.14523770779533
1777745912.878766,1144,True,0.2947495848450219,0.32290931361672587,0.30882944923087385,0.022726587002771848,False,False,0.062062062062062065,1,0,28.871586886048316,False,False,14.258962632320026,50.0,Atencao,Atencao: sinais iniciais de risco,22.86607218000252
1777745912.9258034,1145,True,0.280311845369236,0.30924746015012433,0.29477965275968016,0.004381037130555959,False,False,0.062,1,0,29.177908879247582,False,False,14.265745198446456,50.0,Atencao,Atencao: sinais iniciais de risco,22.731678082192285
1777745912.9706264,1146,True,0.29841436210301325,0.35026846670297057,0.3243414144029919,0.024041195369281024,False,False,0.061938061938061936,1,0,27.296072512865067,False,False,14.163136896610844,50.0,Atencao,Atencao: sinais iniciais de risco,22.693906430799714
1777745913.0164762,1147,True,0.29520794031659414,0.30773083484316816,0.3014693875798812,0.0056596852736652626,False,False,0.06187624750499002,1,0,28.593114272301847,False,False,14.219489500035296,50.0,Atencao,Atencao: sinais iniciais de risco,22.594066149403467
1777745913.060941,1148,True,0.2881011377074023,0.3099168633061355,0.29900900050676893,0.08497768239040197,False,False,0.06181455633100698,1,0,28.531628970666368,False,False,14.207932698530854,50.0,Atencao,Atencao: sinais iniciais de risco,22.57570152851698
1777745913.10346,1149,True,0.26098479350073667,0.3063698048157809,0.2836772991582588,0.14328357192605254,False,False,0.061752988047808766,1,0,27.682267758521167,False,False,14.15699899898384,50.0,Atencao,Atencao: sinais iniciais de risco,22.645103543614702
1777745913.1428745,1150,True,0.26817557610957354,0.309988285301804,0.28908193070568877,0.16963840998827834,False,False,0.061691542288557215,1,0,28.94567027715119,False,False,14.211720333018253,50.0,Atencao,Atencao: sinais iniciais de risco,22.959215379469676
1777745913.1836867,1151,True,0.26789702438410334,0.3114428990937641,0.2896699617389337,0.19859262226513089,False,False,0.061630218687872766,1,0,29.824407087943772,False,False,14.24722517846377,50.0,Atencao,Atencao: sinais iniciais de risco,23.108999183623467
1777745913.2249362,1152,True,0.29073284378896663,0.3432904320542729,0.3170116379216198,0.2049505886458427,False,False,0.06156901688182721,1,0,28.736138603633098,False,False,14.184396505916972,50.0,Atencao,Atencao: sinais iniciais de risco,23.196819306319927
1777745913.2642412,1153,True,0.2771756289067243,0.31383081025562154,0.2955032195811729,0.22726776016881686,False,False,0.061507936507936505,1,0,29.424041884053835,False,False,14.210393118528037,50.0,Atencao,Atencao: sinais iniciais de risco,23.471339335760756
1777745913.304502,1154,True,0.2722142106508876,0.2947485578928278,0.28348138427185765,0.2563035974862753,False,False,0.061446977205153616,1,0,30.92666916386647,False,False,14.277142578386021,50.0,Atencao,Atencao: sinais iniciais de risco,23.587047273348116
1777745913.3424454,1155,True,0.27682129056771504,0.31508268798065403,0.29595198927418453,0.2594874749001748,False,False,0.061386138613861385,1,0,30.060275825858117,False,False,14.225457605182923,50.0,Atencao,Atencao: sinais iniciais de risco,23.89195494033833
1777745913.3832538,1156,True,0.28372426892768754,0.34075998150511083,0.31224212521639916,0.26192283570741454,False,False,0.06132542037586548,1,0,30.98035899996757,False,False,14.263113006163959,50.0,Atencao,Atencao: sinais iniciais de risco,23.946785146007997
1777745913.4238932,1157,True,0.31085599995547714,0.30864631758007466,0.3097511587677759,0.26935059299542513,False,False,0.06126482213438735,1,0,30.25973688607866,False,False,14.218749642266271,50.0,Atencao,Atencao: sinais iniciais de risco,23.995445600761485
1777745913.4642975,1158,True,0.3105768409655795,0.3165495132954584,0.31356317713051896,0.26073956365264445,False,False,0.06120434353405726,1,0,30.55562401982871,False,False,14.225228191408386,50.0,Atencao,Atencao: sinais iniciais de risco,24.08174416611218
1777745913.5042768,1159,True,0.2844566354583772,0.32947791778537167,0.3069672766218744,0.296077161394065,False,False,0.0611439842209073,1,0,31.612778351252725,False,False,14.269786502421466,50.0,Atencao,Atencao: sinais iniciais de risco,24.1920110346239
1777745913.543427,1160,True,0.3082943331381761,0.32856120633647456,0.31842776973732534,0.29850016719396316,False,False,0.061083743842364535,1,0,33.10878509120507,False,False,14.336303787369452,50.0,Atencao,Atencao: sinais iniciais de risco,24.299408697641013
1777745913.5846515,1161,True,0.2848504307692596,0.30925910782498106,0.2970547692971203,0.3254550617242942,False,False,0.0610236220472441,1,0,30.718155790729952,False,False,14.208505575516636,50.0,Atencao,Atencao: sinais iniciais de risco,24.2606281868741
1777745913.6291935,1162,True,0.2993665149014729,0.30878411360013774,0.30407531425080536,0.3259970678307557,False,False,0.06096361848574238,1,0,31.88467113321477,False,False,14.258580852934392,50.0,Atencao,Atencao: sinais iniciais de risco,24.08093860027684
1777745913.6748555,1163,True,0.29146158892991025,0.3254797423548061,0.30847066564235814,0.33639786575313424,False,False,0.060903732809430254,1,0,33.57767569178884,False,False,14.334996800370178,50.0,Atencao,Atencao: sinais iniciais de risco,23.903673002136284
1777745913.7197907,1164,True,0.28869234080658773,0.31274490025777874,0.30071862053218323,0.35139310716177635,False,False,0.06084396467124632,1,0,33.820866583152245,False,False,14.338938225938056,50.0,Atencao,Atencao: sinais iniciais de risco,23.68807919883578
1777745913.7664182,1165,True,0.30145782955524586,0.31367468583576336,0.3075662576955046,0.340902147336678,False,False,0.060784313725490195,1,0,34.476137277213006,False,False,14.363499755599628,50.0,Atencao,Atencao: sinais iniciais de risco,23.480975392119973
1777745913.8129442,1166,True,0.2935032975417917,0.31166092221489516,0.30258210987834344,0.36117008385603494,False,False,0.06072477962781587,1,0,33.757590161670336,False,False,14.319386461392275,50.0,Atencao,Atencao: sinais iniciais de risco,23.30922272573998
1777745913.8596797,1167,True,0.2985674190953109,0.3112428823535026,0.30490515072440677,0.3501382548555743,False,False,0.060665362035225046,1,0,33.83050746700981,False,False,14.31486240767801,50.0,Atencao,Atencao: sinais iniciais de risco,23.07997527945564
1777745913.9058394,1168,True,0.3025541069462308,0.32019398269959004,0.3113740448229104,0.3744949451419476,False,False,0.06060606060606061,1,0,33.78441905921156,False,False,14.304404040777989,50.0,Atencao,Atencao: sinais iniciais de risco,22.981663688514352
1777745913.9497066,1169,True,0.2974467222971689,0.32827085596712985,0.3128587891321494,0.396205751989692,False,False,0.060546875,1,0,33.97628076889298,False,False,14.305859105428725,50.0,Atencao,Atencao: sinais iniciais de risco,22.958722166994136
1777745913.9950135,1170,True,0.282386690164279,0.33439127710558136,0.30838898363493017,0.37660999140065254,False,False,0.06048780487804878,1,0,35.112369760600004,False,False,14.354541413245784,50.0,Atencao,Atencao: sinais iniciais de risco,22.827595765789354
1777745914.041991,1171,True,0.2917269223637504,0.307986116896697,0.29985651963022375,0.3729123563265017,False,False,0.06042884990253411,1,0,34.61126226457682,False,False,14.321379729311358,50.0,Atencao,Atencao: sinais iniciais de risco,22.69312389833419
1777745914.0887794,1172,True,0.2956248614725888,0.30445060600330187,0.30003773373794534,0.3918150430915826,False,False,0.06037000973709834,1,0,34.88453679843382,False,False,14.32695293325679,50.0,Atencao,Atencao: sinais iniciais de risco,22.57500143894294
1777745914.128665,1173,True,0.2863521421359393,0.321414345232871,0.3038832436844051,0.3899910392104657,False,False,0.06031128404669261,1,0,34.39796054363251,False,False,14.294549338085934,50.0,Atencao,Atencao: sinais iniciais de risco,22.839919284434103
1777745914.1702673,1174,True,0.2890781964324642,0.3231756211141143,0.30612690877328924,0.3976898643516252,False,False,0.06025267249757046,1,0,34.431549078226084,False,False,14.288169676811318,50.0,Atencao,Atencao: sinais iniciais de risco,22.927562598959753
1777745914.2110045,1175,True,0.28623899126434743,0.3087546527800976,0.2974968220222225,0.3978423429888334,False,False,0.06019417475728155,1,0,35.0292356420647,False,False,14.310010565713524,50.0,Atencao,Atencao: sinais iniciais de risco,23.116546932147642
1777745914.2506983,1176,True,0.28876250738572595,0.2973331565103331,0.2930478319480295,0.3732935811811606,False,False,0.06013579049466537,1,0,36.0597123297778,False,True,14.353506563989454,50.0,Atencao,Atencao: sinais iniciais de risco,23.33979788755071
1777745914.2890801,1177,True,0.2932901395331118,0.3194158068086076,0.3063529731708597,0.37968724418843713,False,False,0.060077519379844964,1,0,35.64468931176445,False,False,14.32474313480098,50.0,Atencao,Atencao: sinais iniciais de risco,23.544179080754382
1777745914.3312159,1178,True,0.28445204912514427,0.31750245376761427,0.30097725144637927,0.38478896391376416,False,False,0.060019361084220714,1,0,35.72280532284216,False,False,14.32065216970653,50.0,Atencao,Atencao: sinais iniciais de risco,23.510259057417585
1777745914.3749213,1179,True,0.287505282724767,0.3097041590398334,0.29860472088230017,0.37978176225652877,False,False,0.059961315280464215,1,0,35.557000450112604,False,False,14.304380628053536,50.0,Atencao,Atencao: sinais iniciais de risco,23.513182374543717
1777745914.4147153,1180,True,0.27803364940809944,0.31685883726835096,0.2974462433382252,0.3878275441023767,False,False,0.05990338164251208,1,0,36.409041076898575,False,False,14.339016784174415,50.0,Atencao,Atencao: sinais iniciais de risco,23.644417988409444
1777745914.4580114,1181,True,0.2778342084820606,0.27578305106983614,0.27680862977594833,0.4382506276401988,False,False,0.059845559845559844,1,0,34.94438397071578,False,False,14.257833431784341,50.0,Atencao,Atencao: sinais iniciais de risco,23.64439453183457
1777745914.499182,1182,True,0.2740552146994435,0.30379106675112566,0.2889231407252846,0.38388274428033464,False,False,0.05978784956605593,1,0,36.69483181238174,False,False,14.337420660435853,50.0,Atencao,Atencao: sinais iniciais de risco,23.717202060678332
1777745914.542921,1183,True,0.26591292257704396,0.29271074669468466,0.2793118346358643,0.41769675590019034,False,False,0.05973025048169557,1,0,36.73832863135772,False,False,14.331675627285103,50.0,Atencao,Atencao: sinais iniciais de risco,23.62201196654068
1777745914.587155,1184,True,0.27264876848451386,0.30161584545236914,0.2871323069684415,0.4334439962457278,False,False,0.059672762271414825,1,0,34.29674905917861,False,False,14.201692019762545,50.0,Atencao,Atencao: sinais iniciais de risco,23.51452594333023
1777745914.6349545,1185,True,0.28681627416388683,0.2897157367671108,0.28826600546549885,0.4083356284442327,False,False,0.05961538461538462,1,0,34.86275518048893,False,False,14.222102898123907,50.0,Atencao,Atencao: sinais iniciais de risco,23.222436554546693
1777745914.678846,1186,True,0.28491640724251976,0.29280746590562523,0.2888619365740725,0.39767153258306376,False,False,0.059558117195004805,1,0,33.56557206457311,False,False,14.149369472025892,50.0,Atencao,Atencao: sinais iniciais de risco,23.194976166502464
1777745914.727232,1187,True,0.27875590633771774,0.32293226611046366,0.3008440862240907,0.422288363297303,False,False,0.05950095969289827,1,0,34.23531345291571,False,False,14.174997384903374,50.0,Atencao,Atencao: sinais iniciais de risco,22.959767181408576
1777745914.772931,1188,True,0.27654950467302347,0.29408320872059907,0.28531635669681127,0.34593400518140127,False,False,0.059443911792905084,1,0,36.0902599345554,False,True,14.259900622736295,50.0,Atencao,Atencao: sinais iniciais de risco,22.869869092895275
1777745914.8185804,1189,True,0.2882182362301453,0.30683220692420615,0.29752522157717576,0.34145535444956543,False,False,0.05938697318007663,1,0,36.59093768000602,False,True,14.277105450744914,50.0,Atencao,Atencao: sinais iniciais de risco,22.779453337542684
1777745914.8648388,1190,True,0.2796931157442862,0.315801729579831,0.29774742266205856,0.2979496988086588,False,False,0.05933014354066986,1,0,37.90571232167157,False,True,14.335030107409759,50.0,Atencao,Atencao: sinais iniciais de risco,22.60574340676285
1777745914.9104805,1191,True,0.27673236620794156,0.30796203676077755,0.29234720148435955,0.2745571221256676,False,False,0.05927342256214149,1,0,38.80911759679967,False,True,14.372401236618515,50.0,Atencao,Atencao: sinais iniciais de risco,22.53558643045843
1777745914.9613645,1192,True,0.2742203445058227,0.34198421743200386,0.3081022809689133,0.22329289102381591,False,False,0.05921680993314231,1,0,41.24593688412146,False,True,14.486457964497216,50.0,Atencao,Atencao: sinais iniciais de risco,22.262033688174753
1777745915.0112293,1193,True,0.28730466617072037,0.3504763416788239,0.31889050392477214,0.21749118235082202,False,False,0.05916030534351145,1,0,39.75637305812402,False,True,14.404210392123101,50.0,Atencao,Atencao: sinais iniciais de risco,22.06138061002973
1777745915.0643692,1194,True,0.2994832277225491,0.33244318182297394,0.3159632047727615,0.206494998261922,False,False,0.05910390848427073,1,0,38.4793753369288,False,True,14.33260593791774,50.0,Atencao,Atencao: sinais iniciais de risco,21.742341210064044
1777745915.1070063,1195,True,0.2916354564213684,0.3258801033433933,0.30875777988238085,0.16995531746873282,False,False,0.05904761904761905,1,0,41.81962256485765,False,True,14.491878501774577,50.0,Atencao,Atencao: sinais iniciais de risco,21.926291757470118
1777745915.1455667,1196,True,0.30122126236071706,0.35220437263981974,0.32671281750026837,0.1442245070942388,False,False,0.058991436726926735,1,0,42.28202924728393,False,True,14.507273766800697,50.0,Atencao,Atencao: sinais iniciais de risco,22.26416142054818
1777745915.1910326,1197,True,0.28045251146324945,0.319784527345846,0.3001185194045477,0.18877473150144514,False,False,0.058935361216730035,1,0,43.34287296967073,False,True,14.552605570267993,50.0,Atencao,Atencao: sinais iniciais de risco,22.27697068558165
1777745915.2344499,1198,True,0.2861171842519843,0.30411849091232185,0.29511783758215304,0.1342121734384664,False,False,0.05887939221272555,1,0,44.19168567657471,False,True,14.587350467562572,50.0,Atencao,Atencao: sinais iniciais de risco,22.31426388720116
1777745915.2791338,1199,True,0.2755706445146223,0.3379607394535309,0.3067656919840766,0.050742820560489454,False,False,0.058823529411764705,1,0,44.86287149678577,False,True,14.61322862344101,50.0,Atencao,Atencao: sinais iniciais de risco,22.326237418415868
1777745915.329333,1200,True,0.2691323582143124,0.34577606944689776,0.3074542138306051,0.005173304060212611,False,False,0.058767772511848344,1,0,45.830676746368404,False,True,14.653952312181643,50.0,Atencao,Atencao: sinais iniciais de risco,22.0676277531943
1777745915.3757997,1201,True,0.26976874229984005,0.32743831384060484,0.29860352807022245,0.012641357318947702,False,False,0.058712121212121215,1,0,44.37112348621542,False,True,14.573322595461516,50.0,Atencao,Atencao: sinais iniciais de risco,22.06422157378644
1777745915.4159813,1202,True,0.25601827337228855,0.34108408312714317,0.2985511782497159,0.004182723010269526,False,False,0.0586565752128666,1,0,46.16537179946899,False,True,14.655397436226684,50.0,Atencao,Atencao: sinais iniciais de risco,22.329999524462185
1777745915.4623227,1203,True,0.26495143796998094,0.31676649652224986,0.2908589672461154,0.008392848189136545,False,False,0.05860113421550094,1,0,45.27404724684628,False,True,14.603208071457768,50.0,Atencao,Atencao: sinais iniciais de risco,22.258862578870858
1777745915.506609,1204,True,0.239612509121851,0.2965114875089518,0.2680619983154014,0.0066249168430564135,False,False,0.05854579792256846,1,0,46.044489574432376,False,True,14.634121447558858,50.0,Atencao,Atencao: sinais iniciais de risco,22.29441183607829
1777745915.7367878,1205,True,0.29062905075394313,0.41641876790786536,0.3535239093309043,0.13331952927203608,False,False,0.05849056603773585,1,0,42.39134922027588,False,True,14.44387004568655,50.0,Atencao,Atencao: sinais iniciais de risco,20.49970222743616
1777745915.7840962,1206,True,0.28884059315310406,0.3908684485405916,0.33985452084684786,0.13380257476981222,False,False,0.058435438265786996,1,0,38.82915377616882,False,True,14.258180204838228,50.0,Atencao,Atencao: sinais iniciais de risco,20.562146241389403
1777745915.833008,1207,True,0.2751894814444874,0.41145723230229564,0.34332335687339155,0.16421038950239805,False,False,0.0583804143126177,1,0,39.2945191860199,False,True,14.273882681770006,50.0,Atencao,Atencao: sinais iniciais de risco,20.55772293195098
1777745915.8795547,1208,True,0.2908493350133096,0.43204570416097865,0.36144751958714416,0.19308951153445233,False,False,0.05832549388523048,1,0,39.808736848831174,False,True,14.292042006144825,50.0,Atencao,Atencao: sinais iniciais de risco,20.625534741283996
1777745915.9275026,1209,True,0.2961902832258595,0.44125098375343197,0.36872063348964573,0.2002508859944089,False,False,0.05827067669172932,1,0,39.07922534942627,False,True,14.248029067068172,50.0,Atencao,Atencao: sinais iniciais de risco,20.657880187000906
1777745915.9719982,1210,True,0.3072934945601889,0.43322687583948855,0.3702601851998387,0.3104431730724789,False,False,0.05821596244131456,1,0,39.248555994033815,False,True,14.248972389866516,50.0,Atencao,Atencao: sinais iniciais de risco,20.831924451302783
1777745916.0160742,1211,True,0.30663272483077203,0.41426410713895295,0.3604484159848625,0.3046962915001996,False,False,0.058161350844277676,1,0,38.1848646402359,False,True,14.18827872758405,50.0,Atencao,Atencao: sinais iniciais de risco,21.02976951044291
1777745916.059982,1212,True,0.3039611054127252,0.4179614692172142,0.3609612873149697,0.20896646097840288,False,False,0.05810684161199625,1,0,37.77598226070404,False,True,14.160339589168762,50.0,Atencao,Atencao: sinais iniciais de risco,21.217150383232934
1777745916.1013691,1213,True,0.3000699349471106,0.425452852350445,0.3627613936487778,0.18052500578793454,False,False,0.05805243445692884,1,0,38.0388001203537,False,True,14.165999498329477,50.0,Atencao,Atencao: sinais iniciais de risco,21.47277643280119
1777745916.1430154,1214,True,0.3052574865075755,0.4180504465685974,0.36165396653808646,0.18596069206361476,False,False,0.057998129092609915,1,0,38.68744730949402,False,True,14.190964870192639,50.0,Atencao,Atencao: sinais iniciais de risco,21.736514234313113
1777745916.1849048,1215,True,0.29513708397192606,0.4381003577853273,0.3666187208786267,0.1567421925045693,False,False,0.05794392523364486,1,0,38.81436042785644,False,True,14.189857495503066,50.0,Atencao,Atencao: sinais iniciais de risco,21.91519515123214
1777745916.2245827,1216,True,0.301213749697507,0.43263082628023214,0.3669222879888696,0.13206130917694428,False,False,0.05788982259570495,1,0,38.9204038143158,False,True,14.187720552109298,50.0,Atencao,Atencao: sinais iniciais de risco,22.2802526830259
1777745916.2654834,1217,True,0.2886591049693207,0.3991355651745064,0.34389733507191356,0.08816080778142855,False,False,0.05783582089552239,1,0,39.52622256278991,False,True,14.2105862557579,50.0,Atencao,Atencao: sinais iniciais de risco,22.488999278856905
1777745916.3107328,1218,True,0.17045458691279736,0.21393335867024033,0.19219397279151884,0.04834975842064942,True,False,0.05871388630009319,1,0,40.22903213500976,False,True,14.366460727497376,50.0,Atencao,Atencao: sinais iniciais de risco,22.482035666656646
1777745916.3498921,1219,True,0.13888252356449934,0.05667021266854339,0.09777636811652136,0.08068948829351019,True,False,0.0595903165735568,1,0,39.42708554267883,False,True,14.446872560482078,50.0,Atencao,Atencao: sinais iniciais de risco,22.786806314713463
1777745916.394899,1220,True,0.16253827863142695,0.19282981786313474,0.17768404824728085,0.09187581110945556,True,False,0.06046511627906977,1,0,40.37534599304199,False,True,14.614570542508268,50.0,Atencao,Atencao: sinais iniciais de risco,22.69894134551581
1777745916.43848,1221,True,0.24884090109598447,0.2588937870146482,0.25386734405531636,0.004102149596333441,False,False,0.0604089219330855,1,0,41.0412261724472,False,True,14.63590107648346,50.0,Atencao,Atencao: sinais iniciais de risco,22.736506996888863
1777745916.4788742,1222,True,0.24943754155714223,0.27713411876000693,0.2632858301585746,0.0018295647769872565,False,False,0.060352831940575676,1,0,38.82615676684813,False,True,14.517435232233407,50.0,Atencao,Atencao: sinais iniciais de risco,22.96027770943666
1777745916.5209122,1223,True,0.2725249714219688,0.30766925165486503,0.2900971115384169,0.004358407750054138,False,False,0.06029684601113173,1,0,30.328942803361198,False,False,14.084876468760516,50.0,Atencao,Atencao: sinais iniciais de risco,23.01166777963324
1777745916.5615692,1224,True,0.2827847102270068,0.2966923817481039,0.28973854598755533,0.09467791177594206,False,False,0.060240963855421686,1,0,27.37010422132232,False,False,13.929250743248442,50.0,Atencao,Atencao: sinais iniciais de risco,23.180893348127935
1777745916.6033354,1225,True,0.276983404750471,0.2978308692417648,0.28740713699611786,0.2589455888149722,False,False,0.06018518518518518,1,0,22.856997110355984,False,False,13.695925820542605,50.0,Atencao,Atencao: sinais iniciais de risco,23.269166438070272
1777745916.6439242,1226,True,0.2824744713871578,0.3026076676688295,0.29254106952799364,0.24799853622850537,False,False,0.060129509713228495,1,0,21.917693868008527,False,False,13.641305281031189,50.0,Atencao,Atencao: sinais iniciais de risco,23.40148792098512
1777745916.6868286,1227,True,0.2854428131449533,0.30712545698971017,0.29628413506733176,0.24744000175344,False,False,0.06007393715341959,1,0,21.55828633443876,False,False,13.615693677378975,50.0,Atencao,Atencao: sinais iniciais de risco,23.410510577396767
1777745916.7342162,1228,True,0.28908079615805776,0.32318896135736785,0.30613487875771284,0.25008297233842813,False,False,0.06001846722068329,1,0,21.463610392808913,False,False,13.603332764546241,50.0,Atencao,Atencao: sinais iniciais de risco,23.178478950368014
1777745916.7803347,1229,True,0.27634755457128785,0.32839916939083724,0.30237336198106257,0.27525680168007066,False,False,0.05996309963099631,1,0,22.464340166612107,False,False,13.645756209654444,50.0,Atencao,Atencao: sinais iniciais de risco,23.02217630088666
1777745916.8310492,1230,True,0.27070613674206956,0.32703181293309996,0.2988689748375848,0.2796806497474297,False,False,0.059907834101382486,1,0,22.713766166838735,False,False,13.650628499343872,50.0,Atencao,Atencao: sinais iniciais de risco,22.69673549746375
1777745916.879142,1231,True,0.2827460281487395,0.33855100672301797,0.31064851743587873,0.23062656809492546,False,False,0.05985267034990792,1,0,25.272779761119324,False,False,13.77099416323015,50.0,Atencao,Atencao: sinais iniciais de risco,22.47050973521869
1777745916.9386325,1232,True,0.29110412138655534,0.33194332962877054,0.31152372550766294,0.1666668345512051,False,False,0.05979760809567617,1,0,25.71713699237867,False,False,13.785640964836253,50.0,Atencao,Atencao: sinais iniciais de risco,21.90276500689213
1777745916.9892528,1233,True,0.2881018142852585,0.3177395968015389,0.30292070554339867,0.13705866926466967,False,False,0.05974264705882353,1,0,25.18982583446936,False,False,13.751718264373547,50.0,Atencao,Atencao: sinais iniciais de risco,21.68110094921329
1777745917.0380964,1234,True,0.29928023582657404,0.3184447590021155,0.3088624974143448,0.14689268030485006,False,False,0.05968778696051423,1,0,24.875978673317217,False,False,13.728482642798411,50.0,Atencao,Atencao: sinais iniciais de risco,21.571561298901678
1777745917.0889869,1235,True,0.29567930002871884,0.33355077059812505,0.31461503531342194,0.0544848143699275,False,False,0.05963302752293578,1,0,23.837580759416927,False,False,13.66903332443636,50.0,Atencao,Atencao: sinais iniciais de risco,21.37146722899848
1777745917.1401439,1236,True,0.2794159748413599,0.31533293782624483,0.29737445633380233,0.0036232562579896206,False,False,0.05957836846929423,1,0,23.08566749556498,False,False,13.62392204136805,50.0,Atencao,Atencao: sinais iniciais de risco,21.220741332145675
1777745917.184195,1237,True,0.2935346524429878,0.32162910284500756,0.3075818776439977,0.004315113163140628,False,False,0.05952380952380952,1,0,23.18552321859381,False,False,13.621412972515344,50.0,Atencao,Atencao: sinais iniciais de risco,21.352203561101327
1777745917.229211,1238,True,0.2980152774829996,0.3187695027059583,0.30839239009447894,0.16444419649583356,False,False,0.059469350411710885,1,0,22.865361514958465,False,False,13.597916759420015,50.0,Atencao,Atencao: sinais iniciais de risco,21.43130767076569
1777745917.2741733,1239,True,0.2850736216845283,0.3239575706517577,0.304515596168143,0.21320604017028877,False,False,0.05941499085923217,1,0,21.279329325800596,False,False,13.511140711496296,50.0,Atencao,Atencao: sinais iniciais de risco,21.540114696037165
1777745917.3203838,1240,True,0.2905691999593199,0.3137462829086981,0.302157741434009,0.20969886162791812,False,False,0.0593607305936073,1,0,22.932429943301457,False,False,13.586334955847923,50.0,Atencao,Atencao: sinais iniciais de risco,21.5353836459982
1777745917.3646944,1241,True,0.2977904114458276,0.30489274383934417,0.30134157764258584,0.2065489255172779,False,False,0.05930656934306569,1,0,21.23571284399791,False,False,13.494051928933272,50.0,Atencao,Atencao: sinais iniciais de risco,21.61888165637641
1777745917.4075532,1242,True,0.3049133657139059,0.31741135464082126,0.3111623601773636,0.20261159393391504,False,False,0.059252506836827715,1,0,20.397020240398966,False,False,13.444683704145604,50.0,Atencao,Atencao: sinais iniciais de risco,21.834815074899527
1777745917.4540052,1243,True,0.3081712050732271,0.3152148768692614,0.3116930409712443,0.19169363868223252,False,False,0.05919854280510018,1,0,22.33411291011355,False,False,13.534118283268796,50.0,Atencao,Atencao: sinais iniciais de risco,21.792161509786403
1777745918.178813,1244,True,0.2824556673458879,0.35507888850715075,0.3187672779265193,0.029873225165832306,False,False,0.059144676979071886,1,0,37.64817542108623,False,False,14.29241485773854,50.0,Atencao,Atencao: sinais iniciais de risco,19.750871237714684
1777745918.2249773,1245,True,0.3267745137518067,0.3660658310078468,0.34642017237982675,0.0343829304578976,False,False,0.05909090909090909,1,0,37.083756216547705,False,False,14.256800812889228,50.0,Atencao,Atencao: sinais iniciais de risco,19.893490467894015
1777745918.2699995,1246,True,0.31920569082703526,0.33934975835617126,0.32927772459160326,0.036128316197270756,False,False,0.05903723887375113,1,0,37.282278453761876,False,False,14.259347269890718,50.0,Atencao,Atencao: sinais iniciais de risco,20.178310726157594
1777745918.3117745,1247,True,0.3218068589065582,0.3605146551325441,0.3411607570195512,0.18660700876705583,False,False,0.05898366606170599,1,0,38.67621947472746,False,False,14.32167805928279,50.0,Atencao,Atencao: sinais iniciais de risco,20.564331586105187
1777745918.3507893,1248,True,0.33752872692673747,0.394081905370444,0.36580531614859074,0.2532908328998482,False,False,0.05893019038984588,1,0,45.76819392659447,False,True,14.668923876995375,50.0,Atencao,Atencao: sinais iniciais de risco,21.031901699056814
1777745918.3943672,1249,True,0.32004034906277445,0.3974138736077487,0.3587271113352616,0.23821830483866807,False,False,0.058876811594202896,1,0,49.826628724011506,False,True,14.864506032465318,50.0,Atencao,Atencao: sinais iniciais de risco,21.262379352982187
1777745918.437815,1250,True,0.3213136148307789,0.3592109507202641,0.3402622827755215,0.2644694030438246,False,False,0.058823529411764705,1,0,51.11859350258654,False,True,14.921777971308817,50.0,Atencao,Atencao: sinais iniciais de risco,21.441686021983287
1777745918.4806643,1251,True,0.3180866957210259,0.3514531507854043,0.3347699232532151,0.24631305993577265,False,False,0.05877034358047016,1,0,48.88615738153458,False,True,14.80284311345322,50.0,Atencao,Atencao: sinais iniciais de risco,21.612970056996964
1777745918.5218098,1252,True,0.31164154494822155,0.34095472665884874,0.32629813580353517,0.21909930091518504,False,False,0.05871725383920506,1,0,48.72360440004955,False,True,14.787415624955017,50.0,Atencao,Atencao: sinais iniciais de risco,21.89888665211833
1777745918.5663116,1253,True,0.3092731453805791,0.3563384279578395,0.3328057866692093,0.2738989107658057,False,False,0.058664259927797835,1,0,51.708991466869,False,True,14.929398315477497,50.0,Atencao,Atencao: sinais iniciais de risco,21.951054940684276
1777745918.6089058,1254,True,0.31831240969889507,0.3467828199017724,0.33254761480033374,0.24366705288493087,False,False,0.058611361587015326,1,0,52.479516279697414,False,True,14.960651034261321,50.0,Atencao,Atencao: sinais iniciais de risco,22.08643027059061
1777745918.6533706,1255,True,0.31753335618882367,0.3692569111818228,0.34339513368532326,0.25027787854292044,False,False,0.05855855855855856,1,0,54.73011393709616,False,True,15.065920500718454,50.0,Atencao,Atencao: sinais iniciais de risco,22.140937276018935
1777745918.6970038,1256,True,0.31746624143431784,0.3656837317870673,0.3415749866106926,0.2538113278611866,False,False,0.05850585058505851,1,0,54.38546867370605,False,True,15.041440891192691,50.0,Atencao,Atencao: sinais iniciais de risco,22.235848438222373
1777745918.740546,1257,True,0.3190278360259601,0.356166944518626,0.3375973902722931,0.2363385503088308,False,False,0.05845323741007194,1,0,54.96095314025878,False,True,15.062980802959675,50.0,Atencao,Atencao: sinais iniciais de risco,22.268026504129452
1777745918.7942617,1258,True,0.32671080566868044,0.39907475929348935,0.3628927824810849,0.25092266195101715,False,False,0.05840071877807727,1,0,54.56883907318115,False,True,15.036153787706526,50.0,Atencao,Atencao: sinais iniciais de risco,21.91807254972072
1777745918.8548098,1259,True,0.3299633506288803,0.3669550162801627,0.34845918345452154,0.24726914532713257,False,False,0.05834829443447038,1,0,55.55858192443848,False,True,15.078432583023446,50.0,Atencao,Atencao: sinais iniciais de risco,21.36935634401373
1777745918.9028795,1260,True,0.3209701622041332,0.3858141861893369,0.3533921741967351,0.23979414504810734,False,False,0.05829596412556054,1,0,56.21007118225098,False,True,15.103811628438967,50.0,Atencao,Atencao: sinais iniciais de risco,21.340066614768446
1777745918.9467926,1261,True,0.3324244413251687,0.3961507627336842,0.36428760202942645,0.16205668979003635,False,False,0.05824372759856631,1,0,58.259799003601074,False,True,15.199115497044765,50.0,Atencao,Atencao: sinais iniciais de risco,21.47547079359599
1777745918.9923353,1262,True,0.34114744003565767,0.4174552451966098,0.37930134261613374,0.15276433358433725,False,False,0.05819158460161146,1,0,57.7768159866333,False,True,15.167796684115086,50.0,Atencao,Atencao: sinais iniciais de risco,21.526484536113518
1777745919.0405989,1263,True,0.3462419239625006,0.4062308053152554,0.376236364638878,0.003201721023131929,False,False,0.05813953488372093,1,0,59.38634738922119,False,True,15.24111641803453,50.0,Atencao,Atencao: sinais iniciais de risco,21.437202051575678
1777745919.0883374,1264,True,0.34033677915752325,0.43052563684820144,0.38543120800286235,0.003498023433401106,False,False,0.0580875781948168,1,0,59.863471603393556,False,True,15.257828584018833,50.0,Atencao,Atencao: sinais iniciais de risco,21.36944981726552
1777745919.1346729,1265,True,0.33742265682882877,0.41515402262996287,0.3762883397293958,0.0042963934299259585,False,False,0.05803571428571429,1,0,62.90595664978027,False,True,15.402821548836572,50.0,Atencao,Atencao: sinais iniciais de risco,21.389587942872286
1777745919.1804965,1266,True,0.3477515693614995,0.43981536127680854,0.393783465319154,0.004159303968586921,False,False,0.05798394290811775,1,0,64.31967048645019,False,True,15.466388676250546,50.0,Atencao,Atencao: sinais iniciais de risco,21.469591959935634
1777745919.2261002,1267,True,0.34120194261733955,0.44356115372963045,0.39238154817348503,0.009156054786440894,False,False,0.057932263814616754,1,0,66.80865058898927,False,True,15.583731806021111,50.0,Atencao,Atencao: cabeca inclinada,21.489001195273982
1777745919.2723644,1268,True,0.35185580354674156,0.4331657791706006,0.39251079135867106,0.10783098676442954,False,False,0.0578806767586821,1,0,67.5328384399414,False,True,15.612847978377705,50.0,Atencao,Atencao: cabeca inclinada,21.507723302545074
1777745919.3157153,1269,True,0.3387573993302712,0.4411229362371741,0.38994016778372265,0.20812975312929408,False,False,0.05782918149466192,1,0,68.29190101623534,False,True,15.643720508389626,50.0,Atencao,Atencao: cabeca inclinada,21.64163649439055
1777745919.3609052,1270,True,0.33985817498411597,0.4484612375484117,0.39415970626626384,0.23032818835486754,False,False,0.057777777777777775,1,0,67.81258125305176,False,True,15.612686509158875,50.0,Atencao,Atencao: cabeca inclinada,21.737579476647127
1777745919.4065652,1271,True,0.34306024345941927,0.44340978921726787,0.39323501633834357,0.10586995167958146,False,False,0.05772646536412078,1,0,67.9328197479248,False,True,15.61164297702469,50.0,Atencao,Atencao: cabeca inclinada,21.74734206264622
1777745919.4529052,1272,True,0.34820859400707127,0.43923470726285446,0.3937216506349629,0.04542580442226499,False,False,0.05767524401064774,1,0,67.8496841430664,False,True,15.600443260679228,50.0,Atencao,Atencao: cabeca inclinada,21.70784525331753
1777745919.4957757,1273,True,0.3504879211996624,0.4293259598362716,0.389906940517967,0.0048600118796957486,False,False,0.057624113475177305,1,0,67.72608795166015,False,True,15.58723300248173,50.0,Atencao,Atencao: cabeca inclinada,21.886320474978696
1777745919.5364964,1274,True,0.34934825864997066,0.4196138771462844,0.3844810678981275,0.00650078833847674,False,False,0.05757307351638618,1,0,67.10699462890625,False,True,15.549260342010255,50.0,Atencao,Atencao: cabeca inclinada,22.144494857829947
1777745919.5967238,1275,True,0.35398450075432764,0.4559322528240273,0.40495837678917745,0.0031048314099521314,False,False,0.05752212389380531,1,0,67.51965827941895,False,True,15.562887951431023,50.0,Atencao,Atencao: cabeca inclinada,21.603072329333393
1777745919.6382332,1276,True,0.3404861898037877,0.3988018155781898,0.36964400269098874,0.003259362809235347,False,False,0.05747126436781609,1,0,67.4462215423584,False,True,15.552222929754478,50.0,Atencao,Atencao: cabeca inclinada,21.83665588517825
1777745919.6796846,1277,True,0.14026845386215955,0.19979447407349418,0.17003146396782687,0.003481110214329085,True,False,0.05830388692579505,1,0,68.69127807617188,False,True,15.728961358167258,50.0,Atencao,Atencao: cabeca inclinada,22.06384880636246
1777745919.7242036,1278,True,0.14298250165643536,0.19789708800892164,0.17043979483267852,0.0028950826230588434,True,False,0.05913503971756399,1,0,68.7319034576416,False,True,15.845276136108971,50.0,Atencao,Atencao: cabeca inclinada,22.113313343358826
1777745919.770609,1279,True,0.21262482377915204,0.24395086021216172,0.22828784199565688,0.003279145550296348,False,False,0.059082892416225746,1,0,67.90384506691586,False,True,15.78673257780248,50.0,Atencao,Atencao: cabeca inclinada,22.063223596870095
1777745919.8132932,1280,True,0.2723487417620603,0.30252944202358506,0.2874390918928227,0.017594961017173078,False,False,0.059030837004405284,1,0,62.27141880338842,False,True,15.497953645500793,50.0,Atencao,Atencao: sinais iniciais de risco,22.179571192313983
1777745919.8596442,1281,True,0.26737375464997387,0.3137835331587674,0.2905786439043706,0.0159346202734808,False,False,0.05897887323943662,1,0,62.74813629984857,False,True,15.51464450264061,50.0,Atencao,Atencao: sinais iniciais de risco,22.091607577619175
1777745919.9090462,1282,True,0.29058152438613893,0.34709983107204206,0.3188406777290905,0.29766664589116393,False,False,0.058927000879507474,1,0,59.80124940059402,False,True,15.360167708187625,50.0,Atencao,Atencao: sinais iniciais de risco,21.922979970665292
1777745919.9549925,1283,True,0.28761471475840256,0.3354268791723122,0.3115207969653574,0.2921580151660171,False,False,0.058875219683655534,1,0,59.87550522576679,False,True,15.356760585016623,50.0,Atencao,Atencao: sinais iniciais de risco,21.882612578123272
1777745920.0032282,1284,True,0.3008373437893954,0.3169004156543705,0.3088688797218829,0.2834455326062506,False,False,0.058823529411764705,1,0,63.02364400029183,False,True,15.507060111357884,50.0,Atencao,Atencao: sinais iniciais de risco,21.78340779803996
1777745920.0456662,1285,True,0.10752544150764849,0.03287881081144102,0.07020212615954476,0.22798616617999723,True,False,0.05964912280701754,1,0,65.87340538014065,False,True,15.763067272197592,50.0,Atencao,Atencao: cabeca inclinada,21.99551859698444
1777745920.0894907,1286,True,0.14954716784460456,0.02824727353562176,0.08889722069011316,0.24947214477967994,True,False,0.060473269062226116,1,0,67.5816177368164,False,True,15.961798000122556,50.0,Atencao,Atencao: cabeca inclinada,22.084243894055152
1777745920.127849,1287,True,0.2696399871477846,0.263358228259336,0.26649910770356033,0.24930225906960382,False,False,0.06042031523642732,1,0,67.60043525695801,False,True,15.945003064970095,50.0,Atencao,Atencao: cabeca inclinada,22.4525082023774
1777745920.1680994,1288,True,0.2934132115645963,0.3388818746928449,0.3161475431287206,0.1739616735268939,False,False,0.06036745406824147,1,0,67.29153060913086,False,True,15.922289421953183,50.0,Atencao,Atencao: cabeca inclinada,22.68737920722878
1777745920.2116823,1289,True,0.31520951537776776,0.3350598668342755,0.32513469110602167,0.00547471080436809,False,False,0.06031468531468531,1,0,65.74310722351073,False,True,15.837612549058207,50.0,Atencao,Atencao: cabeca inclinada,22.71297176429084
1777745920.254986,1290,True,0.304506532420887,0.37702588971583123,0.34076621106835914,0.008888065722052236,False,False,0.06026200873362445,1,0,66.61527748107909,False,True,15.873978032040757,50.0,Atencao,Atencao: cabeca inclinada,22.743790464337057
1777745920.2967465,1291,True,0.3305705320364899,0.38908866484825466,0.3598295984423723,0.004918800079107992,False,False,0.060209424083769635,1,0,65.70309295654297,False,True,15.821138416458913,50.0,Atencao,Atencao: cabeca inclinada,22.877112207323677
1777745920.3377733,1292,True,0.335604358199856,0.3834861724931078,0.3595452653464819,0.02021442608638403,False,False,0.06015693112467306,1,0,63.27744216918945,False,True,15.692638095215456,50.0,Atencao,Atencao: sinais iniciais de risco,23.01745766823386
1777745920.379238,1293,True,0.33541277121536095,0.4052630635868835,0.3703379174011222,0.16934211626737108,False,False,0.06010452961672474,1,0,61.69777297973633,False,True,15.606449428399905,50.0,Atencao,Atencao: sinais iniciais de risco,23.15830485823844
1777745920.4243228,1294,True,0.3356666830547794,0.4336778872557981,0.38467228515528873,0.20723470190864296,False,False,0.06005221932114883,1,0,59.96361541748046,False,True,15.512548884645426,50.0,Atencao,Atencao: sinais iniciais de risco,23.020672785344328
1777745920.4675663,1295,True,0.34151265187582763,0.42628645969706375,0.3838995557864457,0.1963791356694591,False,False,0.06,1,0,59.43459625244141,False,True,15.47891776973551,50.0,Atencao,Atencao: sinais iniciais de risco,23.055141452982973
1777745920.5066981,1296,True,0.34973658446911793,0.4561707281170893,0.40295365629310365,0.20751209180186816,False,False,0.05994787141615986,1,0,59.02392044067383,False,True,15.451216298869111,50.0,Atencao,Atencao: sinais iniciais de risco,23.31408495008764
1777745920.5463762,1297,True,0.3561382347189104,0.4289432396337214,0.3925407371763159,0.2032217671533841,False,False,0.059895833333333336,1,0,58.169230461120605,False,True,15.401326563502803,50.0,Atencao,Atencao: sinais iniciais de risco,23.507897094825616
1777745920.7780278,1298,True,0.34975381919606047,0.492471875083252,0.42111284713965624,0.15813149496065904,False,False,0.0598438855160451,1,0,56.35719184875489,False,True,15.303581808007385,50.0,Atencao,Atencao: sinais iniciais de risco,21.58871318766381
1777745920.8267162,1299,True,0.3393567846076345,0.47306663893773143,0.406211711772683,0.18462901311446858,False,False,0.05979202772963605,1,0,57.20989570617676,False,True,15.339086555247233,50.0,Atencao,Atencao: sinais iniciais de risco,21.492437523504755
1777745920.8751633,1300,True,0.3526284340512972,0.4917761191014868,0.422202276576392,0.23629444881567047,False,False,0.05974025974025974,1,0,56.73172092437744,False,True,15.308059717618026,50.0,Atencao,Atencao: sinais iniciais de risco,21.36413067741536
1777745920.9257774,1301,True,0.35151997082645686,0.47356993352193566,0.4125449521741963,0.2673390853171707,False,False,0.05968858131487889,1,0,56.399224853515626,False,True,15.284329130585068,50.0,Atencao,Atencao: sinais iniciais de risco,21.240928298496833
1777745920.9720647,1302,True,0.3484818336981225,0.47545040725987014,0.41196612047899633,0.2635715792694364,False,False,0.059636992221261884,1,0,56.71485862731933,False,True,15.293017318902912,50.0,Atencao,Atencao: sinais iniciais de risco,21.270749883911257
1777745921.0176144,1303,True,0.3507331405973856,0.47339985427616976,0.4120664974367777,0.23626448205459596,False,False,0.05958549222797927,1,0,55.58052024841309,False,True,15.229219150881242,50.0,Atencao,Atencao: sinais iniciais de risco,21.310662999395177
1777745921.066391,1304,True,0.3534677276886886,0.4744386121125702,0.4139531699006294,0.21982655440174298,False,False,0.059534081104400345,1,0,55.16037044525146,False,True,15.201142631231058,50.0,Atencao,Atencao: sinais iniciais de risco,21.243797470966786
1777745921.1087239,1305,True,0.34571148873647334,0.4859342366580606,0.415822862697267,0.26202737227793516,False,False,0.059482758620689656,1,0,55.05715732574463,False,True,15.1889251337455,50.0,Atencao,Atencao: sinais iniciais de risco,21.506662199883976
1777745921.1496081,1306,True,0.34173026745354673,0.5001510134579417,0.4209406404557442,0.2620440872593055,False,False,0.059431524547803614,1,0,54.787185478210446,False,True,15.168381856346958,50.0,Atencao,Atencao: sinais iniciais de risco,21.737861408714824
1777745921.188156,1307,True,0.34683080110820047,0.47740642897701946,0.41211861504260994,0.1878587829712384,False,False,0.05938037865748709,1,0,54.85919399261474,False,True,15.164949722148652,50.0,Atencao,Atencao: sinais iniciais de risco,22.195751172398484
1777745921.2281878,1308,True,0.3485315874115877,0.4441565089585874,0.3963440481850875,0.117995090019501,False,False,0.05932932072226999,1,0,56.18480777740478,False,True,15.2242099452958,50.0,Atencao,Atencao: sinais iniciais de risco,22.517226728390142
1777745921.2688994,1309,True,0.34794835546546315,0.4460439320660344,0.39699614376574877,0.13622596501942869,False,False,0.059278350515463915,1,0,56.32801628112792,False,True,15.224361967046121,50.0,Atencao,Atencao: sinais iniciais de risco,22.679785008812857
1777745921.3096306,1310,True,0.3502399305144916,0.4905965695061472,0.4204182500103194,0.15501775474251156,False,False,0.0592274678111588,1,0,55.61996974945068,False,True,15.181963268620308,50.0,Atencao,Atencao: sinais iniciais de risco,22.86392280753207
1777745921.353672,1311,True,0.3430463165853026,0.4661772820078681,0.40461179929658536,0.22452535746202898,False,False,0.05917667238421955,1,0,56.471780967712405,False,True,15.217569458329248,50.0,Atencao,Atencao: foco visual fora da direcao,22.865556374092495
1777745921.3961937,1312,True,0.3488168308566611,0.4763926987764154,0.41260476481653824,0.21248397673841538,False,False,0.05912596401028278,1,0,56.790233421325674,False,True,15.226519679593604,50.0,Atencao,Atencao: foco visual fora da direcao,22.952358373678553
1777745921.436256,1313,True,0.3493584605169183,0.4704404867950178,0.40989947365596807,0.2694710868454755,False,False,0.059075342465753425,1,0,56.771185874938965,False,True,15.218606839901483,50.0,Atencao,Atencao: foco visual fora da direcao,23.125368547930602
1777745921.4784007,1314,True,0.34901577830281505,0.4613676900599569,0.405191734181386,0.33900417467664656,False,False,0.05902480752780154,1,0,56.63684368133545,False,True,15.204941176252923,50.0,Atencao,Atencao: foco visual fora da direcao,23.189364855773814
1777745921.5228455,1315,True,0.3630316815084556,0.4479639578574686,0.4054978196829621,0.33229032011116977,False,False,0.05897435897435897,1,0,57.119229316711426,False,True,15.222123781923369,50.0,Atencao,Atencao: foco visual fora da direcao,23.135772680884667
1777745921.565398,1316,True,0.34510962271014634,0.4360829434160732,0.3905962830631098,0.27564071742135726,False,False,0.05892399658411614,1,0,55.238239479064944,False,True,15.121149461382654,50.0,Atencao,Atencao: foco visual fora da direcao,23.159993158355213
1777745921.6093812,1317,True,0.34650596686755386,0.45673663864419556,0.4016213027558747,0.26546556383294356,False,False,0.05887372013651877,1,0,56.703443145751955,False,True,15.187496633172367,50.0,Atencao,Atencao: foco visual fora da direcao,23.09291323722741
1777745921.654514,1318,True,0.3439191287260158,0.4744501241091603,0.40918462641758807,0.21509459095819553,False,False,0.058823529411764705,1,0,53.77573776245117,False,True,15.034210139353643,50.0,Atencao,Atencao: foco visual fora da direcao,22.995184404252612
1777745921.695896,1319,True,0.327109104828699,0.4362297767935601,0.3816694408111295,0.17808948283648798,False,False,0.05877342419080068,1,0,52.38820915222168,False,True,14.957944240959614,50.0,Atencao,Atencao: foco visual fora da direcao,23.084592810336694
1777745921.7429864,1320,True,0.33979015692847964,0.4317599746990763,0.38577506581377796,0.22083247469634115,False,False,0.05872340425531915,1,0,48.89107637405395,False,True,14.776209860922519,50.0,Atencao,Atencao: foco visual fora da direcao,22.940036172702538
1777745921.7947176,1321,True,0.3260578542475571,0.4122563966332118,0.3691571254403845,0.0014216898945638768,False,False,0.058673469387755105,1,0,44.59052629470825,False,True,14.554316312665179,50.0,Atencao,Atencao: foco visual fora da direcao,22.596867608957048
1777745921.8458068,1322,True,0.3280774659571991,0.37799354537954866,0.3530355056683739,0.005277012825905641,False,False,0.05862361937128292,1,0,43.6950590133667,False,True,14.502688571333175,50.0,Atencao,Atencao: foco visual fora da direcao,22.28662019054072
1777745921.8987837,1323,True,0.3003512461550709,0.37251088093148504,0.336431063543278,0.033479280025297084,False,False,0.05857385398981324,1,0,42.0312135219574,False,True,14.41265355681063,50.0,Atencao,Atencao: foco visual fora da direcao,21.938173417496603
1777745921.9443479,1324,True,0.2913444199648466,0.382627925964609,0.33698617296472777,0.10791507380881443,False,False,0.058524173027989825,1,0,40.50499410629273,False,True,14.329511453776675,50.0,Atencao,Atencao: foco visual fora da direcao,21.954652522178815
1777745921.9912612,1325,True,0.2867098792642253,0.3942417076011946,0.34047579343270995,0.01374607602075699,False,False,0.05847457627118644,1,0,41.32064056396484,False,True,14.363474222599816,50.0,Atencao,Atencao: foco visual fora da direcao,21.894059987314932
1777745922.0359945,1326,True,0.29624134769268323,0.43656306666756506,0.3664022071801242,0.007108737158336523,False,False,0.05842506350550381,1,0,41.28806524276734,False,True,14.355037451258578,50.0,Atencao,Atencao: foco visual fora da direcao,21.89563285314744
1777745922.078141,1327,True,0.29665552554316515,0.4641358689652535,0.3803956972542093,0.005776297262349505,False,False,0.0583756345177665,1,0,39.82958512306213,False,True,14.275316959459438,50.0,Atencao,Atencao: foco visual fora da direcao,22.07705252872499
1777745922.1229458,1328,True,0.29003925787735724,0.40471563255714765,0.34737744521725245,0.18779194018408749,False,False,0.058326289095519866,1,0,41.96909399032592,False,True,14.375507407263717,50.0,Atencao,Atencao: foco visual fora da direcao,22.15044722292141
1777745922.1630428,1329,True,0.2995972460724476,0.4077295590333486,0.3536634025528981,0.1952581137114646,False,False,0.05827702702702703,1,0,40.929132032394406,False,True,14.316735774949375,50.0,Atencao,Atencao: foco visual fora da direcao,22.372014051947424
1777745922.2044332,1330,True,0.3010844756416044,0.4353704471215885,0.36822746138159645,0.19124972862379405,False,False,0.05822784810126582,1,0,41.87727317810058,False,True,14.357380729942518,50.0,Atencao,Atencao: foco visual fora da direcao,22.557346083884042
1777745922.246381,1331,True,0.29417907787358133,0.4293635388581885,0.3617713083658849,0.23548127636008878,False,False,0.0581787521079258,1,0,40.47483742399649,False,True,14.280508243153061,50.0,Atencao,Atencao: foco visual fora da direcao,22.711964422615587
1777745922.2885501,1332,True,0.2999394542629829,0.36325643287996495,0.33159794357147393,0.25247663810477367,False,False,0.05812973883740522,1,0,39.270175231586805,False,True,14.213535808835998,50.0,Atencao,Atencao: foco visual fora da direcao,22.80088390996638
1777745922.3299043,1333,True,0.29914253141956887,0.37883244063272614,0.3389874860261475,0.2434417767400029,False,False,0.05808080808080808,1,0,39.55876641652801,False,True,14.22123738905095,50.0,Atencao,Atencao: foco visual fora da direcao,22.931258858211127
1777745922.3715532,1334,True,0.3100227387979886,0.39066890384504427,0.3503458213215164,0.2088981125787292,False,False,0.05803195962994113,1,0,38.633417969942094,False,True,14.168253304727447,50.0,Atencao,Atencao: foco visual fora da direcao,23.040252603232144
1777745922.415678,1335,True,0.3045186665999971,0.3992703955974238,0.35189453109871044,0.1987317658899131,False,False,0.05798319327731093,1,0,37.632410988482555,False,True,14.111497582167818,50.0,Atencao,Atencao: foco visual fora da direcao,22.965007129394326
1777745922.45913,1336,True,0.3195668013446704,0.3922676376817417,0.3559172195132061,0.1775073523573709,False,False,0.05793450881612091,1,0,38.35258700034835,False,True,14.140812269347482,50.0,Atencao,Atencao: foco visual fora da direcao,23.03200827587572
1777745922.5000548,1337,True,0.3134529031034723,0.3910963355640691,0.3522746193337707,0.1696906985306423,False,False,0.057885906040268456,1,0,35.33229156678373,False,False,13.983114615989537,50.0,Atencao,Atencao: sinais iniciais de risco,23.159041504625065
1777745922.5419579,1338,True,0.30185714876056563,0.3440085013092255,0.32293282503489557,0.200327021262316,False,False,0.057837384744341996,1,0,32.15609354593537,False,False,13.817633036757233,50.0,Atencao,Atencao: sinais iniciais de risco,23.221784710592196
1777745922.5817542,1339,True,0.3046002743820492,0.35886516812846714,0.33173272125525816,0.19877063439965476,False,False,0.05778894472361809,1,0,28.311530406637626,False,False,13.618744376942807,50.0,Atencao,Atencao: sinais iniciais de risco,23.414848608544663
1777745922.6242158,1340,True,0.31536513714030223,0.36775639536398735,0.3415607662521448,0.207149953534951,False,False,0.05774058577405858,1,0,24.817500052668827,False,False,13.437393503679933,50.0,Atencao,Atencao: sinais iniciais de risco,23.437961000026263
1777745922.6653397,1341,True,0.2971936311330733,0.358402579175905,0.32779810515448915,0.19915297799670292,False,False,0.057692307692307696,1,0,24.353622268004848,False,False,13.407561378205989,50.0,Atencao,Atencao: sinais iniciais de risco,23.526000545773076
1777745922.7049458,1342,True,0.3145915238242251,0.3628116273251854,0.33870157557470526,0.24079521489001693,False,False,0.05764411027568922,1,0,22.94089513827454,False,False,13.330297876934434,50.0,Atencao,Atencao: sinais iniciais de risco,23.72152825504552
1777745922.7461002,1343,True,0.32595766526523684,0.36117700992076623,0.3435673375930015,0.21330459509835437,False,False,0.05759599332220367,1,0,21.943412655591963,False,False,13.27380767169604,50.0,Atencao,Atencao: sinais iniciais de risco,23.771879523463056
1777745922.7949946,1344,True,0.32877168096388154,0.3593463973159486,0.3440590391399151,0.20433511864326281,False,False,0.057547956630525435,1,0,19.447010552612216,False,False,13.142382521441299,50.0,Atencao,Atencao: sinais iniciais de risco,23.42627455998565
1777745922.840152,1345,True,0.3330622075916006,0.35531249467663845,0.3441873511341195,0.19468337705693395,False,False,0.0575,1,0,20.076277578689833,False,False,13.167251836047932,50.0,Atencao,Atencao: sinais iniciais de risco,23.31367939455535
1777745922.8879187,1346,True,0.3274253624346357,0.33619695096387514,0.3318111566992554,0.18654121024261547,False,False,0.05745212323064113,1,0,22.468758049878208,False,False,13.280292803820505,50.0,Atencao,Atencao: sinais iniciais de risco,23.030404782106423
1777745922.9384212,1347,True,0.32262214281014756,0.3786834071199199,0.3506527749650337,0.1815338600525409,False,False,0.05740432612312812,1,0,24.35748916701837,False,False,13.368157257394472,50.0,Atencao,Atencao: sinais iniciais de risco,22.74463618622746
1777745922.9871507,1348,True,0.3226980765354949,0.39578759462657526,0.3592428355810351,0.15204212025089273,False,False,0.057356608478802994,1,0,29.20713586753065,False,False,13.604078416325383,50.0,Atencao,Atencao: sinais iniciais de risco,22.516367463247402
1777745923.034181,1349,True,0.31795693572697425,0.3787126297764403,0.34833478275170726,0.1466995179521344,False,False,0.057308970099667775,1,0,29.985786184939467,False,False,13.636460655064731,50.0,Atencao,Atencao: sinais iniciais de risco,22.391272726794018
1777745923.083236,1350,True,0.3199280886980992,0.3717195988828733,0.34582384379048625,0.13751551256232514,False,False,0.05726141078838174,1,0,31.51226974563165,False,False,13.70624542779751,50.0,Atencao,Atencao: sinais iniciais de risco,22.211016820102436
1777745923.129324,1351,True,0.3202740814727914,0.34961634992395774,0.33494521569837454,0.15131963424200492,False,False,0.05721393034825871,1,0,31.11383994004943,False,False,13.679795377001483,50.0,Atencao,Atencao: sinais iniciais de risco,22.105305448726007
1777745923.170474,1352,True,0.34528849603408807,0.37902362711912424,0.3621560615766062,0.12963456601631282,False,False,0.05716652858326429,1,0,39.77446506782012,False,True,14.106308890703286,50.0,Atencao,Atencao: sinais iniciais de risco,22.335007507516835
1777745923.2136207,1353,True,0.3223072278283812,0.3656888530211664,0.3439980404247738,0.12792006206643725,False,False,0.05716652858326429,1,0,39.16515444462949,False,True,14.075843359543754,50.0,Atencao,Atencao: sinais iniciais de risco,22.453009366671644
1777745923.2571259,1354,True,0.31522774988694285,0.39116060677006487,0.35319417832850386,0.10822489885808823,False,False,0.05716652858326429,1,0,41.88015065193176,False,True,14.211593169908866,50.0,Atencao,Atencao: sinais iniciais de risco,22.52557080516836
1777745923.2995155,1355,True,0.32144489919329133,0.3785991079569111,0.3500220035751012,0.08797366415320727,False,False,0.05716652858326429,1,0,42.871550464630126,False,True,14.261163160543786,50.0,Atencao,Atencao: sinais iniciais de risco,22.582567887932342
1777745923.3413508,1356,True,0.32239126161718984,0.4061504914289752,0.36427087652308254,0.09491755446688926,False,False,0.05716652858326429,1,0,42.10023341178894,False,True,14.222597307901726,50.0,Atencao,Atencao: sinais iniciais de risco,22.761623425317108
1777745923.3806112,1357,True,0.3337033118939545,0.3998920327907183,0.3667976723423364,0.09831553128547983,False,False,0.05716652858326429,1,0,42.54372100830078,False,True,14.244771687727319,50.0,Atencao,Atencao: sinais iniciais de risco,22.997727225548264
1777745923.4246986,1358,True,0.33713991229661344,0.41035953749658216,0.3737497248965978,0.09369315776180882,False,False,0.05716652858326429,1,0,42.793172454833986,False,True,14.257244260053978,50.0,Atencao,Atencao: sinais iniciais de risco,22.9342754848484
1777745923.4689317,1359,True,0.3378342870783797,0.4300657523505644,0.38395001971447207,0.09413666510698981,False,False,0.057119205298013245,1,0,42.95548944473266,False,True,14.258853157826891,50.0,Atencao,Atencao: sinais iniciais de risco,22.95436140163089
1777745923.5122554,1360,True,0.3410528846088369,0.43388571925194314,0.38746930193039003,0.09338962849879684,False,False,0.056291390728476824,1,0,42.71821479797363,False,True,14.133164922177684,50.0,Atencao,Atencao: sinais iniciais de risco,22.96193713974283
1777745923.5547383,1361,True,0.3377058233566885,0.4372630555762502,0.3874844394664694,0.08617093297671446,False,False,0.056291390728476824,1,0,43.057523250579834,False,True,14.16506258530859,50.0,Atencao,Atencao: sinais iniciais de risco,23.01296290882231
1777745923.596681,1362,True,0.3392887032336156,0.44466506203573575,0.39197688263467567,0.08887295648846971,False,False,0.056291390728476824,1,0,42.555489253997806,False,True,14.13996088547949,50.0,Atencao,Atencao: sinais iniciais de risco,23.104795465334924
1777745923.6380436,1363,True,0.3262997186886408,0.43408704340169985,0.3801933810451703,0.09789888741844904,False,False,0.056291390728476824,1,0,42.799319648742674,False,True,14.152152405216732,50.0,Atencao,Atencao: sinais iniciais de risco,23.1876223197565
1777745923.678409,1364,True,0.3258532053415656,0.43918634738621326,0.38251977636388945,0.09191188163304403,False,False,0.05624483043837883,1,0,42.64156970977783,False,True,14.137862868380015,50.0,Atencao,Atencao: sinais iniciais de risco,23.33652747866218
1777745923.7220566,1365,True,0.323166196883872,0.4433688306743983,0.38326751377913515,0.0936213078489491,False,False,0.05624483043837883,1,0,43.210058975219724,False,True,14.16628733165211,50.0,Atencao,Atencao: sinais iniciais de risco,23.309089286152812
1777745923.770288,1366,True,0.333021514074256,0.4445859408981405,0.3888037274861983,0.10897016939635801,False,False,0.05624483043837883,1,0,43.07738361358642,False,True,14.159653563570444,50.0,Atencao,Atencao: sinais iniciais de risco,23.079925856763914
1777745923.8169122,1367,True,0.3353876439576104,0.4551599964971734,0.3952738202273919,0.10449858059793259,False,False,0.05624483043837883,1,0,43.290846252441405,False,True,14.170326695513193,50.0,Atencao,Atencao: sinais iniciais de risco,22.89555344875376
1777745923.8639712,1368,True,0.3298044154912814,0.44428066000836447,0.38704253774982295,0.1098884899624987,False,False,0.05624483043837883,1,0,42.74377174377441,False,True,14.142972970079844,50.0,Atencao,Atencao: sinais iniciais de risco,22.75040687877504
1777745923.9122705,1369,True,0.335842722850164,0.4357079490454869,0.3857753359478254,0.09442640170620151,False,False,0.05624483043837883,1,0,42.6655945777893,False,True,14.139064111780588,50.0,Atencao,Atencao: sinais iniciais de risco,22.52157783445903
1777745923.963718,1370,True,0.32993420399164436,0.4373946874936669,0.3836644457426556,0.039094680328294135,False,False,0.05624483043837883,1,0,43.341867446899414,False,True,14.172877755236094,50.0,Atencao,Atencao: sinais iniciais de risco,22.219460028215376
1777745924.013865,1371,True,0.33394449269351456,0.4436831689725395,0.388813830833027,0.009882563354182843,False,False,0.056291390728476824,1,0,43.8827672958374,False,True,14.206324787571468,50.0,Atencao,Atencao: sinais iniciais de risco,22.010311390540952
1777745924.0606632,1372,True,0.32799724630579113,0.43839977046874556,0.3831985083872683,0.0035601440524216767,False,False,0.056291390728476824,1,0,44.06996231079101,False,True,14.215684538319149,50.0,Atencao,Atencao: sinais iniciais de risco,21.94310977243996
1777745924.1075654,1373,True,0.32528746499651695,0.4289094117362583,0.3770984383663876,0.0030694286527259192,False,False,0.05624483043837883,1,0,43.99976053237915,False,True,14.20577240951008,50.0,Atencao,Atencao: sinais iniciais de risco,21.84593829479048
1777745924.155531,1374,True,0.32058195866942024,0.39824350987739776,0.35941273427340903,0.003054398085342362,False,False,0.056291390728476824,1,0,44.112655353546145,False,True,14.217819190456904,50.0,Atencao,Atencao: sinais iniciais de risco,21.766093623170132
1777745924.19618,1375,True,0.14323466998084972,0.07115875359190063,0.10719671178637517,0.003420922900045802,True,False,0.05707196029776675,1,0,43.3268985748291,False,True,14.285859667298418,50.0,Atencao,Atencao: sinais iniciais de risco,22.03755456720895
1777745924.2382655,1376,True,0.10279281618085222,0.03690112563230759,0.0698469709065799,0.005362750518838067,True,False,0.05789909015715467,1,0,44.81985645294189,False,True,14.474237916869896,50.0,Atencao,Atencao: sinais iniciais de risco,22.21623767982291
1777745924.2820885,1377,True,0.1894111088958983,0.25803065865171715,0.22372088377380772,0.005921355337548497,False,False,0.05789909015715467,1,0,46.993801021575926,False,True,14.572869656558538,50.0,Atencao,Atencao: sinais iniciais de risco,22.265220231004363
1777745924.3256052,1378,True,0.20831906111835766,0.26736924701482156,0.2378441540665896,0.004979681431073252,False,False,0.05789909015715467,1,0,46.357657432556145,False,True,14.541062477107548,50.0,Atencao,Atencao: sinais iniciais de risco,22.373134173945143
1777745924.3675625,1379,True,0.2697819177485574,0.2874593770488318,0.27862064739869463,0.023862688776744065,False,False,0.05789909015715467,1,0,47.37602848031304,False,True,14.591981029495393,50.0,Atencao,Atencao: sinais iniciais de risco,22.47488714268059
1777745924.4099624,1380,True,0.2538009818484601,0.29229242817758416,0.27304670501302214,0.00999585874646479,False,False,0.05789909015715467,1,0,47.12541248744184,False,True,14.579450229851833,50.0,Atencao,Atencao: sinais iniciais de risco,22.60565544976319
1777745924.4518244,1381,True,0.2746228759696137,0.3087043742562265,0.2916636251129201,0.2045869984128622,False,False,0.05785123966942149,1,0,46.819209747422825,False,True,14.55756065078757,50.0,Atencao,Atencao: sinais iniciais de risco,22.700292077463438
1777745924.4941463,1382,True,0.27774407329113726,0.2955110444275577,0.2866275588593475,0.19360587216560418,False,False,0.057803468208092484,1,0,43.97436460202391,False,True,14.408749817584887,50.0,Atencao,Atencao: sinais iniciais de risco,22.854270236362616
1777745924.5351143,1383,True,0.3017954131219808,0.3368139350908669,0.3193046741064238,0.2153244343018533,False,False,0.057755775577557754,1,0,43.06835558035157,False,True,14.356891629802746,50.0,Atencao,Atencao: sinais iniciais de risco,23.002270720421322
1777745924.5764456,1384,True,0.2692685085802208,0.30250782547142113,0.285888167025821,0.20750507858781,False,False,0.057708161582852434,1,0,41.38303884430365,False,True,14.266078868728366,50.0,Atencao,Atencao: sinais iniciais de risco,23.115369067461998
1777745924.6206584,1385,True,0.29701210994590715,0.34465340953365853,0.32083275973978287,0.25254814473390447,False,False,0.057708161582852434,1,0,40.89627932689407,False,True,14.241740892857887,50.0,Atencao,Atencao: sinais iniciais de risco,23.06677733924618
1777745924.6617322,1386,True,0.28908411231310355,0.33992771115381987,0.3145059117334617,0.29059917831887233,False,False,0.057708161582852434,1,0,39.82448942932215,False,False,14.188151397979292,50.0,Atencao,Atencao: sinais iniciais de risco,23.171789547982176
1777745924.7040858,1387,True,0.2971460291730619,0.33492910190352776,0.3160375655382948,0.27560018291673183,False,False,0.057708161582852434,1,0,38.42150945934383,False,False,14.118002399480375,50.0,Atencao,Atencao: sinais iniciais de risco,23.223801631115826
1777745924.746021,1388,True,0.2972694448942439,0.34554505278053765,0.3214072488373908,0.3419864003039677,False,False,0.057708161582852434,1,0,36.45989997007631,False,False,14.019921925017,50.0,Atencao,Atencao: sinais iniciais de risco,23.26996718076827
1777745924.793135,1389,True,0.2596485575453331,0.32854146760756225,0.29409501257644766,0.3592637894249088,False,False,0.057708161582852434,1,0,33.28999299136075,False,False,13.861426576081222,50.0,Atencao,Atencao: sinais iniciais de risco,23.09195528403839
1777745924.8398054,1390,True,0.28083889981190996,0.3443167585157014,0.3125778291638057,0.32331775023415316,False,False,0.057708161582852434,1,0,32.89132843505252,False,False,13.84149334826581,50.0,Atencao,Atencao: sinais iniciais de risco,22.866101769201276
1777745924.890234,1391,True,0.2628479670054454,0.3399541250435968,0.3014010460245211,0.3503558730074274,False,False,0.057660626029654036,1,0,31.275647535649213,False,False,13.754173164730865,50.0,Atencao,Atencao: sinais iniciais de risco,22.617242975292072
1777745924.9364135,1392,True,0.2682491840163776,0.3195263162046833,0.2938877501105305,0.3823397584751174,False,False,0.05761316872427984,1,0,32.437181297486475,False,False,13.805724473333775,50.0,Atencao,Atencao: sinais iniciais de risco,22.49993205119339
1777745924.9788227,1393,True,0.2768576758964659,0.33594124836349054,0.30639946212997826,0.4134892223964373,False,False,0.05756578947368421,1,0,33.7922399233688,False,False,13.866962757670994,50.0,Atencao,Atencao: sinais iniciais de risco,22.628835180840543
1777745925.0277157,1394,True,0.2513498629974183,0.3213994891344005,0.2863746760659094,0.45959320268917747,False,False,0.05751848808545604,1,0,37.8497707543048,False,False,14.06333535833642,50.0,Atencao,Atencao: sinais iniciais de risco,22.409361869553056
1777745925.0736718,1395,True,0.25821583709184226,0.31828153818992644,0.28824868764088435,0.43373493227566257,False,False,0.05751848808545604,1,0,41.45330389304595,False,False,14.243512015273478,50.0,Atencao,Atencao: sinais iniciais de risco,22.34714611937147
1777745925.1177766,1396,True,0.2638353270097648,0.28637285168467524,0.27510408934722,0.4263787950759664,False,False,0.05751848808545604,1,0,43.678677928447726,False,True,14.354780717043568,50.0,Atencao,Atencao: sinais iniciais de risco,22.368397975733014
1777745925.161116,1397,True,0.26674398345769934,0.30794111277005576,0.28734254811387755,0.45225002912322454,False,False,0.056696795398520954,1,0,48.10154304504394,False,True,14.462941228419803,50.0,Atencao,Atencao: sinais iniciais de risco,22.436746693846356
1777745925.2066572,1398,True,0.2775085231742729,0.31273686978175985,0.29512269647801637,0.4326275482561702,False,False,0.056696795398520954,1,0,47.23303775787353,False,True,14.436769534545675,50.0,Atencao,Atencao: sinais iniciais de risco,22.389971321990917
1777745925.2501335,1399,True,0.2762679632534464,0.33893291927051455,0.3076004412619805,0.43271676029777323,False,False,0.056696795398520954,1,0,45.56637744903564,False,True,14.35343651910378,50.0,Atencao,Atencao: sinais iniciais de risco,22.464664294144434
1777745925.2943072,1400,True,0.28557854711803893,0.3445093252329024,0.31504393617547066,0.4497218464335995,False,False,0.056696795398520954,1,0,45.46160993576049,False,True,14.348198143440023,50.0,Atencao,Atencao: sinais iniciais de risco,22.478559928361484
1777745925.3385572,1401,True,0.2755964391568746,0.3272125333724631,0.30140448626466887,0.6468224595239098,False,False,0.056696795398520954,1,0,43.805819225311275,False,True,14.265408607917562,50.0,Atencao,Atencao: sinais iniciais de risco,22.447900514854354
1777745925.384377,1402,True,0.26926893732584933,0.32222881255838426,0.29574887494211677,0.6301576979657486,False,False,0.056696795398520954,1,0,43.73213186264038,False,True,14.261724239784018,50.0,Atencao,Atencao: sinais iniciais de risco,22.43327703233827
1777745925.4278307,1403,True,0.3039319931525513,0.35216796936281775,0.32804998125768453,0.6654435690286219,False,True,0.05587510271158587,1,0,43.46464727466757,False,True,14.135367265931801,50.0,Atencao,Atencao: sinais iniciais de risco,22.476949562433493
1777745925.4689915,1404,True,0.2708350806114052,0.31788266014144767,0.29435887037642644,0.7035227639011689,False,True,0.05587510271158587,1,0,44.25367162281817,False,True,14.192943335917176,50.0,Atencao,Atencao: sinais iniciais de risco,22.673429647696192
1777745925.5128517,1405,True,0.2791514381328489,0.3513484234064339,0.31524993076964136,0.7612645955828543,False,True,0.05587510271158587,1,0,44.48775051073595,False,True,14.204647280313067,50.0,Atencao,Atencao: sinais iniciais de risco,22.680669811090198
1777745925.5605302,1406,True,0.26974216082578867,0.34147933751314624,0.30561074916946745,0.7560729223060701,False,True,0.05587510271158587,1,0,41.06827118776061,False,True,14.033673314164298,50.0,Atencao,Atencao: sinais iniciais de risco,22.518375805936802
1777745925.7968433,1407,True,0.2642670235164072,0.33883072256457303,0.3015488730404901,0.8259505588969552,False,True,0.05601317957166392,1,0,40.9740213367072,False,True,14.047946389872362,50.0,Atencao,Atencao: sinais iniciais de risco,20.689749859907188
1777745925.8425007,1408,True,0.27332263893867587,0.32134263094846466,0.29733263494357026,0.5787597263512912,False,False,0.05601317957166392,1,0,41.950256803360844,False,True,14.096758163205044,50.0,Atencao,Atencao: sinais iniciais de risco,20.785469142877137
1777745925.8891883,1409,True,0.26378595017827167,0.3172818045590903,0.29053387736868097,0.4006584313822322,False,False,0.05601317957166392,1,0,43.31276879093864,False,True,14.164883762583933,50.0,Atencao,Atencao: sinais iniciais de risco,20.818341842495244
1777745925.9361043,1410,True,0.26664105826729045,0.31455073655529714,0.29059589741129377,0.28404510125493804,False,False,0.05601317957166392,1,0,44.647840818491844,False,True,14.231637363961594,50.0,Atencao,Atencao: sinais iniciais de risco,20.883093727380306
1777745925.9810722,1411,True,0.26574235726120865,0.2994846579345247,0.2826135075978667,0.2125333090584856,False,False,0.05601317957166392,1,0,43.66149602532387,False,True,14.182320124303196,50.0,Atencao,Atencao: sinais iniciais de risco,21.006743088242224
1777745926.0291743,1412,True,0.25945261507178274,0.3103395044821879,0.2848960597769853,0.17272959197741103,False,False,0.05601317957166392,1,0,43.670383020422676,False,True,14.182764474058136,50.0,Atencao,Atencao: sinais iniciais de risco,20.973901979134354
1777745926.0729432,1413,True,0.2548902002612673,0.2872487210462743,0.2710694606537708,0.19139273070081403,False,False,0.05601317957166392,1,0,42.941762393713,False,True,14.146333442722652,50.0,Atencao,Atencao: sinais iniciais de risco,21.17761585119017
1777745926.1236298,1414,True,0.25227564020091287,0.3088549684819359,0.28056530434142435,0.10097820652516776,False,False,0.05601317957166392,1,0,42.30628342899409,False,True,14.114559494486706,50.0,Atencao,Atencao: sinais iniciais de risco,21.075446890140793
1777745926.1670346,1415,True,0.25393928663450116,0.2881264340269694,0.27103286033073526,0.004890789794027048,False,False,0.05601317957166392,1,0,42.81633917147463,False,True,14.140062281610733,50.0,Atencao,Atencao: sinais iniciais de risco,21.262680205544115
1777745926.211005,1416,True,0.24775213782104397,0.27792469405264786,0.2628384159368459,0.005896073092752014,False,False,0.05601317957166392,1,0,42.87531155510382,False,True,14.143010900792193,50.0,Atencao,Atencao: sinais iniciais de risco,21.392765512837283
1777745926.260072,1417,True,0.2901853870305271,0.3048548082531997,0.2975200976418634,0.004899900896862866,False,False,0.05601317957166392,1,0,44.113700771331786,False,True,14.20493036160359,50.0,Atencao,Atencao: sinais iniciais de risco,21.31350972600152
1777745926.304151,1418,True,0.3015907688676932,0.3579807998092988,0.32978578433849604,0.0037564338059421073,False,False,0.05601317957166392,1,0,41.55580205917359,False,True,14.077035425995682,50.0,Atencao,Atencao: sinais iniciais de risco,21.446610484529703
1777745926.344768,1419,True,0.30027624094472477,0.346650507580235,0.3234633742624799,0.003615130403448675,False,False,0.05601317957166392,1,0,41.0126482963562,False,True,14.04987773785481,50.0,Atencao,Atencao: sinais iniciais de risco,21.721762868336324
1777745926.393325,1420,True,0.3053087451924188,0.35843372823200387,0.3318712367122113,0.0044628355749639454,False,False,0.05601317957166392,1,0,39.94798855781555,False,True,13.996644750927778,50.0,Atencao,Atencao: sinais iniciais de risco,21.614051566178926
1777745926.4385571,1421,True,0.29702989871422636,0.3443745119921455,0.32070220535318594,0.004158634928999947,False,False,0.05601317957166392,1,0,39.73363199234009,False,True,13.985926922654006,50.0,Atencao,Atencao: sinais iniciais de risco,21.695890318089297
1777745926.4803295,1422,True,0.286803244887993,0.35064822216937014,0.3187257335286816,0.005768502685935689,False,False,0.05601317957166392,1,0,39.16511611938476,False,True,13.95750112900624,50.0,Atencao,Atencao: sinais iniciais de risco,21.843814502927533
1777745926.5246403,1423,True,0.2951886426167479,0.35108406555941635,0.3231363540880821,0.00456575453025208,False,False,0.05596707818930041,1,0,39.353687000274654,False,True,13.960590732975753,50.0,Atencao,Atencao: sinais iniciais de risco,21.920618003147677
1777745926.5675006,1424,True,0.30641433948824337,0.3557470555691025,0.331080697528673,0.00604631144592664,False,False,0.05596707818930041,1,0,38.19558403491974,False,True,13.902685584708006,50.0,Atencao,Atencao: sinais iniciais de risco,22.11708933353219
1777745926.6074893,1425,True,0.29480845235972913,0.3681201441183548,0.331464298239042,0.005306113740712751,False,False,0.05596707818930041,1,0,38.52414455413818,False,True,13.919113610668928,50.0,Atencao,Atencao: sinais iniciais de risco,22.39943830682889
1777745926.6519518,1426,True,0.2950156909234177,0.32835226492001063,0.31168397792171415,0.0063527824062914575,False,False,0.05596707818930041,1,0,38.382298827171326,False,True,13.912021324320586,50.0,Atencao,Atencao: sinais iniciais de risco,22.397306791674875
1777745926.6962147,1427,True,0.29665215569192416,0.34735650387719463,0.3220043297845594,0.005997672580051666,False,False,0.05596707818930041,1,0,38.0749771118164,False,True,13.896655238552839,50.0,Atencao,Atencao: sinais iniciais de risco,22.443274724132216
1777745926.7375877,1428,True,0.3032869381809358,0.35007289172968853,0.3266799149553121,0.006573081472468944,False,False,0.05592105263157895,1,0,39.2166540145874,False,True,13.947410569504688,50.0,Atencao,Atencao: sinais iniciais de risco,22.591114338092577
1777745926.7822487,1429,True,0.29657702164582955,0.35146991779553216,0.32402346972068086,0.007206509753018026,False,False,0.05592105263157895,1,0,39.91946144104004,False,True,13.982550940827322,50.0,Atencao,Atencao: sinais iniciais de risco,22.57814403372594
1777745926.8295565,1430,True,0.29408911792236625,0.3586517955432981,0.32637045673283216,0.007237451608034672,False,False,0.05592105263157895,1,0,39.17213621139526,False,True,13.945184679345083,50.0,Atencao,Atencao: sinais iniciais de risco,22.443800997772097
1777745926.8773878,1431,True,0.2942567574586014,0.36268216848032725,0.32846946296946433,0.006701027862986222,False,False,0.05592105263157895,1,0,39.72845854759216,False,True,13.973000796154928,50.0,Atencao,Atencao: sinais iniciais de risco,22.258788342093627
1777745926.9258308,1432,True,0.2931619456213656,0.34216993756798847,0.31766594159467704,0.007394390167037609,False,False,0.05592105263157895,1,0,39.427430582046505,False,True,13.957949397877645,50.0,Atencao,Atencao: sinais iniciais de risco,22.089189902824483
1777745926.971524,1433,True,0.2994256360957572,0.34989151808374186,0.32465857708974954,0.0063569642710275855,False,False,0.05592105263157895,1,0,40.0620858669281,False,True,13.989682162121724,50.0,Atencao,Atencao: sinais iniciais de risco,22.090831201790724
1777745927.020052,1434,True,0.29581080528616316,0.3395136624660696,0.31766223387611636,0.006354920083674913,False,False,0.05592105263157895,1,0,39.83101978302002,False,True,13.97812885792632,50.0,Atencao,Atencao: sinais iniciais de risco,21.96250647658646
1777745927.0733466,1435,True,0.29885193337147,0.35748343769134866,0.3281676855314093,0.006886430004582685,False,False,0.05592105263157895,1,0,40.1431478023529,False,True,13.993735258892965,50.0,Atencao,Atencao: sinais iniciais de risco,21.643932692196685
1777745927.1240475,1436,True,0.29749814252879947,0.360531702083167,0.3290149223059832,0.006228600858153838,False,False,0.05592105263157895,1,0,40.48153357505798,False,True,14.010654547528219,50.0,Atencao,Atencao: sinais iniciais de risco,21.441162232584677
1777745927.1702564,1437,True,0.29219396572451034,0.35126609323639,0.32173002948045015,0.005428154358226013,False,False,0.05592105263157895,1,0,40.13239965438843,False,True,13.99319785149474,50.0,Atencao,Atencao: sinais iniciais de risco,21.47928476923914
1777745927.2130008,1438,True,0.29410964312635124,0.3533626400345459,0.3237361415804486,0.006494744437494499,False,False,0.05592105263157895,1,0,40.864671897888186,False,True,14.029811463669729,50.0,Atencao,Atencao: sinais iniciais de risco,21.652209621951595
1777745927.2578118,1439,True,0.28463685365656505,0.34220768819196085,0.31342227092426295,0.005742293473911601,False,False,0.05592105263157895,1,0,40.144667005538935,False,True,13.993811219052265,50.0,Atencao,Atencao: sinais iniciais de risco,21.71966477011195
1777745927.3044126,1440,True,0.2946327352426334,0.37053190624483395,0.3325823207437337,0.06749278910440952,False,False,0.05592105263157895,1,0,40.671827507019046,False,True,14.020169244126272,50.0,Atencao,Atencao: sinais iniciais de risco,21.705744999754774
1777745927.346259,1441,True,0.29228370748039084,0.3562521382141635,0.3242679228472772,0.2443689560935428,False,False,0.05592105263157895,1,0,39.750980091094966,False,True,13.974126873330068,50.0,Atencao,Atencao: sinais iniciais de risco,21.910743904753758
1777745927.3934507,1442,True,0.3041089479741503,0.3863453805393327,0.3452271642567415,0.2493108969509874,False,False,0.05592105263157895,1,0,40.19466896057129,False,True,13.996311316803883,50.0,Atencao,Atencao: sinais iniciais de risco,21.84314088169713
1777745927.4385023,1443,True,0.27892869501322204,0.33368504321781334,0.3063068691155177,0.2409766630277242,False,False,0.05592105263157895,1,0,40.467029905319215,False,True,14.00992936404128,50.0,Atencao,Atencao: sinais iniciais de risco,21.888351947993257
1777745927.4834995,1444,True,0.2774627406168825,0.32247130704433674,0.2999670238306096,0.25236950928056506,False,False,0.05592105263157895,1,0,40.74158425331115,False,True,14.023657081440877,50.0,Atencao,Atencao: sinais iniciais de risco,21.92469599167784
1777745927.527731,1445,True,0.1648751245939888,0.09340286780076865,0.12913899619737873,0.2347193266234802,True,False,0.056696795398520954,1,0,40.8235285282135,False,True,14.134418925640517,50.0,Atencao,Atencao: sinais iniciais de risco,21.988243753228986
1777745927.5716822,1446,True,0.17989155494483747,0.1182541527327815,0.14907285383880947,0.22956492019970826,True,False,0.05747126436781609,1,0,40.680644035339355,False,True,14.233764184274893,50.0,Atencao,Atencao: sinais iniciais de risco,22.05971640366946
1777745927.6157782,1447,True,0.2373615199542122,0.2796936317710365,0.25852757586262437,0.1985569600143999,False,False,0.05742411812961444,1,0,41.22543845176697,False,True,14.243127597300186,50.0,Atencao,Atencao: sinais iniciais de risco,22.08326494695917
1777745927.6606386,1448,True,0.24079645395968244,0.30617497184699155,0.273485712903337,0.20894764880319958,False,False,0.05737704918032787,1,0,41.290461206436156,False,True,14.239906754506741,50.0,Atencao,Atencao: sinais iniciais de risco,22.12831739302199
1777745927.7046294,1449,True,0.25199874227061714,0.3146477920205076,0.28332326714556233,0.2099404581348088,False,False,0.05733005733005733,1,0,41.580490827560425,False,True,14.247946856150755,50.0,Atencao,Atencao: sinais iniciais de risco,22.197746553081117
1777745927.7469428,1450,True,0.26032710230128364,0.3449727089495163,0.30264990562539995,0.003316407586585399,False,False,0.057283142389525366,1,0,40.93836097717285,False,True,14.209389559308232,50.0,Atencao,Atencao: sinais iniciais de risco,22.35921343078706
1777745927.7943344,1451,True,0.24529762829688925,0.35587713033984963,0.30058737931836943,0.004397264885763286,False,False,0.05723630417007359,1,0,41.03836359977722,False,True,14.207949435263831,50.0,Atencao,Atencao: sinais iniciais de risco,22.211236297073974
1777745927.8411443,1452,True,0.2654296565423287,0.34548337053096206,0.3054565135366454,0.19797934218905688,False,False,0.05718954248366013,1,0,40.547217226028444,False,True,14.17696238469454,50.0,Atencao,Atencao: sinais iniciais de risco,22.143118155454445
1777745927.8866684,1453,True,0.2758491979721931,0.3360488392916293,0.3059490186319112,0.1648389610566883,False,False,0.05714285714285714,1,0,40.02151584625244,False,True,14.144258081345331,50.0,Atencao,Atencao: sinais iniciais de risco,22.12143778222192
1777745927.9304008,1454,True,0.2579632600013142,0.38700492588020824,0.3224840929407612,0.003288485393951444,False,False,0.057096247960848286,1,0,39.505826187133785,False,True,14.11206483586318,50.0,Atencao,Atencao: sinais iniciais de risco,22.19522251489455
1777745927.9760978,1455,True,0.2727174112128248,0.3798047669500282,0.3262610890814265,0.0026705779930619876,False,False,0.05704971475142624,1,0,38.55280556678772,False,True,14.058015488550346,50.0,Atencao,Atencao: sinais iniciais de risco,22.149712554551773
1777745928.0220654,1456,True,0.25612217171876417,0.38861594162951085,0.3223690566741375,0.007146098974499206,False,False,0.057003257328990226,1,0,38.66920185089111,False,True,14.057447407170564,50.0,Atencao,Atencao: sinais iniciais de risco,22.107383818863315
1777745928.074616,1457,True,0.2660850392101639,0.3856762408147767,0.3258806400124703,0.004442840135938041,False,False,0.05695687550854353,1,0,39.37558670043945,False,True,14.08638914933656,50.0,Atencao,Atencao: sinais iniciais de risco,21.808395243017195
1777745928.1177523,1458,True,0.2665336162676517,0.40153559589702237,0.33403460608233704,0.005528775831655097,False,False,0.056910569105691054,1,0,39.37890362739563,False,True,14.080187865292153,50.0,Atencao,Atencao: sinais iniciais de risco,21.957792168279205
1777745928.162142,1459,True,0.25815479951029163,0.3773638393594145,0.317759319434853,0.0057064523022786135,False,False,0.05686433793663688,1,0,38.53175387382507,False,True,14.031473591868677,50.0,Atencao,Atencao: foco visual fora da direcao,22.019461403028206
1777745928.2072794,1460,True,0.2761007206833498,0.37492947373914204,0.32551509721124594,0.00616275294650373,False,False,0.056818181818181816,1,0,40.421212625503536,False,True,14.119600063165029,50.0,Atencao,Atencao: foco visual fora da direcao,22.008412523104955
1777745928.2556026,1461,True,0.25501313338997084,0.3544318110990911,0.304722472244531,0.005105739614103459,False,False,0.05677210056772101,1,0,40.59965806007385,False,True,14.122186162955185,50.0,Atencao,Atencao: foco visual fora da direcao,21.88340134117618
1777745928.298877,1462,True,0.2707293483135274,0.3761534890112049,0.32344141866236614,0.08748921602190415,False,False,0.05672609400324149,1,0,41.988127374649046,False,True,14.18528372606801,50.0,Atencao,Atencao: foco visual fora da direcao,21.978421677057366
1777745928.3446934,1463,True,0.2891808653211844,0.3608881232874393,0.32503449430431186,0.3104156723838668,False,False,0.05668016194331984,1,0,41.555889177322385,False,True,14.157356157962449,50.0,Atencao,Atencao: foco visual fora da direcao,22.002298141861036
1777745928.3941612,1464,True,0.2906708151720445,0.3740718556780431,0.3323713354250438,0.3526606850570272,False,False,0.05663430420711974,1,0,43.99465274810791,False,True,14.272988897774212,50.0,Atencao,Atencao: foco visual fora da direcao,21.819266963163287
1777745928.4385288,1465,True,0.29430084017723085,0.3756270189050536,0.33496392954114224,0.36599598957287527,False,False,0.056588520614389654,1,0,43.09810829162598,False,True,14.221866430949728,50.0,Atencao,Atencao: foco visual fora da direcao,21.874742014664335
1777745928.4791234,1466,True,0.30671460710411325,0.3525895351093257,0.32965207110671946,0.5903938562288725,False,False,0.05654281098546042,1,0,46.087043571472165,False,True,14.365028120964269,50.0,Atencao,Atencao: foco visual fora da direcao,22.091853842120575
1777745928.5221257,1467,True,0.30112402390755294,0.4040974520136014,0.3526107379605772,0.6091823797374146,False,False,0.05649717514124294,1,0,46.14899358749389,False,True,14.361850693185449,50.0,Atencao,Atencao: foco visual fora da direcao,22.244936421769378
1777745928.567195,1468,True,0.3003747981004697,0.3626870030804134,0.33153090059044155,0.7731576975548131,False,True,0.056451612903225805,1,0,45.94985609054565,False,True,14.345629010610683,50.0,Atencao,Atencao: foco visual fora da direcao,22.25461035328863
1777745928.613107,1469,True,0.2987501866820656,0.3562323707291039,0.32749127870558475,0.8365077601355063,False,True,0.056451612903225805,1,0,45.36011343002319,False,True,14.31614187758456,50.0,Atencao,Atencao: foco visual fora da direcao,22.228604730957223
1777745928.6570523,1470,True,0.2943952129050002,0.35473187094162206,0.32456354192331116,0.8622410766236632,False,True,0.056451612903225805,1,0,44.7909366607666,False,True,14.287683039121731,50.0,Atencao,Atencao: foco visual fora da direcao,22.263467930087057
1777745928.7020786,1471,True,0.26957624944545083,0.3339631189493911,0.301769684197421,0.8379596360288624,False,True,0.056451612903225805,1,0,44.66219577789307,False,True,14.281245994978054,50.0,Atencao,Atencao: foco visual fora da direcao,22.26845712812799
1777745928.7512639,1472,True,0.25517820645824457,0.37396441990572715,0.31457131318198583,0.8841333094514392,False,True,0.05649717514124294,1,0,44.60442056655884,False,True,14.284622042138697,50.0,Atencao,Atencao: foco visual fora da direcao,22.081507707290406
1777745928.8113441,1473,True,0.25823323779462015,0.3506677750510403,0.3044505064228302,0.9424079096547123,False,True,0.05649717514124294,1,0,46.03469886779785,False,True,14.356135957200648,50.0,Atencao,Atencao: foco visual fora da direcao,21.53908524233249
1777745928.8684094,1474,True,0.2728310374758665,0.34160399779843675,0.30721751763715166,0.871882898850398,False,True,0.05649717514124294,1,0,45.56248301159252,False,True,14.332525164390383,50.0,Atencao,Atencao: foco visual fora da direcao,21.125938928471605
1777745928.9145129,1475,True,0.2557682684653105,0.3060652995390038,0.28091678400215714,0.8878106609101831,False,True,0.05649717514124294,1,0,42.34036304950714,False,True,14.171419166286112,50.0,Atencao,Atencao: foco visual fora da direcao,21.200308547176668
1777745928.9628835,1476,True,0.2646337627299626,0.33084218394953385,0.2977379733397482,0.8898664194857409,False,True,0.05649717514124294,1,0,41.733879538015884,False,True,14.14109499071155,50.0,Atencao,Atencao: foco visual fora da direcao,21.132490079069882
1777745929.0073934,1477,True,0.2464878480817583,0.3012689309811454,0.2738783895314518,0.8936220302900308,False,True,0.05649717514124294,1,0,44.65847034345973,False,True,14.287324530983742,50.0,Atencao,Atencao: foco visual fora da direcao,21.246169537619952
1777745929.0556703,1478,True,0.251682663192945,0.32522142584834585,0.28845204452064543,0.9710530538873229,False,True,0.05649717514124294,1,0,44.90223299427466,False,True,14.299512663524489,50.0,Atencao,Atencao: foco visual fora da direcao,21.21111542527649
1777745929.1005957,1479,True,0.2841188843466858,0.23158910638106153,0.25785399536387366,0.914149202897837,False,True,0.05649717514124294,1,0,45.92783540433103,False,True,14.350792784027307,50.0,Atencao,Atencao: foco visual fora da direcao,21.293753783399758
1777745929.1478527,1480,True,0.30285510649072084,0.25907371247763344,0.2809644094841771,0.9140313789737063,False,True,0.05654281098546042,1,0,45.684124619852405,False,True,14.34488217338328,50.0,Atencao,Atencao: foco visual fora da direcao,21.289849197672446
1777745929.195957,1481,True,0.3104808493728276,0.24198154078236983,0.27623119507759875,0.8068094857223255,False,True,0.05654281098546042,1,0,44.59046848307956,False,True,14.290199366544638,50.0,Atencao,Atencao: foco visual fora da direcao,21.255653490178045
1777745929.2427812,1482,True,0.29963542614420574,0.23044703183912882,0.26504122899166727,0.5591665458680588,False,False,0.05654281098546042,1,0,47.29515007842671,False,True,14.425433446311995,50.0,Atencao,Atencao: foco visual fora da direcao,21.27032044135106
1777745929.2843668,1483,True,0.2906651134989893,0.24499609786293136,0.26783060568096034,0.33454966218871157,False,False,0.05654281098546042,1,0,48.89880579439077,False,True,14.505616232110198,50.0,Atencao,Atencao: foco visual fora da direcao,21.553385741620577
1777745929.327267,1484,True,0.2881713383771405,0.2459601407769925,0.2670657395770665,0.3446082796924287,False,False,0.05654281098546042,1,0,50.23807067545978,False,True,14.572579476163648,50.0,Atencao,Atencao: foco visual fora da direcao,21.713574863047203
1777745929.367789,1485,True,0.2927752313726453,0.24666750765247436,0.2697213695125598,0.307505331851203,False,False,0.05654281098546042,1,0,49.11780433112924,False,True,14.516566158947121,50.0,Atencao,Atencao: foco visual fora da direcao,21.99980554906503
1777745929.4075394,1486,True,0.2958306963071134,0.2868439581127492,0.29133732720993133,0.1559396588239514,False,False,0.05654281098546042,1,0,49.53930835723877,False,True,14.537641360252598,50.0,Atencao,Atencao: foco visual fora da direcao,22.32336329830537
1777745929.4447644,1487,True,0.297850831210132,0.2873036889969548,0.2925772601035434,0.15554449546795832,False,False,0.05654281098546042,1,0,49.71935195922851,False,True,14.546643540352086,50.0,Atencao,Atencao: foco visual fora da direcao,22.72991145822513
1777745929.4888427,1488,True,0.3123895292617359,0.3214470659326317,0.3169182975971838,0.05722951197477815,False,False,0.05654281098546042,1,0,48.31222219467163,False,True,14.476287052124242,50.0,Atencao,Atencao: foco visual fora da direcao,22.780367377667822
1777745929.5311012,1489,True,0.31578555701339345,0.31025676670041324,0.3130211618569033,0.01034146748832132,False,False,0.05654281098546042,1,0,48.751747417449955,False,True,14.498263313263157,50.0,Atencao,Atencao: foco visual fora da direcao,22.85696715570455
1777745929.569907,1490,True,0.29357100414201587,0.3318880840576865,0.3127295440998512,0.005119796817601078,False,False,0.05654281098546042,1,0,48.43720026016235,False,True,14.482535955398777,50.0,Atencao,Atencao: foco visual fora da direcao,23.13068075132204
1777745929.6100712,1491,True,0.2772126294424221,0.3048837594487575,0.2910481944455898,0.009073627647329888,False,False,0.05654281098546042,1,0,47.95014286041259,False,True,14.458183085411289,50.0,Atencao,Atencao: foco visual fora da direcao,23.33267791957249
1777745929.652998,1492,True,0.29353099286000384,0.3278924397366148,0.3107117162983093,0.012949169048021725,False,False,0.05654281098546042,1,0,47.76683683395385,False,True,14.449017784088351,50.0,Atencao,Atencao: foco visual fora da direcao,23.30936974911948
1777745929.6941524,1493,True,0.29291986103403794,0.33656929160071514,0.3147445763173765,0.007633534174049785,False,False,0.05654281098546042,1,0,47.51258745193481,False,True,14.4363053149874,50.0,Atencao,Atencao: foco visual fora da direcao,23.36355912410041
1777745929.7362735,1494,True,0.2920897372026495,0.33878340088841036,0.31543656904552997,0.010490772288274096,False,False,0.05649717514124294,1,0,48.355550384521486,False,True,14.47217853303683,50.0,Atencao,Atencao: foco visual fora da direcao,23.398849704105896
1777745929.7804291,1495,True,0.2767462620231708,0.3377416942976241,0.30724397816039745,0.006190298918740144,False,False,0.05649717514124294,1,0,47.52507839202881,False,True,14.430654933412196,50.0,Atencao,Atencao: foco visual fora da direcao,23.390902014681394
1777745929.8388162,1496,True,0.2773420510159612,0.34092577389074435,0.30913391245335275,0.007473256373958697,False,False,0.05649717514124294,1,0,47.84070014953613,False,True,14.446436021287562,50.0,Atencao,Atencao: foco visual fora da direcao,22.747482934904127
1777745929.8868973,1497,True,0.28011771220409243,0.346445954753276,0.3132818334786842,0.005706622456102069,False,False,0.056451612903225805,1,0,47.792782592773435,False,True,14.437775335722073,50.0,Atencao,Atencao: foco visual fora da direcao,22.56040859656049
1777745929.9324234,1498,True,0.2775810447189601,0.34836744292962035,0.31297424382429023,0.006089532107286595,False,False,0.05640612409347301,1,0,47.897292613983154,False,True,14.436746125441548,50.0,Atencao,Atencao: foco visual fora da direcao,22.494789896458805
1777745929.9802263,1499,True,0.27677756025379674,0.3460251311619628,0.3114013457078798,0.006823747553467821,False,False,0.05636070853462158,1,0,47.0688925743103,False,True,14.389081484115833,50.0,Atencao,Atencao: foco visual fora da direcao,22.35509566542413
1777745930.0325537,1500,True,0.28168999932872313,0.33727763219500956,0.30948381576186634,0.007811583056093062,False,False,0.05631536604987932,1,0,47.49490203857422,False,True,14.40414736567697,50.0,Atencao,Atencao: foco visual fora da direcao,22.02057860821045
1777745930.0845048,1501,True,0.28460918682866865,0.33577410249762385,0.31019164466314625,0.007272249045470768,False,False,0.05627009646302251,1,0,47.53017072677612,False,True,14.399686231894252,50.0,Atencao,Atencao: foco visual fora da direcao,21.754284367749612
1777745930.1306973,1502,True,0.27803236883971144,0.3506056682544198,0.3143190185470656,0.009869770060976998,False,False,0.05622489959839357,1,0,46.55844373703003,False,True,14.344885313520471,50.0,Atencao,Atencao: foco visual fora da direcao,21.719491399799885
1777745930.175596,1503,True,0.27924862787216587,0.3487348980102834,0.31399176294122466,0.005694912676939567,False,False,0.056179775280898875,1,0,46.697582149505614,False,True,14.345637640488727,50.0,Atencao,Atencao: foco visual fora da direcao,21.752871659377018
1777745930.220643,1504,True,0.2667747472617808,0.35760616681781415,0.3121904570397975,0.00728312090778707,False,False,0.056134723336006415,1,0,46.68585338592529,False,True,14.338856559886997,50.0,Atencao,Atencao: foco visual fora da direcao,21.813185544531162
1777745930.2678325,1505,True,0.2741521725590451,0.3416752111383279,0.3079136918486865,0.007707761714873215,False,False,0.05608974358974359,1,0,46.29604043960571,False,True,14.313181197459883,50.0,Atencao,Atencao: foco visual fora da direcao,21.776961158693535
1777745930.31371,1506,True,0.2716906060094686,0.36532465654603546,0.31850763127775206,0.0062704068002802735,False,False,0.05604483586869496,1,0,46.17899141311646,False,True,14.301153934491232,50.0,Atencao,Atencao: foco visual fora da direcao,21.783796812269745
1777745930.359968,1507,True,0.26915617033569544,0.3674719289321208,0.3183140496339081,0.006649959636982885,False,False,0.05604483586869496,1,0,46.411335945129395,False,True,14.312771161091879,50.0,Atencao,Atencao: foco visual fora da direcao,21.763296194193874
1777745930.4061685,1508,True,0.27626820962091914,0.35237487745891927,0.3143215435399192,0.006897803786531265,False,False,0.056,1,0,46.755716991424556,False,True,14.32382528146108,50.0,Atencao,Atencao: foco visual fora da direcao,21.742138988939608
1777745930.4519236,1509,True,0.2768654956142744,0.3555475676389285,0.31620653162660145,0.0065879025866798805,False,False,0.055955235811350916,1,0,46.70628795623779,False,True,14.315198753762491,50.0,Atencao,Atencao: foco visual fora da direcao,21.741223939720054
1777745930.4994106,1510,True,0.27093239162039123,0.3485273771621618,0.3097298843912765,0.008840040825365237,False,False,0.05591054313099041,1,0,46.36208972930908,False,True,14.291843598866487,50.0,Atencao,Atencao: foco visual fora da direcao,21.67177539625458
1777745930.5447738,1511,True,0.2700131612121425,0.3636564276068677,0.3168347944095051,0.005995673592015566,False,False,0.055865921787709494,1,0,46.3196249961853,False,True,14.283584927509173,50.0,Atencao,Atencao: foco visual fora da direcao,21.70095190875499
1777745930.593919,1512,True,0.2706110512817329,0.35554783441030413,0.3130794428460185,0.011749863825261313,False,False,0.055865921787709494,1,0,45.95788640975952,False,True,14.265497998187882,50.0,Atencao,Atencao: foco visual fora da direcao,21.556271622389353
1777745930.838447,1513,True,0.3000739422087407,0.3638714817392417,0.3319727119739912,0.5358058072751907,False,False,0.056,1,0,45.828849411010744,False,True,14.277481902440389,50.0,Atencao,Atencao: foco visual fora da direcao,19.810848364357884
1777745930.8930168,1514,True,0.29159274082394,0.3578551655641905,0.3247239531940652,0.514110619954241,False,False,0.056,1,0,46.79656639099121,False,True,14.325867751439413,50.0,Atencao,Atencao: foco visual fora da direcao,19.671146774574208
1777745930.944203,1515,True,0.28707393578125084,0.3417852600218921,0.31442959790157143,0.6003088252253623,False,False,0.05604483586869496,1,0,46.00631465911865,False,True,14.292520096791343,50.0,Atencao,Atencao: foco visual fora da direcao,19.652381357770906
1777745930.9970956,1516,True,0.33443134068125485,0.37555784881783794,0.3549945947495464,0.6724418842158132,False,True,0.05604483586869496,1,0,46.54981088638305,False,True,14.319694908154561,50.0,Atencao,Atencao: foco visual fora da direcao,19.56607959320586
1777745931.047033,1517,True,0.3424762350864911,0.37023452780129745,0.3563553814438943,0.6746029935773494,False,True,0.05604483586869496,1,0,46.180142402648926,False,True,14.301211483967855,50.0,Atencao,Atencao: foco visual fora da direcao,19.604687108374033
1777745931.0969863,1518,True,0.3338281104691233,0.4007796840834404,0.3673038972762819,0.7226239732862334,False,True,0.05604483586869496,1,0,47.99761924743652,False,True,14.392085326207235,50.0,Atencao,Atencao: foco visual fora da direcao,19.649560628363385
1777745931.1496258,1519,True,0.3369096162727662,0.36388804179528683,0.3503988290340265,0.7271468396850144,False,True,0.05604483586869496,1,0,46.974428176879876,False,True,14.340925772679402,50.0,Atencao,Atencao: foco visual fora da direcao,19.559482699866702
1777745931.205283,1520,True,0.32825088322646795,0.36306655157670936,0.34565871740158866,0.6978054065738417,False,True,0.05604483586869496,1,0,46.52485132217407,False,True,14.318446929944113,50.0,Atencao,Atencao: foco visual fora da direcao,19.43823186053182
1777745931.2510226,1521,True,0.316185600160881,0.38031014399872853,0.3482478720798048,0.7422043393775696,False,True,0.05604483586869496,1,0,46.83660554885864,False,True,14.334034641278341,50.0,Atencao,Atencao: foco visual fora da direcao,19.6826690947465
1777745931.297999,1522,True,0.3196248120969626,0.3713756000679365,0.3455002060824496,0.7783708872085904,False,True,0.05604483586869496,1,0,47.90964879989624,False,True,14.38768680383022,50.0,Atencao,Atencao: foco visual fora da direcao,19.81572370530803
1777745931.3445568,1523,True,0.3474306715195035,0.3535805133655786,0.3505055924425411,0.843871935221283,False,True,0.05604483586869496,1,0,48.14050073623657,False,True,14.399229400647236,50.0,Atencao,Atencao: foco visual fora da direcao,20.013147124161765
1777745931.3901098,1524,True,0.32874694321162906,0.3527826514265323,0.3407647973190807,0.7448905275725611,False,True,0.05604483586869496,1,0,49.61775245666504,False,True,14.47309198666866,50.0,Atencao,Atencao: foco visual fora da direcao,20.17472878903603
1777745931.4380121,1525,True,0.3320607540773362,0.3126609875190396,0.32236087079818787,0.7374005762606457,False,True,0.05604483586869496,1,0,50.30529918670654,False,True,14.507469323170735,50.0,Atencao,Atencao: foco visual fora da direcao,20.213333365682782
1777745931.48777,1526,True,0.3140218214711922,0.3158027905427957,0.31491230600699394,0.7485031360774886,False,True,0.05604483586869496,1,0,51.08325166810642,False,True,14.546366947240731,50.0,Atencao,Atencao: foco visual fora da direcao,20.2616563842141
1777745931.5306017,1527,True,0.3309722641406101,0.2964321460675772,0.31370220510409363,0.8157862205104184,False,True,0.05604483586869496,1,0,48.13453550772233,False,True,14.398931139221526,50.0,Atencao,Atencao: foco visual fora da direcao,20.530516278012563
1777745931.577053,1528,True,0.3221286964538708,0.29490940465918897,0.3085190505565299,0.7810899406147036,False,True,0.05604483586869496,1,0,46.919218037887056,False,True,14.338165265729762,50.0,Atencao,Atencao: foco visual fora da direcao,20.63192200736926
1777745931.6258352,1529,True,0.33441768889393414,0.29892211108045147,0.3166698999871928,0.7817146172899218,False,True,0.05604483586869496,1,0,46.521770676699546,False,True,14.318292897670386,50.0,Atencao,Atencao: foco visual fora da direcao,20.60912556105331
1777745931.6761916,1530,True,0.33810419136885245,0.3018973473410106,0.3200007693549315,0.8061362354078582,False,True,0.05604483586869496,1,0,46.15282283100215,False,True,14.299845505385516,50.0,Atencao,Atencao: foco visual fora da direcao,20.56934188764657
1777745931.7240562,1531,True,0.34439110431449554,0.31357685218075426,0.32898397824762493,0.712763147166936,False,True,0.056,1,0,48.17138524705714,False,True,14.39460869424271,50.0,Atencao,Atencao: foco visual fora da direcao,20.597695989276204
1777745931.7715123,1532,True,0.3376687976541727,0.3341548563942464,0.3359118270242095,0.5038108736400113,False,False,0.056,1,0,50.194984236630525,False,True,14.495788643721378,50.0,Atencao,Atencao: foco visual fora da direcao,20.630239232404453
1777745931.8217936,1533,True,0.32278767431954514,0.32234862521721064,0.3225681497683779,0.559683015391073,False,False,0.056,1,0,48.419522072510276,False,True,14.407015535515365,50.0,Atencao,Atencao: foco visual fora da direcao,20.566575514147335
1777745931.8719757,1534,True,0.3409544280072497,0.3364687693031773,0.3387115986552135,0.4574640641904441,False,False,0.056,1,0,52.25414224700494,False,True,14.598746544240099,50.0,Atencao,Atencao: foco visual fora da direcao,20.457504513863064
1777745931.926945,1535,True,0.31815364271089147,0.337283525403472,0.32771858405718174,0.2977549940755461,False,False,0.056,1,0,52.61285209655762,False,True,14.616682036717734,50.0,Atencao,Atencao: foco visual fora da direcao,20.256088543884843
1777745931.9797823,1536,True,0.3042435517401214,0.3435333189393364,0.3238884353397289,0.23316861749081802,False,False,0.05604483586869496,1,0,52.505622100830074,False,True,14.617485468876913,50.0,Atencao,Atencao: foco visual fora da direcao,20.134034196414138
1777745932.0294914,1537,True,0.31877669100559797,0.33225725302419257,0.32551697201489527,0.22820717788236247,False,False,0.05604483586869496,1,0,51.535535494305876,False,True,14.568981138550702,50.0,Atencao,Atencao: foco visual fora da direcao,20.115094146557436
1777745932.0776417,1538,True,0.3132892665356748,0.35486769669383045,0.3340784816147526,0.21707162974731956,False,False,0.05604483586869496,1,0,51.08833665089174,False,True,14.546621196379995,50.0,Atencao,Atencao: foco visual fora da direcao,20.203062172264953
1777745932.1255918,1539,True,0.30863389649454875,0.35587951094982073,0.33225670372218474,0.20577838348193667,False,False,0.05604483586869496,1,0,50.667258372090075,False,True,14.525567282439912,50.0,Atencao,Atencao: foco visual fora da direcao,20.280278150294848
1777745932.172037,1540,True,0.3322304992324236,0.36525622760091125,0.34874336341666745,0.16627253292805552,False,False,0.05604483586869496,1,0,51.757103423638775,False,True,14.580059535017348,50.0,Atencao,Atencao: foco visual fora da direcao,20.371527493073575
1777745932.215224,1541,True,0.3273649608662749,0.38226702880212216,0.35481599483419857,0.03215274441947279,False,False,0.05604483586869496,1,0,50.5699146612124,False,True,14.520700096896029,50.0,Atencao,Atencao: foco visual fora da direcao,20.687061275610194
1777745932.2588654,1542,True,0.3228795094379314,0.3622174382298232,0.3425484738338773,0.003893071475976293,False,False,0.05604483586869496,1,0,50.226067105206575,False,True,14.503507719095737,50.0,Atencao,Atencao: foco visual fora da direcao,20.864264225738584
1777745932.3004982,1543,True,0.32091016825410607,0.3628475063833503,0.34187883731872815,0.003934068257310212,False,False,0.05604483586869496,1,0,51.65849323435263,False,True,14.575129025553041,50.0,Atencao,Atencao: foco visual fora da direcao,21.1987818761801
1777745932.3449416,1544,True,0.3278973377339261,0.36845450414273473,0.3481759209383304,0.0044468072302524244,False,False,0.05604483586869496,1,0,51.02003707885741,False,True,14.54320621777828,50.0,Atencao,Atencao: foco visual fora da direcao,21.356854715042484
1777745932.3892496,1545,True,0.3240607122711981,0.3756244481954324,0.34984258023331527,0.0027552938688012265,False,False,0.05604483586869496,1,0,52.92463378906249,False,True,14.638436053288533,50.0,Atencao,Atencao: foco visual fora da direcao,21.444087980656086
1777745932.435001,1546,True,0.3221037385603405,0.3745375675020609,0.34832065303120074,0.005398408590058327,False,False,0.05604483586869496,1,0,52.819480895996094,False,True,14.633178408635214,50.0,Atencao,Atencao: foco visual fora da direcao,21.51495037554377
1777745932.4772692,1547,True,0.32860486701047936,0.3795471431113893,0.35407600506093434,0.002465661723293907,False,False,0.05604483586869496,1,0,53.326273345947264,False,True,14.658518031132772,50.0,Atencao,Atencao: foco visual fora da direcao,21.701149249883244
1777745932.5220494,1548,True,0.32334826343613937,0.369643433653344,0.3464958485447417,0.00410342203897386,False,False,0.05604483586869496,1,0,53.142103004455564,False,True,14.649309514058187,50.0,Atencao,Atencao: foco visual fora da direcao,21.789323942388105
1777745932.5633464,1549,True,0.3215272308571622,0.37875264567372363,0.35013993826544293,0.0011705360368574245,False,False,0.056,1,0,53.50758552551269,False,True,14.661418708165487,50.0,Atencao,Atencao: foco visual fora da direcao,22.013873713884138
1777745932.6034644,1550,True,0.31931159221716526,0.3732024099901548,0.34625700110366003,0.002842172456567748,False,False,0.056,1,0,53.439870262145995,False,True,14.658032944997151,50.0,Atencao,Atencao: foco visual fora da direcao,22.325585872461346
1777745932.644483,1551,True,0.3273814610916914,0.3682557257555929,0.3478185934236422,0.0024685008497143442,False,False,0.056,1,0,53.23242778778076,False,True,14.64766082127889,50.0,Atencao,Atencao: foco visual fora da direcao,22.485978608725507
1777745932.6890647,1552,True,0.3155721469599367,0.39190065908844246,0.35373640302418957,0.0038197941365391785,False,False,0.056,1,0,53.05010623931885,False,True,14.638544743855794,50.0,Atencao,Atencao: foco visual fora da direcao,22.502648083797997
1777745932.7337668,1553,True,0.3216062416572548,0.3668917138722808,0.3442489777647678,0.002278956814170046,False,False,0.056,1,0,52.511350440979,False,True,14.611606953938802,50.0,Atencao,Atencao: foco visual fora da direcao,22.504057392996348
1777745932.776029,1554,True,0.3269962929748324,0.36523477716931957,0.346115535072076,0.0018556995772732606,False,False,0.056,1,0,52.39492626190185,False,True,14.605785744984944,50.0,Atencao,Atencao: foco visual fora da direcao,22.59511689604259
1777745932.826459,1555,True,0.318706422027539,0.38920977254259026,0.35395809728506467,0.003399348640053338,False,False,0.056,1,0,52.55482368469237,False,True,14.61378061612447,50.0,Atencao,Atencao: foco visual fora da direcao,22.343262411360566
1777745932.8752296,1556,True,0.32484859905744634,0.3853515323078431,0.35510006568264474,0.0030731599815114127,False,False,0.056,1,0,52.6114839553833,False,True,14.616613629659017,50.0,Atencao,Atencao: foco visual fora da direcao,22.107645004258725
1777745932.9231641,1557,True,0.3212120750447427,0.38274902149026896,0.3519805482675058,0.0029259401463916585,False,False,0.056,1,0,52.42724151611328,False,True,14.607401507695515,50.0,Atencao,Atencao: foco visual fora da direcao,22.03270620378242
1777745932.9694226,1558,True,0.32866033181639004,0.36971030282058276,0.3491853173184864,0.0031425224592909087,False,False,0.056,1,0,52.14466285705566,False,True,14.593272574742635,50.0,Atencao,Atencao: foco visual fora da direcao,21.991022880598535
1777745933.013912,1559,True,0.32017935965718347,0.3696091986118423,0.34489427913451287,0.0024255661267204615,False,False,0.056,1,0,52.072925567626946,False,True,14.5896857102712,50.0,Atencao,Atencao: foco visual fora da direcao,22.03237513649646
1777745933.0621455,1560,True,0.305831797809046,0.3479666512672363,0.32689922453814113,0.0037155826451802853,False,False,0.056,1,0,52.34904975891113,False,True,14.603491919835408,50.0,Atencao,Atencao: foco visual fora da direcao,21.880146205998674
1777745933.104975,1561,True,0.08011040438964678,0.03948364488856439,0.059797024639105585,0.007887715721589736,True,False,0.0568,1,0,53.84045410156249,False,True,14.788062136967977,50.0,Atencao,Atencao: foco visual fora da direcao,22.05714266447944
1777745933.1548038,1562,True,0.0712502261357916,0.0649940727157558,0.0681221494257737,0.19535330993846756,True,False,0.0576,1,0,57.8031660079956,False,True,15.096197732289632,50.0,Atencao,Atencao: foco visual fora da direcao,21.822434892463594
1777745933.1967423,1563,True,0.05233275449848005,0.04600232416247113,0.04916753933047559,0.00562786149392184,True,False,0.0584,1,0,60.21862697601318,False,True,15.32697078069051,50.0,Atencao,Atencao: foco visual fora da direcao,22.01395467284321
1777745933.2392037,1564,True,0.04354524668088755,0.05443149878600363,0.04898837273344559,0.013560762064391916,True,False,0.059247397918334666,1,0,59.74189414978027,False,True,15.419651353149883,50.0,Atencao,Atencao: foco visual fora da direcao,22.20205688660814
1777745933.285086,1565,True,0.133493447733886,0.17428577191789701,0.1538896098258915,0.004289572695014391,True,False,0.06,1,0,64.34593811035157,False,True,15.753336337407431,50.0,Atencao,Atencao: foco visual fora da direcao,22.17426150977839
1777745933.32878,1566,True,0.1727314633570398,0.2005240509043747,0.18662775713070723,0.10590938310643913,True,False,0.0608,1,0,65.65940856933594,False,True,15.929009860356649,50.0,Atencao,Atencao: foco visual fora da direcao,22.24812205595362
1777745933.3693666,1567,True,0.21024853659545856,0.2064516647504732,0.2083501006729659,0.2328492144239821,True,False,0.0616,1,0,67.23549346923828,False,True,16.11781410535177,50.0,Atencao,Atencao: foco visual fora da direcao,22.510228656843772
1777745933.4105682,1568,True,0.2143763340519201,0.22207066387763272,0.2182234989647764,0.16370135940619335,False,False,0.0616,1,0,70.75886726379395,False,True,16.318234474658965,50.0,Atencao,Atencao: foco visual fora da direcao,22.668049138011355
1777745933.454225,1569,True,0.19603167638624996,0.2278631819543533,0.21194742917030163,0.16318337047620998,False,False,0.0616,1,0,72.38669433593749,False,True,16.399625828266146,50.0,Atencao,Atencao: foco visual fora da direcao,22.664619639190516
1777745933.4963665,1570,True,0.2164222510988087,0.24090050631665158,0.22866137870773012,0.00791009083467086,False,False,0.0616,1,0,74.00373764038086,False,True,16.480477993488314,50.0,Atencao,Atencao: foco visual fora da direcao,22.81070873322044
1777745933.537044,1571,True,0.18572154240095715,0.25323779339223884,0.219479667896598,0.018347254833876885,False,False,0.0608,1,0,74.05070075988769,False,True,16.372826149463652,50.0,Atencao,Atencao: foco visual fora da direcao,22.912524915519466
1777745933.5793142,1572,True,0.20462993030215348,0.2312073103040923,0.2179186203031229,0.0023713827050554767,False,False,0.0608,1,0,74.34673767089843,False,True,16.40619919300079,50.0,Atencao,Atencao: foco visual fora da direcao,23.025528919610956
1777745933.6222723,1573,True,0.2294941326502606,0.2259610255206555,0.22772757908545804,0.06683095722984532,False,False,0.0608,1,0,74.49422912597656,False,True,16.4135737657547,50.0,Atencao,Atencao: foco visual fora da direcao,23.065576691688392
1777745933.6626024,1574,True,0.2149214315966902,0.2707615816097365,0.24284150660321335,0.004455901672058581,False,False,0.0608,1,0,73.36285362243653,False,True,16.357004990577696,50.0,Atencao,Atencao: foco visual fora da direcao,23.266849722782364
1777745933.7048097,1575,True,0.21579934487610103,0.26005368914570276,0.2379265170109019,0.005473718069653068,False,False,0.060751398880895285,1,0,73.98168601989745,False,True,16.381263956573846,50.0,Atencao,Atencao: foco visual fora da direcao,23.295616562287584
1777745933.7497773,1576,True,0.22605764296148925,0.25466222618338474,0.24035993457243698,0.17531227429680576,False,False,0.0608,1,0,73.36786270141602,False,True,16.357255444526672,50.0,Atencao,Atencao: foco visual fora da direcao,23.192616448619138
1777745933.7949302,1577,True,0.21580258821534043,0.2511535878452106,0.2334780880302755,0.20886791999899143,False,False,0.0608,1,0,73.66935157775877,False,True,16.37232988834381,50.0,Atencao,Atencao: foco visual fora da direcao,23.10042709481239
1777745933.8454864,1578,True,0.22219693085151437,0.23986596417175995,0.23103144751163718,0.1983696189363589,False,False,0.0608,1,0,74.78046073913573,False,True,16.42788534641266,50.0,Atencao,Atencao: foco visual fora da direcao,22.769488999146194
1777745933.8926044,1579,True,0.20657027835712213,0.24285861393456395,0.22471444614584304,0.1969334160834579,False,False,0.0608,1,0,74.526566696167,False,True,16.41519064426422,50.0,Atencao,Atencao: foco visual fora da direcao,22.589077247229383
1777745933.9345975,1580,True,0.23790750539120448,0.32177075767901414,0.2798391315351093,0.16347506744974719,False,False,0.0608,1,0,77.46353492736816,False,True,16.56203905582428,50.0,Atencao,Atencao: foco visual fora da direcao,22.71160953116597
1777745933.9805374,1581,True,0.251476035716065,0.3380192788537365,0.29474765728490077,0.19334108501986244,False,False,0.0608,1,0,79.37966041564941,False,True,16.65784533023834,50.0,Atencao,Atencao: foco visual fora da direcao,22.60855016753234
1777745934.031523,1582,True,0.2836111388217704,0.32229344163929685,0.3029522902305336,0.010828309786434563,False,False,0.0608,1,0,80.0,False,True,16.68886230945587,50.0,Atencao,Atencao: foco visual fora da direcao,22.33105083062867
1777745934.0786762,1583,True,0.2722987966169314,0.35653966202533616,0.31441922932113375,0.0057858872974409685,False,False,0.0608,1,0,78.65942764282227,False,True,16.621833691596983,50.0,Atencao,Atencao: foco visual fora da direcao,22.217986705588164
1777745934.1274588,1584,True,0.28221211078814273,0.3712412591396985,0.32672668496392065,0.08663613557859669,False,False,0.06084867894315452,1,0,78.17386283874512,False,True,16.604248806076875,50.0,Atencao,Atencao: foco visual fora da direcao,22.035057033361507
1777745934.174696,1585,True,0.28959217875079124,0.36352071641598976,0.32655644758339053,0.05090744593090065,False,False,0.06084867894315452,1,0,75.94212417602539,False,True,16.492661872940886,50.0,Atencao,Atencao: foco visual fora da direcao,21.925849187057523
1777745934.2187903,1586,True,0.28367956170310327,0.3766172873464705,0.3301484245247869,0.0042168129654499556,False,False,0.06084867894315452,1,0,75.11449661254883,False,True,16.45128049476706,50.0,Atencao,Atencao: foco visual fora da direcao,22.038686620876707
1777745934.2638104,1587,True,0.2781260609497069,0.3913604141733916,0.3347432375615492,0.007094920462006108,False,False,0.06084867894315452,1,0,73.0836223602295,False,True,16.349736782151094,50.0,Atencao,Atencao: foco visual fora da direcao,22.069210171588313
1777745934.3147254,1588,True,0.2687478585233263,0.38333789760758286,0.32604287806545457,0.10274281168810523,False,False,0.06084867894315452,1,0,71.40036582946777,False,True,16.265573955613007,50.0,Atencao,Atencao: foco visual fora da direcao,21.817055852681232
1777745934.360702,1589,True,0.274419725833661,0.3532551245946282,0.3138374252141446,0.17148942314300258,False,False,0.06084867894315452,1,0,71.17885398864746,False,True,16.25449836357199,50.0,Atencao,Atencao: foco visual fora da direcao,21.80160606809106
1777745934.4033818,1590,True,0.27071103930266766,0.37470938332362036,0.32271021131314404,0.19388639323938356,False,False,0.06084867894315452,1,0,69.5822006225586,False,True,16.17466569526755,50.0,Atencao,Atencao: foco visual fora da direcao,21.943279523922254
1777745934.447825,1591,True,0.25848736309515447,0.3327963233972161,0.29564184324618525,0.21321212115216473,False,False,0.06084867894315452,1,0,66.95117416381835,False,True,16.043114372330535,50.0,Atencao,Atencao: foco visual fora da direcao,21.9973248727078
1777745934.4930677,1592,True,0.25262497609122886,0.3444742841868436,0.29854963013903624,0.20543802505671135,False,False,0.06084867894315452,1,0,67.73383674621583,False,True,16.08224750145041,50.0,Atencao,Atencao: foco visual fora da direcao,22.01435644132461
1777745934.538101,1593,True,0.2815966916338028,0.32995752333209255,0.3057771074829477,0.20257142235452663,False,False,0.0608,1,0,65.20488700866699,False,True,15.949106659889221,50.0,Atencao,Atencao: foco visual fora da direcao,22.059627126984303
1777745934.5804315,1594,True,0.2510572808943856,0.3509140117400829,0.30098564631723423,0.1944258948222576,False,False,0.0608,1,0,65.46183319091796,False,True,15.961953969001769,50.0,Atencao,Atencao: foco visual fora da direcao,22.180035693275595
1777745934.6287863,1595,True,0.2735108201398872,0.36002995250464576,0.3167703863222665,0.15458863309405071,False,False,0.060751398880895285,1,0,62.637691116333,False,True,15.814064211395623,50.0,Atencao,Atencao: foco visual fora da direcao,22.0334290317169
1777745934.672196,1596,True,0.2655516629039251,0.3525010911866344,0.3090263770452798,0.147084708019476,False,False,0.06070287539936102,1,0,60.895822525024414,False,True,15.720298803119231,50.0,Atencao,Atencao: foco visual fora da direcao,22.145045628646947
1777745934.718497,1597,True,0.2639933572334791,0.34022221728720264,0.3021077872603409,0.1716770801034956,False,False,0.060654429369513166,1,0,60.09743232727052,False,True,15.673717964127459,50.0,Atencao,Atencao: foco visual fora da direcao,22.11553583267358
1777745934.7630262,1598,True,0.2747429243870084,0.3531782680548386,0.31396059622092354,0.2058191137107617,False,False,0.06060606060606061,1,0,58.82934913635254,False,True,15.603663099606832,50.0,Atencao,Atencao: foco visual fora da direcao,22.125621907582712
1777745934.8058789,1599,True,0.27356174508520836,0.3485323183167723,0.31104703170099035,0.24474637402716945,False,False,0.06055776892430279,1,0,58.332490730285635,False,True,15.572180073061787,50.0,Atencao,Atencao: foco visual fora da direcao,22.250518666776852
1777745934.854667,1600,True,0.2689306830036195,0.32522376907874306,0.29707722604118125,0.24348334383382536,False,False,0.06055776892430279,1,0,57.67403717041015,False,True,15.539257395068013,50.0,Atencao,Atencao: foco visual fora da direcao,22.07304431159007
1777745934.90304,1601,True,0.25774024962301323,0.3533785783200339,0.30555941397152353,0.2498483082996182,False,False,0.06055776892430279,1,0,57.82940616607666,False,True,15.547025844851337,50.0,Atencao,Atencao: foco visual fora da direcao,21.939035008420863
1777745934.9534214,1602,True,0.2567911490337519,0.33503272561234204,0.295911937323047,0.22676982340626173,False,False,0.06055776892430279,1,0,57.35006065368652,False,True,15.52305856923183,50.0,Atencao,Atencao: foco visual fora da direcao,21.70941687171726
1777745935.0054505,1603,True,0.04734382446686441,0.024032214057946803,0.035688019262405606,0.16297735393390778,True,False,0.06135458167330677,1,0,56.0267951965332,False,True,15.56645704936221,50.0,Atencao,Atencao: foco visual fora da direcao,21.489827960162565
1777745935.0525389,1604,True,0.043045960605342416,0.021391145937791668,0.032218553271567044,0.15526824000111994,True,False,0.062151394422310755,1,0,55.96148319244385,False,True,15.672753202145792,50.0,Atencao,Atencao: foco visual fora da direcao,21.464140688693327
1777745935.105117,1605,True,0.07089922577022435,0.03412734725896195,0.05251328651459315,0.0027943546337655454,True,False,0.06294820717131475,1,0,54.625966262817386,False,True,15.715539108652518,50.0,Atencao,Atencao: foco visual fora da direcao,21.178541396103853
1777745935.158194,1606,True,0.058232460218342406,0.03370131695061295,0.04596688858447768,0.013702552617701518,True,False,0.06374501992031872,1,0,55.12745609283447,False,True,15.85017535314142,50.0,Atencao,Atencao: foco visual fora da direcao,20.982869626333013
1777745935.2059333,1607,True,0.06196611758236926,0.029920332759361217,0.045943225170865236,0.27078776619896566,True,False,0.06454183266932272,1,0,56.66763458251953,False,True,16.03674603061372,50.0,Atencao,Atencao: foco visual fora da direcao,20.975508671167688
1777745935.2516954,1608,True,0.15644967793056813,0.22439937874620966,0.1904245283383889,0.26098004218002907,True,False,0.0653386454183267,1,0,59.869115829467766,False,True,16.30638184594918,50.0,Atencao,Atencao: foco visual fora da direcao,21.048266246832963
1777745935.296235,1609,True,0.21292694405015392,0.2514976600874016,0.23221230206877774,0.16067856317026918,False,False,0.0653386454183267,1,0,60.857028770446775,False,True,16.375726755790545,50.0,Atencao,Atencao: foco visual fora da direcao,21.206830408938096
1777745935.341718,1610,True,0.23423517774224548,0.26642100518941075,0.25032809146582813,0.06654110450032988,False,False,0.0653386454183267,1,0,59.5282392501831,False,True,16.30928727977736,50.0,Atencao,Atencao: foco visual fora da direcao,21.27322088779973
1777745935.3863764,1611,True,0.23843908257633462,0.25879930155479197,0.2486191920655633,0.05541519874318533,False,False,0.0653386454183267,1,0,59.92810382843018,False,True,16.329280508689713,50.0,Atencao,Atencao: foco visual fora da direcao,21.380161213148664
1777745935.429627,1612,True,0.2450555042876087,0.2523763794308392,0.24871594185922394,0.057860388970517936,False,False,0.06528662420382166,1,0,59.6035488128662,False,True,16.305899840917075,50.0,Atencao,Atencao: foco visual fora da direcao,21.546828900450613
1777745935.471691,1613,True,0.21982363793514587,0.2723431367852821,0.24608338736021398,0.008830917647808207,False,False,0.06523468575974542,1,0,59.11190204620361,False,True,16.274175966523458,50.0,Atencao,Atencao: foco visual fora da direcao,21.780023237505294
1777745935.5145373,1614,True,0.25472155543034725,0.27371947241386974,0.2642205139221085,0.007506500682829898,False,False,0.06518282988871224,1,0,58.0959997177124,False,True,16.216250667831837,50.0,Atencao,Atencao: foco visual fora da direcao,21.9513192948267
1777745935.558436,1615,True,0.2560027968936324,0.26660946139464575,0.2613061291441391,0.2169697505717845,False,False,0.06513105639396347,1,0,57.72169895172119,False,True,16.19041677400432,50.0,Atencao,Atencao: foco visual fora da direcao,22.03881814317644
1777745935.6016822,1616,True,0.253227456761953,0.26779544055606563,0.2605114486590093,0.21959125787953243,False,False,0.06513105639396347,1,0,57.4234338760376,False,True,16.17550352022014,50.0,Atencao,Atencao: foco visual fora da direcao,22.137110501281917
1777745935.8373744,1617,True,0.2502980231955647,0.29293735029654394,0.27161768674605435,0.1926728379010196,False,False,0.0653386454183267,1,0,54.72160074981775,False,True,16.068955354759094,50.0,Atencao,Atencao: foco visual fora da direcao,20.34750708627866
1777745935.8845878,1618,True,0.2701747362934806,0.3014688886771445,0.2858218124853126,0.2063425280456136,False,False,0.0653386454183267,1,0,52.312297475337985,False,True,15.948490191035106,50.0,Atencao,Atencao: foco visual fora da direcao,20.412692330827785
1777745935.9316523,1619,True,0.27776436808480676,0.3268098603649589,0.30228711422488286,0.2393587999476896,False,False,0.0653386454183267,1,0,51.43899063684722,False,True,15.904824849110568,50.0,Atencao,Atencao: foco visual fora da direcao,20.512104391102206
1777745935.9766424,1620,True,0.2544227350396041,0.2516286769156567,0.2530257059776304,0.18754553094362914,False,False,0.0653386454183267,1,0,50.53338760408488,False,True,15.859544697472451,50.0,Atencao,Atencao: foco visual fora da direcao,20.69834576097643
1777745936.024786,1621,True,0.14310004513174315,0.14656246319712682,0.14483125416443499,0.19068778768081032,True,False,0.0653386454183267,1,0,51.25999565124511,False,True,15.895875099830462,50.0,Atencao,Atencao: foco visual fora da direcao,20.697829200497647
1777745936.0717623,1622,True,0.23631523662436432,0.2926150425783689,0.26446513960136664,0.0550718717131231,False,False,0.06454183266932272,1,0,51.69057388305664,False,True,15.78895554431943,50.0,Atencao,Atencao: foco visual fora da direcao,20.75499084104121
1777745936.1180613,1623,True,0.2514151716615756,0.318079569586655,0.2847473706241153,0.161905386773848,False,False,0.06454183266932272,1,0,49.77600536346436,False,True,15.704034276551761,50.0,Atencao,Atencao: foco visual fora da direcao,20.849366943705025
1777745936.163915,1624,True,0.2727131262524911,0.3550523916713822,0.3138827589619366,0.30857048634484985,False,False,0.06454183266932272,1,0,50.70644092559814,False,True,15.75055605465845,50.0,Atencao,Atencao: foco visual fora da direcao,20.937861358445232
1777745936.207951,1625,True,0.27207735694566343,0.3528321774752577,0.31245476721046056,0.3918662839277255,False,False,0.06454183266932272,1,0,50.05649147033691,False,True,15.718058581895388,50.0,Atencao,Atencao: foco visual fora da direcao,21.114279471974424
1777745936.2492735,1626,True,0.27524664717295644,0.3558952791156686,0.31557096314431254,0.39249431954002667,False,False,0.06449044585987261,1,0,50.06384372711181,False,True,15.711360508434744,50.0,Atencao,Atencao: foco visual fora da direcao,21.401450743336447
1777745936.2933207,1627,True,0.2768752177550099,0.3492610329801053,0.31306812536755757,0.3160086197945489,False,False,0.06449044585987261,1,0,50.060597610473636,False,True,15.711198202602835,50.0,Atencao,Atencao: foco visual fora da direcao,21.54460878891998
1777745936.3350031,1628,True,0.2768234663450263,0.3319594073328726,0.3043914368389494,0.22424995886727966,False,False,0.06449044585987261,1,0,49.06516160964966,False,True,15.661426402561636,50.0,Atencao,Atencao: foco visual fora da direcao,21.793133376167475
1777745936.3748684,1629,True,0.26832167082155356,0.3582865900715122,0.3133041304465329,0.2252129605647113,False,False,0.06449044585987261,1,0,49.1591513633728,False,True,15.666125890247793,50.0,Atencao,Atencao: foco visual fora da direcao,22.095757737952663
1777745936.420307,1630,True,0.2664296727984266,0.36041190164377007,0.31342078722109834,0.2577260033314192,False,False,0.06449044585987261,1,0,50.04888172149657,False,True,15.710612408153981,50.0,Atencao,Atencao: foco visual fora da direcao,22.091311980466717
1777745936.4658933,1631,True,0.2603313989657057,0.3428279344454299,0.3015796667055678,0.005063879343282804,False,False,0.06449044585987261,1,0,48.42285451889038,False,True,15.629311048023673,50.0,Atencao,Atencao: foco visual fora da direcao,22.102774569092638
1777745936.505802,1632,True,0.26773771382975664,0.34097995161220895,0.3043588327209828,0.005489079458596501,False,False,0.06449044585987261,1,0,48.66249380111694,False,True,15.641293012135,50.0,Atencao,Atencao: foco visual fora da direcao,22.389544350816468
1777745936.5476737,1633,True,0.2735846290380888,0.365949842508976,0.3197672357735324,0.04866560187619799,False,False,0.06449044585987261,1,0,47.770844268798825,False,True,15.596710535519094,50.0,Atencao,Atencao: foco visual fora da direcao,22.49723655898798
1777745936.5888777,1634,True,0.2639304461188072,0.3446322897153357,0.3042813679170715,0.02221845930467168,False,False,0.06449044585987261,1,0,47.955325317382815,False,True,15.605934587948294,50.0,Atencao,Atencao: foco visual fora da direcao,22.684462913859363
1777745936.631479,1635,True,0.2630031037869553,0.3711552476661906,0.31707917572657296,0.20847654467064572,False,False,0.06369426751592357,1,0,45.57500429153442,False,True,15.377444014362881,50.0,Atencao,Atencao: foco visual fora da direcao,22.791070952116662
1777745936.6711524,1636,True,0.27169986650735345,0.377897186068836,0.3247985262880947,0.20972488040312884,False,False,0.06289808917197452,1,0,46.60236673355102,False,True,15.319337614170717,50.0,Atencao,Atencao: foco visual fora da direcao,23.038473257762174
1777745936.7127588,1637,True,0.2901202481181919,0.3725090416280466,0.33131464487311924,0.265586905889389,False,False,0.06289808917197452,1,0,43.13095140457153,False,True,15.159585987736971,50.0,Atencao,Atencao: foco visual fora da direcao,23.155259411067803
1777745936.7546437,1638,True,0.2800741412308742,0.3571091402918482,0.3185916407613612,0.27021797244074525,False,False,0.06289808917197452,1,0,44.022566604614255,False,True,15.204166747739107,50.0,Atencao,Atencao: foco visual fora da direcao,23.159536935903148
1777745936.798756,1639,True,0.27990660627978736,0.3642073611567855,0.3220569837182864,0.29074346208676666,False,False,0.06289808917197452,1,0,41.65066986083984,False,True,15.085571910550385,50.0,Atencao,Atencao: foco visual fora da direcao,23.158151598918636
1777745936.8362808,1640,True,0.28975160129926614,0.35855765035716036,0.32415462582821325,0.2704238869082229,False,False,0.06289808917197452,1,0,40.68674187660217,False,True,15.037375511338503,50.0,Atencao,Atencao: foco visual fora da direcao,23.486132507023903
1777745936.8827202,1641,True,0.2764227879007874,0.3523760467794547,0.31439941734012106,0.3414825543797528,False,False,0.06289808917197452,1,0,40.87107744216919,False,True,15.046592289616854,50.0,Atencao,Atencao: foco visual fora da direcao,23.299559875162256
1777745936.9290202,1642,True,0.29009594267129807,0.33351350185394735,0.3118047222626227,0.4346769955072641,False,False,0.06289808917197452,1,0,40.94832935333252,False,True,15.05045488517502,50.0,Atencao,Atencao: foco visual fora da direcao,23.150738384014836
1777745936.9753401,1643,True,0.27883062638497785,0.3284747642204168,0.30365269530269734,0.536410700456133,False,False,0.06289808917197452,1,0,41.489212894439696,False,True,15.077499062230379,50.0,Atencao,Atencao: foco visual fora da direcao,22.97473858446018
1777745937.024844,1644,True,0.29054699221278063,0.3488644771221279,0.3197057346674543,0.5761127063174526,False,False,0.06289808917197452,1,0,40.9313859462738,False,True,15.049607714822084,50.0,Atencao,Atencao: foco visual fora da direcao,22.652440714183868
1777745937.072595,1645,True,0.2931235195805213,0.36021681424492763,0.32667016691272444,0.5948860880363559,False,False,0.06289808917197452,1,0,41.75382633209228,False,True,15.090729734113008,50.0,Atencao,Atencao: foco visual fora da direcao,22.55113206150799
1777745937.117479,1646,True,0.29072684096280677,0.3204055695696917,0.3055662052662492,0.5935435264313821,False,False,0.06289808917197452,1,0,41.41795454025268,False,True,15.073936144521028,50.0,Atencao,Atencao: foco visual fora da direcao,22.485596900419935
1777745937.1669917,1647,True,0.2990089930885674,0.32287524066592743,0.3109421168772474,0.6166667023096299,False,False,0.06289808917197452,1,0,40.577099609375,False,True,15.031893397977143,50.0,Atencao,Atencao: foco visual fora da direcao,22.288601221662123
1777745937.2158835,1648,True,0.28766665407021075,0.30512027536541014,0.2963934647178105,0.594895829465675,False,False,0.06289808917197452,1,0,39.185668706893914,False,True,14.96232185285309,50.0,Atencao,Atencao: foco visual fora da direcao,22.097779037863386
1777745937.261958,1649,True,0.2989093929405442,0.2888992561134019,0.293904324526973,0.7157302252915528,False,True,0.06294820717131475,1,0,35.225612616538996,False,True,14.771210273244627,50.0,Atencao,Atencao: foco visual fora da direcao,22.03904299249841
1777745937.3048453,1650,True,0.27199137703056975,0.2771502850081404,0.2745708310193551,0.6673394679686329,False,True,0.06294820717131475,1,0,37.32385494709015,False,True,14.876122389772183,50.0,Atencao,Atencao: foco visual fora da direcao,22.185226585153092
1777745937.3470297,1651,True,0.2775257993076612,0.27065528074552603,0.2740905400265936,0.659579353178492,False,True,0.062151394422310755,1,0,35.94168356657028,False,True,14.69745206775814,50.0,Atencao,Atencao: foco visual fora da direcao,22.335272079820456
1777745937.3932765,1652,True,0.2946733188072491,0.24409875658142158,0.26938603769433533,0.6612309382623078,False,True,0.06135458167330677,1,0,35.78039751052856,False,True,14.579826011968006,50.0,Atencao,Atencao: foco visual fora da direcao,22.262626857907033
1777745937.4361014,1653,True,0.2694901427538723,0.25020542564338816,0.2598477841986302,0.5821911462336964,False,False,0.06055776892430279,1,0,35.03823467493057,False,True,14.43315611720006,50.0,Atencao,Atencao: foco visual fora da direcao,22.361994243537012
1777745937.4787967,1654,True,0.2707613514672737,0.261236608950139,0.2659989802087064,0.5949107670631725,False,False,0.05976095617529881,1,0,35.21863484978675,False,True,14.332614372954822,50.0,Atencao,Atencao: foco visual fora da direcao,22.47316306765898
1777745937.5236487,1655,True,0.2706290314643048,0.24368692306923187,0.2571579772667683,0.5668782908370528,False,False,0.05896414342629482,1,0,35.52110557556152,False,True,14.238176156255513,50.0,Atencao,Atencao: foco visual fora da direcao,22.455073708927877
1777745937.570842,1656,True,0.27180578878488154,0.2534295845577672,0.26261768667132435,0.5475467550970948,False,False,0.05816733067729084,1,0,36.622923564910884,False,True,14.183705302734932,50.0,Atencao,Atencao: foco visual fora da direcao,22.336361619495108
1777745937.6175709,1657,True,0.27726968605772145,0.25204682717239446,0.26465825661505793,0.5863430676148003,False,False,0.05737051792828685,1,0,35.91122590303421,False,True,14.038558666653051,50.0,Atencao,Atencao: foco visual fora da direcao,22.24335634402554
1777745937.666336,1658,True,0.26714871808199536,0.27024434533730574,0.2686965317096506,0.5898692851209674,False,False,0.05657370517928287,1,0,35.54873871207237,False,True,13.91087255411691,50.0,Atencao,Atencao: foco visual fora da direcao,22.067281839105366
1777745937.716504,1659,True,0.28338095391673324,0.2644359088157407,0.273908431366237,0.5960513871676837,False,False,0.055776892430278883,1,0,35.950388836860654,False,True,13.821393307368277,50.0,Atencao,Atencao: foco visual fora da direcao,21.860193720035902
1777745937.7625837,1660,True,0.2756110673728176,0.2745690235766981,0.27509004547475785,0.6382297363216516,False,False,0.0549800796812749,1,0,35.67894944548607,False,True,13.698259584811499,50.0,Atencao,Atencao: foco visual fora da direcao,21.829857806327812
1777745937.8043675,1661,True,0.27798969986881317,0.2524669543170306,0.2652283270929219,0.6992678054241507,False,True,0.054183266932270914,1,0,36.754314148426054,False,True,13.642466066970451,50.0,Atencao,Atencao: foco visual fora da direcao,22.065468128227252
1777745937.8447247,1662,True,0.27866980302156846,0.25200693367622656,0.2653383683488975,0.7335702008604758,False,True,0.05338645418326693,1,0,37.10643937587738,False,True,13.55051057535497,50.0,Atencao,Atencao: foco visual fora da direcao,22.276909210555313
1777745937.8936267,1663,True,0.27189124248173413,0.24732764506154414,0.25960944377163914,0.7722479551917975,False,True,0.05258964143426295,1,0,38.84472947120666,False,True,13.527863327133387,50.0,Atencao,Atencao: foco visual fora da direcao,22.1192945112506
1777745937.9386916,1664,True,0.2805207166087734,0.24436864644076792,0.2624446815247707,0.7784406805721645,False,True,0.05179282868525897,1,0,40.05848741531372,False,True,13.47898947135069,50.0,Atencao,Atencao: foco visual fora da direcao,22.141417831332344
1777745937.9805527,1665,True,0.2651686953594691,0.2552538346206468,0.260211264990058,0.7259980888706219,False,True,0.05099601593625498,1,0,40.693851661682125,False,True,13.401195930681066,50.0,Atencao,Atencao: foco visual fora da direcao,22.27687250631112
1777745938.0283742,1666,True,0.258710475959915,0.2782802786010461,0.26849537728048056,0.7073732348233771,False,True,0.049441786283891544,1,0,39.8626166343689,False,True,13.14592760211543,50.0,Atencao,Atencao: foco visual fora da direcao,22.144922735212255
1777745938.072415,1667,True,0.26420307599397314,0.2300570581722589,0.24713006708311602,0.7284202550336206,False,True,0.04864433811802233,1,0,41.54174599647522,False,True,13.12023494741373,50.0,Atencao,Atencao: foco visual fora da direcao,22.215006375706746
1777745938.1175704,1668,True,0.2753121348379169,0.2790596608463506,0.27718589784213377,0.7259575035293426,False,True,0.04784688995215311,1,0,42.22717657089233,False,True,13.044857353327567,50.0,Atencao,Atencao: foco visual fora da direcao,22.217789128871352
1777745938.1638234,1669,True,0.25917864693276915,0.27438546680106346,0.2667820568669163,0.7771898383787428,False,True,0.04704944178628389,1,0,41.57558603286743,False,True,12.902628703619303,50.0,Atencao,Atencao: foco visual fora da direcao,22.163909694197123
1777745938.205449,1670,True,0.27425524292231385,0.27111218627029426,0.272683714596304,0.7412380403454104,False,True,0.046251993620414676,1,0,40.11678748130798,False,True,12.720039653234315,50.0,Atencao,Atencao: foco visual fora da direcao,22.355120971462426
1777745938.245627,1671,True,0.2746193819383661,0.25878151918865183,0.266700450563509,0.7913459886261328,False,True,0.045454545454545456,1,0,40.456494617462155,False,True,12.627375887235006,50.0,Atencao,Atencao: foco visual fora da direcao,22.613436648431296
1777745938.2889297,1672,True,0.28118625177725903,0.2740285630441392,0.2776074074106991,0.7878257265860587,False,True,0.045454545454545456,1,0,37.16398842334747,False,True,12.32991035938263,50.0,Atencao,Atencao: foco visual fora da direcao,22.632870364997096
1777745938.3316712,1673,True,0.28460343588305476,0.2619226444783225,0.2732630401806886,0.7359445886766085,False,True,0.045454545454545456,1,0,37.59316611289978,False,True,12.351369243860246,50.0,Atencao,Atencao: foco visual fora da direcao,22.706496033718178
1777745938.3747237,1674,True,0.2835370739828428,0.2582025757257945,0.27086982485431865,0.6823359605193128,False,True,0.045454545454545456,1,0,36.293660521507256,False,True,12.28639396429062,50.0,Atencao,Atencao: foco visual fora da direcao,22.77172197394973
1777745938.4149327,1675,True,0.27588866592702427,0.26182072099912573,0.268854693463075,0.7215718374217264,False,True,0.045454545454545456,1,0,36.716385138034816,False,True,12.307530195116998,50.0,Atencao,Atencao: foco visual fora da direcao,22.929885525568654
1777745938.456197,1676,True,0.2764266872528288,0.2670473590918164,0.2717370231723226,0.7397038026639767,False,True,0.045454545454545456,1,0,36.14439591169357,False,True,12.278930733799935,50.0,Atencao,Atencao: foco visual fora da direcao,23.08603450815007
1777745938.497555,1677,True,0.2813698245995314,0.29006609935952826,0.2857179619795298,0.7017496077947908,False,True,0.045454545454545456,1,0,36.19627680778503,False,True,12.281524778604508,50.0,Atencao,Atencao: foco visual fora da direcao,23.20591818364373
1777745938.538638,1678,True,0.26838747170268784,0.2700371262010903,0.2692122989518891,0.6581327088860071,False,True,0.045454545454545456,1,0,35.26649908423424,False,True,12.235035892426968,50.0,Atencao,Atencao: foco visual fora da direcao,23.331037685433213
1777745938.577544,1679,True,0.27252505983514763,0.28140913075050705,0.27696709529282737,0.6515694138451129,False,True,0.045454545454545456,1,0,35.48898419141769,False,True,12.246160147786142,50.0,Atencao,Atencao: foco visual fora da direcao,23.57108208690825
1777745938.6232762,1680,True,0.2673771877218401,0.27648310731513637,0.2719301475184882,0.6576706900957205,False,True,0.045454545454545456,1,0,35.807691079378124,False,True,12.262095492184162,50.0,Atencao,Atencao: foco visual fora da direcao,23.412858606142493
1777745938.6643255,1681,True,0.2721048910986206,0.2698149811758351,0.27095993613722785,0.6468858424052076,False,False,0.045454545454545456,1,0,35.220675139129156,False,True,12.232744695171714,50.0,Atencao,Atencao: foco visual fora da direcao,23.457399028585915
1777745938.7048054,1682,True,0.2712191689306307,0.26602871388659555,0.2686239414086131,0.6823321835774775,False,True,0.04541832669322709,1,0,35.48292722702026,False,True,12.240877219884995,50.0,Atencao,Atencao: foco visual fora da direcao,23.632220606170048
1777745938.7465277,1683,True,0.2784883010228259,0.3067531220581905,0.29262071154050817,0.6635155603136641,False,True,0.04541832669322709,1,0,36.79059370756149,False,True,12.306260543912057,50.0,Atencao,Atencao: foco visual fora da direcao,23.66225339598621
1777745938.7877038,1684,True,0.27886081548981617,0.30660313392826205,0.2927319747090391,0.6503850287134733,False,True,0.04541832669322709,1,0,36.07093632221222,False,True,12.270277674644593,50.0,Atencao,Atencao: foco visual fora da direcao,23.710239066112837
1777745938.8317904,1685,True,0.28332765663863074,0.2879860810218281,0.28565686883022945,0.6551269029702002,False,True,0.04541832669322709,1,0,35.05977677628398,False,True,12.21971969734818,50.0,Atencao,Atencao: foco visual fora da direcao,23.60612060781396
1777745938.875873,1686,True,0.27567633520438184,0.2768979260259381,0.27628713061515997,0.6592491226550812,False,True,0.04462151394422311,1,0,35.06158451810479,False,True,12.110248331451173,50.0,Atencao,Atencao: foco visual fora da direcao,23.51550666346152
1777745938.9189515,1687,True,0.28041949873078165,0.283562981524739,0.28199124012776033,0.6696212367311875,False,True,0.043824701195219126,1,0,36.17701768875122,False,True,12.056458236995446,50.0,Atencao,Atencao: foco visual fora da direcao,23.439149784745453
1777745938.964921,1688,True,0.2763202206068215,0.3058403262605441,0.2910802734336828,0.6644937503728534,False,True,0.04302788844621514,1,0,36.88090357780457,False,True,11.982090778460067,50.0,Atencao,Atencao: foco visual fora da direcao,23.33324745341576
1777745939.004738,1689,True,0.2792685774364969,0.3057874265347043,0.2925280019856006,0.6652301855411132,False,True,0.04223107569721116,1,0,36.11725152730941,False,True,11.834346422947261,50.0,Atencao,Atencao: foco visual fora da direcao,23.456309557610684
1777745939.0507934,1690,True,0.2472968088213112,0.28169470776073596,0.26449575829102356,0.6481098867112404,False,False,0.04143426294820717,1,0,36.72818599939346,False,True,11.755331393563416,50.0,Atencao,Atencao: foco visual fora da direcao,23.29563517550069
1777745939.0961509,1691,True,0.17292989588173122,0.23384845992590209,0.20338917790381666,0.67179454575718,True,True,0.04143426294820717,1,0,36.33708226680755,False,True,11.73577620693412,50.0,Atencao,Atencao: foco visual fora da direcao,23.199555602441382
1777745939.1396375,1692,True,0.17373212537552898,0.2022470504542632,0.1879895879148961,0.6342646865695819,True,False,0.04223107569721116,1,0,37.79395499229431,False,True,11.895871183325296,50.0,Atencao,Atencao: foco visual fora da direcao,23.163648931883507
1777745939.1808622,1693,True,0.22143451085930596,0.24668258292478085,0.23405854689204342,0.6550035438152711,False,True,0.04223107569721116,1,0,37.699653244018556,False,True,11.883510549462649,50.0,Atencao,Atencao: foco visual fora da direcao,23.267109182094693
1777745939.2221224,1694,True,0.2526749626020443,0.2399869529868887,0.2463309577944665,0.6254910908384392,False,False,0.04223107569721116,1,0,38.763143968582156,False,True,11.93668508569083,50.0,Atencao,Atencao: foco visual fora da direcao,23.385714868973498
1777745939.261592,1695,True,0.2570527146380232,0.256393529260552,0.2567231219492876,0.6648239093250548,False,True,0.04223107569721116,1,0,38.51566598415375,False,True,11.924311186469408,50.0,Atencao,Atencao: foco visual fora da direcao,23.53064054555385
1777745939.3041708,1696,True,0.2642664846093274,0.2826546075807588,0.2734605460950431,0.6285182476962372,False,False,0.04223107569721116,1,0,38.99045839309692,False,True,11.948050806916568,50.0,Atencao,Atencao: foco visual fora da direcao,23.572097825723684
1777745939.3475766,1697,True,0.26256638835383816,0.30902764421601403,0.2857970162849261,0.6521525502694557,False,True,0.04223107569721116,1,0,38.84191765785217,False,True,11.94062377015433,50.0,Atencao,Atencao: foco visual fora da direcao,23.49037693218493
1777745939.394247,1698,True,0.28248776487510524,0.30045874902795056,0.2914732569515279,0.621184155995997,False,False,0.04223107569721116,1,0,40.41060695648193,False,True,12.019058235085817,50.0,Atencao,Atencao: foco visual fora da direcao,23.304609930810997
1777745939.437305,1699,True,0.28924981274841427,0.2934628653511095,0.2913563390497619,0.6773627240433886,False,True,0.04223107569721116,1,0,40.12287716865539,False,True,12.004671745694491,50.0,Atencao,Atencao: foco visual fora da direcao,23.276710075479105
1777745939.480839,1700,True,0.2840803733456429,0.3070740707053077,0.2955772220254753,0.6681769951293798,False,True,0.04226475279106858,1,0,40.69133296012878,False,True,12.037725135673556,50.0,Atencao,Atencao: foco visual fora da direcao,23.24089815570953
1777745939.5261776,1701,True,0.28033244777566846,0.32548377075856627,0.30290810926711736,0.5874410069388503,False,False,0.04226475279106858,1,0,40.541044282913205,False,True,12.030210701812777,50.0,Atencao,Atencao: foco visual fora da direcao,23.130882767371332
1777745939.5688865,1702,True,0.27617173284199675,0.3016759692914248,0.2889238510667108,0.5439035285288358,False,False,0.04226475279106858,1,0,40.43354005813599,False,True,12.024835490573917,50.0,Atencao,Atencao: foco visual fora da direcao,23.17447308253743
1777745939.6105995,1703,True,0.2748626020057611,0.3148883621468795,0.2948754820763203,0.5370503836643574,False,False,0.04226475279106858,1,0,40.7097406387329,False,True,12.038645519603762,50.0,Atencao,Atencao: foco visual fora da direcao,23.262768765111414
1777745939.6502883,1704,True,0.28010228896435163,0.30561924825231185,0.29286076860833177,0.3826808379517983,False,False,0.04223107569721116,1,0,41.57863602638244,False,True,12.077459688580843,50.0,Atencao,Atencao: foco visual fora da direcao,23.429965220932147
1777745939.6905332,1705,True,0.2812398004867553,0.3212613983246384,0.3012505994056969,0.2846050726222062,False,False,0.04223107569721116,1,0,41.77907729148865,False,True,12.087481751836155,50.0,Atencao,Atencao: foco visual fora da direcao,23.58531978678081
1777745939.732623,1706,True,0.26999462422460596,0.3249882403446128,0.2974914322846094,0.30302984912631487,False,False,0.04223107569721116,1,0,41.87945928573608,False,True,12.092500851548525,50.0,Atencao,Atencao: foco visual fora da direcao,23.595754346220406
1777745939.7719338,1707,True,0.2912464868997206,0.3217537383085542,0.3065001126041374,0.21704727053490222,False,False,0.04223107569721116,1,0,42.84177923202515,False,True,12.14061684886298,50.0,Atencao,Atencao: foco visual fora da direcao,23.797733058113135
1777745939.8122954,1708,True,0.2789367396900101,0.3488440221312286,0.3138903809106194,0.145673071303653,False,False,0.04223107569721116,1,0,41.079795360565186,False,True,12.05251765528998,50.0,Atencao,Atencao: foco visual fora da direcao,23.854630676277267
1777745939.855135,1709,True,0.2679222181621943,0.34878103558392565,0.30835162687305995,0.13490430999132072,False,False,0.04223107569721116,1,0,41.5073034286499,False,True,12.073893058694216,50.0,Atencao,Atencao: foco visual fora da direcao,23.841393585313874
1777745939.9003205,1710,True,0.2676878622099366,0.35769790386135136,0.312692883035644,0.11227925630678583,False,False,0.04223107569721116,1,0,41.90721735954284,False,True,12.093888755238863,50.0,Atencao,Atencao: foco visual fora da direcao,23.650034716973238
1777745939.947474,1711,True,0.2693652587108,0.3647038079104525,0.31703453331062625,0.01281083749207932,False,False,0.04223107569721116,1,0,41.7050208568573,False,True,12.083778930104586,50.0,Atencao,Atencao: foco visual fora da direcao,23.393512613445772
1777745939.9957266,1712,True,0.2584568137423645,0.3597712566525256,0.30911403519744507,0.007444363818443152,False,False,0.04226475279106858,1,0,41.80261206626892,False,True,12.093289090980562,50.0,Atencao,Atencao: foco visual fora da direcao,23.146145912743048
1777745940.046701,1713,True,0.2530277057418981,0.3606431622838118,0.30683543401285496,0.00823605192256333,False,False,0.04226475279106858,1,0,41.960299777984616,False,True,12.101173476566348,50.0,Atencao,Atencao: foco visual fora da direcao,22.791385665581892
1777745940.0931714,1714,True,0.25218564410750816,0.3555022479105277,0.30384394600901793,0.0059689466773020835,False,False,0.04226475279106858,1,0,43.219462585449214,False,True,12.164131616939578,50.0,Atencao,Atencao: foco visual fora da direcao,22.63577257517631
1777745940.142684,1715,True,0.2695272583315916,0.3689389637602356,0.31923311104591356,0.00708774091413092,False,False,0.04226475279106858,1,0,43.741021347045894,False,True,12.190209555019411,50.0,Atencao,Atencao: foco visual fora da direcao,22.415087888969666
1777745940.190465,1716,True,0.2662021259226704,0.348653058368344,0.3074275921455072,0.009719773748467801,False,False,0.04226475279106858,1,0,44.24368877410888,False,True,12.21534292637256,50.0,Atencao,Atencao: foco visual fora da direcao,22.274000234293542
1777745940.240914,1717,True,0.2779393982249686,0.36598731744675955,0.32196335783586405,0.011207257905998382,False,False,0.04229848363926576,1,0,46.47548494338989,False,True,12.331570726463722,50.0,Atencao,Atencao: foco visual fora da direcao,22.03484175159063
1777745940.293818,1718,True,0.2929896528293545,0.3767018672288949,0.3348457600291247,0.00852379121584926,False,False,0.04229848363926576,1,0,47.476174640655515,False,True,12.381605211327004,50.0,Atencao,Atencao: foco visual fora da direcao,21.725279035195044
1777745940.341655,1719,True,0.28626678725807964,0.4147845487068477,0.35052566798246365,0.011998819541121376,False,False,0.04229848363926576,1,0,50.7602087020874,False,True,12.545806914398598,50.0,Atencao,Atencao: foco visual fora da direcao,21.642772533304857
1777745940.385922,1720,True,0.2883308845874751,0.4207607603632781,0.3545458224753766,0.011716563461356933,False,False,0.04229848363926576,1,0,50.25171165466309,False,True,12.520382062027384,50.0,Atencao,Atencao: foco visual fora da direcao,21.713421817191087
1777745940.4269595,1721,True,0.2844794559133532,0.40230244896921763,0.3433909524412854,0.0027493493412335183,False,False,0.04226475279106858,1,0,52.342106056213375,False,True,12.620263790477786,50.0,Atencao,Atencao: foco visual fora da direcao,21.950035522875535
1777745940.467662,1722,True,0.2805219581269059,0.39271425679472327,0.33661810746081455,0.003383989902184796,False,False,0.04223107569721116,1,0,52.737359809875485,False,True,12.635395877755496,50.0,Atencao,Atencao: foco visual fora da direcao,22.27025536026584
1777745940.5060155,1723,True,0.2634297814626487,0.3862286208626926,0.32482920116267067,0.12996625143931556,False,False,0.04219745222929936,1,0,50.76828880310058,False,True,12.532319100578878,50.0,Atencao,Atencao: foco visual fora da direcao,22.598670100596486
1777745940.5608146,1724,True,0.27202701936937346,0.3728959662640942,0.32246149281673386,0.1292394791313738,False,False,0.042163882259347654,1,0,49.97313785552978,False,True,12.487945682331976,50.0,Atencao,Atencao: foco visual fora da direcao,22.185405802909898
1777745940.6094518,1725,True,0.2669084988158387,0.3774768231330592,0.322192660974449,0.12501183284060172,False,False,0.042163882259347654,1,0,49.13349313735962,False,True,12.44596344642347,50.0,Atencao,Atencao: foco visual fora da direcao,21.98546867314699
1777745940.8279002,1726,True,0.27834944491816466,0.3787434001445185,0.3285464225313416,0.12898726589537152,False,False,0.04226475279106858,1,0,52.41749114990234,False,True,12.624033045162234,50.0,Atencao,Atencao: foco visual fora da direcao,20.24480669807285
1777745940.8732915,1727,True,0.2706195779404677,0.36658994261583266,0.3186047602781502,0.17365777817292324,False,False,0.04226475279106858,1,0,51.29394168853759,False,True,12.567855572093997,50.0,Atencao,Atencao: foco visual fora da direcao,20.440757104279328
1777745940.9234538,1728,True,0.2850287856466323,0.3404125638946579,0.31272067477064514,0.2529033613731996,False,False,0.04226475279106858,1,0,49.17819805145264,False,True,12.462068390239748,50.0,Atencao,Atencao: foco visual fora da direcao,20.398338765259602
1777745940.9698632,1729,True,0.29847127632604886,0.3475791852489463,0.32302523078749756,0.10570623265668341,False,False,0.04226475279106858,1,0,49.865099334716795,False,True,12.496413454402957,50.0,Atencao,Atencao: foco visual fora da direcao,20.500460881935116
1777745941.0144057,1730,True,0.2944292214214748,0.36152471259502217,0.3279769670082485,0.002198248577963943,False,False,0.04229848363926576,1,0,48.47299337387085,False,True,12.43144614798777,50.0,Atencao,Atencao: foco visual fora da direcao,20.66510215526458
1777745941.0649986,1731,True,0.2751650485348998,0.38517051099725313,0.3301677797660765,0.0033478110329574137,False,False,0.04229848363926576,1,0,49.366714000701904,False,True,12.476132179329323,50.0,Atencao,Atencao: foco visual fora da direcao,20.619630956585173
1777745941.1112502,1732,True,0.2770456657747143,0.3836819498945683,0.33036380783464125,0.07031665639758403,False,False,0.04229848363926576,1,0,50.207761192321776,False,True,12.518184538910317,50.0,Atencao,Atencao: foco visual fora da direcao,20.71713594132446
1777745941.1620958,1733,True,0.2765571201557659,0.37260594454214163,0.32458153234895376,0.11763949861303688,False,False,0.04229848363926576,1,0,52.28463554382324,False,True,12.62202825648539,50.0,Atencao,Atencao: foco visual fora da direcao,20.580665247748094
1777745941.2051892,1734,True,0.2857641140632497,0.40562460919979043,0.34569436163152006,0.14650648682196674,False,False,0.04229848363926576,1,0,51.003760147094724,False,True,12.557984486648964,50.0,Atencao,Atencao: foco visual fora da direcao,20.88669845198347
1777745941.2460592,1735,True,0.284747178384145,0.38990172122228567,0.3373244498032153,0.07024686052207328,False,False,0.041500399042298484,1,0,52.206028366088866,False,True,12.50836126551567,50.0,Atencao,Atencao: foco visual fora da direcao,21.262229923387505
1777745941.290596,1736,True,0.28160792840703075,0.37398582743187087,0.3277968779194508,0.1082046733321749,False,False,0.04073482428115016,1,0,52.323736572265624,False,True,12.41775230824015,50.0,Atencao,Atencao: foco visual fora da direcao,21.33754448479452
1777745941.3311195,1737,True,0.275969769145087,0.37752797410503836,0.32674887162506266,0.30328258535289976,False,False,0.04073482428115016,1,0,50.122735595703126,False,True,12.307702259412025,50.0,Atencao,Atencao: foco visual fora da direcao,21.71367269916681
1777745941.3709548,1738,True,0.28774155600212414,0.3727579518038866,0.33024975390300537,0.2798397354128392,False,False,0.04073482428115016,1,0,51.06468105316162,False,True,12.35479953228495,50.0,Atencao,Atencao: foco visual fora da direcao,22.05019902371734
1777745941.4093165,1739,True,0.2802978597244373,0.39257856220482296,0.3364382109646301,0.2225216199708216,False,False,0.04073482428115016,1,0,50.10544757843017,False,True,12.306837858548379,50.0,Atencao,Atencao: foco visual fora da direcao,22.42490556744281
1777745941.4529517,1740,True,0.2837495842125284,0.4064848558199781,0.3451172200162532,0.1472695901853208,False,False,0.04073482428115016,1,0,48.793448257446286,False,True,12.241237892499184,50.0,Atencao,Atencao: foco visual fora da direcao,22.48687044280814
1777745941.4977126,1741,True,0.28504946277207,0.38814847209607317,0.3365989674340716,0.10732963714462007,False,False,0.04073482428115016,1,0,48.56069860458374,False,True,12.229600409856058,50.0,Atencao,Atencao: foco visual fora da direcao,22.44671274106077
1777745941.5375597,1742,True,0.2807029493151473,0.39760395443532703,0.33915345187523716,0.11958989223366441,False,False,0.04073482428115016,1,0,48.911817359924314,False,True,12.247156347623086,50.0,Atencao,Atencao: foco visual fora da direcao,22.730921271067295
1777745941.581062,1743,True,0.27852896986892167,0.4009937512136057,0.3397613605412637,0.11698480314861189,False,False,0.040702314445331206,1,0,47.66021881103516,False,True,12.180106317753522,50.0,Atencao,Atencao: foco visual fora da direcao,22.72999870439475
1777745941.630441,1744,True,0.2919393736424471,0.40246410614996875,0.34720173989620795,0.17679924501750952,False,False,0.04073482428115016,1,0,47.793869209289554,False,True,12.191258940091348,50.0,Atencao,Atencao: foco visual fora da direcao,22.49487479603444
1777745941.687846,1745,True,0.2831112634763388,0.4000549621558901,0.3415831128161144,0.26645136237281886,False,False,0.04073482428115016,1,0,47.32704381942749,False,True,12.167917670598245,50.0,Atencao,Atencao: foco visual fora da direcao,22.002723756747905
1777745941.7400303,1746,True,0.3044314337200158,0.3684641038883418,0.3364477688041788,0.2652491749225685,False,False,0.04073482428115016,1,0,46.31584672927856,False,True,12.117357816090799,50.0,Atencao,Atencao: foco visual fora da direcao,21.72336358364988
1777745941.78927,1747,True,0.2970214636838375,0.3856536359216238,0.3413375498027307,0.18371672380918175,False,False,0.04073482428115016,1,0,46.09518117904663,False,True,12.106324538579202,50.0,Atencao,Atencao: foco visual fora da direcao,21.527702457586447
1777745941.838231,1748,True,0.2804059073643102,0.376170333805115,0.3282881205847126,0.15498075911760542,False,False,0.04073482428115016,1,0,45.80409841537475,False,True,12.091770400395607,50.0,Atencao,Atencao: foco visual fora da direcao,21.433108626563808
1777745941.8878307,1749,True,0.29877635166226285,0.3999894015918611,0.34938287662706197,0.19790079762399743,False,False,0.04073482428115016,1,0,44.85273389816284,False,True,12.044202174535013,50.0,Atencao,Atencao: foco visual fora da direcao,21.328355035943517
1777745941.9389336,1750,True,0.29949613785214296,0.39881916948939905,0.349157653670771,0.17228662473690534,False,False,0.04073482428115016,1,0,45.070780754089355,False,True,12.055104517331337,50.0,Atencao,Atencao: foco visual fora da direcao,21.147550328621406
1777745941.9901896,1751,True,0.299907596008463,0.40135911867890034,0.3506333573436817,0.17511733662405415,False,False,0.0407673860911271,1,0,45.31489095687866,False,True,12.071787276342633,50.0,Atencao,Atencao: foco visual fora da direcao,21.010565161732195
1777745942.041531,1752,True,0.2978663274555968,0.4081607499859747,0.3530135387207858,0.13554547248191942,False,False,0.0407673860911271,1,0,44.960126113891604,False,True,12.05404903419328,50.0,Atencao,Atencao: foco visual fora da direcao,20.858248980140253
1777745942.090644,1753,True,0.31035520286784846,0.3996055364782606,0.3549803696730545,0.16210238542303948,False,False,0.0407673860911271,1,0,44.19113206863403,False,True,12.015599331930401,50.0,Atencao,Atencao: foco visual fora da direcao,20.771688352392953
1777745942.143691,1754,True,0.3087723437305519,0.3961368832148896,0.3524546134727208,0.024084813609036693,False,False,0.0407673860911271,1,0,44.40203695297241,False,True,12.02614457614732,50.0,Atencao,Atencao: foco visual fora da direcao,20.608413429863557
1777745942.1973903,1755,True,0.3047822364141624,0.40415854174454935,0.3544703890793559,0.013915190433166564,False,False,0.0408,1,0,44.737183475494376,False,True,12.047386314743441,50.0,Atencao,Atencao: foco visual fora da direcao,20.41385305659549
1777745942.2509985,1756,True,0.30488122571900894,0.3761946020887911,0.3405379139039,0.013785574438659885,False,False,0.0408,1,0,45.66025476455688,False,True,12.093539879196568,50.0,Atencao,Atencao: foco visual fora da direcao,20.18820327706148
1777745942.3081992,1757,True,0.2945162112874947,0.3618942445538596,0.3282052279206772,0.312495697947749,False,False,0.0408,1,0,44.15589084625244,False,True,12.018321683281345,50.0,Atencao,Atencao: foco visual fora da direcao,19.965101955467883
1777745942.3569686,1758,True,0.2880661113912774,0.3681726182920724,0.3281193648416749,0.38178228089847394,False,False,0.04083266613290633,1,0,45.635763835906985,False,True,12.096806926038692,50.0,Atencao,Atencao: foco visual fora da direcao,19.989120329374117
1777745942.404313,1759,True,0.29954417136635253,0.38470435731308733,0.34212426433971993,0.37860798098441767,False,False,0.04083266613290633,1,0,45.44201650619507,False,True,12.087119559553097,50.0,Atencao,Atencao: foco visual fora da direcao,20.117415274570696
1777745942.4483545,1760,True,0.2927927658441334,0.3990996797439613,0.34594622279404735,0.21735103392639785,False,False,0.040032025620496396,1,0,45.33853473663329,False,True,11.971857400618642,50.0,Atencao,Atencao: foco visual fora da direcao,20.381675359658477
1777745942.4932423,1761,True,0.27859953916906816,0.3643627671561652,0.3214811531626167,0.22836895387518336,False,False,0.03923138510808647,1,0,45.70122346878052,False,True,11.87990376676964,50.0,Atencao,Atencao: foco visual fora da direcao,20.516948377772277
1777745942.5419369,1762,True,0.2975622509811635,0.36606104321407784,0.3318116470976207,0.0722593785847947,False,False,0.03923138510808647,1,0,44.78132705688476,False,True,11.842227930543942,50.0,Atencao,Atencao: foco visual fora da direcao,20.569630645979796
1777745942.5867405,1763,True,0.2953553222978849,0.3963224907087786,0.34583890650333177,0.0021614175552356757,False,False,0.03923138510808647,1,0,44.32189083099365,False,True,11.819256119249387,50.0,Atencao,Atencao: foco visual fora da direcao,20.690510211361662
1777745942.6301794,1764,True,0.28575720721607745,0.3959590754422445,0.340858141329161,0.005317296771973001,False,False,0.03923138510808647,1,0,44.386735916137695,False,True,11.822498373506587,50.0,Atencao,Atencao: foco visual fora da direcao,20.97186192953431
1777745942.6704636,1765,True,0.285384051062361,0.3875640101431557,0.3364740306027584,0.004833391447674487,False,False,0.03923138510808647,1,0,44.473524475097655,False,True,11.826837801454586,50.0,Atencao,Atencao: foco visual fora da direcao,21.365329557120855
1777745942.715701,1766,True,0.29257610306454146,0.3882619379947289,0.3404190205296352,0.007452089209183954,False,False,0.03923138510808647,1,0,44.539202976226804,False,True,11.830121726511043,50.0,Atencao,Atencao: foco visual fora da direcao,21.418350678081907
1777745942.764438,1767,True,0.2941981545535881,0.376982242814186,0.33559019868388706,0.012493611573024394,False,False,0.03923138510808647,1,0,44.9620358467102,False,True,11.851263370035213,50.0,Atencao,Atencao: foco visual fora da direcao,21.320844845483077
1777745942.8109925,1768,True,0.27597670047613976,0.3633100818600395,0.3196433911680896,0.00817186090087753,False,False,0.0392,1,0,45.933368873596194,False,True,11.895514569017623,50.0,Atencao,Atencao: foco visual fora da direcao,21.35414367643475
1777745942.858184,1769,True,0.27754292049926116,0.376458113654471,0.32700051707686606,0.004775745336375529,False,False,0.0392,1,0,45.70924434661865,False,True,11.884308342668746,50.0,Atencao,Atencao: foco visual fora da direcao,21.360983561524737
1777745942.9043603,1770,True,0.28080302677032576,0.3641251356092361,0.3224640811897809,0.07388968295674969,False,False,0.0392,1,0,45.534090518951416,False,True,11.875550651285383,50.0,Atencao,Atencao: foco visual fora da direcao,21.376561143805972
1777745942.9487126,1771,True,0.3003495853086633,0.36614270550122674,0.333246145404945,0.14692342247958962,False,False,0.0392,1,0,44.85381965637207,False,True,11.841537108156416,50.0,Atencao,Atencao: foco visual fora da direcao,21.46150756446285
1777745942.9946933,1772,True,0.2923469323263894,0.3760239755341086,0.334185453930249,0.010065812738060047,False,False,0.0392,1,0,44.81759395599365,False,True,11.839725823137496,50.0,Atencao,Atencao: foco visual fora da direcao,21.506681354913397
1777745943.0437582,1773,True,0.28141698935995074,0.3483153533984923,0.3148661713792215,0.012039517012584294,False,False,0.0392,1,0,46.20656967163086,False,True,11.909174608919356,50.0,Atencao,Atencao: foco visual fora da direcao,21.416067934172442
1777745943.0947404,1774,True,0.3044848480949427,0.3782112392154846,0.34134804365521365,0.2781380130884214,False,False,0.0392,1,0,45.1766580581665,False,True,11.857679028246139,50.0,Atencao,Atencao: foco visual fora da direcao,21.19786356209882
1777745943.1471634,1775,True,0.2909737344018522,0.3644514543737837,0.32771259438781797,0.40518874963863977,False,False,0.03923138510808647,1,0,46.05102643966674,False,True,11.90571289968304,50.0,Atencao,Atencao: foco visual fora da direcao,21.012084992236556
1777745943.1966913,1776,True,0.2968118775316938,0.36978878826409506,0.3333003328978944,0.4216976644871309,False,False,0.03923138510808647,1,0,45.17901840209961,False,True,11.862112497804684,50.0,Atencao,Atencao: foco visual fora da direcao,20.934700955047166
1777745943.248635,1777,True,0.2993233946791354,0.36437137755252325,0.3318473861158293,0.3819404503444446,False,False,0.03923138510808647,1,0,45.9599042892456,False,True,11.901156792161984,50.0,Atencao,Atencao: foco visual fora da direcao,20.7411326337622
1777745943.2975838,1778,True,0.2951674348358932,0.374986067886675,0.3350767513612841,0.40006217649052606,False,False,0.03923138510808647,1,0,45.99075012207031,False,True,11.902699083803219,50.0,Atencao,Atencao: foco visual fora da direcao,20.751212434425195
1777745943.3475134,1779,True,0.299565393352446,0.3692974686147867,0.33443143098361633,0.3418325290982487,False,False,0.03926282051282051,1,0,45.79884042739868,False,True,11.897425967220567,50.0,Atencao,Atencao: foco visual fora da direcao,20.645242466485882
1777745943.3968081,1780,True,0.2901574698775492,0.3756182363525675,0.33288785311505836,0.3135617541583338,False,False,0.03926282051282051,1,0,46.192115783691406,False,True,11.917089735035205,50.0,Atencao,Atencao: foco visual fora da direcao,20.59112408070228
1777745943.4478583,1781,True,0.2934614302859997,0.36508743670895094,0.3292744334974753,0.30321542646099126,False,False,0.03926282051282051,1,0,46.289416027069095,False,True,11.921954747204088,50.0,Atencao,Atencao: foco visual fora da direcao,20.531351890456847
1777745943.4975805,1782,True,0.30044294546534134,0.3747976013273072,0.3376202733963243,0.2772097797331037,False,False,0.03926282051282051,1,0,45.70674753189087,False,True,11.892821322445176,50.0,Atencao,Atencao: foco visual fora da direcao,20.48821442948805
1777745943.5447116,1783,True,0.2966507664866848,0.37009177432516027,0.3333712704059225,0.3062266584011303,False,False,0.03929430633520449,1,0,46.12372245788574,False,True,11.917999369322716,50.0,Atencao,Atencao: foco visual fora da direcao,20.55812683314408
1777745943.5942752,1784,True,0.2890598919739989,0.34888038286549533,0.3189701374197471,0.315274630292547,False,False,0.03929430633520449,1,0,45.32384052276611,False,True,11.878005272566735,50.0,Atencao,Atencao: foco visual fora da direcao,20.526523694637586
1777745943.6394167,1785,True,0.29434750294108286,0.3335422626622563,0.31394488280166954,0.3334963143431863,False,False,0.03926282051282051,1,0,45.17129793167114,False,True,11.866048842434191,50.0,Atencao,Atencao: foco visual fora da direcao,20.70030893716689
1777745943.6801953,1786,True,0.2955757367485528,0.3414107805863183,0.31849325866743555,0.32925307986208185,False,False,0.03926282051282051,1,0,44.40589761734009,False,True,11.827778826717639,50.0,Atencao,Atencao: foco visual fora da direcao,21.060051516094212
1777745943.7249768,1787,True,0.29015785005884637,0.3234821643290024,0.3068200071939244,0.3531871925941832,False,False,0.03926282051282051,1,0,44.796963691711426,False,True,11.847332130436206,50.0,Atencao,Atencao: foco visual fora da direcao,21.205512631130045
1777745943.7881413,1788,True,0.2889229662521629,0.3197508965533452,0.3043369314027541,0.3594912904626898,False,False,0.03926282051282051,1,0,43.60347681045532,False,True,11.7876577863734,50.0,Atencao,Atencao: foco visual fora da direcao,20.64644152672564
1777745943.84383,1789,True,0.30604895944262206,0.317590382276835,0.3118196708597285,0.3593121273773751,False,False,0.03929430633520449,1,0,43.828292274475096,False,True,11.803227860152184,50.0,Atencao,Atencao: foco visual fora da direcao,20.39576090133142
1777745943.895164,1790,True,0.3129411263897106,0.3312322396698542,0.3220866830297824,0.3839553004851736,False,False,0.03929430633520449,1,0,43.69377241134643,False,True,11.79650186699575,50.0,Atencao,Atencao: foco visual fora da direcao,20.308505242667742
1777745943.94411,1791,True,0.3095399542046036,0.3327134105201964,0.3211266823624,0.3868506194098793,False,False,0.03929430633520449,1,0,44.499186992645264,False,True,11.836772596060692,50.0,Atencao,Atencao: foco visual fora da direcao,20.317663366773566
1777745943.9939637,1792,True,0.2910669864570242,0.3404554697049571,0.31576122808099066,0.4283633741018272,False,False,0.03929430633520449,1,0,43.64814138412475,False,True,11.794220315634668,50.0,Atencao,Atencao: foco visual fora da direcao,20.28405073643513
1777745944.0417178,1793,True,0.29662648757584986,0.3432150021234414,0.3199207448496456,0.45778886986929385,False,False,0.03929430633520449,1,0,42.22270050048828,False,True,11.722948271452843,50.0,Atencao,Atencao: foco visual fora da direcao,20.3407556840834
1777745944.0895464,1794,True,0.2921114041200823,0.33341903308189696,0.3127652186009896,0.45214375857018946,False,False,0.03929430633520449,1,0,43.31039934158325,False,True,11.777333213507593,50.0,Atencao,Atencao: foco visual fora da direcao,20.413207189732287
1777745944.1385498,1795,True,0.29499498090383663,0.34242235726669074,0.3187086690852637,0.517050653900894,False,False,0.03932584269662921,1,0,42.32445707321167,False,True,11.73237234978491,50.0,Atencao,Atencao: foco visual fora da direcao,20.42168846016884
1777745944.1810827,1796,True,0.2930088585030391,0.34232149289025304,0.3176651756966461,0.5031934444703351,False,False,0.03932584269662921,1,0,43.14007778167724,False,True,11.77315338520819,50.0,Atencao,Atencao: foco visual fora da direcao,20.725505631553702
1777745944.2275782,1797,True,0.3044775508060163,0.35514840991534535,0.32981298036068085,0.5243762971956465,False,False,0.03932584269662921,1,0,41.71403436660766,False,True,11.70185121445471,50.0,Atencao,Atencao: foco visual fora da direcao,20.810880697329353
1777745944.2754388,1798,True,0.2970728046197476,0.34258072776861853,0.31982676619418304,0.5183111942133953,False,False,0.03932584269662921,1,0,43.098647308349605,False,True,11.771081861541807,50.0,Atencao,Atencao: foco visual fora da direcao,20.800610455387417
1777745944.3232408,1799,True,0.29037254482637687,0.34856262384966963,0.31946758433802325,0.5593792596632082,False,False,0.03932584269662921,1,0,42.988552284240725,False,True,11.765577110336364,50.0,Atencao,Atencao: foco visual fora da direcao,20.821725228228583
1777745944.3690107,1800,True,0.2919119885478512,0.35412139442698415,0.3230166914874177,0.5400074360346291,False,False,0.03932584269662921,1,0,43.171387100219725,False,True,11.774718851135313,50.0,Atencao,Atencao: foco visual fora da direcao,20.91725779606781
1777745944.4138725,1801,True,0.29380558938851464,0.3359866984530863,0.31489614392080045,0.5724486084722309,False,False,0.0393574297188755,1,0,43.09284257888793,False,True,11.77513484062759,50.0,Atencao,Atencao: foco visual fora da direcao,21.06793587415806
1777745944.4610102,1802,True,0.2870735357084148,0.36943858543750463,0.32825606057295975,0.5663276099329008,False,False,0.0393574297188755,1,0,43.83062429428101,False,True,11.812023926397243,50.0,Atencao,Atencao: foco visual fora da direcao,21.069877089252213
1777745944.5041223,1803,True,0.28541720319026687,0.35635898165676694,0.3208880924235169,0.6093061709656095,False,False,0.0393574297188755,1,0,43.73926010131836,False,True,11.80745571674911,50.0,Atencao,Atencao: foco visual fora da direcao,21.286212287937605
1777745944.5508819,1804,True,0.2921890168313857,0.3543094376652613,0.3232492272483235,0.5784202812149172,False,False,0.0393574297188755,1,0,43.10575494766235,False,True,11.775780459066311,50.0,Atencao,Atencao: foco visual fora da direcao,21.29057401445776
1777745944.595359,1805,True,0.29262944679265757,0.3678754492895041,0.33025244804108084,0.5764910448961117,False,False,0.0393574297188755,1,0,42.76858797073364,False,True,11.758922110219874,50.0,Atencao,Atencao: foco visual fora da direcao,21.409475465421302
1777745944.6403575,1806,True,0.2928278027026305,0.35588603774937627,0.3243569202260034,0.5857287525685689,False,False,0.0393574297188755,1,0,43.407921886444086,False,True,11.790888806005396,50.0,Atencao,Atencao: foco visual fora da direcao,21.493103248908927
1777745944.6806836,1807,True,0.2858952046410696,0.33753806296296407,0.31171663380201686,0.653495224891944,False,True,0.0393574297188755,1,0,43.9561671257019,False,True,11.818301067968289,50.0,Atencao,Atencao: foco visual fora da direcao,21.825219447191486
1777745944.7254624,1808,True,0.2914703089826416,0.3568669524613356,0.3241686307219886,0.6790665598484372,False,True,0.0393574297188755,1,0,42.83659420013428,False,True,11.762322421689907,50.0,Atencao,Atencao: foco visual fora da direcao,21.880584935239053
1777745944.7652001,1809,True,0.29090384558837623,0.36446022369453657,0.3276820346414564,0.6588304357161012,False,True,0.0393574297188755,1,0,44.69353513717651,False,True,11.85516946854202,50.0,Atencao,Atencao: foco visual fora da direcao,22.21250991008701
1777745944.8071034,1810,True,0.2864557718677783,0.32985782072362324,0.3081567962957008,0.6691252469586605,False,True,0.03932584269662921,1,0,43.76943387985229,False,True,11.804621190116942,50.0,Atencao,Atencao: foco visual fora da direcao,22.353482244211474
1777745944.8514829,1811,True,0.28225984214059124,0.33463529463306113,0.3084475683868262,0.7056657433252947,False,True,0.03932584269662921,1,0,45.08751602172851,False,True,11.870525297210753,50.0,Atencao,Atencao: foco visual fora da direcao,22.402970929962002
1777745944.9040494,1812,True,0.28152887423970063,0.33412678854515543,0.30782783139242803,0.6969880789540507,False,True,0.03932584269662921,1,0,44.821003150939944,False,True,11.857199653671325,50.0,Atencao,Atencao: foco visual fora da direcao,22.066960575677225
1777745944.945733,1813,True,0.28491339958167444,0.3483461860914688,0.3166297928365716,0.6850877495855052,False,True,0.03932584269662921,1,0,43.312586307525635,False,True,11.781778811500608,50.0,Atencao,Atencao: foco visual fora da direcao,22.184030135438135
1777745944.994713,1814,True,0.28672363777036586,0.34075402096698576,0.3137388293686758,0.7459153327987241,False,True,0.03932584269662921,1,0,44.0897213935852,False,True,11.820635565803588,50.0,Atencao,Atencao: foco visual fora da direcao,22.036153387537123
1777745945.038986,1815,True,0.29652321067938514,0.36649501912494215,0.3315091149021636,0.7950304500379332,False,True,0.03932584269662921,1,0,43.11757726669311,False,True,11.772028359458982,50.0,Atencao,Atencao: foco visual fora da direcao,22.112015681091552
1777745945.084125,1816,True,0.2905042335822374,0.3507331834137361,0.3206187084979868,0.7230489265113,False,True,0.03932584269662921,1,0,43.42039909362793,False,True,11.787169450805724,50.0,Atencao,Atencao: foco visual fora da direcao,22.116016606429184
1777745945.1320605,1817,True,0.29225349038012866,0.36793208129272365,0.33009278583642615,0.7771936579398542,False,True,0.03932584269662921,1,0,43.284229564666745,False,True,11.780360974357665,50.0,Atencao,Atencao: foco visual fora da direcao,21.97104303558269
1777745945.1800356,1818,True,0.29252632769515396,0.37965582336064213,0.3360910755278981,0.7835365992783789,False,True,0.0393574297188755,1,0,42.83166494369507,False,True,11.762075958867946,50.0,Atencao,Atencao: foco visual fora da direcao,21.881793441503746
1777745945.2260444,1819,True,0.2860497550556365,0.3731413909856192,0.32959557302062786,0.7709473073634494,False,True,0.0393574297188755,1,0,43.79887809753418,False,True,11.810436616559901,50.0,Atencao,Atencao: foco visual fora da direcao,21.868870125481312
1777745945.2688487,1820,True,0.3050375872303042,0.3756440925320095,0.3403408398811568,0.7955084928796062,False,True,0.0393574297188755,1,0,43.26828565597533,False,True,11.78390699448196,50.0,Atencao,Atencao: foco visual fora da direcao,21.973154312089108
1777745945.3138332,1821,True,0.3051913455131367,0.36877153989922395,0.33698144270618036,0.8163419815036081,False,True,0.0393574297188755,1,0,43.00157537460327,False,True,11.770571480413356,50.0,Atencao,Atencao: foco visual fora da direcao,22.03872260956079
1777745945.3563652,1822,True,0.29437413262075274,0.370218121412614,0.3322961270166834,0.8116270669413748,False,True,0.0393574297188755,1,0,43.44179153442382,False,True,11.792582288404384,50.0,Atencao,Atencao: foco visual fora da direcao,22.189436966267607
1777745945.399241,1823,True,0.2890893504257791,0.3777710541488897,0.3334302022873344,0.81242269403039,False,True,0.0393574297188755,1,0,43.87591371536254,False,True,11.81428839745132,50.0,Atencao,Atencao: foco visual fora da direcao,22.30775554092954
1777745945.4434054,1824,True,0.2936006306862384,0.3585320554844536,0.326066343085346,0.8119388688171069,False,True,0.03932584269662921,1,0,43.15206575393676,False,True,11.773752783821166,50.0,Atencao,Atencao: foco visual fora da direcao,22.302604943131808
1777745945.4870799,1825,True,0.2893436800317792,0.3663798029917564,0.3278617415117678,0.8221090132140959,False,True,0.03929430633520449,1,0,42.971898555755615,False,True,11.76040817421621,50.0,Atencao,Atencao: foco visual fora da direcao,22.401262154088716
1777745945.531068,1826,True,0.2866910436907847,0.3608591623940249,0.32377510304240475,0.8190191629327714,False,True,0.03926282051282051,1,0,42.766770076751705,False,True,11.74582244968822,50.0,Atencao,Atencao: foco visual fora da direcao,22.415464814057003
1777745945.5734992,1827,True,0.288561933844448,0.3581845601494579,0.3233732469969529,0.8395615257006749,False,True,0.03923138510808647,1,0,43.00848388671875,False,True,11.753585772035642,50.0,Atencao,Atencao: foco visual fora da direcao,22.557026858418613
1777745945.614269,1828,True,0.28377928697267313,0.3533939802621364,0.3185866336174048,0.8282802443794384,False,True,0.03923138510808647,1,0,42.78531465530395,False,True,11.742427310464901,50.0,Atencao,Atencao: foco visual fora da direcao,22.684512210489746
1777745945.847849,1829,True,0.28298042778491433,0.36463161239078634,0.3238060200878503,0.8051316563619285,False,True,0.0393574297188755,1,0,43.243527793884276,False,True,11.782669101377406,50.0,Atencao,Atencao: foco visual fora da direcao,20.845779828676648
1777745945.8948507,1830,True,0.2909386981622027,0.3412517724445625,0.31609523530338257,0.8058730763410639,False,True,0.0393574297188755,1,0,43.45965890884399,False,True,11.793475657125391,50.0,Atencao,Atencao: foco visual fora da direcao,20.895568781823087
1777745945.9474134,1831,True,0.28185639046168515,0.36532204288365977,0.3235892166726725,0.8085653589372288,False,True,0.0393574297188755,1,0,42.70925579071045,False,True,11.755955501218715,50.0,Atencao,Atencao: foco visual fora da direcao,20.71304408552011
1777745945.9963396,1832,True,0.28305182142958357,0.35121809654459357,0.31713495898708854,0.779572378126963,False,True,0.0393574297188755,1,0,43.518961906433105,False,True,11.79644080700485,50.0,Atencao,Atencao: foco visual fora da direcao,20.65328999834504
1777745946.0470707,1833,True,0.2938825390416678,0.36484939364418256,0.32936596634292514,0.7956164858808085,False,True,0.03938906752411576,1,0,42.7843713760376,False,True,11.764061478705608,50.0,Atencao,Atencao: foco visual fora da direcao,20.567418192487875
1777745946.0997722,1834,True,0.2858348957771908,0.34383993604377594,0.31483741591048336,0.7805906287678671,False,True,0.03938906752411576,1,0,43.563055706024166,False,True,11.802995695204936,50.0,Atencao,Atencao: foco visual fora da direcao,20.401525231238466
1777745946.1501825,1835,True,0.2912287218582401,0.34711536248144814,0.31917204216984413,0.782453090613581,False,True,0.03938906752411576,1,0,42.63232660293579,False,True,11.756459240050518,50.0,Atencao,Atencao: foco visual fora da direcao,20.354818260747763
1777745946.2021365,1836,True,0.2854905189085765,0.32931649305521016,0.30740350598189337,0.7832928921480781,False,True,0.03938906752411576,2,0,43.380080127716056,False,True,15.543846916289532,50.0,Atencao,Atencao: bocejo detectado,20.26403692960122
1777745946.2473483,1837,True,0.28175913975852346,0.3658279822950666,0.323793561026795,0.7868235335312822,False,True,0.03938906752411576,2,0,43.06157875061035,False,True,15.527921847434246,50.0,Atencao,Atencao: foco visual fora da direcao,20.38121000965302
1777745946.293934,1838,True,0.2894920206583956,0.3532895920910505,0.32139080637472306,0.7640376194355132,False,True,0.03938906752411576,2,0,43.169773483276366,False,True,15.533331584067547,50.0,Atencao,Atencao: foco visual fora da direcao,20.55515049583332
1777745946.3352733,1839,True,0.29351245867772546,0.3332369295530605,0.313374694115393,0.7913421570759982,False,True,0.03938906752411576,2,0,43.852893066406246,False,True,15.567487563224041,50.0,Atencao,Atencao: foco visual fora da direcao,20.857742262150907
1777745946.3790667,1840,True,0.29445900828503496,0.36705838975842975,0.3307586990217324,0.8046393452291177,False,True,0.03938906752411576,2,0,42.23749942779541,False,True,15.4867178812935,50.0,Atencao,Atencao: foco visual fora da direcao,21.083657789016986
1777745946.4242294,1841,True,0.29678223557811434,0.3519320189236933,0.3243571272509038,0.791818731214014,False,True,0.03938906752411576,2,0,43.28475227355957,False,True,15.539080523581706,50.0,Atencao,Atencao: foco visual fora da direcao,21.161892088575115
1777745946.466697,1842,True,0.2877330087333097,0.34674007920139005,0.3172365439673499,0.7965705353050191,False,True,0.039420756234915526,2,0,43.170229244232175,False,True,15.537711569850305,50.0,Atencao,Atencao: foco visual fora da direcao,21.46773758236216
1777745946.5102448,1843,True,0.28682089968148294,0.34845253531276554,0.31763671749712424,0.7921158517800961,False,True,0.039420756234915526,2,0,43.20487909317017,False,True,15.539444062297205,50.0,Atencao,Atencao: foco visual fora da direcao,21.614157851935822
1777745946.555472,1844,True,0.2860144505946607,0.3493167950065715,0.31766562280061605,0.7783286885505852,False,True,0.039420756234915526,2,0,42.62403364181518,False,True,15.510401789729457,50.0,Atencao,Atencao: foco visual fora da direcao,21.644537302028127
1777745946.598736,1845,True,0.29511062818970907,0.34740652974983544,0.3212585789697723,0.7799500724988299,False,True,0.039420756234915526,2,0,42.96670408248901,False,True,15.527535311763147,50.0,Atencao,Atencao: foco visual fora da direcao,21.792355956065332
1777745946.6421962,1846,True,0.2870468863432547,0.34768177946139994,0.31736433290232735,0.7761550549531687,False,True,0.039420756234915526,2,0,43.70931806564331,False,True,15.564666010920863,50.0,Atencao,Atencao: foco visual fora da direcao,21.912050210768598
1777745946.6844919,1847,True,0.2865971731306978,0.3491900308016526,0.3178936019661752,0.7695304189914097,False,True,0.039420756234915526,2,0,43.198595428466795,False,True,15.539129879062036,50.0,Atencao,Atencao: foco visual fora da direcao,22.10222281568876
1777745946.7296412,1848,True,0.28399760607764885,0.35910044926461077,0.3215490276711298,0.7816405986525816,False,True,0.03938906752411576,2,0,43.07466621398925,False,True,15.528576220603192,50.0,Atencao,Atencao: foco visual fora da direcao,22.098638984404857
1777745946.7709596,1849,True,0.2852960515308088,0.3433726398964028,0.3143343457136058,0.7678784538514829,False,True,0.03938906752411576,2,0,43.444536399841304,False,True,15.547069729895794,50.0,Atencao,Atencao: foco visual fora da direcao,22.301675417899403
1777745946.8133316,1850,True,0.28329072784930487,0.34176164667885156,0.3125261872640782,0.7595333889889483,False,True,0.03938906752411576,2,0,43.466448116302494,False,True,15.548165315718853,50.0,Atencao,Atencao: foco visual fora da direcao,22.433954424747686
1777745946.8554478,1851,True,0.28778582576224854,0.36434892427044335,0.326067375016346,0.7982626273376202,False,True,0.03938906752411576,2,0,42.866985130310056,False,True,15.518192166419231,50.0,Atencao,Atencao: foco visual fora da direcao,22.521110413755782
1777745946.8968868,1852,True,0.2904826107747344,0.34964333823930466,0.32006297450701954,0.7746193265551052,False,True,0.03938906752411576,2,0,42.80200271606445,False,True,15.514943045706952,50.0,Atencao,Atencao: foco visual fora da direcao,22.715901593511223
1777745946.9437597,1853,True,0.28970014537297434,0.342716926412874,0.3162085358929242,0.7628113007733615,False,True,0.03938906752411576,2,0,43.04020776748657,False,True,15.526853298278057,50.0,Atencao,Atencao: foco visual fora da direcao,22.603173456198896
1777745946.9916713,1854,True,0.2916412818639489,0.3526134258088092,0.322127353836379,0.7655018374857893,False,True,0.03938906752411576,2,0,43.17597303390503,False,True,15.53364156159898,50.0,Atencao,Atencao: foco visual fora da direcao,22.414853888097227
1777745947.0373533,1855,True,0.2896980928657748,0.34554436189776233,0.31762122738176857,0.7838711651609335,False,True,0.03938906752411576,2,0,43.54141521453857,False,True,15.551913670630658,50.0,Atencao,Atencao: foco visual fora da direcao,22.347446961564223
1777745947.0803936,1856,True,0.2948258598208867,0.36246431164994647,0.3286450857354166,0.7858721585811473,False,True,0.03938906752411576,2,0,43.52211360931396,False,True,15.550948590369426,50.0,Atencao,Atencao: foco visual fora da direcao,22.43878674454888
1777745947.1264927,1857,True,0.2917004281547133,0.35937076697114706,0.32553559756293016,0.7688362666115027,False,True,0.03938906752411576,2,0,42.94819040298462,False,True,15.522252430052959,50.0,Atencao,Atencao: foco visual fora da direcao,22.396595885034507
1777745947.1713252,1858,True,0.29003075818164087,0.3606450597250467,0.3253379089533438,0.7740759343602553,False,True,0.03938906752411576,2,0,43.292420387268066,False,True,15.539463929267132,50.0,Atencao,Atencao: foco visual fora da direcao,22.38587008606894
1777745947.2138448,1859,True,0.28582792138505536,0.3549803777378905,0.3204041495614729,0.7804925400918651,False,True,0.03938906752411576,2,0,43.18794555664062,False,True,15.53424018773576,50.0,Atencao,Atencao: foco visual fora da direcao,22.475322448794
1777745947.2635612,1860,True,0.28917474683335037,0.35557266018513084,0.3223737035092406,0.7728600913677657,False,True,0.03938906752411576,2,0,43.37953767776489,False,True,15.543819793791972,50.0,Atencao,Atencao: foco visual fora da direcao,22.257241602900407
1777745947.3034325,1861,True,0.2877846080107897,0.3502842846601091,0.3190344463354494,0.7497465696091797,False,True,0.03938906752411576,2,0,43.525035285949706,False,True,15.551094674201213,50.0,Atencao,Atencao: foco visual fora da direcao,22.538373693256695
1777745947.3436832,1862,True,0.28852586200174674,0.35223825811804516,0.32038206005989595,0.6126021410419062,False,False,0.03938906752411576,2,0,44.038729381561275,False,True,15.576779378981792,50.0,Atencao,Atencao: foco visual fora da direcao,22.772315112999706
1777745947.3860905,1863,True,0.28261307813128655,0.32103587698138253,0.30182447755633457,0.3645820216139617,False,False,0.03938906752411576,2,0,43.973274040222165,False,True,15.573506611914837,50.0,Atencao,Atencao: foco visual fora da direcao,22.8203946097118
1777745947.4264646,1864,True,0.2777641793771817,0.30255227244509875,0.2901582259111402,0.3753539622949998,False,False,0.03938906752411576,2,0,43.043028163909916,False,True,15.526994318099224,50.0,Atencao,Atencao: foco visual fora da direcao,23.01674360404808
1777745947.4710436,1865,True,0.286498485694536,0.28997344480350734,0.2882359652490217,0.2956999969761973,False,False,0.03938906752411576,2,0,42.59859771728515,False,True,15.504772795767986,50.0,Atencao,Atencao: foco visual fora da direcao,22.970710035862652
1777745947.513509,1866,True,0.28361647871071155,0.2984099856349325,0.29101323217282205,0.2457410897364835,False,False,0.03938906752411576,2,0,42.716481876373294,False,True,15.510667003722393,50.0,Atencao,Atencao: foco visual fora da direcao,23.02254561552428
1777745947.5587955,1867,True,0.2845592685093259,0.34567985109381144,0.3151195598015687,0.21541032501897947,False,False,0.03938906752411576,2,0,42.031780862808226,False,True,15.47643195304414,50.0,Atencao,Atencao: foco visual fora da direcao,22.93915539588935
1777745947.6015913,1868,True,0.28674651873596013,0.37125088445764004,0.3289987015968001,0.1760759763159666,False,False,0.03938906752411576,2,0,41.93163619041442,False,True,15.47142471942445,50.0,Atencao,Atencao: foco visual fora da direcao,22.97359361582604
1777745947.6404586,1869,True,0.28583306578857304,0.3497484651260595,0.31779076545731627,0.14492337351390017,False,False,0.03938906752411576,2,0,42.16322498321533,False,True,15.483004159064496,50.0,Atencao,Atencao: foco visual fora da direcao,23.252119845692615
1777745947.6842382,1870,True,0.28717703536772865,0.3576713349948823,0.32242418518130544,0.13969693318972629,False,False,0.03938906752411576,2,0,41.80668516159057,False,True,15.465177167983256,50.0,Atencao,Atencao: foco visual fora da direcao,23.222887143395674
1777745947.7268577,1871,True,0.2859837707849711,0.35681987784031044,0.32140182431264075,0.15742307876071454,False,False,0.03938906752411576,2,0,41.82113561630249,False,True,15.465899690718853,50.0,Atencao,Atencao: foco visual fora da direcao,23.225525598601692
1777745947.7679236,1872,True,0.28648027998125786,0.3606035231852878,0.32354190158327284,0.15484106994147184,False,False,0.03938906752411576,2,0,41.60975737571716,False,True,15.455330778689586,50.0,Atencao,Atencao: foco visual fora da direcao,23.328367894407112
1777745947.8132846,1873,True,0.2850478034339334,0.36267360069957927,0.3238607020667563,0.0718733781650953,False,False,0.03938906752411576,2,0,42.1311891078949,False,True,15.481402365298473,50.0,Atencao,Atencao: foco visual fora da direcao,23.231967119639307
1777745947.8582866,1874,True,0.2850319746185291,0.3601665761796053,0.3225992753990672,0.04556494408895832,False,False,0.03938906752411576,2,0,42.07358770370483,False,True,15.47852229508897,50.0,Atencao,Atencao: foco visual fora da direcao,23.062174617133596
1777745947.9058125,1875,True,0.2912687253788667,0.35792333652017505,0.3245960309495209,0.03617141495963963,False,False,0.03938906752411576,2,0,42.20202732086181,False,True,15.48494427594682,50.0,Atencao,Atencao: foco visual fora da direcao,22.917100659421667
1777745947.9540086,1876,True,0.28381760720127885,0.369391417102911,0.32660451215209496,0.020679312758393003,False,False,0.03938906752411576,2,0,42.578680706024166,False,True,15.503776945204937,50.0,Atencao,Atencao: foco visual fora da direcao,22.679862870531018
1777745948.0083308,1877,True,0.281765836205453,0.3424485691773311,0.312107202691392,0.00827611995443795,False,False,0.03938906752411576,2,0,43.99375839233398,False,True,15.574530829520427,50.0,Atencao,Atencao: foco visual fora da direcao,22.270429552124284
1777745948.0641973,1878,True,0.27857956178752535,0.343319196185861,0.31094937898669317,0.12285795269534988,False,False,0.039420756234915526,2,0,44.33821496963501,False,True,15.596110856120447,50.0,Atencao,Atencao: foco visual fora da direcao,21.834310551768993
1777745948.1166081,1879,True,0.2794190225233348,0.34997791326593475,0.31469846789463474,0.2132373584315706,False,False,0.039420756234915526,2,0,44.614989757537835,False,True,15.60994959551559,50.0,Atencao,Atencao: foco visual fora da direcao,21.55230575666497
1777745948.1661696,1880,True,0.2728436516466003,0.33703340073275445,0.3049385261896774,0.1898790184198272,False,False,0.039420756234915526,2,0,45.12342329025268,False,True,15.635371272151332,50.0,Atencao,Atencao: foco visual fora da direcao,21.38883725340842
1777745948.2142189,1881,True,0.2709477615524762,0.3448742996395861,0.30791103059603114,0.20684386334368868,False,False,0.039420756234915526,2,0,45.28377475738525,False,True,15.64338884550796,50.0,Atencao,Atencao: foco visual fora da direcao,21.319931193802404
1777745948.2659855,1882,True,0.2739052526547856,0.34665258465795556,0.3102789186563706,0.21653855195760838,False,False,0.039420756234915526,2,0,45.09305725097656,False,True,15.633852970187526,50.0,Atencao,Atencao: foco visual fora da direcao,21.144632511855036
1777745948.312905,1883,True,0.27210245773175756,0.35350606278893953,0.3128042602603486,0.20044915660687176,False,False,0.039420756234915526,2,0,45.41826286315918,False,True,15.650113250796656,50.0,Atencao,Atencao: foco visual fora da direcao,21.188625878862076
1777745948.36168,1884,True,0.27104744264980996,0.35049789842256385,0.3107726705361869,0.29469215366505846,False,False,0.039452495974235106,2,0,45.52790641784667,False,True,15.659959642687474,50.0,Atencao,Atencao: foco visual fora da direcao,21.102969616745973
1777745948.4048905,1885,True,0.29113047142745113,0.3402205535750769,0.315675512501264,0.2894366936986463,False,False,0.039452495974235106,2,0,45.15727663040161,False,True,15.641428153315221,50.0,Atencao,Atencao: foco visual fora da direcao,21.279699040748948
1777745948.4464219,1886,True,0.2853739613281919,0.35050266542168435,0.31793831337493816,0.3083778778571387,False,False,0.039452495974235106,2,0,45.205036258697504,False,True,15.643816134730015,50.0,Atencao,Atencao: foco visual fora da direcao,21.606391521403435
1777745948.4909835,1887,True,0.28293086703869474,0.37465540990415186,0.32879313847142333,0.07811714584415684,False,False,0.039452495974235106,2,0,45.621362304687494,False,True,15.664632437029514,50.0,Atencao,Atencao: foco visual fora da direcao,21.674224216368252
1777745948.5339556,1888,True,0.2745844445492662,0.36547190279437536,0.3200281736718208,0.06796257506239087,False,False,0.039452495974235106,2,0,45.79380989074707,False,True,15.673254816332493,50.0,Atencao,Atencao: foco visual fora da direcao,21.833016138167256
1777745948.581143,1889,True,0.2789754761963701,0.36559848894376096,0.3222869825700655,0.12635353893472026,False,False,0.039452495974235106,2,0,45.72847471237183,False,True,15.66998805741373,50.0,Atencao,Atencao: foco visual fora da direcao,21.76540469386502
1777745948.6284094,1890,True,0.27726512843600576,0.3606193924710967,0.31894226045355123,0.22259616081408895,False,False,0.039452495974235106,2,0,45.51412887573242,False,True,15.659270765581761,50.0,Atencao,Atencao: foco visual fora da direcao,21.697723542049122
1777745948.6754642,1891,True,0.28097152246028617,0.3539029429794386,0.31743723271986235,0.1677275619263341,False,False,0.039452495974235106,2,0,45.47408456802368,False,True,15.657268550196324,50.0,Atencao,Atencao: foco visual fora da direcao,21.677402540337592
1777745948.719771,1892,True,0.2784606392436253,0.35972501593359296,0.31909282758860913,0.15777966724148942,False,False,0.039452495974235106,2,0,45.630679225921625,False,True,15.665098283091222,50.0,Atencao,Atencao: foco visual fora da direcao,21.734692993774594
1777745948.7594712,1893,True,0.2807124250871874,0.36916671311718857,0.324939569102188,0.15458824567485596,False,False,0.039452495974235106,2,0,46.07861070632934,False,True,15.687494857111606,50.0,Atencao,Atencao: foco visual fora da direcao,22.070747333752273
1777745948.8011725,1894,True,0.27752423177174157,0.35450079918984145,0.3160125154807915,0.1840388253633662,False,False,0.039452495974235106,2,0,46.4645432472229,False,True,15.706791484156284,50.0,Atencao,Atencao: foco visual fora da direcao,22.29537815139672
1777745948.8417451,1895,True,0.27760660593742265,0.35926423421534676,0.3184354200763847,0.19125900202351445,False,False,0.039452495974235106,2,0,46.50092258453369,False,True,15.708610451021825,50.0,Atencao,Atencao: foco visual fora da direcao,22.506799632551598
1777745948.8806298,1896,True,0.2833131864527877,0.3642515112472578,0.32378234885002277,0.21477923047133465,False,False,0.039420756234915526,2,0,46.403543376922606,False,True,15.699377276484828,50.0,Atencao,Atencao: foco visual fora da direcao,22.851102528994492
1777745948.9253795,1897,True,0.2788997269173485,0.37122991262920935,0.32506481977327895,0.1894205100104528,False,False,0.039420756234915526,2,0,46.53036766052246,False,True,15.70571849066482,50.0,Atencao,Atencao: foco visual fora da direcao,22.800409451906088
1777745948.9705667,1898,True,0.28215635267270534,0.3679236833314205,0.32504001800206295,0.20495766363732207,False,False,0.039452495974235106,2,0,46.338351535797116,False,True,15.700481898584997,50.0,Atencao,Atencao: foco visual fora da direcao,22.7456220195837
1777745949.013753,1899,True,0.2793730394103921,0.36285990351646036,0.32111647146342626,0.210865514919014,False,False,0.039452495974235106,2,0,46.347298526763915,False,True,15.700929248133335,50.0,Atencao,Atencao: foco visual fora da direcao,22.77343010538075
1777745949.0614526,1900,True,0.2800473747770313,0.37131611933605857,0.32568174705654496,0.1981262363400605,False,False,0.039452495974235106,2,0,46.43961544036865,False,True,15.705545093813573,50.0,Atencao,Atencao: foco visual fora da direcao,22.598972885566404
1777745949.1054466,1901,True,0.27872355713236585,0.3696955716710677,0.3242095644017168,0.20360633470575082,False,False,0.039452495974235106,2,0,46.47670288085937,False,True,15.707399465838108,50.0,Atencao,Atencao: foco visual fora da direcao,22.618901418370843
1777745949.1475935,1902,True,0.2796392381936682,0.3608473705253477,0.320243304359508,0.1259232425581348,False,False,0.039452495974235106,2,0,46.572486495971674,False,True,15.712188646593724,50.0,Atencao,Atencao: foco visual fora da direcao,22.663922784610367
1777745949.1946912,1903,True,0.2750575791325877,0.3587827743043821,0.31692017671848494,0.12176992063102092,False,False,0.039452495974235106,2,0,46.645645999908446,False,True,15.715846621790561,50.0,Atencao,Atencao: foco visual fora da direcao,22.580097901958496
1777745949.2396085,1904,True,0.2808832695870703,0.35616901255331623,0.3185261410701933,0.12121132778453952,False,False,0.039452495974235106,2,0,46.48616228103638,False,True,15.707872435846959,50.0,Atencao,Atencao: foco visual fora da direcao,22.541784814075235
1777745949.2868457,1905,True,0.28248201956486996,0.3646872029621207,0.32358461126349536,0.18965624446134155,False,False,0.039452495974235106,2,0,47.171055984497066,False,True,15.742117121019993,50.0,Atencao,Atencao: foco visual fora da direcao,22.36238552415071
1777745949.330646,1906,True,0.2836199627257741,0.35942313937618275,0.32152155105097846,0.20274111104546563,False,False,0.039452495974235106,2,0,46.44290018081665,False,True,15.705709330835973,50.0,Atencao,Atencao: foco visual fora da direcao,22.433404450872462
1777745949.3754992,1907,True,0.28208331247371776,0.3651020704652658,0.32359269146949177,0.15677018577528135,False,False,0.039452495974235106,2,0,46.546644592285155,False,True,15.710896551409398,50.0,Atencao,Atencao: foco visual fora da direcao,22.437487332850207
1777745949.4208446,1908,True,0.2830418736939873,0.3869858514817719,0.3350138625878796,0.09651971451845126,False,False,0.0394842868654311,2,0,46.18621320724487,False,True,15.697246229696832,50.0,Atencao,Atencao: foco visual fora da direcao,22.40700937245575
1777745949.460296,1909,True,0.28281097504559516,0.3702527914993482,0.3265318832724717,0.13719286991362215,False,False,0.0394842868654311,2,0,46.639515972137445,False,True,15.71991136794146,50.0,Atencao,Atencao: foco visual fora da direcao,22.67983118582208
1777745949.5019755,1910,True,0.28097791977202147,0.36938842290743307,0.3251831713397273,0.12768544347378294,False,False,0.0394842868654311,2,0,46.40738172531128,False,True,15.708304655600152,50.0,Atencao,Atencao: foco visual fora da direcao,22.82109185463282
1777745949.542906,1911,True,0.27729093019829043,0.37967301834116823,0.32848197426972936,0.13886254769378706,False,False,0.0394842868654311,2,0,46.592532253265375,False,True,15.717562181997858,50.0,Atencao,Atencao: foco visual fora da direcao,22.97861399166248
1777745949.5866866,1912,True,0.2786567813306071,0.36984055115545916,0.32424866624303317,0.15564963036746532,False,False,0.0394842868654311,2,0,46.67393493652344,False,True,15.721632316160761,50.0,Atencao,Atencao: foco visual fora da direcao,22.966801296416175
1777745949.629443,1913,True,0.28338082415010407,0.36174174648407986,0.32256128531709194,0.19223386772849604,False,False,0.0394842868654311,2,0,46.65134000778198,False,True,15.720502569723688,50.0,Atencao,Atencao: foco visual fora da direcao,23.026155676738767
1777745949.6704135,1914,True,0.28075213171699825,0.37575578747276295,0.3282539595948806,0.15174015742128846,False,False,0.039452495974235106,2,0,46.25265388488769,False,True,15.696197016039523,50.0,Atencao,Atencao: foco visual fora da direcao,23.143605352407665
1777745949.7133503,1915,True,0.28274626464666347,0.3691262707284416,0.32593626768755257,0.056481860193671914,False,False,0.039452495974235106,2,0,46.205758571624756,False,True,15.693852250376377,50.0,Atencao,Atencao: foco visual fora da direcao,23.166627277039176
1777745949.7565248,1916,True,0.2797626426440678,0.3748035260970076,0.3272830843705377,0.006117708759680376,False,False,0.039452495974235106,2,0,46.43266916275024,False,True,15.705197779932652,50.0,Atencao,Atencao: foco visual fora da direcao,23.154913968954904
1777745949.7966366,1917,True,0.2834616716758135,0.36874377026739674,0.3261027209716051,0.03970672305026251,False,False,0.039452495974235106,2,0,46.12785348892211,False,True,15.689956996241246,50.0,Atencao,Atencao: foco visual fora da direcao,23.355342050617864
1777745949.8388014,1918,True,0.2843573013152254,0.36489624374038193,0.3246267725278037,0.03095627780065264,False,False,0.039452495974235106,2,0,46.67024250030517,False,True,15.717076446810399,50.0,Atencao,Atencao: foco visual fora da direcao,23.388751935705702
1777745949.8787422,1919,True,0.2867208747582561,0.3714641281723857,0.3290925014653209,0.11930549802910136,False,False,0.039420756234915526,2,0,46.437712574005126,False,True,15.701085736338953,50.0,Atencao,Atencao: foco visual fora da direcao,23.513379941655067
1777745949.924292,1920,True,0.285837541228046,0.3678153538280207,0.32682644752803336,0.1427646178790026,False,False,0.039420756234915526,2,0,46.65872745513916,False,True,15.712136480395655,50.0,Atencao,Atencao: foco visual fora da direcao,23.376185009983878
1777745949.9702275,1921,True,0.2857377568506648,0.3640087349680468,0.32487324590935585,0.13026769578009365,False,False,0.039420756234915526,2,0,46.723282432556154,False,True,15.715364229266505,50.0,Atencao,Atencao: foco visual fora da direcao,23.2007006209736
1777745950.0152686,1922,True,0.2863364649246119,0.36973579800413486,0.3280361314643734,0.13539119833203309,False,False,0.039420756234915526,2,0,46.34356575012207,False,True,15.696378395144801,50.0,Atencao,Atencao: foco visual fora da direcao,23.134375154387033
1777745950.0648465,1923,True,0.2890969912552965,0.3658349619587691,0.3274659766070328,0.1315845541310237,False,False,0.039452495974235106,2,0,46.493543720245356,False,True,15.708241507807408,50.0,Atencao,Atencao: foco visual fora da direcao,22.80227345689416
1777745950.1157103,1924,True,0.2867451909007741,0.36733733381782585,0.3270412623593,0.1365024469413989,False,False,0.039452495974235106,2,0,46.70933494567871,False,True,15.719031069079076,50.0,Atencao,Atencao: foco visual fora da direcao,22.5060746801772
1777745950.1636474,1925,True,0.29110841210834343,0.36431101022650525,0.3277097111674243,0.14446229443341616,False,False,0.039452495974235106,2,0,46.54352378845215,False,True,15.710740511217747,50.0,Atencao,Atencao: foco visual fora da direcao,22.36008347832687
1777745950.2098575,1926,True,0.2913302444691206,0.36631640660551706,0.32882332553731886,0.1496768234339008,False,False,0.039452495974235106,2,0,46.731553077697754,False,True,15.720141975680027,50.0,Atencao,Atencao: foco visual fora da direcao,22.271025280167805
1777745950.2591069,1927,True,0.2870455284814148,0.3650157236674865,0.32603062607445066,0.15408545115942357,False,False,0.039452495974235106,2,0,46.471518707275386,False,True,15.707140257158908,50.0,Atencao,Atencao: foco visual fora da direcao,22.07452391107192
1777745950.3044255,1928,True,0.2873333138294688,0.37014391707378763,0.3287386154516282,0.18851924610770515,False,False,0.039452495974235106,2,0,46.822363662719724,False,True,15.724682504931126,50.0,Atencao,Atencao: foco visual fora da direcao,22.0899951984989
1777745950.3485951,1929,True,0.24331975455394897,0.3487294626196324,0.2960246085867907,0.1608706561345068,False,False,0.039452495974235106,2,0,47.148658466339114,False,True,15.740997245112096,50.0,Atencao,Atencao: foco visual fora da direcao,22.078773724500326
1777745950.3992417,1930,True,0.1434610563354649,0.12407807003579764,0.13376956318563127,0.1513712230093679,True,False,0.040290088638195005,2,0,45.64760417938232,False,True,15.78111352205874,50.0,Atencao,Atencao: foco visual fora da direcao,21.861116410817075
1777745950.4435844,1931,True,0.18347310263013772,0.25062789812192,0.21705050037602885,0.12036214342049273,False,False,0.040257648953301126,2,0,45.753708076477054,False,True,15.765976866641198,50.0,Atencao,Atencao: foco visual fora da direcao,21.966659025214526
1777745950.4929755,1932,True,0.2276198701285397,0.32994067385210085,0.2787802719903203,0.17222334493367944,False,False,0.04022526146419952,2,0,45.73959579467773,False,True,15.760817972799764,50.0,Atencao,Atencao: foco visual fora da direcao,21.800495325497444
1777745950.5409396,1933,True,0.2550749877019131,0.3377808591398458,0.2964279234208794,0.08130255758316561,False,False,0.04019292604501608,2,0,45.84495811462402,False,True,15.761639968659352,50.0,Atencao,Atencao: foco visual fora da direcao,21.70132975356495
1777745950.592417,1934,True,0.26126134148357094,0.35514042781500454,0.30820088464928774,0.006057244098322007,False,False,0.040160642570281124,2,0,46.66203966140747,False,True,15.79805506822247,50.0,Atencao,Atencao: foco visual fora da direcao,21.481499171548208
1777745950.6371918,1935,True,0.2561025543472964,0.3727443100024533,0.31442343217487484,0.003965192645084604,False,False,0.040160642570281124,2,0,47.32249736785889,False,True,15.83107795354504,50.0,Atencao,Atencao: foco visual fora da direcao,21.543675013899488
1777745950.8599405,1936,True,0.2773208367984221,0.3499736455630755,0.3136472411807488,0.00902998250911653,False,False,0.040290088638195005,2,0,47.35902690887451,False,True,15.85070326493398,50.0,Atencao,Atencao: foco visual fora da direcao,19.837342007493536
1777745950.8997157,1937,True,0.2736020780250483,0.3657713675835096,0.31968672280427896,0.12391623771762401,False,False,0.040257648953301126,2,0,47.33573932647705,False,True,15.845078429141198,50.0,Atencao,Atencao: foco visual fora da direcao,20.41722394191424
1777745950.9458761,1938,True,0.2795836185182392,0.3722525008067745,0.32591805966250686,0.17218972719440367,False,False,0.040290088638195005,2,0,47.173225784301756,False,True,15.841413208705344,50.0,Atencao,Atencao: foco visual fora da direcao,20.520103478024556
1777745950.996904,1939,True,0.2721223450061937,0.3581500501886736,0.3151361975974336,0.0052396124615611194,False,False,0.040290088638195005,2,0,46.810943031311034,False,True,15.823299071055807,50.0,Atencao,Atencao: foco visual fora da direcao,20.443031166989027
1777745951.0384257,1940,True,0.28198780269453333,0.38897982033542144,0.3354838115149774,0.005865509910236068,False,False,0.040290088638195005,2,0,47.059464073181154,False,True,15.835725123149313,50.0,Atencao,Atencao: foco visual fora da direcao,20.76157092708693
1777745951.0868688,1941,True,0.2882622429737753,0.3675026049521707,0.32788242396297296,0.1689580159441399,False,False,0.040290088638195005,2,0,46.854205989837645,False,True,15.825462218982137,50.0,Atencao,Atencao: foco visual fora da direcao,20.79100502175264
1777745951.1302674,1942,True,0.29826741752937763,0.35186759932640865,0.3250675084278931,0.1942015059907869,False,False,0.040290088638195005,2,0,46.497964000701906,False,True,15.80765011952535,50.0,Atencao,Atencao: foco visual fora da direcao,20.996376051825507
1777745951.1756723,1943,True,0.28610444885299496,0.3730316221123661,0.32956803548268054,0.27541166573434,False,False,0.040290088638195005,2,0,46.36729621887207,False,True,15.801116730433858,50.0,Atencao,Atencao: foco visual fora da direcao,21.108085755157543
1777745951.224664,1944,True,0.2911401825776536,0.35581582277516627,0.3234780026764099,0.29612029381693855,False,False,0.04032258064516129,2,0,45.8765884399414,False,True,15.78104899244519,50.0,Atencao,Atencao: foco visual fora da direcao,21.031819642161878
1777745951.2748487,1945,True,0.2931779142140836,0.36821212431030353,0.3306950192621936,0.2856511232551226,False,False,0.04032258064516129,2,0,46.336622905731204,False,True,15.804050715734679,50.0,Atencao,Atencao: foco visual fora da direcao,20.936169938381735
1777745951.3214824,1946,True,0.28583285457694063,0.3439989285674734,0.314915891572207,0.2846609656081107,False,False,0.04032258064516129,2,0,45.511210632324214,False,True,15.76278010206433,50.0,Atencao,Atencao: foco visual fora da direcao,20.94181001608568
1777745951.3676772,1947,True,0.2837807901416069,0.359210520345298,0.32149565524345247,0.2705834978764096,False,False,0.04032258064516129,2,0,46.89171743392944,False,True,15.83180544214459,50.0,Atencao,Atencao: foco visual fora da direcao,21.032275320319147
1777745951.413715,1948,True,0.2779791990527305,0.34779908537694043,0.31288914221483544,0.2683855191030413,False,False,0.04032258064516129,2,0,45.715460205078124,False,True,15.772992580702024,50.0,Atencao,Atencao: foco visual fora da direcao,21.12513173200329
1777745951.460772,1949,True,0.2913117132678068,0.3838866796446476,0.3375991964562272,0.22723868203833528,False,False,0.04032258064516129,2,0,45.77942552566528,False,True,15.776190846731382,50.0,Atencao,Atencao: foco visual fora da direcao,21.121580169729377
1777745951.504446,1950,True,0.29143358408258346,0.3673686109421495,0.32940109751236646,0.2104141587337655,False,False,0.04032258064516129,2,0,46.75249576568603,False,True,15.82484435873242,50.0,Atencao,Atencao: foco visual fora da direcao,21.304194891139737
1777745951.5474794,1951,True,0.28505589943963267,0.37164537231169475,0.3283506358756637,0.1971210300461423,False,False,0.04035512510088781,2,0,46.18785343170166,False,True,15.8010871046956,50.0,Atencao,Atencao: foco visual fora da direcao,21.52003112815051
1777745951.5934687,1952,True,0.2903670530565768,0.3876162825557231,0.33899166780615,0.20392315768743896,False,False,0.04032258064516129,2,0,46.64337320327759,False,True,15.819388230611999,50.0,Atencao,Atencao: foco visual fora da direcao,21.52984428632824
1777745951.6480496,1953,True,0.28239871275634004,0.37199114599202626,0.32719492937418315,0.1931350865067651,False,False,0.04035512510088781,2,0,46.08732423782349,False,True,15.796060645001692,50.0,Atencao,Atencao: foco visual fora da direcao,21.21369051693257
1777745951.6942422,1954,True,0.28336944234956124,0.38173155997125957,0.3325505011604104,0.17274811122766287,False,False,0.04035512510088781,2,0,45.819498157501215,False,True,15.782669340985578,50.0,Atencao,Atencao: foco visual fora da direcao,21.243497512811018
1777745951.740456,1955,True,0.2801484834218635,0.36626153237894266,0.3232050079004031,0.16168259673132637,False,False,0.04035512510088781,2,0,46.271716022491454,False,True,15.80528023423509,50.0,Atencao,Atencao: foco visual fora da direcao,21.275491294105674
1777745951.7857382,1956,True,0.2838385296463301,0.3569088910034693,0.3203737103248997,0.13939527365157256,False,False,0.04035512510088781,2,0,46.03709182739257,False,True,15.793549024480146,50.0,Atencao,Atencao: foco visual fora da direcao,21.343577680412356
1777745951.8290913,1957,True,0.29311431123464804,0.36472500137665,0.328919656305649,0.04968934647513719,False,False,0.04035512510088781,2,0,46.65696620941162,False,True,15.824542743581098,50.0,Atencao,Atencao: foco visual fora da direcao,21.54215820038075
1777745951.873136,1958,True,0.2766412973983017,0.37880550750074116,0.3277234024495214,0.009640693262022665,False,False,0.04035512510088781,2,0,46.050698566436765,False,True,15.794229361432356,50.0,Atencao,Atencao: foco visual fora da direcao,21.665115316692305
1777745951.9170594,1959,True,0.28051446718614614,0.397052446270644,0.33878345672839505,0.08779719075879858,False,False,0.04035512510088781,2,0,45.63413562774658,False,True,15.773401214497845,50.0,Atencao,Atencao: foco visual fora da direcao,21.750531434891926
1777745951.9646099,1960,True,0.28692273153869413,0.3681314725191779,0.327527102028936,0.11193657664060416,False,False,0.04035512510088781,2,0,46.1416464805603,False,True,15.798776757138532,50.0,Atencao,Atencao: foco visual fora da direcao,21.705213223640836
1777745952.013559,1961,True,0.2840396180140163,0.37252425017893603,0.32828193409647616,0.004192897492559416,False,False,0.04035512510088781,2,0,45.79477376937866,False,True,15.78143312157945,50.0,Atencao,Atencao: foco visual fora da direcao,21.568820510951443
1777745952.0618742,1962,True,0.28380439785119727,0.37956228800586467,0.33168334292853097,0.006040944118369903,False,False,0.04035512510088781,2,0,46.19667854309082,False,True,15.801528360265058,50.0,Atencao,Atencao: foco visual fora da direcao,21.482490448488626
1777745952.1064882,1963,True,0.2778033495197434,0.3990129601812838,0.33840815485051357,0.00521721074442896,False,False,0.04035512510088781,2,0,45.867268085479736,False,True,15.785057837384503,50.0,Atencao,Atencao: foco visual fora da direcao,21.49257689539831
1777745952.1548812,1964,True,0.27874890904606353,0.3967253524878324,0.337737130766948,0.005427611084828034,False,False,0.04038772213247173,2,0,46.06561765670776,False,True,15.799457407788694,50.0,Atencao,Atencao: foco visual fora da direcao,21.45395003130995
1777745952.2023203,1965,True,0.2807256627663486,0.40311207819461375,0.3419188704804812,0.0047635116879880994,False,False,0.04038772213247173,2,0,46.29143648147583,False,True,15.810748349027097,50.0,Atencao,Atencao: foco visual fora da direcao,21.430494396076394
1777745952.24485,1966,True,0.28370024764258367,0.3950205186463122,0.33936038314444794,0.0034834552138945994,False,False,0.04038772213247173,2,0,46.55913467407226,False,True,15.824133258656918,50.0,Atencao,Atencao: foco visual fora da direcao,21.630874564916276
1777745952.2903066,1967,True,0.27648211602916956,0.37867190569223486,0.32757701086070223,0.0023327291401680156,False,False,0.04038772213247173,2,0,46.205392074584964,False,True,15.806446128682554,50.0,Atencao,Atencao: foco visual fora da direcao,21.69541504272911
1777745952.3343122,1968,True,0.2935519335570252,0.3950555989863937,0.34430376627170944,0.007072827412041827,False,False,0.04038772213247173,2,0,45.93595752716064,False,True,15.792974401311337,50.0,Atencao,Atencao: foco visual fora da direcao,21.79458930896288
1777745952.3803406,1969,True,0.2882142032729584,0.3796848808815463,0.33394954207725236,0.13771432625263985,False,False,0.04038772213247173,2,0,45.94463758468628,False,True,15.79340840418762,50.0,Atencao,Atencao: foco visual fora da direcao,21.770089152450574
1777745952.4272285,1970,True,0.29437137485098697,0.3987821125735156,0.3465767437122513,0.16108387286293505,False,False,0.04038772213247173,2,0,45.56850175857544,False,True,15.774601612882078,50.0,Atencao,Atencao: foco visual fora da direcao,21.721908402514487
1777745952.4722145,1971,True,0.2904128215187248,0.3775526383744787,0.3339827299466017,0.23295721341171524,False,False,0.04042037186742118,2,0,45.512045764923094,False,True,15.776268151755009,50.0,Atencao,Atencao: foco visual fora da direcao,21.781033637897565
1777745952.514174,1972,True,0.2976447316375471,0.3788770002973842,0.33826086596746563,0.25482616259193674,False,False,0.04042037186742118,2,0,46.10054473876953,False,True,15.80569310044733,50.0,Atencao,Atencao: foco visual fora da direcao,21.999707088658575
1777745952.5556734,1973,True,0.30311324146786356,0.3557926776960492,0.3294529595819564,0.25779060502639506,False,False,0.04042037186742118,2,0,46.116415691375735,False,True,15.806486648077641,50.0,Atencao,Atencao: foco visual fora da direcao,22.178298872448607
1777745952.596859,1974,True,0.2997685349666747,0.3596546732336087,0.3297116041001417,0.3418713409014835,False,False,0.04038772213247173,2,0,46.43764390945434,False,True,15.818058720426023,50.0,Atencao,Atencao: foco visual fora da direcao,22.441464560103604
1777745952.6378465,1975,True,0.2921105276235141,0.3601622324689492,0.32613638004623163,0.4087087562971783,False,False,0.04038772213247173,2,0,46.621351623535155,False,True,15.827244106130063,50.0,Atencao,Atencao: foco visual fora da direcao,22.6246852110797
1777745952.678647,1976,True,0.30292702366594604,0.36763266410903483,0.33527984388749044,0.44085607966116913,False,False,0.04038772213247173,2,0,46.625078392028804,False,True,15.827430444554746,50.0,Atencao,Atencao: foco visual fora da direcao,22.790143677451155
1777745952.7226658,1977,True,0.3048248318819704,0.36140073724356186,0.33311278456276616,0.5154318175237306,False,False,0.04038772213247173,2,0,46.489748287200925,False,True,15.820663939313352,50.0,Atencao,Atencao: foco visual fora da direcao,22.799600221163708
1777745952.761736,1978,True,0.29624680644404766,0.36862778532034335,0.3324372958821955,0.523279537185139,False,False,0.04038772213247173,2,0,46.10165710449218,False,True,15.801259380177914,50.0,Atencao,Atencao: foco visual fora da direcao,23.0473438297724
1777745952.8044858,1979,True,0.29853338430004833,0.36798291902006347,0.3332581516600559,0.5201111379164757,False,False,0.04038772213247173,2,0,46.29410409927368,False,True,15.81088172991699,50.0,Atencao,Atencao: foco visual fora da direcao,23.102368941352914
1777745952.8477304,1980,True,0.28610019337151693,0.3842915948520513,0.3351958941117841,0.5715107686987216,False,False,0.04038772213247173,2,0,45.45872259140015,False,True,15.769112654523314,50.0,Atencao,Atencao: foco visual fora da direcao,23.12730939234739
1777745952.8928895,1981,True,0.2945420178581703,0.37619490141219997,0.33536845963518513,0.5394947203806344,False,False,0.04038772213247173,2,0,45.868471431732175,False,True,15.789600096539914,50.0,Atencao,Atencao: foco visual fora da direcao,23.0108215586625
1777745952.9404116,1982,True,0.2881137722717,0.375880655631232,0.331997213951466,0.5826541518728111,False,False,0.04038772213247173,2,0,45.51896543502807,False,True,15.77212479670471,50.0,Atencao,Atencao: foco visual fora da direcao,22.80624138993039
1777745952.993079,1983,True,0.28925590986760213,0.3609195271329971,0.3250877185002996,0.5696598883479851,False,False,0.04038772213247173,2,0,45.85300559997558,False,True,15.788826804952084,50.0,Atencao,Atencao: foco visual fora da direcao,22.446891132767426
1777745953.04155,1984,True,0.28680965660994634,0.3492958123230866,0.3180527344665165,0.6011964665149967,False,False,0.04038772213247173,2,0,45.48793249130249,False,True,15.77057314951843,50.0,Atencao,Atencao: foco visual fora da direcao,22.22734620834994
1777745953.0911496,1985,True,0.28727708736953145,0.3700433277195571,0.3286602075445443,0.6146172188766684,False,False,0.04042037186742118,2,0,45.13111028671265,False,True,15.757221377844486,50.0,Atencao,Atencao: foco visual fora da direcao,22.05494312799314
1777745953.1406205,1986,True,0.28953159441471615,0.35501973257311636,0.32227566349391623,0.5886184603273041,False,False,0.04042037186742118,2,0,45.50589599609375,False,True,15.77596066331354,50.0,Atencao,Atencao: foco visual fora da direcao,21.870161114481213
1777745953.190717,1987,True,0.28752072884000357,0.37034712465492936,0.32893392674746647,0.5760558232094972,False,False,0.04042037186742118,2,0,45.94635505676269,False,True,15.797983616346988,50.0,Atencao,Atencao: foco visual fora da direcao,21.659265562562066
1777745953.2404165,1988,True,0.2872638431673882,0.3825521960118899,0.334908019589639,0.5836299082528532,False,False,0.04042037186742118,2,0,46.08376998901367,False,True,15.804854362959537,50.0,Atencao,Atencao: foco visual fora da direcao,21.4992282982098
1777745953.2905803,1989,True,0.27936152060015546,0.3737685996653512,0.3265650601327533,0.6158217123835384,False,False,0.04042037186742118,2,0,45.53033885955811,False,True,15.77718280648676,50.0,Atencao,Atencao: foco visual fora da direcao,21.31159035175592
1777745953.3387783,1990,True,0.28594387364627477,0.3818125945303312,0.33387823408830297,0.6039612154311097,False,False,0.04042037186742118,2,0,46.1322943687439,False,True,15.80728058194605,50.0,Atencao,Atencao: foco visual fora da direcao,21.282375616159168
1777745953.3868468,1991,True,0.2863867510842033,0.37734371586679427,0.3318652334754988,0.6144423634597331,False,False,0.04042037186742118,2,0,46.15690546035766,False,True,15.808511136526736,50.0,Atencao,Atencao: foco visual fora da direcao,21.226599599750596
1777745953.430354,1992,True,0.27937452613357455,0.3492460507193206,0.3143102884264476,0.6139545092187724,False,False,0.04042037186742118,2,0,45.60375242233276,False,True,15.780853484625492,50.0,Atencao,Atencao: foco visual fora da direcao,21.41116517848887
1777745953.4706724,1993,True,0.28589322064213735,0.3551196218161683,0.32050642122915285,0.5958012937743873,False,False,0.04042037186742118,2,0,45.77538547515869,False,True,15.78943513726679,50.0,Atencao,Atencao: foco visual fora da direcao,21.686908677322325
1777745953.5148628,1994,True,0.2836523184827112,0.3763296691145804,0.3299909937986458,0.5838858342197689,False,False,0.040453074433656956,2,0,45.90671072006226,False,True,15.800498002369388,50.0,Atencao,Atencao: foco visual fora da direcao,21.888048911544924
1777745953.555928,1995,True,0.28290873153154766,0.37001677918735065,0.32646275535944913,0.5929580516296277,False,False,0.040453074433656956,2,0,46.29771327972412,False,True,15.82004813035248,50.0,Atencao,Atencao: foco visual fora da direcao,22.0660631099435
1777745953.5989325,1996,True,0.27815567631960947,0.36833643770061225,0.3232460570101109,0.6101665911828995,False,False,0.040453074433656956,2,0,46.57938642501831,False,True,15.83413178761719,50.0,Atencao,Atencao: foco visual fora da direcao,22.21241458246861
1777745953.6379282,1997,True,0.28499259200464744,0.35719588889049164,0.3210942404475695,0.6081933521485666,False,False,0.04042037186742118,2,0,45.94512939453125,False,True,15.797922333235416,50.0,Atencao,Atencao: foco visual fora da direcao,22.554132213885644
1777745953.6788564,1998,True,0.28893499735906497,0.3923692751159072,0.3406521362374861,0.6005113573020328,False,False,0.04042037186742118,2,0,45.4477783203125,False,True,15.773054779524479,50.0,Atencao,Atencao: foco visual fora da direcao,22.750985624316744
1777745953.722741,1999,True,0.28449639669632615,0.3933716758017525,0.3389340362490393,0.5855571697050347,False,False,0.04042037186742118,2,0,45.552652263641356,False,True,15.778298476690921,50.0,Atencao,Atencao: foco visual fora da direcao,22.772847264202223
1777745953.7651148,2000,True,0.292363294080957,0.3946998747527013,0.3435315844168292,0.5851243637668028,False,False,0.04042037186742118,2,0,45.41473779678344,False,True,15.771402753348026,50.0,Atencao,Atencao: foco visual fora da direcao,22.858734861575982
1777745953.8048325,2001,True,0.2889694958094863,0.38959270184075356,0.3392810988251199,0.577442715097321,False,False,0.04042037186742118,2,0,45.70910530090332,False,True,15.786121128554019,50.0,Atencao,Atencao: foco visual fora da direcao,23.095222102335157
1777745953.8474896,2002,True,0.2830606524267354,0.3690318333763957,0.3260462429015656,0.6028193362087275,False,False,0.04042037186742118,2,0,45.894252395629884,False,True,15.795378483290348,50.0,Atencao,Atencao: foco visual fora da direcao,23.09603308769163
1777745953.8939748,2003,True,0.2856827825067056,0.3661106764547974,0.3258967294807515,0.5995972006065685,False,False,0.04042037186742118,2,0,45.83899545669555,False,True,15.79261563634363,50.0,Atencao,Atencao: foco visual fora da direcao,22.972303353452467
1777745953.9391594,2004,True,0.28765050513996004,0.3683614701077338,0.3280059876238469,0.6119323990504598,False,False,0.04042037186742118,2,0,46.04191808700561,False,True,15.802761767859135,50.0,Atencao,Atencao: foco visual fora da direcao,22.850499400714575
1777745953.987825,2005,True,0.28443152575440506,0.3765865747546394,0.33050905025452226,0.6016242573563257,False,False,0.04042037186742118,2,0,45.709650325775144,False,True,15.786148379797611,50.0,Atencao,Atencao: foco visual fora da direcao,22.61584405898517
1777745954.0365877,2006,True,0.2829335472999532,0.3709695277947971,0.32695153754737516,0.5999857290930589,False,False,0.04042037186742118,2,0,46.82105560302734,False,True,15.84171864366022,50.0,Atencao,Atencao: foco visual fora da direcao,22.42818686327413
1777745954.084126,2007,True,0.2827283181176238,0.3678571435356846,0.3252927308266542,0.5888632894619946,False,False,0.04042037186742118,2,0,46.156049728393555,False,True,15.808468349928532,50.0,Atencao,Atencao: foco visual fora da direcao,22.289492892312538
1777745954.129416,2008,True,0.28439383067664004,0.3703970905752293,0.32739546062593466,0.6240409969240511,False,False,0.04042037186742118,2,0,45.96351776123046,False,True,15.798841751570377,50.0,Atencao,Atencao: foco visual fora da direcao,22.219461552504644
1777745954.175542,2009,True,0.285512110917202,0.3758976866760742,0.3307048987966381,0.5980002326453223,False,False,0.040453074433656956,2,0,46.27484111785889,False,True,15.818904522259219,50.0,Atencao,Atencao: foco visual fora da direcao,22.207689714245134
1777745954.2226202,2010,True,0.27972199287990984,0.3822356706504803,0.33097883176519505,0.6164778504525775,False,False,0.040453074433656956,2,0,45.98928070068359,False,True,15.804626501400453,50.0,Atencao,Atencao: foco visual fora da direcao,22.125162338663763
1777745954.267666,2011,True,0.28528653626823625,0.3794200524661907,0.3323532943672135,0.5982179319212474,False,False,0.040453074433656956,2,0,46.64170207977295,False,True,15.837247570354922,50.0,Atencao,Atencao: foco visual fora da direcao,22.11846195745052
1777745954.310366,2012,True,0.28459332825201833,0.37174356522159585,0.3281684467368071,0.5973409741325811,False,False,0.040453074433656956,2,0,46.438302230834964,False,True,15.827077577908023,50.0,Atencao,Atencao: foco visual fora da direcao,22.24521171615522
1777745954.3546884,2013,True,0.2846508236585272,0.3752968553839049,0.32997383952121606,0.6087167904132388,False,False,0.040453074433656956,2,0,45.967953491210935,False,True,15.80356014092682,50.0,Atencao,Atencao: foco visual fora da direcao,22.267200030196822
1777745954.400072,2014,True,0.26268555955457246,0.36132119589240297,0.31200337772348774,0.5873129996218718,False,False,0.040453074433656956,2,0,46.236125469207764,False,True,15.816968739826661,50.0,Atencao,Atencao: foco visual fora da direcao,22.267611838488065
1777745954.4466882,2015,True,0.2022898286248255,0.2453219188768068,0.22380587375081615,0.6042156236320453,False,False,0.040453074433656956,2,0,45.65379085540771,False,True,15.78785200913666,50.0,Atencao,Atencao: foco visual fora da direcao,22.18377055559135
1777745954.4958918,2016,True,0.21008369859494613,0.24132688126208204,0.22570528992851407,0.5716533368604125,False,False,0.04048582995951417,2,0,47.14744825363159,False,True,15.86703876385322,50.0,Atencao,Atencao: foco visual fora da direcao,21.992364372650755
1777745954.5419202,2017,True,0.20193279579091516,0.25321096180816416,0.22757187879953966,0.5790554986764989,False,False,0.04048582995951417,2,0,46.10832529067993,False,True,15.815082615705638,50.0,Atencao,Atencao: foco visual fora da direcao,21.953034455830657
1777745954.58339,2018,True,0.2373258843226175,0.2889481346380726,0.2631370094803451,0.5895369423224088,False,False,0.04048582995951417,2,0,46.3101879119873,False,True,15.825175746771006,50.0,Atencao,Atencao: foco visual fora da direcao,22.194977992274808
1777745954.6264498,2019,True,0.25491144080522593,0.3059016952213421,0.280406568013284,0.5742990309099884,False,False,0.040453074433656956,2,0,45.514627552032465,False,True,15.780893843967897,50.0,Atencao,Atencao: foco visual fora da direcao,22.298187912649823
1777745954.6702032,2020,True,0.2544277238853915,0.3148212218331801,0.2846244728592858,0.5884752506288137,False,False,0.040453074433656956,2,0,46.01610193252563,False,True,15.805967562992555,50.0,Atencao,Atencao: foco visual fora da direcao,22.341483857083063
1777745954.7161052,2021,True,0.2541901934147406,0.32865904970555815,0.29142462156014937,0.5902524073704023,False,False,0.040453074433656956,2,0,46.33824853897095,False,True,15.822074893314822,50.0,Atencao,Atencao: foco visual fora da direcao,22.221987684653577
1777745954.7675493,2022,True,0.2535178929123725,0.34029545299467273,0.2969066729535226,0.5902455826441688,False,False,0.04048582995951417,2,0,46.553301620483396,False,True,15.83733143219581,50.0,Atencao,Atencao: foco visual fora da direcao,21.997479587258148
1777745954.813714,2023,True,0.22607138753624087,0.3204244863654155,0.27324793695082816,0.5801642973721349,False,False,0.040453074433656956,2,0,46.81279954910278,False,True,15.845802443821412,50.0,Atencao,Atencao: foco visual fora da direcao,21.981891228593238
1777745954.8634644,2024,True,0.11116838227611553,0.25105947585959804,0.18111392906785678,0.48155036082924985,True,False,0.0412621359223301,2,0,48.36293354034423,False,True,16.03455509807604,50.0,Atencao,Atencao: foco visual fora da direcao,21.79385337015993
1777745954.9097285,2025,True,0.11254045089758809,0.266286249411227,0.18941335015440755,0.42926919602256386,True,False,0.042071197411003236,2,0,47.5845573425293,False,True,16.10688224287785,50.0,Atencao,Atencao: foco visual fora da direcao,21.753400235546064
1777745954.9676447,2026,True,0.24593167263926616,0.2954311229947868,0.2706813978170265,0.358095205067546,False,False,0.042071197411003236,2,0,40.94803894487294,False,True,15.771144645207855,50.0,Atencao,Atencao: foco visual fora da direcao,21.316371372347852
1777745955.0282433,2027,True,0.25509476829029476,0.2662256652136084,0.2606602167519516,0.22660950602408625,False,False,0.042105263157894736,2,0,32.28973283821886,False,False,15.342913380072732,50.0,Atencao,Atencao: sinais iniciais de risco,20.828508605216445
1777745955.0846815,2028,True,0.26325694595657,0.2871865969780526,0.2752217714673113,0.18620587620104995,False,False,0.042105263157894736,2,0,28.6519733867862,False,False,15.161025407501098,50.0,Atencao,Atencao: sinais iniciais de risco,20.48539935778143
1777745955.1357563,2029,True,0.2678462198331405,0.2841498786936508,0.27599804926339566,0.2014722072450608,False,False,0.04213938411669368,2,0,28.129666791449893,False,False,15.139601709569137,50.0,Atencao,Atencao: sinais iniciais de risco,20.446279583400067
1777745955.1786604,2030,True,0.2667196178415273,0.2833286741981316,0.2750241460198295,0.21080464806449442,False,False,0.04213938411669368,2,0,28.30295711295171,False,False,15.148266225644228,50.0,Atencao,Atencao: sinais iniciais de risco,20.66752976522953
1777745955.231642,2031,True,0.24572189885514933,0.28056366994245086,0.2631427843988001,0.18870122249562635,False,False,0.04213938411669368,2,0,33.29165414409204,False,False,15.397701077201244,50.0,Atencao,Atencao: sinais iniciais de risco,20.531431532230034
1777745955.2760766,2032,True,0.26153290738911256,0.28241451419667485,0.2719737107928937,0.1935360639741267,False,False,0.041329011345218804,2,0,33.7386437876658,False,False,15.308624303302137,50.0,Atencao,Atencao: sinais iniciais de risco,20.673822661499468
1777745955.322068,2033,True,0.28986614372378006,0.32156083259284446,0.30571348815831223,0.3247034535292709,False,False,0.04051863857374392,2,0,41.96232830556956,False,True,15.60838227311953,50.0,Atencao,Atencao: sinais iniciais de risco,20.844287766322175
1777745955.3682063,2034,True,0.28937533182738856,0.32169462877300864,0.3055349803001986,0.3727984765249161,False,False,0.03970826580226904,2,0,42.31874024163593,False,True,15.514776613845052,50.0,Atencao,Atencao: sinais iniciais de risco,20.881802860257917
1777745955.4140706,2035,True,0.2736651096308371,0.3237431523553436,0.29870413099309034,0.3927644648878405,False,False,0.03889789303079417,2,0,47.52221127098257,False,True,15.66352390923459,50.0,Atencao,Atencao: sinais iniciais de risco,21.004422330660876
1777745955.4611423,2036,True,0.2672561773476964,0.3261655365509686,0.2967108569493325,0.41062484625325896,False,False,0.03808752025931929,2,0,47.816239261627196,False,True,15.566799052689024,50.0,Atencao,Atencao: sinais iniciais de risco,21.038615842665074
1777745955.5065067,2037,True,0.2658949655018253,0.33727906902508265,0.30158701726345394,0.4162322964477884,False,False,0.03805668016194332,2,0,46.83975124359131,False,True,15.513734138398036,50.0,Atencao,Atencao: sinais iniciais de risco,21.122617306456018
1777745955.5469394,2038,True,0.26858661401993983,0.3429909846498724,0.3057887993349061,0.4568510509471499,False,False,0.03802588996763754,2,0,47.16902780532837,False,True,15.525964314767842,50.0,Atencao,Atencao: sinais iniciais de risco,21.43582102455059
1777745955.5949328,2039,True,0.2640987326841676,0.3527391961030293,0.30841896439359845,0.4443472895346101,False,False,0.03799514955537591,2,0,46.665036010742185,False,True,15.496537918352558,50.0,Atencao,Atencao: sinais iniciais de risco,21.410348974669866
1777745955.6408412,2040,True,0.2638254377300864,0.33627300272769733,0.30004922022889186,0.441884279181164,False,False,0.03796445880452343,2,0,45.91402864456177,False,True,15.454767571801323,50.0,Atencao,Atencao: sinais iniciais de risco,21.46694722746554
1777745955.8850102,2041,True,0.26101824565564025,0.33475878766726697,0.2978885166614536,0.46804143305446216,False,False,0.038118410381184104,2,0,46.0448595046997,False,True,15.4328553920839,50.0,Atencao,Atencao: sinais iniciais de risco,19.72834131456376
1777745955.938606,2042,True,0.2708402770283879,0.32823191394891876,0.29953609548865334,0.4674376628647136,False,False,0.038118410381184104,2,0,46.20887250900269,False,True,15.44105604229905,50.0,Atencao,Atencao: sinais iniciais de risco,19.610340508367237
1777745955.9894178,2043,True,0.26255851715905915,0.3344579790374432,0.29850824809825116,0.4652385803476703,False,False,0.038118410381184104,2,0,46.18744058609009,False,True,15.439984446153417,50.0,Atencao,Atencao: sinais iniciais de risco,19.654524034176553
1777745956.0374222,2044,True,0.2725835652629999,0.32688640880947567,0.2997349870362378,0.4870055487499567,False,False,0.038118410381184104,2,0,46.422439861297605,False,True,15.451734409913794,50.0,Atencao,Atencao: sinais iniciais de risco,19.778158658266044
1777745956.0829422,2045,True,0.27998909409833356,0.3283381621707306,0.30416362813453207,0.483723746010979,False,False,0.03814935064935065,2,0,47.006152915954594,False,True,15.485174349519543,50.0,Atencao,Atencao: sinais iniciais de risco,19.986197252036746
1777745956.1341593,2046,True,0.2828612907525847,0.33288239255936636,0.30787184165597553,0.48641964871361226,False,False,0.03814935064935065,2,0,46.74221153259277,False,True,15.47197728035145,50.0,Atencao,Atencao: sinais iniciais de risco,19.94459745639524
1777745956.1829736,2047,True,0.28235992631018136,0.3345448536922167,0.30845239000119906,0.486714378722649,False,False,0.03814935064935065,2,0,47.03423156738281,False,True,15.486578282090953,50.0,Atencao,Atencao: sinais iniciais de risco,20.000658438909667
1777745956.234024,2048,True,0.2799841578944162,0.32467967658734054,0.3023319172408784,0.48680686242216675,False,False,0.03814935064935065,2,0,47.2591028213501,False,True,15.497821844789318,50.0,Atencao,Atencao: sinais iniciais de risco,19.95937204161111
1777745956.2846708,2049,True,0.27143513309029843,0.3272341848505986,0.29933465897044853,0.4780776270753478,False,False,0.038180341186027617,2,0,47.02541332244873,False,True,15.490398568637332,50.0,Atencao,Atencao: sinais iniciais de risco,19.91344058887572
1777745956.3362381,2050,True,0.2785227522893407,0.3233695426261141,0.3009461474577274,0.4851383135905076,False,False,0.038180341186027617,2,0,47.15130720138549,False,True,15.49669326258417,50.0,Atencao,Atencao: sinais iniciais de risco,19.883103860553042
1777745956.380501,2051,True,0.2743971264932253,0.32258882976889214,0.2984929781310587,0.4835890170940036,False,False,0.038180341186027617,2,0,46.99559488296509,False,True,15.488907646663149,50.0,Atencao,Atencao: sinais iniciais de risco,20.149773032499557
1777745956.429409,2052,True,0.27433343191191883,0.320697142347731,0.2975152871298249,0.48550290765523657,False,False,0.038180341186027617,2,0,47.05503091812134,False,True,15.491879448420962,50.0,Atencao,Atencao: sinais iniciais de risco,20.139181326128575
1777745956.4787953,2053,True,0.2759165507897755,0.3296317109067651,0.3027741308482703,0.4859028530712212,False,False,0.038180341186027617,2,0,47.30240955352783,False,True,15.504248380191287,50.0,Atencao,Atencao: sinais iniciais de risco,20.18184384063969
1777745956.5285213,2054,True,0.26800005657239634,0.33164735964415953,0.29982370810827796,0.4907929728714387,False,False,0.038180341186027617,2,0,47.28355340957641,False,True,15.503305572993716,50.0,Atencao,Atencao: sinais iniciais de risco,20.200199048886006
1777745956.576257,2055,True,0.2659886656894551,0.33568974878364133,0.3008392072365482,0.47696442244491033,False,False,0.038180341186027617,2,0,46.72109460830688,False,True,15.475182632930238,50.0,Atencao,Atencao: sinais iniciais de risco,20.26763084614236
1777745956.6263034,2056,True,0.2638358274492053,0.3366326084889624,0.3002342179690839,0.49709262335321475,False,False,0.038180341186027617,2,0,46.81760520935058,False,True,15.480008162982424,50.0,Atencao,Atencao: sinais iniciais de risco,20.21058144310864
1777745956.6717103,2057,True,0.2756845629268269,0.32235598723884046,0.2990202750828337,0.4977224546898722,False,False,0.038180341186027617,2,0,47.14622602462769,False,True,15.496439203746279,50.0,Atencao,Atencao: sinais iniciais de risco,20.406970619521612
1777745956.7249436,2058,True,0.2709915442218584,0.3322259803825445,0.30160876230220146,0.5031374868723228,False,False,0.038180341186027617,2,0,46.68371105194092,False,True,15.473313455111942,50.0,Atencao,Atencao: sinais iniciais de risco,20.222394487927957
1777745956.772878,2059,True,0.2820205521964736,0.3206368922044235,0.30132872220044854,0.49363091105003404,False,False,0.038180341186027617,2,0,47.73568887710571,False,True,15.52591234637018,50.0,Atencao,Atencao: sinais iniciais de risco,20.34109298346417
1777745956.8159878,2060,True,0.2721766909045775,0.3375243958249831,0.30485054336478035,0.5077232293849341,False,False,0.038180341186027617,2,0,46.90200939178467,False,True,15.484228372104129,50.0,Atencao,Atencao: sinais iniciais de risco,20.61971062034929
1777745956.8657954,2061,True,0.2771476215585048,0.3244580937531355,0.30080285765582016,0.48795196271643015,False,False,0.038180341186027617,2,0,47.278104019165035,False,True,15.503033103473147,50.0,Atencao,Atencao: sinais iniciais de risco,20.56940723113673
1777745956.9117935,2062,True,0.26440972019185477,0.3364660377368464,0.3004378789643506,0.49741877275548274,False,False,0.038180341186027617,2,0,46.93497009277344,False,True,15.485876407153567,50.0,Atencao,Atencao: sinais iniciais de risco,20.653885841169004
1777745956.9631104,2063,True,0.27731120749495053,0.3151461371985202,0.29622867234673533,0.4988916751703013,False,False,0.038180341186027617,2,0,47.773858642578126,False,True,15.527820834643801,50.0,Atencao,Atencao: sinais iniciais de risco,20.553836533226185
1777745957.0095532,2064,True,0.2725652551062005,0.3337522126813132,0.30315873389375686,0.4914254281419036,False,False,0.038180341186027617,2,0,46.75945491790771,False,True,15.47710064841028,50.0,Atencao,Atencao: sinais iniciais de risco,20.657734442896672
1777745957.0604014,2065,True,0.27823852636837854,0.3180102481616322,0.29812438726500534,0.4999861313030836,False,False,0.038211382113821135,2,0,47.58519506454467,False,True,15.522655783313738,50.0,Atencao,Atencao: sinais iniciais de risco,20.532224175513992
1777745957.1069918,2066,True,0.27182734302259365,0.3323957310794392,0.30211153705101645,0.4948636727111646,False,False,0.038211382113821135,2,0,47.30053157806397,False,True,15.508422608989704,50.0,Atencao,Atencao: sinais iniciais de risco,20.653869852505853
1777745957.1547213,2067,True,0.27561812372788946,0.32246375233832353,0.2990409380331065,0.5010037464591663,False,False,0.038211382113821135,2,0,47.249908638000484,False,True,15.50589146198653,50.0,Atencao,Atencao: sinais iniciais de risco,20.683855864375207
1777745957.2063267,2068,True,0.275392606075757,0.3343385892976184,0.3048655976866877,0.5066506020950684,False,False,0.038211382113821135,2,0,47.11309967041015,False,True,15.499051013607012,50.0,Atencao,Atencao: sinais iniciais de risco,20.53854350399141
1777745957.2547877,2069,True,0.27557538964495903,0.3358449930297408,0.3057101913373499,0.5139410901638047,False,False,0.038211382113821135,2,0,47.17699460983276,False,True,15.502245760578143,50.0,Atencao,Atencao: sinais iniciais de risco,20.54753583945584
1777745957.306205,2070,True,0.27638163276030275,0.33630129741284986,0.30634146508657634,0.5201476559298154,False,False,0.038211382113821135,2,0,46.95025482177734,False,True,15.490908771175372,50.0,Atencao,Atencao: sinais iniciais de risco,20.461495465754293
1777745957.3555818,2071,True,0.2717829304456008,0.33140414568127785,0.30159353806343936,0.524639358504977,False,False,0.038211382113821135,2,0,46.63413352966309,False,True,15.47510270656966,50.0,Atencao,Atencao: sinais iniciais de risco,20.407215110301177
1777745957.400007,2072,True,0.28557422255575377,0.3233827778161579,0.3044785001859558,0.5275397900121668,False,False,0.038211382113821135,2,0,47.16139316558838,False,True,15.501465688365924,50.0,Atencao,Atencao: sinais iniciais de risco,20.616673049370664
1777745957.4431705,2073,True,0.28296250829707514,0.336119509975505,0.30954100913629007,0.5040247110276806,False,False,0.038211382113821135,2,0,48.18313026428223,False,True,15.552552543300617,50.0,Atencao,Atencao: sinais iniciais de risco,20.8930166576848
1777745957.4882634,2074,True,0.2674949534559681,0.3227346448999203,0.2951147991779442,0.510573945558152,False,False,0.038211382113821135,2,0,46.4044849395752,False,True,15.463620277065264,50.0,Atencao,Atencao: sinais iniciais de risco,21.043426876105926
1777745957.5305119,2075,True,0.27000439981795205,0.329110820554559,0.2995576101862555,0.5298191243929036,False,False,0.038211382113821135,2,0,46.73373575210571,False,True,15.480082817691791,50.0,Atencao,Atencao: sinais iniciais de risco,21.292767467693768
1777745957.571947,2076,True,0.28056747877045013,0.3186312463466171,0.2995993625585336,0.510144423834645,False,False,0.038211382113821135,2,0,45.934678649902345,False,True,15.440129962581622,50.0,Atencao,Atencao: sinais iniciais de risco,21.560411158652048
1777745957.6121047,2077,True,0.27363303872525974,0.315225696864782,0.2944293677950209,0.5246270601274073,False,False,0.038211382113821135,2,0,46.777518844604494,False,True,15.48227197231673,50.0,Atencao,Atencao: sinais iniciais de risco,21.88926807340974
1777745957.6545956,2078,True,0.27525237493681565,0.303840332673737,0.2895463538052763,0.515821488372273,False,False,0.038211382113821135,2,0,46.620745658874505,False,True,15.47443331303023,50.0,Atencao,Atencao: sinais iniciais de risco,22.036287744455514
1777745957.6986468,2079,True,0.2768471840214608,0.3097313201339901,0.29328925207772544,0.512186839240985,False,False,0.038211382113821135,2,0,46.944511032104494,False,True,15.49062158169173,50.0,Atencao,Atencao: sinais iniciais de risco,22.153733163111625
1777745957.7419581,2080,True,0.25428417892820304,0.3102506274169715,0.28226740317258725,0.5109691393924136,False,False,0.038180341186027617,2,0,47.85848512649536,False,True,15.532052158839663,50.0,Atencao,Atencao: sinais iniciais de risco,22.22158997987108
1777745957.789382,2081,True,0.2292890620203187,0.3287892287168443,0.2790391453685815,0.5335920285518829,False,False,0.038180341186027617,2,0,47.04882450103759,False,True,15.491569127566775,50.0,Atencao,Atencao: sinais iniciais de risco,22.12283020511415
1777745957.8360572,2082,True,0.22534422978408933,0.3368070941919671,0.2810756619880282,0.561679900745708,False,False,0.038180341186027617,2,0,47.60880365371703,False,True,15.519568085200746,50.0,Atencao,Atencao: sinais iniciais de risco,22.056999633917034
1777745957.8793395,2083,True,0.22513149796002146,0.33156155462797804,0.27834652629399975,0.5403730850925501,False,False,0.038180341186027617,2,0,47.9662781715393,False,True,15.53744181109186,50.0,Atencao,Atencao: sinais iniciais de risco,22.132212308538875
1777745957.9214823,2084,True,0.23072442874700896,0.3234213129654777,0.2770728708562433,0.5529667965561513,False,False,0.038180341186027617,2,0,48.062217998504636,False,True,15.542238802440128,50.0,Atencao,Atencao: sinais iniciais de risco,22.324317433722936
1777745957.9634304,2085,True,0.23062914603635462,0.3408903787198208,0.2857597623780877,0.5329204538271934,False,False,0.038180341186027617,2,0,47.9101294517517,False,True,15.53463437510248,50.0,Atencao,Atencao: sinais iniciais de risco,22.464145432489182
1777745958.0058405,2086,True,0.23029190441698869,0.3465883749540755,0.2884401396855321,0.5543092562379431,False,False,0.038180341186027617,2,0,47.43713111877441,False,True,15.510984458453615,50.0,Atencao,Atencao: sinais iniciais de risco,22.590632354791143
1777745958.0548203,2087,True,0.17441135122658505,0.23731310290756363,0.20586222706707435,0.5538927140403958,True,False,0.03899268887083672,2,0,46.293441486358645,False,True,15.565497783494077,50.0,Atencao,Atencao: sinais iniciais de risco,22.371369707980403
1777745958.0963476,2088,True,0.23930430545781048,0.2742911912286688,0.25679774834323965,0.5625887017382841,False,False,0.03899268887083672,2,0,46.731077575683585,False,True,15.575180310960903,50.0,Atencao,Atencao: sinais iniciais de risco,22.488470130293468
1777745958.1418006,2089,True,0.2665623480428331,0.3210928916382375,0.2938276198405353,0.5508427693373602,False,False,0.03899268887083672,2,0,47.13301496505737,False,True,15.59527718042959,50.0,Atencao,Atencao: sinais iniciais de risco,22.475164197472523
1777745958.1880615,2090,True,0.2701016159524511,0.32056258189204084,0.295332098922246,0.5580646994506056,False,False,0.03899268887083672,2,0,46.527744674682616,False,True,15.565013665910854,50.0,Atencao,Atencao: sinais iniciais de risco,22.33969616690736
1777745958.2317896,2091,True,0.2679929416290454,0.3091865474150361,0.2885897445220408,0.5749357888543677,False,False,0.03899268887083672,2,0,47.340927791595455,False,True,15.605672821756496,50.0,Atencao,Atencao: sinais iniciais de risco,22.462832872678096
1777745958.2732983,2092,True,0.2652892872682753,0.31090713851573065,0.288098212892003,0.5616133398268006,False,False,0.03899268887083672,2,0,47.12345600128174,False,True,15.59479923224081,50.0,Atencao,Atencao: sinais iniciais de risco,22.62014729210934
1777745958.3164973,2093,True,0.267152087164452,0.31231109466256596,0.289731590913509,0.565293779616932,False,False,0.03899268887083672,2,0,46.674617290496826,False,True,15.572357296701565,50.0,Atencao,Atencao: sinais iniciais de risco,22.64982357794483
1777745958.359769,2094,True,0.26808154806903695,0.3226144131318241,0.29534798060043055,0.5761027943648799,False,False,0.03899268887083672,2,0,46.65779190063476,False,True,15.57151602720846,50.0,Atencao,Atencao: foco visual fora da direcao,22.701194910399394
1777745958.4017515,2095,True,0.2682320455504902,0.32482955086887827,0.2965307982096842,0.5699367799017762,False,False,0.03899268887083672,2,0,46.56821813583374,False,True,15.56703733896841,50.0,Atencao,Atencao: foco visual fora da direcao,22.820458907689808
1777745958.4445457,2096,True,0.2700483652565426,0.31602867479952146,0.293038520028032,0.5725713139093088,False,False,0.03899268887083672,2,0,46.454321670532224,False,True,15.561342515703334,50.0,Atencao,Atencao: foco visual fora da direcao,22.87925890688171
1777745958.4913592,2097,True,0.26530242557180933,0.326911067670472,0.29610674662114067,0.5667268680777909,False,False,0.03899268887083672,2,0,46.64448385238648,False,True,15.570850624796048,50.0,Atencao,Atencao: foco visual fora da direcao,22.73780850222107
1777745958.5302892,2098,True,0.26839814970018755,0.3340506499594074,0.3012243998297975,0.573313820940556,False,False,0.03899268887083672,2,0,47.21827058792114,False,True,15.59953996157278,50.0,Atencao,Atencao: foco visual fora da direcao,23.00340063187025
1777745958.570713,2099,True,0.2678992056598465,0.31884674927659307,0.2933729774682198,0.5791246158220356,False,False,0.03899268887083672,2,0,46.92124662399292,False,True,15.58468876337637,50.0,Atencao,Atencao: foco visual fora da direcao,23.17857770281879
1777745958.6102614,2100,True,0.26612037233320984,0.33106753176904935,0.2985939520511296,0.5582084820838032,False,False,0.03899268887083672,2,0,47.15437049865722,False,True,15.596344957109583,50.0,Atencao,Atencao: foco visual fora da direcao,23.406149485556714
1777745958.6542404,2101,True,0.26719831575503533,0.3342200146919371,0.30070916522348623,0.5465778350501931,False,False,0.03899268887083672,2,0,46.88830823898315,False,True,15.58304184412588,50.0,Atencao,Atencao: foco visual fora da direcao,23.327113256790224
1777745958.6971538,2102,True,0.26317048831987055,0.3384365760818131,0.3008035322008418,0.5573743753361156,False,False,0.03899268887083672,2,0,47.37218475341797,False,True,15.607235669847622,50.0,Atencao,Atencao: foco visual fora da direcao,23.328467380940488
1777745958.7395914,2103,True,0.2668963788672885,0.3270867489653489,0.2969915639163187,0.5687008700874802,False,False,0.03896103896103896,2,0,47.36015472412109,False,True,15.602282305785588,50.0,Atencao,Atencao: foco visual fora da direcao,23.36260780059094
1777745958.7786164,2104,True,0.26139973822034085,0.31801924256232306,0.289709490391332,0.569996352847918,False,False,0.03896103896103896,2,0,47.24351081848145,False,True,15.596450110503605,50.0,Atencao,Atencao: foco visual fora da direcao,23.538379658418513
1777745958.8234081,2105,True,0.2702321880801184,0.33595739143442155,0.30309478975727,0.5617484020850583,False,False,0.03896103896103896,2,0,46.74601039886475,False,True,15.57157508952277,50.0,Atencao,Atencao: foco visual fora da direcao,23.417806165141165
1777745958.8662825,2106,True,0.26487438031737004,0.33634970202746167,0.30061204117241586,0.5684093478287139,False,False,0.03896103896103896,2,0,46.96794967651367,False,True,15.582672053405217,50.0,Atencao,Atencao: foco visual fora da direcao,23.431061322475443
1777745958.9111373,2107,True,0.26734212556371506,0.34232274861455275,0.3048324370891339,0.5597834561121342,False,False,0.03896103896103896,2,0,47.20500717163086,False,True,15.594524928161075,50.0,Atencao,Atencao: foco visual fora da direcao,23.341786138904656
1777745958.9562445,2108,True,0.26802923330583744,0.34046354597276013,0.3042463896392988,0.5614754988393068,False,False,0.03896103896103896,2,0,47.12389373779297,False,True,15.59046925646918,50.0,Atencao,Atencao: foco visual fora da direcao,23.224405979997645
1777745959.0007086,2109,True,0.2820955990221725,0.34591630596161194,0.3140059524918922,0.5812040542292316,False,False,0.03896103896103896,2,0,46.910704898834226,False,True,15.579809814521244,50.0,Atencao,Atencao: foco visual fora da direcao,23.1199291137905
1777745959.0460958,2110,True,0.2660508410239641,0.32857474378324114,0.29731279240360264,0.5809045764251626,False,False,0.03896103896103896,2,0,46.800056266784665,False,True,15.574277382918766,50.0,Atencao,Atencao: foco visual fora da direcao,23.036706056838227
1777745959.091382,2111,True,0.2769517245529824,0.33892502522226714,0.30793837488762477,0.584061798226006,False,False,0.03896103896103896,2,0,46.74585161209106,False,True,15.571567150184086,50.0,Atencao,Atencao: foco visual fora da direcao,22.884456786460326
1777745959.138523,2112,True,0.27093116876170686,0.3338429438730168,0.30238705631736185,0.5637498150137394,False,False,0.03899268887083672,2,0,46.777384948730464,False,True,15.577495679613246,50.0,Atencao,Atencao: foco visual fora da direcao,22.775420053874335
1777745959.1802328,2113,True,0.2727861082599509,0.3336542272063977,0.3032201677331743,0.569602185781321,False,False,0.03899268887083672,2,0,46.54326887130737,False,True,15.565789875742091,50.0,Atencao,Atencao: foco visual fora da direcao,22.895902076158748
1777745959.229292,2114,True,0.2756573237280772,0.341515543611068,0.3085864336695726,0.5661540144046505,False,False,0.03899268887083672,2,0,46.71584520339965,False,True,15.574418692346706,50.0,Atencao,Atencao: foco visual fora da direcao,22.63467240474173
1777745959.271824,2115,True,0.2772851465789426,0.34333914482567024,0.3103121457023064,0.5731790937281017,False,False,0.03899268887083672,2,0,46.72844171524048,False,True,15.575048517938747,50.0,Atencao,Atencao: foco visual fora da direcao,22.740935179974574
1777745959.316278,2116,True,0.2669168817016547,0.3244394261682975,0.2956781539349761,0.5648785322166745,False,False,0.03899268887083672,2,0,46.711866950988764,False,True,15.57421977972616,50.0,Atencao,Atencao: foco visual fora da direcao,22.71046808151668
1777745959.359198,2117,True,0.27730051043725634,0.3388957265579136,0.30809811849758495,0.5904642688882163,False,False,0.03899268887083672,2,0,47.01866788864136,False,True,15.589559826608792,50.0,Atencao,Atencao: foco visual fora da direcao,22.710672234033485
1777745959.4045303,2118,True,0.2698510374339862,0.3404193584734769,0.30513519795373156,0.5570835114922784,False,False,0.03899268887083672,2,0,47.760487937927245,False,True,15.626650829073085,50.0,Atencao,Atencao: foco visual fora da direcao,22.66256821840941
1777745959.4473917,2119,True,0.2896678769290517,0.3342157932242997,0.3119418350766757,0.5970913661874433,False,False,0.03899268887083672,2,0,46.5408055305481,False,True,15.565666708704128,50.0,Atencao,Atencao: foco visual fora da direcao,22.76324813134934
1777745959.494855,2120,True,0.2795221873552788,0.3341538852701293,0.306838036312704,0.5856807170157742,False,False,0.03899268887083672,2,0,47.72542695999146,False,True,15.624897780176296,50.0,Atencao,Atencao: foco visual fora da direcao,22.55471803494664
1777745959.538247,2121,True,0.28145889312236827,0.3333442892965967,0.3074015912094825,0.5824573333197687,False,False,0.03899268887083672,2,0,46.76597633361816,False,True,15.57692524885763,50.0,Atencao,Atencao: foco visual fora da direcao,22.62896694739628
1777745959.5802708,2122,True,0.27657919707872863,0.32997719472307413,0.3032781959009014,0.5725363011495034,False,False,0.03899268887083672,2,0,47.10665979385376,False,True,15.59395942186941,50.0,Atencao,Atencao: foco visual fora da direcao,22.735923819393296
1777745959.6262665,2123,True,0.28438745033625823,0.3461823705637171,0.31528491044998763,0.5919363219074131,False,False,0.03899268887083672,2,0,46.678841018676756,False,True,15.572568483110562,50.0,Atencao,Atencao: foco visual fora da direcao,22.65484269462374
1777745959.6701329,2124,True,0.2829395065783434,0.3453209265656836,0.31413021657201345,0.602669337752677,False,False,0.03899268887083672,2,0,46.64384698867797,False,True,15.570818781610622,50.0,Atencao,Atencao: foco visual fora da direcao,22.668830864447973
1777745959.7128356,2125,True,0.28392771582678705,0.3447500181950685,0.3143388670109278,0.6058774316440338,False,False,0.038180341186027617,2,0,46.49793739318847,False,True,15.451825495174894,50.0,Atencao,Atencao: foco visual fora da direcao,22.76816202289769
1777745959.7593765,2126,True,0.28007643710259406,0.33927621043748635,0.3096763237700402,0.6101742166543863,False,False,0.038180341186027617,2,0,46.89633169174194,False,True,15.483718742352622,50.0,Atencao,Atencao: foco visual fora da direcao,22.612430035554564
1777745959.8046346,2127,True,0.28317659068393475,0.3409336455802654,0.3120551181321001,0.5939830879378509,False,False,0.03736799350121852,2,0,46.77516708374023,False,True,15.365962705291285,50.0,Atencao,Atencao: foco visual fora da direcao,22.572668758352133
1777745959.8491025,2128,True,0.28674208565589177,0.33551901839753107,0.3111305520267114,0.5936606225337416,False,False,0.037337662337662336,2,0,47.33399267196655,False,True,15.401786140487307,50.0,Atencao,Atencao: foco visual fora da direcao,22.562688848084203
1777745959.893088,2129,True,0.28723580441747865,0.3355528666821967,0.31139433554983764,0.6067720767214568,False,False,0.0373073803730738,2,0,47.267837810516355,False,True,15.394314627283872,50.0,Atencao,Atencao: foco visual fora da direcao,22.57294519681142
1777745959.9363725,2130,True,0.28490302784932087,0.3281568620563402,0.30652994495283054,0.6057810459872934,False,False,0.03727714748784441,2,0,47.08915548324585,False,True,15.381223489201307,50.0,Atencao,Atencao: foco visual fora da direcao,22.651853647989896
1777745959.980511,2131,True,0.28003892612374665,0.3298943833442262,0.30496665473398643,0.6017489427515889,False,False,0.03724696356275304,2,0,47.15486316680908,False,True,15.380358583679406,50.0,Atencao,Atencao: foco visual fora da direcao,22.642390485614428
1777745960.0283475,2132,True,0.27868113587948695,0.3328523576606941,0.3057667467700905,0.5940782055631117,False,False,0.0372168284789644,2,0,46.81417284011841,False,True,15.359180493323933,50.0,Atencao,Atencao: foco visual fora da direcao,22.468321368809548
1777745960.0778182,2133,True,0.27955723178281994,0.3296868164901968,0.3046220241365084,0.6011813919874569,False,False,0.037186742118027485,2,0,47.01559257507324,False,True,15.36511460544285,50.0,Atencao,Atencao: foco visual fora da direcao,22.2155787501626
1777745960.1290958,2134,True,0.28266537848119283,0.332011076489201,0.3073382274851969,0.5995260799438777,False,False,0.03715670436187399,2,0,47.2806360244751,False,True,15.374236586441837,50.0,Atencao,Atencao: foco visual fora da direcao,21.97449341522725
1777745960.1789443,2135,True,0.27910952733415556,0.33083741981754433,0.3049734735758499,0.6010395279531618,False,False,0.03712671509281679,2,0,47.36261978149414,False,True,15.374212249797425,50.0,Atencao,Atencao: foco visual fora da direcao,21.7370789619523
1777745960.2306993,2136,True,0.2884967245946446,0.33628942973940185,0.31239307716702325,0.5962449744143163,False,False,0.037096774193548385,2,0,47.31945724487304,False,True,15.367937249316963,50.0,Atencao,Atencao: foco visual fora da direcao,21.497195591333426
1777745960.2810802,2137,True,0.28654012700611314,0.3313635389948443,0.3089518330004787,0.5998340420943992,False,False,0.037066881547139406,2,0,47.31330490112305,False,True,15.36351939324823,50.0,Atencao,Atencao: foco visual fora da direcao,21.353973070495638
1777745960.3304842,2138,True,0.285307163778621,0.327474843651851,0.306391003715236,0.6002420824945468,False,False,0.037037037037037035,2,0,47.399860858917236,False,True,15.363743570998864,50.0,Atencao,Atencao: foco visual fora da direcao,21.27481810173812
1777745960.3733163,2139,True,0.2818426355524477,0.3292799522759426,0.3055612939141952,0.6020367544972526,False,False,0.03700724054706356,2,0,47.312012290954584,False,True,15.355254125229377,50.0,Atencao,Atencao: foco visual fora da direcao,21.479583575045364
1777745960.4161923,2140,True,0.28563809861453054,0.3357626252047923,0.31070036190966144,0.5984161048212924,False,False,0.03697749196141479,2,0,47.22385129928588,False,True,15.346755645119236,50.0,Atencao,Atencao: foco visual fora da direcao,21.625103254580697
1777745960.4637403,2141,True,0.28282223235551907,0.3347566525353745,0.3087894424454468,0.6057544345563616,False,False,0.036947791164658635,2,0,47.80794115066528,False,True,15.371876278134236,50.0,Atencao,Atencao: foco visual fora da direcao,21.597000865936486
1777745960.5055935,2142,True,0.2899936409868234,0.3366088840954414,0.3133012625411324,0.6030786035935619,False,False,0.03691813804173355,2,0,47.33144607543945,False,True,15.343974219970745,50.0,Atencao,Atencao: foco visual fora da direcao,21.804147878603665
1777745960.5478263,2143,True,0.2851015162201526,0.34018048781722726,0.31264100201868994,0.5961383818887028,False,False,0.03688853247794707,2,0,47.133460426330565,False,True,15.33000417249466,50.0,Atencao,Atencao: foco visual fora da direcao,21.971514672253814
1777745960.5910566,2144,True,0.2895620628068385,0.33682634737084954,0.313194205088844,0.5960233508799165,False,False,0.03685897435897436,2,0,46.77027473449707,False,True,15.307780646544238,50.0,Atencao,Atencao: foco visual fora da direcao,22.121736963696687
1777745960.635878,2145,True,0.28064567677577257,0.3397908435538107,0.3102182601647916,0.6000035195807613,False,False,0.03682946357085669,2,0,47.49110145568848,False,True,15.339764249237625,50.0,Atencao,Atencao: foco visual fora da direcao,22.148142039289436
1777745960.682643,2146,True,0.28935040342131896,0.33394785898527835,0.3116491312032986,0.593587392865099,False,False,0.0368,2,0,46.6946759223938,False,True,15.295891731580097,50.0,Atencao,Atencao: foco visual fora da direcao,22.056100514797233
1777745960.9233105,2147,True,0.28141480604749436,0.32854222042731185,0.3049785132374031,0.5891225694168062,False,False,0.03677058353317346,2,0,47.275482749938966,False,True,15.320887308768707,50.0,Atencao,Atencao: foco visual fora da direcao,20.266408650612924
1777745960.9684544,2148,True,0.29232525137594223,0.33942368183826344,0.31587446660710283,0.5892521605995021,False,False,0.036741214057507986,2,0,46.843299484252924,False,True,15.295239842580402,50.0,Atencao,Atencao: foco visual fora da direcao,20.43891847220966
1777745961.0143714,2149,True,0.2879326249346008,0.3352686258047197,0.31160062536966027,0.5955505966410489,False,False,0.03671189146049481,2,0,47.129963684082036,False,True,15.305541195482547,50.0,Atencao,Atencao: foco visual fora da direcao,20.579486810771403
1777745961.0651906,2150,True,0.28954023016090197,0.3390573963631636,0.3142988132620328,0.6079763126928152,False,False,0.03668261562998405,2,0,47.442909240722656,False,True,15.31716304661935,50.0,Atencao,Atencao: foco visual fora da direcao,20.49498344989524
1777745961.1235332,2151,True,0.286310014211318,0.3426410818000896,0.3144755480057038,0.6067989598754742,False,False,0.036653386454183264,2,0,47.454801082611084,False,True,15.313738627041161,50.0,Atencao,Atencao: foco visual fora da direcao,20.15215905343668
1777745961.1754613,2152,True,0.28618287497537354,0.3356074386837636,0.3108951568295686,0.6029775906515104,False,False,0.03662420382165605,2,0,47.52748250961304,False,True,15.313360086418767,50.0,Atencao,Atencao: foco visual fora da direcao,20.077989683933083
1777745961.2242095,2153,True,0.2850737086062682,0.3362469854035851,0.3106603470049266,0.5998713881477372,False,False,0.03659506762132061,2,0,47.849765586853025,False,True,15.325468012734643,50.0,Atencao,Atencao: foco visual fora da direcao,20.119786841337433
1777745961.2749846,2154,True,0.27518904879703254,0.33052325105661423,0.3028561499268234,0.5943208212050421,False,False,0.03656597774244833,2,0,47.640355014801024,False,True,15.310997625787104,50.0,Atencao,Atencao: foco visual fora da direcao,20.074678198292865
1777745961.3284848,2155,True,0.2896481943981881,0.3398488720733321,0.31474853323576013,0.601271893606771,False,False,0.03653693407466243,2,0,47.535020160675046,False,True,15.301737378760244,50.0,Atencao,Atencao: foco visual fora da direcao,19.90563154301543
1777745961.3846896,2156,True,0.28596468860415203,0.328384050033201,0.3071743693186765,0.6088833534138413,False,False,0.03650793650793651,2,0,47.51260290145874,False,True,15.296629350374616,50.0,Atencao,Atencao: foco visual fora da direcao,19.722242871974103
1777745961.4303434,2157,True,0.2769886700060338,0.3307741527446384,0.3038814113753361,0.6070432842755173,False,False,0.03647898493259318,2,0,47.73346586227417,False,True,15.303691656805679,50.0,Atencao,Atencao: foco visual fora da direcao,19.939332978511985
1777745961.4705634,2158,True,0.2790090096335125,0.33661234562041153,0.307810677626962,0.6090203887668274,False,False,0.03645007923930269,2,0,47.47618923187255,False,True,15.286853292458156,50.0,Atencao,Atencao: foco visual fora da direcao,20.40534561161119
1777745961.5193806,2159,True,0.28060492158658973,0.33514690713355655,0.3078759143600731,0.5906701978155444,False,False,0.03642121931908155,2,0,47.14246320724487,False,True,15.266198752196367,50.0,Atencao,Atencao: foco visual fora da direcao,20.425940011217865
1777745961.5693977,2160,True,0.27995621007074667,0.3274731945945937,0.3037147023326702,0.5962600136827042,False,False,0.03639240506329114,2,0,47.59050540924072,False,True,15.284638902124977,50.0,Atencao,Atencao: foco visual fora da direcao,20.38793652278654
1777745961.6142595,2161,True,0.28575396290845656,0.330490643973037,0.30812230344074676,0.6017131816688234,False,False,0.03636363636363636,2,0,47.331801414489746,False,True,15.267748006184895,50.0,Atencao,Atencao: foco visual fora da direcao,20.57920002676283
1777745961.6706147,2162,True,0.28523767306894443,0.3215956236535924,0.3034166483612684,0.6216399185791811,False,False,0.036334913112164295,2,0,47.982951641082764,False,True,15.296356070437138,50.0,Atencao,Atencao: foco visual fora da direcao,20.29757045548257
1777745961.725349,2163,True,0.2931162200616307,0.32543083269128437,0.30927352637645755,0.6126313759113627,False,False,0.035545023696682464,2,0,47.46754522323608,False,True,15.161975954916052,50.0,Atencao,Atencao: foco visual fora da direcao,20.097880682909942
1777745961.784555,2164,True,0.2909404638745818,0.341993286190173,0.31646687503237736,0.6087621186420968,False,False,0.03475513428120063,2,0,47.29796524047851,False,True,15.044887161149422,50.0,Atencao,Atencao: foco visual fora da direcao,19.76688294500304
1777745961.8392591,2165,True,0.2865905767889972,0.34139808229427604,0.31399432954163664,0.6356484575836475,False,False,0.0339652448657188,2,0,46.86764364242554,False,True,14.91476128661802,50.0,Atencao,Atencao: foco visual fora da direcao,19.624498331180895
1777745961.8936417,2166,True,0.28959033062861955,0.32783518928092475,0.30871275995477215,0.6249948329175321,False,False,0.0339652448657188,2,0,47.36487455368042,False,True,14.930236556851924,50.0,Atencao,Atencao: foco visual fora da direcao,19.49516521759253
1777745961.9385183,2167,True,0.2907554787724812,0.32663326540256155,0.3086943720875214,0.6390485685920777,False,False,0.0339652448657188,2,0,47.602238464355466,False,True,14.942104752385676,50.0,Atencao,Atencao: foco visual fora da direcao,19.76632138249817
1777745961.9925828,2168,True,0.28997138593698224,0.3376352470345706,0.3138033164857764,0.6092938312279346,False,False,0.0339652448657188,2,0,48.13636798858643,False,True,14.968811228597223,50.0,Atencao,Atencao: foco visual fora da direcao,19.6487743149679
1777745962.040315,2169,True,0.2894161088790925,0.32686154779529303,0.30813882833719275,0.6357045001490995,False,False,0.0339652448657188,2,0,47.6095666885376,False,True,14.942471163594782,50.0,Atencao,Atencao: foco visual fora da direcao,19.743769128502294
1777745962.0961256,2170,True,0.297101219057566,0.3344160810927676,0.3157586500751668,0.6531881842625145,False,True,0.0339652448657188,2,0,47.534585857391356,False,True,14.93872212203747,50.0,Atencao,Atencao: foco visual fora da direcao,19.56430220958119
1777745962.1476984,2171,True,0.28522055967959653,0.3300419409369539,0.3076312503082752,0.6515959716033621,False,True,0.03399209486166008,2,0,47.93486585617065,False,True,14.962427996418363,50.0,Atencao,Atencao: foco visual fora da direcao,19.54168155549205
1777745962.2056308,2172,True,0.2904638212375795,0.32606434872756235,0.30826408498257096,0.6349250702341962,False,False,0.03399209486166008,2,0,48.26852922439575,False,True,14.979111164829616,50.0,Atencao,Atencao: foco visual fora da direcao,19.315724546831888
1777745962.2587113,2173,True,0.29539052416360345,0.3211582259750899,0.3082743750693467,0.6358152881471104,False,False,0.03399209486166008,2,0,47.698018646240236,False,True,14.95058563592184,50.0,Atencao,Atencao: foco visual fora da direcao,19.28745298665453
1777745962.3157575,2174,True,0.2799467174560936,0.32891542541449575,0.3044310714352947,0.6835077088766988,False,True,0.03401898734177215,2,0,48.026186275482175,False,True,14.970691733399347,50.0,Atencao,Atencao: foco visual fora da direcao,19.109061695860234
1777745962.3739479,2175,True,0.2757201467054578,0.3123995716279196,0.2940598591666887,0.6300985335658762,False,False,0.03401898734177215,2,0,47.91244087219238,False,True,14.965004463234857,50.0,Atencao,Atencao: foco visual fora da direcao,18.92723923359704
1777745962.4172,2176,True,0.28787566742918397,0.31996253675680414,0.30391910209299405,0.6475256975969057,False,False,0.03401898734177215,2,0,47.738401126861575,False,True,14.956302475968318,50.0,Atencao,Atencao: foco visual fora da direcao,19.336292050896464
1777745962.4610617,2177,True,0.27671832755098924,0.3329358432715427,0.30482708541126596,0.6495522753417962,False,False,0.03401898734177215,2,0,47.61795663833618,False,True,14.950280251542047,50.0,Atencao,Atencao: foco visual fora da direcao,19.668263773770267
1777745962.519997,2178,True,0.27883821033054274,0.32688986933809067,0.3028640398343167,0.6461061474478931,False,False,0.03401898734177215,2,0,47.8403018951416,False,True,14.96139751438232,50.0,Atencao,Atencao: foco visual fora da direcao,19.405493903345217
1777745962.5679712,2179,True,0.2797847669482316,0.3209909547501332,0.3003878608491824,0.6490363151970875,False,False,0.03401898734177215,2,0,47.784223556518555,False,True,14.958593597451166,50.0,Atencao,Atencao: foco visual fora da direcao,19.53661177128275
1777745962.6104162,2180,True,0.27900379168489603,0.3358055053680093,0.30740464852645266,0.6577457947787297,False,True,0.03401898734177215,2,0,47.97795286178589,False,True,14.968280062714534,50.0,Atencao,Atencao: foco visual fora da direcao,19.96557080784973
1777745962.6504414,2181,True,0.27907672316133186,0.32429842778131507,0.30168757547132347,0.6515111112396007,False,True,0.03401898734177215,2,0,47.57451000213623,False,True,14.948107919732049,50.0,Atencao,Atencao: foco visual fora da direcao,20.469345021155245
1777745962.6937325,2182,True,0.2866626430126592,0.32804722299080896,0.3073549330017341,0.6551621398175849,False,True,0.03401898734177215,2,0,47.60841226577759,False,True,14.949803032914119,50.0,Atencao,Atencao: foco visual fora da direcao,20.741310246569764
1777745962.7478662,2183,True,0.285605515005924,0.3274680207619607,0.30653676788394235,0.633426832047371,False,False,0.03401898734177215,2,0,47.12973194122314,False,True,14.925869016686395,50.0,Atencao,Atencao: foco visual fora da direcao,20.506154839869073
1777745962.79483,2184,True,0.28516225807704343,0.3256117378437529,0.30538699796039814,0.6390359903282686,False,False,0.03401898734177215,2,0,47.26348533630371,False,True,14.932556686440424,50.0,Atencao,Atencao: foco visual fora da direcao,20.551417391052794
1777745962.8376582,2185,True,0.2833807383133402,0.3348318308033141,0.3091062845583271,0.6440470527682446,False,False,0.03401898734177215,2,0,48.17422704696655,False,True,14.978093771973565,50.0,Atencao,Atencao: foco visual fora da direcao,20.864855025498972
1777745962.8809252,2186,True,0.2897975926543685,0.32515863093405684,0.3074781117942127,0.6295974737594981,False,False,0.03401898734177215,2,0,47.75970344543457,False,True,14.957367591896967,50.0,Atencao,Atencao: foco visual fora da direcao,21.099319814992974
1777745962.9259608,2187,True,0.2854968805427857,0.32164151294547033,0.303569196744128,0.638126723317613,False,False,0.03401898734177215,2,0,47.77932777404785,False,True,14.958348808327631,50.0,Atencao,Atencao: foco visual fora da direcao,21.20979918540601
1777745962.967853,2188,True,0.28412211318127056,0.32830433732808784,0.3062132252546792,0.6508010519986419,False,True,0.03401898734177215,2,0,47.55372438430786,False,True,14.947068638840632,50.0,Atencao,Atencao: foco visual fora da direcao,21.453724080896798
1777745963.0129104,2189,True,0.28649656496534254,0.33075402802308357,0.30862529649421305,0.6569642734174567,False,True,0.03401898734177215,2,0,47.566727733612055,False,True,14.947718806305842,50.0,Atencao,Atencao: foco visual fora da direcao,21.561441221638685
1777745963.0557017,2190,True,0.2853083959854321,0.32445499839121483,0.3048816971883235,0.6422592872023252,False,False,0.03401898734177215,2,0,47.34539442062378,False,True,14.936652140656427,50.0,Atencao,Atencao: foco visual fora da direcao,21.716415194394955
1777745963.100949,2191,True,0.2866358160174934,0.3398680595434331,0.31325193778046323,0.6509569186265967,False,True,0.03401898734177215,2,0,47.35498342514038,False,True,14.937131590882258,50.0,Atencao,Atencao: foco visual fora da direcao,21.743402170806508
1777745963.1442847,2192,True,0.2895255731536053,0.32841592065762626,0.30897074690561577,0.6317907194627417,False,False,0.03401898734177215,2,0,47.31671409606933,False,True,14.935218124428705,50.0,Atencao,Atencao: foco visual fora da direcao,21.853043022441682
1777745963.1886759,2193,True,0.27739145568478146,0.33439206486556783,0.3058917602751746,0.638922602214389,False,False,0.03401898734177215,2,0,47.084058856964106,False,True,14.923585362473444,50.0,Atencao,Atencao: foco visual fora da direcao,21.904624977067467
1777745963.235695,2194,True,0.27876141065224225,0.3464584412798877,0.31260992596606496,0.6465055700817006,False,False,0.03401898734177215,2,0,47.04977893829346,False,True,14.92187136653991,50.0,Atencao,Atencao: foco visual fora da direcao,21.894849873310026
1777745963.2805703,2195,True,0.28612078101155386,0.3208918672184088,0.30350632411498135,0.6587189725560691,False,True,0.03401898734177215,2,0,47.07254638671875,False,True,14.923009738961177,50.0,Atencao,Atencao: foco visual fora da direcao,21.924258768668548
1777745963.3297796,2196,True,0.2785445974659338,0.34261234455937334,0.31057847101265357,0.6943881582693743,False,True,0.03322784810126582,2,0,46.96937189102173,False,True,14.809069368606703,50.0,Atencao,Atencao: foco visual fora da direcao,21.77493415652157
1777745963.373415,2197,True,0.2851130432385286,0.3234270636944515,0.30427005346649005,0.6891439068566454,False,True,0.03243670886075949,2,0,48.03314542770386,False,True,14.75347639987119,50.0,Atencao,Atencao: foco visual fora da direcao,21.882549147270918
1777745963.4140997,2198,True,0.28530170617750644,0.3333966622104281,0.3093491841939673,0.7072108124508989,False,True,0.03164556962025317,2,0,47.28145141601562,False,True,14.60711005371716,50.0,Atencao,Atencao: foco visual fora da direcao,22.10957814857451
1777745963.4549277,2199,True,0.2814227899842782,0.3354955318881491,0.30845916093621367,0.6874331795725402,False,True,0.030854430379746837,2,0,48.12713861465454,False,True,14.540612768079484,50.0,Atencao,Atencao: foco visual fora da direcao,22.32350351245722
1777745963.4968688,2200,True,0.28006805710539123,0.32443708371172336,0.3022525704085573,0.6933979155942943,False,True,0.030854430379746837,2,0,47.288358211517334,False,True,14.486685949130148,50.0,Atencao,Atencao: foco visual fora da direcao,22.509322317958723
1777745963.5369637,2201,True,0.28562376239264176,0.3374109167508222,0.311517339571732,0.6869085256763531,False,True,0.030854430379746837,2,0,47.67222394943237,False,True,14.505879236025901,50.0,Atencao,Atencao: foco visual fora da direcao,22.774138672740687
1777745963.578677,2202,True,0.2782419641278417,0.3350314863253362,0.3066367252265889,0.6879333281345668,False,True,0.030854430379746837,2,0,47.48346681594848,False,True,14.496441379351705,50.0,Atencao,Atencao: foco visual fora da direcao,22.890426497546127
1777745963.6212926,2203,True,0.2832876250884518,0.33537280688419235,0.30933021598632204,0.6850127575537027,False,True,0.030854430379746837,2,0,47.46961460113525,False,True,14.495748768611044,50.0,Atencao,Atencao: foco visual fora da direcao,22.947496456946837
1777745963.6641204,2204,True,0.28746162755317173,0.3337718883049154,0.31061675792904353,0.6885845248819881,False,True,0.030854430379746837,2,0,47.61064043045044,False,True,14.502800060076805,50.0,Atencao,Atencao: foco visual fora da direcao,22.99563287028922
1777745963.704967,2205,True,0.28047225577594737,0.3346854984954344,0.3075788771356909,0.6838711004209482,False,True,0.030854430379746837,2,0,47.60801486968994,False,True,14.502668782038779,50.0,Atencao,Atencao: foco visual fora da direcao,23.16490668802275
1777745963.7454386,2206,True,0.2791070698603414,0.3388311658742453,0.3089691178672933,0.682975962620685,False,True,0.030854430379746837,2,0,47.46866617202758,False,True,14.495701347155661,50.0,Atencao,Atencao: foco visual fora da direcao,23.298753799357886
1777745963.7897506,2207,True,0.28367730294628296,0.330877845911883,0.307277574429083,0.6868805539484897,False,True,0.0308300395256917,2,0,48.050288391113284,False,True,14.521428715677366,50.0,Atencao,Atencao: foco visual fora da direcao,23.237856719941004
1777745963.8296566,2208,True,0.2709139948942595,0.32686044901120886,0.2988872219527342,0.6859920144311162,False,True,0.0308300395256917,2,0,47.82384042739868,False,True,14.510106317491635,50.0,Atencao,Atencao: foco visual fora da direcao,23.410663200448727
1777745963.872562,2209,True,0.27503215898825656,0.3406639752281596,0.3078480671082081,0.6800560297276227,False,True,0.0308300395256917,2,0,46.90303678512573,False,True,14.464066135377987,50.0,Atencao,Atencao: foco visual fora da direcao,23.41186283527311
1777745963.9149802,2210,True,0.28368306021085704,0.3196068435684992,0.3016449518896781,0.6874505316845902,False,True,0.030805687203791468,2,0,46.8734938621521,False,True,14.459240544968024,50.0,Atencao,Atencao: foco visual fora da direcao,23.418237669147487
1777745963.9606836,2211,True,0.2827248501997713,0.3331157538268527,0.307920302013312,0.6848540836714953,False,True,0.030805687203791468,2,0,47.66218690872193,False,True,14.498675197296516,50.0,Atencao,Atencao: foco visual fora da direcao,23.253090378740588
1777745964.0075734,2212,True,0.2811318154379282,0.3214959020125437,0.301313858725236,0.7010915606188156,False,True,0.030805687203791468,2,0,47.520200634002684,False,True,14.491575883560554,50.0,Atencao,Atencao: foco visual fora da direcao,23.028017198293497
1777745964.0666695,2213,True,0.28527754428678787,0.33346990304246305,0.30937372366462546,0.6964059757053136,False,True,0.0308300395256917,2,0,47.7725531578064,False,True,14.507541954012021,50.0,Atencao,Atencao: foco visual fora da direcao,22.42805615690998
1777745964.117792,2214,True,0.27893224640015196,0.328884278061416,0.303908262230784,0.6982390851383437,False,True,0.0308300395256917,2,0,47.56188344955444,False,True,14.497008468599423,50.0,Atencao,Atencao: foco visual fora da direcao,22.153432906164525
1777745964.173512,2215,True,0.2826524780179006,0.3347795128815304,0.3087159954497155,0.7124224616389161,False,True,0.0308300395256917,2,0,47.78808250427245,False,True,14.508318421335325,50.0,Atencao,Atencao: foco visual fora da direcao,21.744386003074986
1777745964.2244503,2216,True,0.2823734051196615,0.3369859306517135,0.3096796678856875,0.7371446501020795,False,True,0.030854430379746837,2,0,47.46926183700561,False,True,14.495731130404561,50.0,Atencao,Atencao: foco visual fora da direcao,21.536484802154582
1777745964.2745843,2217,True,0.27993412198255646,0.3284847522314515,0.304209437107004,0.7484148817482628,False,True,0.030854430379746837,2,0,48.479180908203126,False,True,14.546227083964439,50.0,Atencao,Atencao: foco visual fora da direcao,21.379900638753522
1777745964.3244195,2218,True,0.282469173697647,0.33853246973461304,0.31050082171613,0.7621361969308921,False,True,0.030854430379746837,2,0,46.88649291992187,False,True,14.466592684550374,50.0,Atencao,Atencao: foco visual fora da direcao,21.253853465596602
1777745964.3742702,2219,True,0.2775931280485097,0.3354656134423158,0.30652937074541275,0.7574977937757766,False,True,0.030854430379746837,2,0,47.46303653717041,False,True,14.495419865412803,50.0,Atencao,Atencao: foco visual fora da direcao,21.132415896357436
1777745964.4207706,2220,True,0.2950444619827528,0.35125162474151234,0.32314804336213254,0.7704790403546724,False,True,0.030854430379746837,2,0,47.136883354187006,False,True,14.479112206263633,50.0,Atencao,Atencao: foco visual fora da direcao,21.158600727734594
1777745964.4641597,2221,True,0.2802827588709778,0.33284851324682196,0.30656563605889986,0.7554951803855628,False,True,0.030854430379746837,2,0,47.981782627105716,False,True,14.521357169909567,50.0,Atencao,Atencao: foco visual fora da direcao,21.338024305074683
1777745964.5055363,2222,True,0.2942795527014421,0.33201236634485737,0.3131459595231497,0.7608257822550469,False,True,0.030854430379746837,2,0,47.46980085372925,False,True,14.495758081240744,50.0,Atencao,Atencao: foco visual fora da direcao,21.64440088638312
1777745964.5510333,2223,True,0.2806121420475796,0.33277142513758406,0.30669178359258187,0.7646437347990923,False,True,0.030854430379746837,2,0,48.329707622528076,False,True,14.538753419680685,50.0,Atencao,Atencao: foco visual fora da direcao,21.626887900515616
1777745964.5948672,2224,True,0.2906425613097961,0.34767581690723415,0.31915918910851515,0.7530237931129025,False,True,0.030854430379746837,2,0,47.02045831680298,False,True,14.47329095439443,50.0,Atencao,Atencao: foco visual fora da direcao,21.754934689620093
1777745964.6404018,2225,True,0.2749652448765858,0.3347031634253682,0.304834204150977,0.7488208659566647,False,True,0.030878859857482184,2,0,46.968975353240964,False,True,14.474075859404941,50.0,Atencao,Atencao: foco visual fora da direcao,21.817549034970316
1777745964.6834025,2226,True,0.28622227011357826,0.34817558033736246,0.31719892522547033,0.7642237716432022,False,True,0.030878859857482184,2,0,47.38847455978393,False,True,14.49505081973209,50.0,Atencao,Atencao: foco visual fora da direcao,21.928888249898225
1777745964.7303889,2227,True,0.2865487616712507,0.3373528692247314,0.3119508154479911,0.7583774358783684,False,True,0.030878859857482184,2,0,47.69597158432007,False,True,14.510425670958895,50.0,Atencao,Atencao: foco visual fora da direcao,21.89165500152519
1777745964.772892,2228,True,0.28883710586958483,0.33114089746487957,0.3099890016672322,0.7427353296095482,False,True,0.030854430379746837,2,0,47.589622211456295,False,True,14.501749149127097,50.0,Atencao,Atencao: foco visual fora da direcao,22.04031457713198
1777745964.8119557,2229,True,0.2865686634852833,0.33619841554753815,0.31138353951641073,0.7391742415694995,False,True,0.030854430379746837,3,0,47.86817798614502,False,True,18.26567693786153,50.0,Atencao,Atencao: bocejo detectado,22.363015951760325
1777745964.8559227,2230,True,0.2882915544524428,0.3413298496058651,0.31481070202915395,0.7400215688377847,False,True,0.030854430379746837,3,0,47.38256254196167,False,True,18.241396165652365,50.0,Atencao,Atencao: foco visual fora da direcao,22.41283622462239
1777745964.9020875,2231,True,0.2791908895403806,0.3403618092317294,0.309776349386055,0.7487933304374711,False,True,0.030854430379746837,3,0,47.940427684783934,False,True,18.269289422793477,50.0,Atencao,Atencao: foco visual fora da direcao,22.346193678967982
1777745964.9446785,2232,True,0.29015389209147646,0.33461202344787566,0.31238295776967606,0.7456203903213553,False,True,0.030854430379746837,3,0,47.739105796813966,False,True,18.25922332839498,50.0,Atencao,Atencao: foco visual fora da direcao,22.461949431744642
1777745964.9887884,2233,True,0.27659368485316993,0.32581437610100017,0.30120403047708505,0.7523892639005199,False,True,0.030854430379746837,3,0,48.5791410446167,False,True,18.301225090785117,50.0,Atencao,Atencao: foco visual fora da direcao,22.477404814530843
1777745965.0357819,2234,True,0.28394210988295615,0.34315258636277496,0.31354734812286555,0.746013197502197,False,True,0.030854430379746837,3,0,46.622491455078126,False,True,18.20339261130819,50.0,Atencao,Atencao: foco visual fora da direcao,22.326575162735296
1777745965.0815609,2235,True,0.27382303065415603,0.3477795192667446,0.3108012749604503,0.7301711136696349,False,True,0.030854430379746837,3,0,46.92971725463867,False,True,18.218753901286213,50.0,Atencao,Atencao: foco visual fora da direcao,22.272861208451303
1777745965.1297255,2236,True,0.2919591565128673,0.34007531143229347,0.3160172339725804,0.7487675929678018,False,True,0.030854430379746837,3,0,47.20567665100097,False,True,18.23255187110433,50.0,Atencao,Atencao: foco visual fora da direcao,22.152514926523658
1777745965.1755471,2237,True,0.2796183887648478,0.3278446958768453,0.30373154232084654,0.7334788654334307,False,True,0.030878859857482184,3,0,47.87124042510986,False,True,18.269189112998387,50.0,Atencao,Atencao: foco visual fora da direcao,22.132585641727022
1777745965.2220187,2238,True,0.2867910064047061,0.3368314027215411,0.3118112045631236,0.7393328750295303,False,True,0.030878859857482184,3,0,47.34205560684204,False,True,18.242729872084993,50.0,Atencao,Atencao: foco visual fora da direcao,22.066480058627352
1777745965.263385,2239,True,0.27628731878431995,0.3171899478720282,0.2967386333281741,0.7231366450619509,False,True,0.030878859857482184,3,0,47.948056316375734,False,True,18.27302990756168,50.0,Atencao,Atencao: foco visual fora da direcao,22.30657861550565
1777745965.3040857,2240,True,0.28404627349874045,0.33462907795393015,0.3093376757263353,0.7101289975237493,False,True,0.030878859857482184,3,0,47.699399662017825,False,True,18.260597074843783,50.0,Atencao,Atencao: foco visual fora da direcao,22.486256271664367
1777745965.3436124,2241,True,0.2800474959039574,0.3267392539125145,0.3033933749082359,0.7144917244947088,False,True,0.030878859857482184,3,0,48.19158115386963,False,True,18.285206149436373,50.0,Atencao,Atencao: foco visual fora da direcao,22.790846034105716
1777745965.3841398,2242,True,0.29184645213773974,0.34141245525843866,0.3166294536980892,0.7242799807848794,False,True,0.030878859857482184,3,0,46.96007041931152,False,True,18.22363061270847,50.0,Atencao,Atencao: foco visual fora da direcao,23.002421458265104
1777745965.426392,2243,True,0.27459317653355436,0.33668423391721736,0.30563870522538583,0.716547053223591,False,True,0.030878859857482184,3,0,47.604780769348146,False,True,18.2558661302103,50.0,Atencao,Atencao: foco visual fora da direcao,23.040441701039722
1777745965.4692516,2244,True,0.28564064024190716,0.3262995881573052,0.3059701141996062,0.7263158214958393,False,True,0.030878859857482184,3,0,47.45966939926147,False,True,18.248610561705966,50.0,Atencao,Atencao: foco visual fora da direcao,23.069656979058674
1777745965.5112178,2245,True,0.2866207491788356,0.3256668152329582,0.3061437822058969,0.7209897845555404,False,True,0.030854430379746837,3,0,47.008045482635495,False,True,18.222670312686056,50.0,Atencao,Atencao: foco visual fora da direcao,23.15345147206072
1777745965.5556324,2246,True,0.28699714066887927,0.3225415749331656,0.30476935780102243,0.723576796955051,False,True,0.0308300395256917,3,0,47.32594604492187,False,True,18.235211598367794,50.0,Atencao,Atencao: foco visual fora da direcao,23.057822732838122
1777745965.5972838,2247,True,0.2848527890387412,0.33130923833138304,0.30808101368506213,0.7338100465965887,False,True,0.030805687203791468,3,0,47.22419033050537,False,True,18.226775368385688,50.0,Atencao,Atencao: foco visual fora da direcao,23.186433566527096
1777745965.6392145,2248,True,0.2861179474558543,0.32568318897096243,0.3059005682134084,0.7217658961702741,False,True,0.030781373322809787,3,0,47.469460105896,False,True,18.23569569852024,50.0,Atencao,Atencao: foco visual fora da direcao,23.262850637555747
1777745965.681009,2249,True,0.2881795569349887,0.33185248766812164,0.31001602230155517,0.7239522694014531,False,True,0.030757097791798107,3,0,47.562376976013184,False,True,18.23700365651199,50.0,Atencao,Atencao: foco visual fora da direcao,23.342268048437585
1777745965.725627,2250,True,0.2840040881897906,0.3330832046432215,0.30854364641650606,0.7137058918917459,False,True,0.030757097791798107,3,0,47.361085128784175,False,True,18.22693906415054,50.0,Atencao,Atencao: foco visual fora da direcao,23.19740356971863
1777745965.9625604,2251,True,0.2770133017682423,0.3191819123259344,0.2980976070470883,0.6137863845263521,False,False,0.030878859857482184,3,0,47.375461769104,False,True,18.24440018019809,50.0,Atencao,Atencao: foco visual fora da direcao,21.3007740335444
1777745966.0049,2252,True,0.27365127860392374,0.3118225575399707,0.29273691807194724,0.5747041327869251,False,False,0.030878859857482184,3,0,46.84831714630127,False,True,18.218042949057956,50.0,Atencao,Atencao: foco visual fora da direcao,21.51536801184653
1777745966.0517366,2253,True,0.2671900680210077,0.33567903037267605,0.30143454919684187,0.5931226634970478,False,False,0.030878859857482184,3,0,47.184321117401126,False,True,18.23484314761295,50.0,Atencao,Atencao: foco visual fora da direcao,21.50706342001555
1777745966.099743,2254,True,0.2741313410673675,0.3253750052579403,0.2997531731626539,0.5867138343685422,False,False,0.030878859857482184,3,0,46.871578121185294,False,True,18.219205997802156,50.0,Atencao,Atencao: foco visual fora da direcao,21.46217883254901
1777745966.1463304,2255,True,0.2700789192733755,0.3193099821673242,0.29469445072034983,0.5414331770111079,False,False,0.030878859857482184,3,0,47.262463092803955,False,True,18.23875024638309,50.0,Atencao,Atencao: foco visual fora da direcao,21.442882890489933
1777745966.1962495,2256,True,0.25869169613183973,0.32443163985716933,0.29156166799450456,0.4802961139475578,False,False,0.030878859857482184,3,0,47.39706792831421,False,True,18.245480488158602,50.0,Atencao,Atencao: foco visual fora da direcao,21.29576261702081
1777745966.246209,2257,True,0.2629984897096286,0.3128531381455475,0.28792581392758804,0.3769899129958092,False,False,0.030903328050713153,3,0,46.84582548141479,False,True,18.22128274238289,50.0,Atencao,Atencao: foco visual fora da direcao,21.169247030151183
1777745966.2970765,2258,True,0.2674640385523476,0.3367583300804447,0.30211118431639616,0.39347824379457375,False,False,0.030903328050713153,3,0,45.93411474227905,False,True,18.175697205426104,50.0,Atencao,Atencao: foco visual fora da direcao,21.015898000381885
1777745966.3473294,2259,True,0.2716453567507215,0.3407912538614664,0.30621830530609395,0.22693031698502164,False,False,0.030903328050713153,3,0,47.39773225784302,False,True,18.248878081204303,50.0,Atencao,Atencao: foco visual fora da direcao,20.904136199066222
1777745966.401027,2260,True,0.26339014120026527,0.3444445398026918,0.30391734050147856,0.24844503842598742,False,False,0.030903328050713153,3,0,46.44611539840698,False,True,18.2012972382325,50.0,Atencao,Atencao: foco visual fora da direcao,20.69066286486685
1777745966.4470203,2261,True,0.2813983982513408,0.3328892982924634,0.3071438482719021,0.2531155425283416,False,False,0.030927835051546393,3,0,46.94717178344727,False,True,18.229719770099084,50.0,Atencao,Atencao: foco visual fora da direcao,20.757540891356598
1777745966.4964354,2262,True,0.26704029797314577,0.3576278647915359,0.31233408138234087,0.1957871224112161,False,False,0.030927835051546393,3,0,46.126475906372065,False,True,18.188684976245327,50.0,Atencao,Atencao: foco visual fora da direcao,20.744735621993467
1777745966.5394084,2263,True,0.2753309764923682,0.3390650918228922,0.3071980341576302,0.21467480263882624,False,False,0.030927835051546393,3,0,47.08287181854248,False,True,18.236504771853845,50.0,Atencao,Atencao: foco visual fora da direcao,20.959497846054415
1777745966.5872545,2264,True,0.2606325597239225,0.3658023819543192,0.3132174708391209,0.1952908151038462,False,False,0.030927835051546393,3,0,47.254098892211914,False,True,18.245066125537317,50.0,Atencao,Atencao: foco visual fora da direcao,20.95084290582122
1777745966.6325767,2265,True,0.2610855258609263,0.33854874258036116,0.2998171342206437,0.22433122693273422,False,False,0.030927835051546393,3,0,46.62554960250854,False,True,18.213638661052148,50.0,Atencao,Atencao: foco visual fora da direcao,21.0841510071839
1777745966.6780279,2266,True,0.2651382083045841,0.3516391440051872,0.30838867615488563,0.24824033524596342,False,False,0.030927835051546393,3,0,46.42657346725464,False,True,18.203689854289454,50.0,Atencao,Atencao: foco visual fora da direcao,21.1754622607281
1777745966.7215226,2267,True,0.2776576707577022,0.3454606675899925,0.31155916917384735,0.23374079580336568,False,False,0.030927835051546393,3,0,46.1890567779541,False,True,18.191814019824427,50.0,Atencao,Atencao: foco visual fora da direcao,21.320338998797233
1777745966.7652967,2268,True,0.27539624466881035,0.35863515219271663,0.3170156984307635,0.21132470772214912,False,False,0.030927835051546393,3,0,46.01936779022216,False,True,18.18332957043783,50.0,Atencao,Atencao: foco visual fora da direcao,21.538183140481138
1777745966.8098307,2269,True,0.264743666261231,0.3564438776124562,0.3105937719368436,0.2000537906018208,False,False,0.030927835051546393,3,0,46.543957233428955,False,True,18.20955904259817,50.0,Atencao,Atencao: foco visual fora da direcao,21.62640167296049
1777745966.8527987,2270,True,0.26084469878881666,0.3720549306391994,0.316449814714008,0.19871480352386592,False,False,0.03013481363996828,3,0,46.37176456451416,False,True,18.091908965060437,50.0,Atencao,Atencao: foco visual fora da direcao,21.74302612253356
1777745966.8942163,2271,True,0.27550703558824263,0.3525176394318422,0.3140123375100424,0.19838769378932838,False,False,0.029341792228390166,3,0,46.44283752441406,False,True,17.98642216896344,50.0,Atencao,Atencao: foco visual fora da direcao,22.004818644994767
1777745966.935779,2272,True,0.26243727015735624,0.3557375076779405,0.30908738891764836,0.18690944283655173,False,False,0.029318541996830427,3,0,46.06878995895386,False,True,17.964522883850968,50.0,Atencao,Atencao: foco visual fora da direcao,22.217662199578093
1777745966.9782658,2273,True,0.26890946450337017,0.3548829211966443,0.31189619285000725,0.15145800338332419,False,False,0.028526148969889066,3,0,46.10891923904419,False,True,17.85757530665105,50.0,Atencao,Atencao: foco visual fora da direcao,22.352052616614074
1777745967.022097,2274,True,0.25312267272301603,0.3640162423811446,0.3085694575520803,0.005257393891484791,False,False,0.0277337559429477,3,0,45.70016345977783,False,True,17.72818347648329,50.0,Atencao,Atencao: foco visual fora da direcao,22.41273702418568
1777745967.0709908,2275,True,0.25896297557464415,0.3623653610027661,0.31066416828870513,0.00479302394237635,False,False,0.02775574940523394,3,0,46.268314552307125,False,True,17.741320129693765,50.0,Atencao,Atencao: foco visual fora da direcao,22.198808147411984
1777745967.1191435,2276,True,0.2692032593581364,0.35063769298349023,0.3099204761708133,0.0027964323098732336,False,False,0.02775574940523394,3,0,45.19937829971313,False,True,17.687873317064067,50.0,Atencao,Atencao: foco visual fora da direcao,22.045136955740865
1777745967.1674082,2277,True,0.2620708032458141,0.3533230260054415,0.3076969146256278,0.0021825739727533576,False,False,0.02775574940523394,3,0,44.859963417053216,False,True,17.67090257293107,50.0,Atencao,Atencao: foco visual fora da direcao,21.928536953168898
1777745967.2146478,2278,True,0.26672454017144065,0.3684439107370622,0.3175842254542514,0.003237224278384185,False,False,0.02775574940523394,3,0,46.38978729248046,False,True,17.747393766702434,50.0,Atencao,Atencao: foco visual fora da direcao,21.84286728009262
1777745967.2656536,2279,True,0.264983403867967,0.35491656698481855,0.30994998542639274,0.0021904276503506705,False,False,0.02775574940523394,3,0,46.3681339263916,False,True,17.74631109839799,50.0,Atencao,Atencao: foco visual fora da direcao,21.64532104498531
1777745967.3123894,2280,True,0.2645845336873856,0.35670247366719904,0.3106435036772923,0.001954414061027996,False,False,0.02775574940523394,3,0,46.603832721710205,False,True,17.75809603816392,50.0,Atencao,Atencao: foco visual fora da direcao,21.598562567289807
1777745967.3630972,2281,True,0.2648240369009994,0.3679816452729342,0.3164028410869668,0.0028265146537273965,False,False,0.027777777777777776,3,0,46.84526243209839,False,True,17.773196424908107,50.0,Atencao,Atencao: foco visual fora da direcao,21.403315835435187
1777745967.4175878,2282,True,0.2674503395083483,0.34585516205228795,0.3066527507803181,0.0027902488301669347,False,False,0.027777777777777776,3,0,47.028596782684325,False,True,17.782363142437404,50.0,Atencao,Atencao: foco visual fora da direcao,21.09121803117658
1777745967.46642,2283,True,0.26303552595232005,0.3523121228856332,0.3076738244189766,0.0029873268889619264,False,False,0.027777777777777776,3,0,47.032737255096436,False,True,17.782570166058008,50.0,Atencao,Atencao: foco visual fora da direcao,21.062620854043143
1777745967.5204833,2284,True,0.26653890157018423,0.3418199512492661,0.3041794264097252,0.0027993880913258257,False,False,0.027777777777777776,3,0,46.44473695755005,False,True,17.75317015118069,50.0,Atencao,Atencao: foco visual fora da direcao,20.79679311136574
1777745967.5758731,2285,True,0.26825535547131857,0.3442368776787025,0.30624611657501055,0.0027995145782693047,False,False,0.027777777777777776,3,0,46.07353210449219,False,True,17.734609908527794,50.0,Atencao,Atencao: foco visual fora da direcao,20.529837672501134
1777745967.627312,2286,True,0.264856303824477,0.3657478883411947,0.3153020960828359,0.0026367831933781275,False,False,0.027777777777777776,3,0,46.79157619476319,False,True,17.770512113041345,50.0,Atencao,Atencao: foco visual fora da direcao,20.401185344406514
1777745967.6716948,2287,True,0.2655114314006365,0.3504848016336403,0.3079981165171384,0.0019135889433645494,False,False,0.02779984114376489,3,0,46.95144958496093,False,True,17.781539495374464,50.0,Atencao,Atencao: foco visual fora da direcao,20.616463409787553
1777745967.7254567,2288,True,0.26176182012782334,0.35192145417703957,0.30684163715243146,0.0033518831014222117,False,False,0.02779984114376489,3,0,47.52041091918945,False,True,17.80998756208589,50.0,Atencao,Atencao: foco visual fora da direcao,20.43923089362323
1777745967.7741923,2289,True,0.2681678916611004,0.3362454562998785,0.30220667398048945,0.002808751280576202,False,False,0.02779984114376489,3,0,47.67110986709594,False,True,17.817522509481215,50.0,Atencao,Atencao: foco visual fora da direcao,20.40760697486452
1777745967.8230996,2290,True,0.27272771281568986,0.33955302813552407,0.30614037047560694,0.0020427279906974354,False,False,0.02779984114376489,3,0,47.21706638336182,False,True,17.794820335294506,50.0,Atencao,Atencao: foco visual fora da direcao,20.446444999407717
1777745967.866389,2291,True,0.2662508241653052,0.3532403862629979,0.30974560521415156,0.0013142569380497216,False,False,0.02779984114376489,3,0,46.910782146453855,False,True,17.77950612344911,50.0,Atencao,Atencao: foco visual fora da direcao,20.717778663136958
1777745967.9100666,2292,True,0.2688229020338592,0.35113569449432197,0.3099792982640906,0.0014172337535725765,False,False,0.02779984114376489,3,0,46.626128101348876,False,True,17.76527342119386,50.0,Atencao,Atencao: foco visual fora da direcao,20.887479813909643
1777745967.9568906,2293,True,0.2651093052566504,0.35492466283960294,0.31001698404812666,0.001577891378359052,False,False,0.02779984114376489,3,0,47.063995075225826,False,True,17.78716676988771,50.0,Atencao,Atencao: foco visual fora da direcao,20.96456537525954
1777745968.0010338,2294,True,0.2646820031645301,0.35408169062371664,0.3093818468941234,0.0028050951245661947,False,False,0.02779984114376489,3,0,47.006050777435306,False,True,17.784269554998183,50.0,Atencao,Atencao: foco visual fora da direcao,21.127878386705866
1777745968.0495553,2295,True,0.2663341866949108,0.3511665676283068,0.3087503771616088,0.002723259377982639,False,False,0.02779984114376489,3,0,47.71573410034179,False,True,17.819753721143506,50.0,Atencao,Atencao: foco visual fora da direcao,21.077065261933242
1777745968.0993607,2296,True,0.2632829999961775,0.3652598278423185,0.31427141391924795,0.0024835675120411065,False,False,0.02779984114376489,3,0,47.3310263633728,False,True,17.800518334295056,50.0,Atencao,Atencao: foco visual fora da direcao,20.949262709965623
1777745968.1521628,2297,True,0.26556792185362343,0.3632079151469292,0.3143879185002763,0.0022542199276216145,False,False,0.02779984114376489,3,0,47.69602479934692,False,True,17.81876825609376,50.0,Atencao,Atencao: foco visual fora da direcao,20.785378911440898
1777745968.2011468,2298,True,0.2584088703438438,0.36122359238609053,0.30981623136496717,0.0010523438891744566,False,False,0.02702702702702703,3,0,46.291845893859865,False,True,17.642297369767952,50.0,Atencao,Atencao: foco visual fora da direcao,20.737904099587112
1777745968.2539937,2299,True,0.2714985433061187,0.3861751885841404,0.32883686594512956,0.0019570023732426492,False,False,0.02702702702702703,3,0,46.55385780334472,False,True,17.671120617518554,50.0,Atencao,Atencao: foco visual fora da direcao,20.555091268508555
1777745968.304638,2300,True,0.26906385567214647,0.38471221505770903,0.3268880353649277,0.0013083273021768835,False,False,0.02702702702702703,3,0,46.60737323760986,False,True,17.67379638923181,50.0,Atencao,Atencao: foco visual fora da direcao,20.47605031009175
1777745968.357161,2301,True,0.26702930948581055,0.3695858903413501,0.3183075999135803,0.001986058689327653,False,False,0.02702702702702703,3,0,46.94854335784912,False,True,17.690854895243774,50.0,Atencao,Atencao: foco visual fora da direcao,20.336652862726016
1777745968.4090726,2302,True,0.2716083049769101,0.3798683407406059,0.325738322858758,0.0021161699768211277,False,False,0.02702702702702703,3,0,46.93495979309082,False,True,17.690175717005857,50.0,Atencao,Atencao: foco visual fora da direcao,20.202203770152725
1777745968.461545,2303,True,0.2754681327381092,0.37769290831811453,0.3265805205281119,0.002225591044589997,False,False,0.02702702702702703,3,0,47.408997535705566,False,True,17.713877604136595,50.0,Atencao,Atencao: foco visual fora da direcao,20.09548910684776
1777745968.513213,2304,True,0.273906798666741,0.36658418180748503,0.320245490237113,0.002103173629221676,False,False,0.027048528241845664,3,0,47.6825493812561,False,True,17.730511613451686,50.0,Atencao,Atencao: foco visual fora da direcao,20.047763121837587
1777745968.56495,2305,True,0.2660046563198841,0.379121519813141,0.32256308806651257,0.0015999118730095014,False,False,0.027048528241845664,3,0,47.067939853668214,False,True,17.699781137072293,50.0,Atencao,Atencao: foco visual fora da direcao,19.948220486269783
1777745968.614538,2306,True,0.26805112707200945,0.37993073044314485,0.3239909287575772,0.001691860326120681,False,False,0.027048528241845664,3,0,47.193071556091304,False,True,17.706037722193447,50.0,Atencao,Atencao: foco visual fora da direcao,19.999517973480362
1777745968.6640837,2307,True,0.27009337501389097,0.3559228101267704,0.3130080925703307,0.0014894245156598053,False,False,0.027048528241845664,3,0,47.0354658126831,False,True,17.698157435023035,50.0,Atencao,Atencao: foco visual fora da direcao,20.021344774386588
1777745968.7153413,2308,True,0.1178349950677144,0.08991642116127024,0.10387570811449232,0.0017574555710926708,True,False,0.02784407319013524,3,0,47.39568691253662,False,True,17.825555920405527,50.0,Atencao,Atencao: foco visual fora da direcao,19.966675475730497
1777745968.7638164,2309,True,0.2141902097412703,0.254823206375464,0.23450670805836715,0.0009611601797474905,False,False,0.02784407319013524,3,0,41.940600882877,False,True,17.538965024499888,50.0,Atencao,Atencao: foco visual fora da direcao,20.019024504287483
1777745968.806174,2310,True,0.20147550970011685,0.24798616877965626,0.22473083923988657,0.001925173179122943,False,False,0.02784407319013524,3,0,42.0758690606464,False,True,17.54572843338836,50.0,Atencao,Atencao: foco visual fora da direcao,20.3931470094361
1777745968.8471117,2311,True,0.2543826287085416,0.3000483754901125,0.27721550209932705,0.0018144337638187566,False,False,0.02782193958664547,3,0,32.4550421861085,False,False,17.06164371918162,50.0,Atencao,Atencao: sinais iniciais de risco,20.79177449082014
1777745968.8922255,2312,True,0.25066728967946444,0.29930005222367134,0.2749836709515679,0.0019538711334523406,False,False,0.02782193958664547,3,0,30.95356002341617,False,False,16.986569611047003,50.0,Atencao,Atencao: sinais iniciais de risco,20.910809894643492
1777745968.9351716,2313,True,0.2539801891564281,0.3089205121638172,0.2814503506601227,0.0013284024959634372,False,False,0.02782193958664547,3,0,28.57176804650914,False,False,16.867480012201653,50.0,Atencao,Atencao: sinais iniciais de risco,21.166447138917476
1777745968.9803412,2314,True,0.24980379910808478,0.31720795837203164,0.2835058787400582,0.0010825533610304993,False,False,0.02782193958664547,3,0,29.313794465769416,False,False,16.904581333164668,50.0,Atencao,Atencao: sinais iniciais de risco,21.275699851219464
1777745969.0283217,2315,True,0.2679511808470236,0.3038611495519053,0.28590616519946443,0.004698483658807056,False,False,0.02782193958664547,3,0,28.648458610881455,False,False,16.87131454042027,50.0,Atencao,Atencao: sinais iniciais de risco,21.23076898573167
1777745969.07168,2316,True,0.26231376511494275,0.3188635627534069,0.2905886639341748,0.001971358009750324,False,False,0.02702702702702703,3,0,29.844115030223673,False,False,16.82179688443984,50.0,Atencao,Atencao: sinais iniciais de risco,21.40044972550204
1777745969.1233518,2317,True,0.25269437114619747,0.2802741653670116,0.26648426825660454,0.0017294567114096548,False,False,0.02702702702702703,3,0,31.219408972967756,False,False,16.906206998154705,50.0,Atencao,Atencao: sinais iniciais de risco,21.197304433171436
1777745969.1735346,2318,True,0.11810598854724001,0.032804402427828554,0.07545519548753428,0.002074800898861542,True,False,0.02782193958664547,3,0,32.56852217479186,False,False,17.082963135193445,50.0,Atencao,Atencao: sinais iniciais de risco,21.079283451565843
1777745969.229327,2319,True,0.16969214242136751,0.07356606723089153,0.12162910482612951,0.002574700978379693,True,False,0.028639618138424822,3,0,36.629132651740846,False,False,17.398424459910554,50.0,Atencao,Atencao: sinais iniciais de risco,20.744011874539503
1777745969.275651,2320,True,0.23352722865958536,0.21773910309640904,0.2256331658779972,0.013418958521657103,False,False,0.028639618138424822,3,0,39.829341280460355,False,True,17.556994016611014,50.0,Atencao,Atencao: sinais iniciais de risco,20.845003945340082
1777745969.328494,2321,True,0.28372519894186976,0.32453737157594886,0.3041312852589093,0.22942161988039875,False,False,0.028639618138424822,3,0,44.915099127184256,False,True,17.811281908947212,50.0,Atencao,Atencao: sinais iniciais de risco,20.62418286330755
1777745969.3718607,2322,True,0.26772099586910597,0.3478938842436403,0.30780744005637317,0.21538262077289988,False,False,0.028639618138424822,3,0,44.97808017730713,False,True,17.814430961453354,50.0,Atencao,Atencao: sinais iniciais de risco,20.88994487186194
1777745969.425542,2323,True,0.27277935967295386,0.3604311666705938,0.31660526317177384,0.2202296666706201,False,False,0.028639618138424822,3,0,44.80504550933838,False,True,17.805779228054917,50.0,Atencao,Atencao: sinais iniciais de risco,20.651609588255663
1777745969.4741437,2324,True,0.28467660351137297,0.35190151442925865,0.3182890589703158,0.19872210214888986,False,False,0.028662420382165606,3,0,44.477369689941405,False,True,17.792530745599425,50.0,Atencao,Atencao: sinais iniciais de risco,20.685053687997065
1777745969.5248878,2325,True,0.2826964310019189,0.3849513274732135,0.3338238792375662,0.2710258738245252,False,False,0.028662420382165606,3,0,43.40880250930786,False,True,17.739102386567748,50.0,Atencao,Atencao: sinais iniciais de risco,20.547501303104813
1777745969.5767958,2326,True,0.2843072016051695,0.36362462006289054,0.32396591083403004,0.28378977580079695,False,False,0.028662420382165606,3,0,44.26161794662475,False,True,17.781743158433592,50.0,Atencao,Atencao: sinais iniciais de risco,20.44614323619791
1777745969.6279304,2327,True,0.27150766435511575,0.35690399743939827,0.314205830897257,0.2772854503797538,False,False,0.028662420382165606,3,0,43.66116189956665,False,True,17.75172035608069,50.0,Atencao,Atencao: sinais iniciais de risco,20.347743331879695
1777745969.6730313,2328,True,0.28468617120755313,0.35492242608420205,0.31980429864587756,0.2665852144687779,False,False,0.028662420382165606,3,0,43.8094799041748,False,True,17.759136256311095,50.0,Atencao,Atencao: sinais iniciais de risco,20.534312555989636
1777745969.7248254,2329,True,0.2826606575414297,0.3545794296097052,0.31862004357556745,0.24887220756177303,False,False,0.028662420382165606,3,0,43.4699122428894,False,True,17.742157873246825,50.0,Atencao,Atencao: sinais iniciais de risco,20.429773549315378
1777745969.7740834,2330,True,0.2776942146014023,0.38511060215566467,0.3314024083785335,0.14542724539306343,False,False,0.028685258964143426,3,0,43.75552501678467,False,True,17.75957881696354,50.0,Atencao,Atencao: sinais iniciais de risco,20.40799043908517
1777745969.8202686,2331,True,0.276458590404589,0.37084317644713,0.32365088342585946,0.14086865327089168,False,False,0.028685258964143426,3,0,44.03985891342163,False,True,17.773795511795388,50.0,Atencao,Atencao: sinais iniciais de risco,20.516601166887757
1777745969.8647194,2332,True,0.28884142732427043,0.3542219752350615,0.32153170127966596,0.3151566016759938,False,False,0.028685258964143426,3,0,44.02068433761597,False,True,17.772836783005104,50.0,Atencao,Atencao: sinais iniciais de risco,20.744257619119747
1777745969.910423,2333,True,0.2655779566972962,0.3420330593997224,0.3038055080485093,0.3614338152741481,False,False,0.028685258964143426,3,0,43.31706495285034,False,True,17.737655813766825,50.0,Atencao,Atencao: sinais iniciais de risco,20.840248641713828
1777745969.948966,2334,True,0.27193898204671074,0.3451387870717249,0.30853888455921785,0.4792489936045018,False,False,0.028662420382165606,3,0,43.68814363479614,False,True,17.75306944284216,50.0,Atencao,Atencao: sinais iniciais de risco,21.297093671739212
1777745969.995482,2335,True,0.2798090818013717,0.34317939136776165,0.31149423658456665,0.4597137727392047,False,False,0.028685258964143426,3,0,44.184413242340085,False,True,17.78102322824131,50.0,Atencao,Atencao: sinais iniciais de risco,21.3783306980579
1777745970.03926,2336,True,0.27284111744778056,0.33329347302245016,0.30306729523511533,0.5421745503737881,False,False,0.028685258964143426,3,0,44.23437528610229,False,True,17.783521330429423,50.0,Atencao,Atencao: sinais iniciais de risco,21.493648096144796
1777745970.0895653,2337,True,0.26477294477098384,0.3372861872389086,0.30102956600494624,0.5396081413568065,False,False,0.028685258964143426,3,0,44.73998842239379,False,True,17.808801987243996,50.0,Atencao,Atencao: sinais iniciais de risco,21.34727976923355
1777745970.137569,2338,True,0.2717975215616193,0.32322264128885897,0.29751008142523916,0.5847179899206006,False,False,0.027888446215139442,3,0,44.30393590927124,False,True,17.67743760859982,50.0,Atencao,Atencao: sinais iniciais de risco,21.300740164700905
1777745970.181602,2339,True,0.2787389895288794,0.3126422119098131,0.2956906007193463,0.5986702180885286,False,False,0.02711323763955343,3,0,43.797343444824214,False,True,17.55381662586279,50.0,Atencao,Atencao: sinais iniciais de risco,21.445440718903203
1777745970.227735,2340,True,0.2742828664660365,0.32541410648150093,0.2998484864737687,0.5813477106557762,False,False,0.02711323763955343,3,0,44.559860706329346,False,True,17.591942488938045,50.0,Atencao,Atencao: sinais iniciais de risco,21.414185854449567
1777745970.2721827,2341,True,0.27917146704960105,0.3221621965512668,0.30066683180043396,0.5862117378593262,False,False,0.02711323763955343,3,0,43.906863403320315,False,True,17.559292623787595,50.0,Atencao,Atencao: sinais iniciais de risco,21.53923086109792
1777745970.3206909,2342,True,0.27811486906953575,0.3425056953057204,0.3103102821876281,0.5880001078037751,False,False,0.02711323763955343,3,0,44.07345561981201,False,True,17.56762223461218,50.0,Atencao,Atencao: sinais iniciais de risco,21.45514405065589
1777745970.3848596,2343,True,0.2776276834089665,0.34679223567542106,0.31220995954219377,0.5943422573874103,False,False,0.02711323763955343,3,0,43.610297775268556,False,True,17.544464342385005,50.0,Atencao,Atencao: sinais iniciais de risco,20.874817366597313
1777745970.4489958,2344,True,0.27693042491656245,0.33567253168634065,0.30630147830145155,0.5995310271316933,False,False,0.02713487629688747,3,0,43.91129999160766,False,True,17.562489768585394,50.0,Atencao,Atencao: sinais iniciais de risco,20.356093501956956
1777745970.4980364,2345,True,0.28163312342781827,0.35065676051873446,0.31614494197327636,0.5876743311902928,False,False,0.02713487629688747,3,0,43.71084499359131,False,True,17.552467018684574,50.0,Atencao,Atencao: sinais iniciais de risco,20.313111430826492
1777745970.5448346,2346,True,0.27972516946190445,0.34139454330571234,0.3105598563838084,0.572457837242317,False,False,0.02711323763955343,3,0,43.68493356704712,False,True,17.548196131973935,50.0,Atencao,Atencao: sinais iniciais de risco,20.46442961536032
1777745970.5943565,2347,True,0.27910580413557307,0.3487042035587327,0.3139050038471529,0.5699056578901339,False,False,0.027091633466135457,3,0,43.95543756484985,False,True,17.5587507580191,50.0,Atencao,Atencao: sinais iniciais de risco,20.428344014709324
1777745970.6405628,2348,True,0.2799613390778896,0.35085688857854785,0.31540911382821873,0.5726386750458722,False,False,0.027070063694267517,3,0,43.84830284118652,False,True,17.550428178204093,50.0,Atencao,Atencao: sinais iniciais de risco,20.52061479943086
1777745970.6926198,2349,True,0.2756488194015533,0.33582811942862434,0.3057384694150888,0.5796687459078811,False,False,0.027048528241845664,3,0,44.73988199234009,False,True,17.592046011053768,50.0,Atencao,Atencao: sinais iniciais de risco,20.383953907019862
1777745970.746232,2350,True,0.27697333436686944,0.33577936475495207,0.30637634956091075,0.5850494330589243,False,False,0.027070063694267517,3,0,44.32079133987427,False,True,17.57405260313848,50.0,Atencao,Atencao: sinais iniciais de risco,20.250247861271063
1777745970.9792724,2351,True,0.2737730277889888,0.3150457644882772,0.29440939613863304,0.6042309886351656,False,False,0.027156549520766772,3,0,44.639393138885495,False,True,17.60187449423269,50.0,Atencao,Atencao: sinais iniciais de risco,18.65374810057279
1777745971.021823,2352,True,0.27876431851564093,0.32384793796472827,0.3013061282401846,0.5916634406543186,False,False,0.027156549520766772,3,0,44.47496128082275,False,True,17.593652901329552,50.0,Atencao,Atencao: sinais iniciais de risco,19.130869687427285
1777745971.0676568,2353,True,0.28032454930836154,0.32419603268706415,0.30226029099771284,0.6091668451083027,False,False,0.027156549520766772,3,0,44.33249778747558,False,True,17.586529726662192,50.0,Atencao,Atencao: sinais iniciais de risco,19.3969067104355
1777745971.112103,2354,True,0.2821408580107255,0.32707990621738425,0.3046103821140549,0.6164088214792699,False,False,0.027156549520766772,3,0,44.25205039978027,False,True,17.58250735727743,50.0,Atencao,Atencao: sinais iniciais de risco,19.704902046559248
1777745971.159822,2355,True,0.28161853283957994,0.3358925344495953,0.30875553364458763,0.6055050853508953,False,False,0.027156549520766772,3,0,44.062455558776854,False,True,17.573027615227257,50.0,Atencao,Atencao: sinais iniciais de risco,19.82400088402857
1777745971.209315,2356,True,0.2810515704015479,0.3306343718630392,0.30584297113229353,0.6068911548730341,False,False,0.027156549520766772,3,0,44.304644870758054,False,True,17.585137080826318,50.0,Atencao,Atencao: sinais iniciais de risco,19.884622751827592
1777745971.2583044,2357,True,0.2746959662175771,0.34455560155086723,0.3096257838842221,0.6073070333999007,False,False,0.02717825739408473,3,0,44.25248727798461,False,True,17.585514033768867,50.0,Atencao,Atencao: sinais iniciais de risco,19.908487995656333
1777745971.306431,2358,True,0.2689671383700194,0.3321855213898479,0.30057632987993366,0.6135044307023295,False,False,0.02717825739408473,3,0,44.280146217346186,False,True,17.586896980736945,50.0,Atencao,Atencao: sinais iniciais de risco,20.03394725349473
1777745971.3562813,2359,True,0.2805955851660209,0.3352298438679869,0.30791271451700386,0.6173784344924645,False,False,0.02717825739408473,3,0,44.18027534484863,False,True,17.581903437112064,50.0,Atencao,Atencao: sinais iniciais de risco,20.017166722003278
1777745971.402482,2360,True,0.283681777486521,0.333780642358479,0.3087312099225,0.6144764799486275,False,False,0.02717825739408473,3,0,44.19498500823975,False,True,17.58263892028162,50.0,Atencao,Atencao: sinais iniciais de risco,20.17587919719543
1777745971.4477549,2361,True,0.2798496743037438,0.33137119393518666,0.3056104341194652,0.6132778835777534,False,False,0.02717825739408473,3,0,44.47821855545044,False,True,17.596800597642158,50.0,Atencao,Atencao: sinais iniciais de risco,20.36604535048965
1777745971.491396,2362,True,0.27911452705428885,0.34087108202476435,0.3099928045395266,0.6203597473230249,False,False,0.02717825739408473,3,0,44.99326963424682,False,True,17.622553151581975,50.0,Atencao,Atencao: sinais iniciais de risco,20.623539707065337
1777745971.5376713,2363,True,0.27519530099329553,0.32690175089754214,0.30104852594541887,0.6094852624257467,False,False,0.0272,3,0,44.97338781356811,False,True,17.624548668861387,50.0,Atencao,Atencao: sinais iniciais de risco,20.750116749310422
1777745971.579949,2364,True,0.2764171819731956,0.3264757476837319,0.3014464648284637,0.630862699406179,False,False,0.0272,3,0,44.27928447723388,False,True,17.589843502044676,50.0,Atencao,Atencao: sinais iniciais de risco,21.031394955300748
1777745971.6241531,2365,True,0.2814438195693786,0.331177343200421,0.3063105813848998,0.6171575119036126,False,False,0.0272,3,0,44.13394393920898,False,True,17.58257647514343,50.0,Atencao,Atencao: sinais iniciais de risco,21.17493654826943
1777745971.666993,2366,True,0.2807917969915251,0.3403447599604024,0.3105682784759638,0.6075225962440768,False,False,0.0272,3,0,44.29798955917358,False,True,17.59077875614166,50.0,Atencao,Atencao: sinais iniciais de risco,21.395634209722246
1777745971.7113192,2367,True,0.27577018685130217,0.3492894794952271,0.31252983317326466,0.6022287393481077,False,False,0.0272,3,0,44.930009841918945,False,True,17.62237977027893,50.0,Atencao,Atencao: sinais iniciais de risco,21.532761573512573
1777745971.7559206,2368,True,0.27660690046952285,0.3405151519334437,0.3085610262014833,0.6112396108889118,False,False,0.0272,3,0,45.09483137130737,False,True,17.63062084674835,50.0,Atencao,Atencao: sinais iniciais de risco,21.59063713821025
1777745971.8007758,2369,True,0.2765777606375713,0.34384024169308075,0.310209001165326,0.6260914041355801,False,False,0.0272,3,0,45.331547260284424,False,True,17.642456641197203,50.0,Atencao,Atencao: sinais iniciais de risco,21.674701601641928
1777745971.8437095,2370,True,0.2759480014621616,0.3301431650276533,0.30304558324490743,0.6298889749386243,False,False,0.0272,3,0,45.066559600830075,False,True,17.629207258224486,50.0,Atencao,Atencao: sinais iniciais de risco,21.839440649648736
1777745971.8897853,2371,True,0.27913459099630383,0.3315851625922234,0.30535987679426363,0.6259203106152601,False,False,0.0272,3,0,44.874187278747556,False,True,17.61958864212036,50.0,Atencao,Atencao: sinais iniciais de risco,21.83885025816188
1777745971.9311106,2372,True,0.2799628093660322,0.34278980169310796,0.3113763055295701,0.6169679980846943,False,False,0.02717825739408473,3,0,44.49136266708374,False,True,17.597457803223822,50.0,Atencao,Atencao: sinais iniciais de risco,22.077463461127138
1777745971.9705079,2373,True,0.2752370382952498,0.34931590550520314,0.31227647190022645,0.604871520137353,False,False,0.02717825739408473,3,0,44.81259002685547,False,True,17.61351917121241,50.0,Atencao,Atencao: sinais iniciais de risco,22.360606683595925
1777745972.0109634,2374,True,0.27648291006860387,0.3350115903487795,0.30574725020869165,0.6297826251398633,False,False,0.02717825739408473,3,0,44.43776054382324,False,True,17.594777697060795,50.0,Atencao,Atencao: sinais iniciais de risco,22.592231670994526
1777745972.0556817,2375,True,0.2792088489335733,0.3393489901676199,0.3092789195505966,0.608965189694793,False,False,0.02717825739408473,3,0,44.82616930007934,False,True,17.6141981348736,50.0,Atencao,Atencao: sinais iniciais de risco,22.592961905326916
1777745972.1044257,2376,True,0.27751458965586284,0.3371670982977688,0.3073408439768158,0.6298709166401198,False,False,0.02717825739408473,3,0,45.018772506713866,False,True,17.62382829520533,50.0,Atencao,Atencao: sinais iniciais de risco,22.389312062034932
1777745972.151474,2377,True,0.2739878272716503,0.33688114324905577,0.305434485260353,0.6155789603440387,False,False,0.02717825739408473,3,0,45.10358438491821,False,True,17.628068889115546,50.0,Atencao,Atencao: sinais iniciais de risco,22.259035616457442
1777745972.1984098,2378,True,0.27985883325803756,0.33726536408593216,0.30856209867198486,0.633070670794311,False,False,0.0272,3,0,44.86005010604858,False,True,17.61888178348541,50.0,Atencao,Atencao: sinais iniciais de risco,22.16275813592359
1777745972.2466228,2379,True,0.28037398176048584,0.3446697990148923,0.31252189038768907,0.6081751083635104,False,False,0.0272,3,0,44.93030595779419,False,True,17.622394576072693,50.0,Atencao,Atencao: sinais iniciais de risco,22.044876001708325
1777745972.2970188,2380,True,0.27809781147118257,0.3427657792311382,0.3104317953511604,0.620562631252951,False,False,0.0272,3,0,44.89862928390503,False,True,17.620810742378232,50.0,Atencao,Atencao: foco visual fora da direcao,21.788631379574348
1777745972.3439865,2381,True,0.28067519954592646,0.32497585418968467,0.30282552686780556,0.6358656391760636,False,False,0.0272,3,0,44.2463752746582,False,True,17.58819804191589,50.0,Atencao,Atencao: foco visual fora da direcao,21.77774761978138
1777745972.3922212,2382,True,0.2843087262892082,0.33123351942560786,0.30777112285740804,0.6108221136695556,False,False,0.0272,3,0,44.71699094772339,False,True,17.611728825569152,50.0,Atencao,Atencao: foco visual fora da direcao,21.65013625641396
1777745972.4356532,2383,True,0.2780410912715914,0.3398568780124737,0.3089489846420326,0.6270597452244903,False,False,0.02722177742193755,3,0,45.30753698348999,False,True,17.644250522873897,50.0,Atencao,Atencao: foco visual fora da direcao,21.805222115451315
1777745972.4773893,2384,True,0.27899088936254857,0.3364052406530734,0.307698065007811,0.6237947041820555,False,False,0.02722177742193755,3,0,45.26247158050537,False,True,17.641997252724664,50.0,Atencao,Atencao: foco visual fora da direcao,21.979358597339928
1777745972.5237582,2385,True,0.27845318857850565,0.34425693505271926,0.31135506181561245,0.637581747766851,False,False,0.02722177742193755,3,0,45.89054279327392,False,True,17.67340081336309,50.0,Atencao,Atencao: foco visual fora da direcao,21.97308346626836
1777745972.567931,2386,True,0.2791984047787964,0.3428212315088601,0.3110098181438283,0.6221695907786468,False,False,0.02722177742193755,3,0,45.42347707748413,False,True,17.6500475275736,50.0,Atencao,Atencao: foco visual fora da direcao,22.033595645766706
1777745972.6125422,2387,True,0.27535623570060697,0.34704516752918735,0.31120070161489716,0.6165041664735258,False,False,0.02722177742193755,3,0,44.65998735427856,False,True,17.611873041413325,50.0,Atencao,Atencao: foco visual fora da direcao,22.074718584026883
1777745972.6575468,2388,True,0.2767437622565007,0.3406104678036674,0.30867711503008405,0.621047612259126,False,False,0.02722177742193755,3,0,44.846276855468744,False,True,17.621187516472833,50.0,Atencao,Atencao: foco visual fora da direcao,22.085604076441932
1777745972.7023263,2389,True,0.2861010604460585,0.3257683069162475,0.30593468368115295,0.6456798226471677,False,False,0.02722177742193755,3,0,45.226838970184325,False,True,17.64021562220861,50.0,Atencao,Atencao: foco visual fora da direcao,22.134874387586343
1777745972.7466583,2390,True,0.2803047102853094,0.3411216023893035,0.31071315633730645,0.6274905113341209,False,False,0.02722177742193755,3,0,45.40042381286621,False,True,17.648894864342704,50.0,Atencao,Atencao: foco visual fora da direcao,22.169906860973835
1777745972.7889032,2391,True,0.27780924703887155,0.3423848631350714,0.3100970550869715,0.6255933396635472,False,False,0.02722177742193755,3,0,45.65927629470825,False,True,17.66183748843481,50.0,Atencao,Atencao: foco visual fora da direcao,22.290866963152503
1777745972.8299644,2392,True,0.2774476870170112,0.3338383836163116,0.30564303531666137,0.6355963744670777,False,False,0.02722177742193755,3,0,45.74608373641967,False,True,17.666177860520378,50.0,Atencao,Atencao: foco visual fora da direcao,22.530800237687536
1777745972.8731666,2393,True,0.28330853881010215,0.33230110315435063,0.3078048209822264,0.6257871090583683,False,False,0.0272,3,0,45.872974109649654,False,True,17.669527983665464,50.0,Atencao,Atencao: foco visual fora da direcao,22.595168981457434
1777745972.9232788,2394,True,0.28399965633057345,0.3292776449926492,0.30663865066161133,0.6177891830733476,False,False,0.0272,3,0,45.80871953964233,False,True,17.6663152551651,50.0,Atencao,Atencao: foco visual fora da direcao,22.328505709615452
1777745972.970515,2395,True,0.28231545045968065,0.321701781381782,0.30200861592073136,0.6167910766278797,False,False,0.0272,3,0,45.21244258880615,False,True,17.63650140762329,50.0,Atencao,Atencao: foco visual fora da direcao,22.18474653048801
1777745973.0141418,2396,True,0.277747619805411,0.33115489531390696,0.30445125755965896,0.6221736823164876,False,False,0.0272,3,0,45.383667945861816,False,True,17.645062675476073,50.0,Atencao,Atencao: foco visual fora da direcao,22.28289387240313
1777745973.065438,2397,True,0.2847517265944348,0.3407212717457206,0.31273649917007773,0.6338978135580164,False,False,0.02722177742193755,3,0,45.694800758361815,False,True,17.663613711617487,50.0,Atencao,Atencao: foco visual fora da direcao,22.001474404390706
1777745973.114012,2398,True,0.2794548786127684,0.3451725558204109,0.3123137172165896,0.6104315621227783,False,False,0.02722177742193755,3,0,45.35857706069946,False,True,17.64680252673437,50.0,Atencao,Atencao: foco visual fora da direcao,21.857768045194213
1777745973.164544,2399,True,0.28143324220509985,0.3448716816160894,0.31315246191059465,0.6197806831122877,False,False,0.02722177742193755,3,0,45.72611694335937,False,True,17.665179520867365,50.0,Atencao,Atencao: foco visual fora da direcao,21.66184695590267
1777745973.2125018,2400,True,0.28154975042197566,0.34495048654793636,0.313250118484956,0.6338088101497371,False,False,0.02722177742193755,3,0,45.75165414810181,False,True,17.666456381104485,50.0,Atencao,Atencao: foco visual fora da direcao,21.56628713421937
1777745973.2628706,2401,True,0.2834015104665128,0.34653547554832115,0.31496849300741697,0.626197965782891,False,False,0.02722177742193755,3,0,45.98959226608276,False,True,17.67835328700353,50.0,Atencao,Atencao: foco visual fora da direcao,21.39921721594837
1777745973.306746,2402,True,0.28579104950891626,0.3439695360063171,0.31488029275761664,0.6232748709714006,False,False,0.027243589743589744,3,0,45.73033809661865,False,True,17.668389772757507,50.0,Atencao,Atencao: foco visual fora da direcao,21.48428659613452
1777745973.3565054,2403,True,0.28422670047054904,0.3431542051156503,0.3136904527930997,0.6188750208346355,False,False,0.027243589743589744,3,0,46.06601076126098,False,True,17.685173405989623,50.0,Atencao,Atencao: foco visual fora da direcao,21.36254946236475
1777745973.4105,2404,True,0.2837342942287809,0.3404971469461441,0.3121157205874625,0.6228463448563334,False,False,0.027243589743589744,3,0,45.747311973571776,False,True,17.66923846660516,50.0,Atencao,Atencao: foco visual fora da direcao,21.106789087295592
1777745973.460646,2405,True,0.2820193156600122,0.33178645809166546,0.30690288687583883,0.6268419360506965,False,False,0.027243589743589744,3,0,45.58391437530517,False,True,17.661068586691833,50.0,Atencao,Atencao: foco visual fora da direcao,20.99703460616836
1777745973.5036402,2406,True,0.2842646508845386,0.33483979871087227,0.30955222479770544,0.6389947283890158,False,False,0.027243589743589744,3,0,45.725686931610106,False,True,17.66815721450708,50.0,Atencao,Atencao: foco visual fora da direcao,21.225327159222317
1777745973.5483718,2407,True,0.283196072666107,0.3229047215585845,0.30305039711234577,0.6348434396240561,False,False,0.0272654370489174,3,0,45.65187253952026,False,True,17.66747049938514,50.0,Atencao,Atencao: foco visual fora da direcao,21.322067496662115
1777745973.6024077,2408,True,0.2808919734512856,0.33476437845389906,0.3078281759525923,0.6309559037455179,False,False,0.0272654370489174,3,0,45.514482498168945,False,True,17.660600997317573,50.0,Atencao,Atencao: foco visual fora da direcao,21.04210705958988
1777745973.6492598,2409,True,0.28030418345719077,0.3380012983489138,0.3091527409030523,0.6109273582361132,False,False,0.0272654370489174,3,0,44.82363300323486,False,True,17.62605852257087,50.0,Atencao,Atencao: foco visual fora da direcao,21.052383126299706
1777745973.6936986,2410,True,0.2836268611785522,0.3376003792514054,0.3106136202149788,0.6205034199135151,False,False,0.0272654370489174,3,0,45.1177713394165,False,True,17.64076543937995,50.0,Atencao,Atencao: foco visual fora da direcao,21.227558114251057
1777745973.735227,2411,True,0.2857933306282295,0.3294130947457916,0.3076032126870105,0.6199214955246457,False,False,0.0272654370489174,3,0,44.97167549133301,False,True,17.633460646975777,50.0,Atencao,Atencao: foco visual fora da direcao,21.501688269421372
1777745973.7771995,2412,True,0.281157390148477,0.33587091963361565,0.30851415489104633,0.6305464091830089,False,False,0.0272654370489174,3,0,45.8932541847229,False,True,17.679539581645273,50.0,Atencao,Atencao: foco visual fora da direcao,21.7042668628357
1777745973.8234227,2413,True,0.2810432880888377,0.3331254208695587,0.30708435447919824,0.62633769551025,False,False,0.0272654370489174,3,0,46.38648538589477,False,True,17.704201141703866,50.0,Atencao,Atencao: foco visual fora da direcao,21.735930399075066
1777745973.867585,2414,True,0.2818778073535479,0.34190886831361506,0.3118933378335815,0.6190175552080475,False,False,0.0272654370489174,3,0,46.173667335510245,False,True,17.693560239184638,50.0,Atencao,Atencao: foco visual fora da direcao,21.806865202580894
1777745973.909158,2415,True,0.2862443753013607,0.3404290431299666,0.31333670921566364,0.6246248078223523,False,False,0.0272654370489174,3,0,45.61215438842773,False,True,17.665484591830513,50.0,Atencao,Atencao: foco visual fora da direcao,22.048847103956767
1777745973.954038,2416,True,0.284705518926447,0.3425054895863995,0.31360550425642325,0.6218465462704075,False,False,0.0272654370489174,3,0,45.80465631484985,False,True,17.67510968815162,50.0,Atencao,Atencao: foco visual fora da direcao,22.07125790198092
1777745973.996881,2417,True,0.2844851809437161,0.34605189711587736,0.31526853902979673,0.6129769354011962,False,False,0.0272654370489174,3,0,45.45054893493652,False,True,17.65740431915595,50.0,Atencao,Atencao: foco visual fora da direcao,22.178512979215775
1777745974.0396874,2418,True,0.2769477831896512,0.3378903137488441,0.3074190484692476,0.640129586336889,False,False,0.027243589743589744,3,0,45.24502048492431,False,True,17.64412389217279,50.0,Atencao,Atencao: foco visual fora da direcao,22.26298956532169
1777745974.090968,2419,True,0.28459988909066747,0.34043018186616114,0.3125150354784143,0.6312837305245127,False,False,0.0272654370489174,3,0,45.64821443557739,False,True,17.667287594187997,50.0,Atencao,Atencao: foco visual fora da direcao,22.024359112515135
1777745974.1389148,2420,True,0.28073987858244975,0.33685321030931353,0.30879654444588167,0.6334679370331485,False,False,0.0272654370489174,3,0,45.81050996780395,False,True,17.675402370799326,50.0,Atencao,Atencao: foco visual fora da direcao,21.894775674487743
1777745974.185064,2421,True,0.2807925494443164,0.3415584619856138,0.3111755057149651,0.6163039710882444,False,False,0.0272654370489174,3,0,45.892806148529054,False,True,17.679517179835578,50.0,Atencao,Atencao: foco visual fora da direcao,21.82920694832079
1777745974.2378561,2422,True,0.27955711367918384,0.34107463544652694,0.31031587456285536,0.6318159762414208,False,False,0.0272654370489174,3,0,46.154488468170165,False,True,17.692601295817635,50.0,Atencao,Atencao: foco visual fora da direcao,21.562042777388804
1777745974.2872488,2423,True,0.28570016262911896,0.34150195249548876,0.31360105756230383,0.631570593734322,False,False,0.0272654370489174,3,0,45.53423814773559,False,True,17.661588779795906,50.0,Atencao,Atencao: foco visual fora da direcao,21.435813104143403
1777745974.3375306,2424,True,0.27927583985532006,0.3406735834373771,0.3099747116463486,0.6048592351526355,False,False,0.027287319422150885,3,0,45.86473608016968,False,True,17.681122502737214,50.0,Atencao,Atencao: foco visual fora da direcao,21.29729658674746
1777745974.381733,2425,True,0.27835152869208446,0.34099116274699104,0.30967134571953775,0.6104961361050719,False,False,0.027287319422150885,3,0,45.46512985229492,False,True,17.661142191343476,50.0,Atencao,Atencao: foco visual fora da direcao,21.444584308367254
1777745974.4305346,2426,True,0.2762756653539944,0.3386470307734823,0.30746134806373837,0.621009053747051,False,False,0.027287319422150885,3,0,45.47557458877563,False,True,17.661664428167512,50.0,Atencao,Atencao: foco visual fora da direcao,21.3131420411997
1777745974.4763243,2427,True,0.28165712512452523,0.33009439909333177,0.30587576210892853,0.6264727942963458,False,False,0.027287319422150885,3,0,45.01813907623291,False,True,17.638792652540374,50.0,Atencao,Atencao: foco visual fora da direcao,21.38232382932288
1777745974.521076,2428,True,0.2842577219342288,0.3377143963440711,0.31098605913914995,0.6195512481855332,False,False,0.027287319422150885,3,0,45.599102115631105,False,True,17.667840804510284,50.0,Atencao,Atencao: foco visual fora da direcao,21.466679158652553
1777745974.564907,2429,True,0.28320964539003296,0.33205675109133764,0.3076331982406853,0.6313750063382823,False,False,0.027287319422150885,3,0,44.94913206100464,False,True,17.635342301778962,50.0,Atencao,Atencao: foco visual fora da direcao,21.612479797875572
1777745974.6055582,2430,True,0.28412324424559465,0.32407599744172333,0.304099620843659,0.6295225683726472,False,False,0.027287319422150885,3,0,44.69122629165649,False,True,17.622447013311557,50.0,Atencao,Atencao: foco visual fora da direcao,21.919021000009916
1777745974.6476364,2431,True,0.28312199287053336,0.3220483434250887,0.302585168147811,0.6409007884640469,False,False,0.027287319422150885,3,0,45.97171630859375,False,True,17.68647151415842,50.0,Atencao,Atencao: foco visual fora da direcao,22.11613135148784
1777745974.6948113,2432,True,0.2808779964775623,0.33962757357893547,0.3102527850282489,0.6278303072368829,False,False,0.027287319422150885,3,0,45.60825424194336,False,True,17.668298410825898,50.0,Atencao,Atencao: foco visual fora da direcao,22.03193789280574
1777745974.7383022,2433,True,0.2833382789577014,0.3415416235060586,0.31243995123188,0.6114387331480989,False,False,0.027287319422150885,3,0,45.750100612640374,False,True,17.67539072936075,50.0,Atencao,Atencao: foco visual fora da direcao,22.085545537302266
1777745974.7860806,2434,True,0.28099887268940016,0.33980036075781833,0.3103996167236093,0.6354116415875247,False,False,0.027287319422150885,3,0,46.05771780014038,False,True,17.69077158873575,50.0,Atencao,Atencao: foco visual fora da direcao,21.98474794970726
1777745974.8294916,2435,True,0.28411811713741547,0.34211997707478403,0.3131190471060997,0.6426047165261741,False,False,0.027287319422150885,3,0,45.89791994094848,False,True,17.682781695776153,50.0,Atencao,Atencao: foco visual fora da direcao,22.07656803095407
1777745974.8766139,2436,True,0.28099929908255517,0.3432866913435076,0.31214299521303135,0.6342362294688159,False,False,0.027287319422150885,3,0,45.857168388366695,False,True,17.680744118147064,50.0,Atencao,Atencao: foco visual fora da direcao,22.011440870611775
1777745974.926403,2437,True,0.28427066484828606,0.3421920458296582,0.3132313553389721,0.6369348444607306,False,False,0.027287319422150885,3,0,45.9553861618042,False,True,17.68565500681894,50.0,Atencao,Atencao: foco visual fora da direcao,21.832807325884666
1777745974.976131,2438,True,0.2853595908073182,0.34403427725207913,0.31469693402969867,0.6476097902713063,False,False,0.027287319422150885,3,0,45.923325824737546,False,True,17.68405198996561,50.0,Atencao,Atencao: foco visual fora da direcao,21.65985566360691
1777745975.0213747,2439,True,0.2882615921857625,0.34328254372126976,0.31577206795351614,0.6504934806704004,False,True,0.027287319422150885,3,0,45.78759489059448,False,True,17.677265443258456,50.0,Atencao,Atencao: foco visual fora da direcao,21.700791002520454
1777745975.065656,2440,True,0.28599696718760925,0.3387613173175926,0.31237914225260094,0.6374367326039394,False,False,0.027287319422150885,3,0,45.82522649765014,False,True,17.679147023611236,50.0,Atencao,Atencao: foco visual fora da direcao,21.764949356843417
1777745975.1176383,2441,True,0.28204572981162035,0.34585796261593527,0.3139518462137778,0.6278664247549908,False,False,0.027287319422150885,3,0,46.06604509353638,False,True,17.69118795340555,50.0,Atencao,Atencao: foco visual fora da direcao,21.50944780566593
1777745975.1705098,2442,True,0.28535410629552344,0.3500215629709632,0.31768783463324335,0.6171134599808396,False,False,0.027287319422150885,3,0,45.79086074829101,False,True,17.67742873614328,50.0,Atencao,Atencao: foco visual fora da direcao,21.238658174013292
1777745975.2208078,2443,True,0.2788411175769049,0.3493756335715134,0.3141083755742091,0.6134415697911949,False,False,0.027287319422150885,3,0,45.843801116943354,False,True,17.6800757545759,50.0,Atencao,Atencao: foco visual fora da direcao,21.10627676979798
1777745975.2709343,2444,True,0.2794783747601947,0.3445669450601535,0.3120226599101741,0.6134327562822899,False,False,0.027287319422150885,3,0,45.90944013595581,False,True,17.68335770552652,50.0,Atencao,Atencao: foco visual fora da direcao,21.01079086893934
1777745975.327235,2445,True,0.27907902709653987,0.3418124781993723,0.3104457526479561,0.6240003627619326,False,False,0.027287319422150885,3,0,46.01519041061402,False,True,17.68864521925943,50.0,Atencao,Atencao: foco visual fora da direcao,20.690563704700693
1777745975.3770623,2446,True,0.28494925720732384,0.3423008907388942,0.313625073973109,0.6429985064539347,False,False,0.027309236947791166,3,0,45.918077278137204,False,True,17.68680322241113,50.0,Atencao,Atencao: foco visual fora da direcao,20.612393059972014
1777745975.427951,2447,True,0.28741705600265144,0.34705703064756266,0.31723704332510705,0.6442367860104427,False,False,0.027309236947791166,3,0,45.823477268218994,False,True,17.682073221915218,50.0,Atencao,Atencao: foco visual fora da direcao,20.510547281704273
1777745975.4732997,2448,True,0.2803938342207244,0.32807142855232724,0.3042326313865258,0.6199016248407803,False,False,0.027309236947791166,3,0,45.52047691345214,False,True,17.666923204176875,50.0,Atencao,Atencao: foco visual fora da direcao,20.69295155876417
1777745975.5204172,2449,True,0.22487699512048376,0.28614136922877376,0.25550918217462876,0.6318153925139317,False,False,0.027309236947791166,3,0,45.40034313201904,False,True,17.66091651510522,50.0,Atencao,Atencao: foco visual fora da direcao,20.729194386449805
1777745975.5646822,2450,True,0.18832112814137336,0.2913096446073031,0.23981538637433822,0.6337038812618867,False,False,0.027287319422150885,3,0,45.68237590789795,False,True,17.672004494123627,50.0,Atencao,Atencao: foco visual fora da direcao,20.915028749606982
1777745975.6041896,2451,True,0.17788556904616826,0.2958455204767126,0.23686554476144042,0.6460222379921634,False,False,0.0272654370489174,3,0,46.023629283905024,False,True,17.686058336604376,50.0,Atencao,Atencao: foco visual fora da direcao,21.327751756514616
1777745975.6479485,2452,True,0.21094096466209236,0.2971023987250775,0.2540216816935849,0.638838539407036,False,False,0.027243589743589744,3,0,45.873294258117674,False,True,17.675537580832458,50.0,Atencao,Atencao: foco visual fora da direcao,21.527702628293845
1777745975.6897073,2453,True,0.22728436720521455,0.33011692336936327,0.2787006452872889,0.6219444278696024,False,False,0.02722177742193755,3,0,45.460993671417235,False,True,17.651923357270256,50.0,Atencao,Atencao: foco visual fora da direcao,21.71957076243057
1777745975.7347937,2454,True,0.23568660652792664,0.33071549908870523,0.2832010528083159,0.6061761497286905,False,False,0.0272,3,0,45.51818695068359,False,True,17.65178862571716,50.0,Atencao,Atencao: foco visual fora da direcao,21.804201229160153
1777745975.7804902,2455,True,0.2343007968272417,0.3209157594761476,0.27760827815169464,0.6093869561754068,False,False,0.0272,3,0,45.72986602783203,False,True,17.662372579574583,50.0,Atencao,Atencao: foco visual fora da direcao,21.819170788841802
1777745976.00594,2456,True,0.23395566731573475,0.311329921147784,0.2726427942317594,0.6182332125497494,False,False,0.027287319422150885,3,0,45.53006677627563,False,True,17.664389037542513,50.0,Atencao,Atencao: foco visual fora da direcao,20.079777013191336
1777745976.0517325,2457,True,0.23041463250144376,0.3103901719875343,0.270402402244489,0.6387884514285334,False,False,0.027287319422150885,3,0,45.7247127532959,False,True,17.674121336393526,50.0,Atencao,Atencao: foco visual fora da direcao,20.245310729209027
1777745976.0985432,2458,True,0.1685231067373504,0.20304497131076282,0.1857840390240566,0.6379872968839215,True,False,0.028089887640449437,3,0,44.66817302703857,False,True,17.731647480096708,50.0,Atencao,Atencao: foco visual fora da direcao,20.384457562536035
1777745976.1452484,2459,True,0.1267232911310527,0.1508061808308347,0.1387647359809437,0.5842014171428521,True,False,0.02891566265060241,3,0,43.74055528640747,False,True,17.798810656961187,50.0,Atencao,Atencao: foco visual fora da direcao,20.490236658671492
1777745976.1946287,2460,True,0.22289167107424213,0.24438939584365568,0.23364053345894892,0.2814530024182148,False,False,0.02891566265060241,3,0,45.032818698883055,False,True,17.860118503666307,50.0,Atencao,Atencao: foco visual fora da direcao,20.466344878017704
1777745976.2446308,2461,True,0.23888844871998965,0.27644908865217194,0.2576687686860808,0.17967737268021935,False,False,0.02891566265060241,3,0,46.375031280517575,False,True,17.92722913274803,50.0,Atencao,Atencao: foco visual fora da direcao,20.416882394514225
1777745976.2960007,2462,True,0.2588098723569204,0.27316680763067563,0.265988339993798,0.19055767090488915,False,False,0.02891566265060241,3,0,46.003255653381345,False,True,17.90864035139122,50.0,Atencao,Atencao: foco visual fora da direcao,20.29378084874954
1777745976.3471835,2463,True,0.2628097911663194,0.3168589017307979,0.28983434644855866,0.22151815031176061,False,False,0.028112449799196786,3,0,47.67296123504639,False,True,17.8816838634062,50.0,Atencao,Atencao: foco visual fora da direcao,20.254456474292596
1777745976.3983135,2464,True,0.24595316489586735,0.3275591858022886,0.286756175349078,0.2622444273087096,False,False,0.02652733118971061,3,0,48.30191049575806,False,True,17.695177517637433,50.0,Atencao,Atencao: foco visual fora da direcao,20.17237724406358
1777745976.4476624,2465,True,0.2523402375023057,0.3276975064161713,0.2900188719592385,0.27078047879359135,False,False,0.02652733118971061,3,0,47.681079101562496,False,True,17.659525894229432,50.0,Atencao,Atencao: foco visual fora da direcao,20.15599188273217
1777745976.4971561,2466,True,0.26461523443044627,0.35891070490431504,0.31176296966738065,0.2520650269559379,False,False,0.02652733118971061,3,0,49.82830543518067,False,True,17.76688721091034,50.0,Atencao,Atencao: foco visual fora da direcao,20.183281092336628
1777745976.5435305,2467,True,0.26396127206406467,0.34012815670289254,0.3020447143834786,0.2609685669889342,False,False,0.02652733118971061,3,0,49.82143383026123,False,True,17.766543630664373,50.0,Atencao,Atencao: foco visual fora da direcao,20.337378388388704
1777745976.589396,2468,True,0.2800819226276238,0.35963838069910053,0.3198601516633622,0.25471781375627434,False,False,0.02652733118971061,3,0,49.32642679214477,False,True,17.741793278758546,50.0,Atencao,Atencao: foco visual fora da direcao,20.451651383848894
1777745976.6355577,2469,True,0.2721534881357648,0.32669802572543866,0.2994257569306017,0.007615213834797895,False,False,0.02652733118971061,3,0,51.042792510986324,False,True,17.827611564700625,50.0,Atencao,Atencao: foco visual fora da direcao,20.587235464572448
1777745976.6788793,2470,True,0.2651869614230584,0.348532803670453,0.30685988254675567,0.008302109944915339,False,False,0.02652733118971061,3,0,51.70448017120361,False,True,17.86069594771149,50.0,Atencao,Atencao: foco visual fora da direcao,20.833976791525927
1777745976.7269657,2471,True,0.2623445837838548,0.3456580325809256,0.3040013081823902,0.01662559589984503,False,False,0.02652733118971061,3,0,51.61055908203125,False,True,17.85599989325287,50.0,Atencao,Atencao: foco visual fora da direcao,20.8456667605203
1777745976.780607,2472,True,0.2601409514728674,0.3464081274989759,0.30327453948592165,0.1966507173372938,False,False,0.02654867256637168,3,0,52.3757619857788,False,True,17.897194477731148,50.0,Atencao,Atencao: foco visual fora da direcao,20.60406135435729
1777745976.8270848,2473,True,0.2574453150849431,0.3556028051188113,0.3065240601018772,0.18261581655581594,False,False,0.02652733118971061,3,0,51.65471725463867,False,True,17.858207801883243,50.0,Atencao,Atencao: foco visual fora da direcao,20.730465690117843
1777745976.8706963,2474,True,0.2609817959480428,0.3381131366218918,0.2995474662849673,0.19073759938938525,False,False,0.02652733118971061,3,0,52.23965682983398,False,True,17.887454780643008,50.0,Atencao,Atencao: foco visual fora da direcao,20.9513443491947
1777745976.9141247,2475,True,0.26283278063926285,0.33444549365204834,0.2986391371456556,0.20277051507955482,False,False,0.02652733118971061,3,0,52.070728302001946,False,True,17.879008354251408,50.0,Atencao,Atencao: foco visual fora da direcao,21.11915508982484
1777745976.9600034,2476,True,0.25986500506105237,0.3466821665327537,0.303273585796903,0.22236959513569313,False,False,0.02652733118971061,3,0,53.12740707397461,False,True,17.93184229285004,50.0,Atencao,Atencao: foco visual fora da direcao,21.179669705606422
1777745977.0091252,2477,True,0.263100277522084,0.3412348469623638,0.30216756224222385,0.21274148764556447,False,False,0.02652733118971061,3,0,52.744028854370114,False,True,17.912673381869816,50.0,Atencao,Atencao: foco visual fora da direcao,21.111273658340956
1777745977.0568948,2478,True,0.2597641681632459,0.3518084208458673,0.3057862945045566,0.00350901173094528,False,False,0.02652733118971061,3,0,53.27772922515869,False,True,17.939358400409244,50.0,Atencao,Atencao: foco visual fora da direcao,21.11863326917856
1777745977.1062522,2479,True,0.26097713685503227,0.3454148038270965,0.3031959703410644,0.006221392202526168,False,False,0.02652733118971061,3,0,52.75887756347656,False,True,17.913415817325138,50.0,Atencao,Atencao: foco visual fora da direcao,20.985451625185593
1777745977.1622121,2480,True,0.25765538884714667,0.3442107657722821,0.3009330773097144,0.0054420494111060164,False,False,0.02652733118971061,3,0,52.529807472228995,False,True,17.90196231276276,50.0,Atencao,Atencao: foco visual fora da direcao,20.71192380046376
1777745977.211941,2481,True,0.2729187698686646,0.36189957005090745,0.317409169959786,0.20658973078988507,False,False,0.02652733118971061,3,0,52.99644832611084,False,True,17.92529435545685,50.0,Atencao,Atencao: foco visual fora da direcao,20.602346536308335
1777745977.265471,2482,True,0.2713377502534331,0.3388542107398012,0.3050959804966171,0.2700508475867225,False,False,0.02652733118971061,3,0,52.818835449218746,False,True,17.916413711612247,50.0,Atencao,Atencao: foco visual fora da direcao,20.43476083249407
1777745977.3216453,2483,True,0.28301362832691357,0.3356228310087051,0.3093182296678093,0.27798865899261926,False,False,0.02654867256637168,3,0,53.0866117477417,False,True,17.932736965829292,50.0,Atencao,Atencao: foco visual fora da direcao,20.1825519633481
1777745977.3718083,2484,True,0.2686362175294872,0.34808156170970816,0.3083588896195977,0.26130489917763483,False,False,0.02654867256637168,3,0,53.429501914978026,False,True,17.94988147419111,50.0,Atencao,Atencao: foco visual fora da direcao,20.133052612654026
1777745977.4222782,2485,True,0.28019234970960577,0.33829572896460663,0.3092440393371062,0.2904994663449442,False,False,0.02654867256637168,3,0,52.99197139739991,False,True,17.9280049483122,50.0,Atencao,Atencao: foco visual fora da direcao,20.12949866461055
1777745977.4693356,2486,True,0.27512590059940484,0.34446414943228204,0.30979502501584344,0.27908686751605744,False,False,0.02654867256637168,3,0,52.84087677001953,False,True,17.92045021694318,50.0,Atencao,Atencao: foco visual fora da direcao,20.223013749177397
1777745977.520122,2487,True,0.2777208483088096,0.34759168078015734,0.3126562645444835,0.2810956708860773,False,False,0.02652733118971061,3,0,53.29790630340576,False,True,17.940367254321597,50.0,Atencao,Atencao: foco visual fora da direcao,20.183505694836878
1777745977.571007,2488,True,0.28321629551559,0.34684958577963576,0.3150329406476129,0.25118922979423913,False,False,0.02650602409638554,3,0,52.83875675201416,False,True,17.914480051419822,50.0,Atencao,Atencao: foco visual fora da direcao,20.11793686303484
1777745977.6243587,2489,True,0.27144832133372276,0.36650640529457085,0.31897736331414683,0.2156457420758545,False,False,0.026484751203852328,3,0,52.75578079223633,False,True,17.90740623070761,50.0,Atencao,Atencao: foco visual fora da direcao,19.993074477694307
1777745977.6735566,2490,True,0.2859466889077571,0.35852648949796095,0.322236589202859,0.19469860570089373,False,False,0.026463512429831595,3,0,52.60267086029052,False,True,17.896830402682472,50.0,Atencao,Atencao: foco visual fora da direcao,20.019567627523625
1777745977.7216785,2491,True,0.2637425929916653,0.345566157240118,0.30465437511589166,0.17696738664549483,False,False,0.026442307692307692,3,0,52.717845344543456,False,True,17.89967347548558,50.0,Atencao,Atencao: foco visual fora da direcao,20.108117249092523
1777745977.7672887,2492,True,0.261034987873757,0.3597940560137849,0.31041452194377095,0.06254390885155382,False,False,0.02642113690952762,3,0,52.65589962005615,False,True,17.893665206628956,50.0,Atencao,Atencao: foco visual fora da direcao,20.27590254961685
1777745977.8141794,2493,True,0.27840649277823076,0.3726929808001459,0.3255497367891883,0.001843394627160242,False,False,0.0264,3,0,52.38706073760986,False,True,17.877316937446594,50.0,Atencao,Atencao: foco visual fora da direcao,20.39666461548889
1777745977.8611717,2494,True,0.27963947929538546,0.37107384073328714,0.3253566600143363,0.0022979975109637006,False,False,0.026378896882494004,3,0,52.225832939147956,False,True,17.866353868866426,50.0,Atencao,Atencao: foco visual fora da direcao,20.485658653170248
1777745977.9062827,2495,True,0.2729649981223621,0.3752494313385784,0.3241072147304702,0.0035787593004593717,False,False,0.026357827476038338,3,0,52.374053955078125,False,True,17.87086787627528,50.0,Atencao,Atencao: foco visual fora da direcao,20.634759743222357
1777745977.9560072,2496,True,0.252944822235773,0.36114081796222974,0.3070428200990014,0.003065291432349116,False,False,0.026336791699920193,3,0,52.35224437713622,False,True,17.86688497816194,50.0,Atencao,Atencao: foco visual fora da direcao,20.588848689437018
1777745978.0044713,2497,True,0.2570384755075345,0.3661853581312193,0.3116119168193769,0.0018390874045403982,False,False,0.02631578947368421,3,0,52.29974174499512,False,True,17.861372040447435,50.0,Atencao,Atencao: foco visual fora da direcao,20.60321596602212
1777745978.0511768,2498,True,0.2596790180283851,0.36812062146738056,0.31389981974788284,0.00206805013278603,False,False,0.026294820717131476,3,0,52.35863018035889,False,True,17.86143325818962,50.0,Atencao,Atencao: foco visual fora da direcao,20.66512644803166
1777745978.1034048,2499,True,0.25820988599386724,0.35642790726619955,0.3073188966300334,0.017333185255045225,False,False,0.026273885350318472,3,0,52.1861328125,False,True,17.84992977685989,50.0,Atencao,Atencao: foco visual fora da direcao,20.4980428346048
1777745978.1551642,2500,True,0.27106709332034096,0.34490382746487475,0.3079854603926079,0.08114337763210702,False,False,0.026252983293556086,3,0,52.566038322448726,False,True,17.8660510195525,50.0,Atencao,Atencao: foco visual fora da direcao,20.39571131525544
1777745978.2035272,2501,True,0.2628492625573513,0.3530787462646971,0.30796400441102423,0.11099063998370502,False,False,0.026252983293556086,3,0,52.450961685180665,False,True,17.860297187689095,50.0,Atencao,Atencao: foco visual fora da direcao,20.42462352975484
1777745978.2499974,2502,True,0.2669242052296307,0.3542518377429816,0.31058802148630615,0.1218637845026317,False,False,0.026252983293556086,3,0,52.99017753601074,False,True,17.8872579802306,50.0,Atencao,Atencao: foco visual fora da direcao,20.533628802265515
1777745978.2962112,2503,True,0.2631489929543376,0.35910822537728077,0.3111286091658092,0.06998483646596475,False,False,0.026252983293556086,3,0,53.20727424621582,False,True,17.898112815740856,50.0,Atencao,Atencao: foco visual fora da direcao,20.639263110728002
1777745978.338939,2504,True,0.2703318123615583,0.36125750315743677,0.31579465775949755,0.004320700347607426,False,False,0.026252983293556086,3,0,52.7352912902832,False,True,17.874513667944225,50.0,Atencao,Atencao: foco visual fora da direcao,20.929890153065912
1777745978.3867092,2505,True,0.27735002170730916,0.3610247826267141,0.31918740216701164,0.004227760214875264,False,False,0.026252983293556086,3,0,52.34809188842773,False,True,17.85515369785145,50.0,Atencao,Atencao: foco visual fora da direcao,20.926686684523105
1777745978.4338815,2506,True,0.2789803919188276,0.3604770187564039,0.31972870533761577,0.0037420674062964127,False,False,0.026252983293556086,3,0,52.34769535064697,False,True,17.855133870962412,50.0,Atencao,Atencao: foco visual fora da direcao,20.961514631183046
1777745978.4808245,2507,True,0.2724672239033102,0.33410742026337836,0.3032873220833443,0.005313128486423519,False,False,0.026273885350318472,3,0,52.48344345092774,False,True,17.86479530878128,50.0,Atencao,Atencao: foco visual fora da direcao,20.952396637730345
1777745978.5332305,2508,True,0.07068406776876826,0.0662096798483157,0.06844687380854197,0.005711719893574121,True,False,0.027070063694267517,3,0,52.38612003326416,False,True,17.96940366019109,50.0,Atencao,Atencao: foco visual fora da direcao,20.792336210496572
1777745978.5823667,2509,True,0.13016554815597564,0.11854878431065827,0.12435716623331695,0.004165610416761042,True,False,0.02786624203821656,3,0,54.20828151702881,False,True,18.169986256672317,50.0,Atencao,Atencao: foco visual fora da direcao,20.732027997428133
1777745978.6328685,2510,True,0.23634021306742325,0.25334981905114756,0.2448450160592854,0.1574151400707195,False,False,0.02786624203821656,3,0,49.40250365896658,False,True,17.927748633618346,50.0,Atencao,Atencao: foco visual fora da direcao,20.67016108690671
1777745978.681059,2511,True,0.25696913228325097,0.28140292704467035,0.26918602966396066,0.18492731842873025,False,False,0.02786624203821656,3,0,40.508633620630604,False,False,17.483055131701548,50.0,Atencao,Atencao: sinais iniciais de risco,20.62412681186374
1777745978.7316022,2512,True,0.24956291730604338,0.2847887398623241,0.26717582858418376,0.20285894954917938,False,False,0.02786624203821656,3,0,41.21703267530962,False,False,17.5184750844355,50.0,Atencao,Atencao: sinais iniciais de risco,20.580183122062078
1777745978.784673,2513,True,0.254317959067475,0.3320692906704709,0.29319362486897294,0.19886353467451826,False,False,0.02786624203821656,3,0,36.9231890250336,False,False,17.3037829019217,50.0,Atencao,Atencao: sinais iniciais de risco,20.391149016308848
1777745978.83519,2514,True,0.2598140808381788,0.2901388911064939,0.27497648597233637,0.1053841888816719,False,False,0.02786624203821656,3,0,32.94117793115702,False,False,17.104682347227868,50.0,Atencao,Atencao: sinais iniciais de risco,20.319531065386627
1777745978.8809228,2515,True,0.24891625914008234,0.31218517463234935,0.28055071688621586,0.11115007022763804,False,False,0.02786624203821656,3,0,34.24064427749677,False,False,17.169655664544855,50.0,Atencao,Atencao: sinais iniciais de risco,20.519700884555284
1777745978.9280725,2516,True,0.26434805545014645,0.28176997006861,0.2730590127593782,0.0034257982551680177,False,False,0.02786624203821656,3,0,32.3179316629063,False,False,17.073520033815335,50.0,Atencao,Atencao: sinais iniciais de risco,20.58904898392414
1777745978.9720008,2517,True,0.26333821368819194,0.28964182075582556,0.2764900172220087,0.13530280264904607,False,False,0.02786624203821656,3,0,29.265621145340532,False,False,16.920904507937045,50.0,Atencao,Atencao: sinais iniciais de risco,20.813973885635143
1777745979.0219357,2518,True,0.26246275274532416,0.27772136026541766,0.27009205650537094,0.242093498860103,False,False,0.02786624203821656,3,0,30.104620966992595,False,False,16.96285449901965,50.0,Atencao,Atencao: sinais iniciais de risco,20.733232713114912
1777745979.065845,2519,True,0.25774473172756257,0.2681108303506591,0.26292778103911085,0.23029856066946683,False,False,0.02786624203821656,3,0,30.374847869845954,False,False,16.976365844162316,50.0,Atencao,Atencao: sinais iniciais de risco,20.886431324157765
1777745979.1148102,2520,True,0.274951810998983,0.2790579620721971,0.2770048865355901,0.16316687370214392,False,False,0.02786624203821656,3,0,28.161145212704486,False,False,16.86568071130524,50.0,Atencao,Atencao: sinais iniciais de risco,20.87403201849366
1777745979.1656036,2521,True,0.255662830583625,0.3059595718113807,0.28081120119750286,0.15078018490475048,False,False,0.02786624203821656,3,0,28.367354349114677,False,False,16.87599116812575,50.0,Atencao,Atencao: sinais iniciais de risco,20.723127162250616
1777745979.2165103,2522,True,0.2726536615235103,0.28505099901323117,0.27885233026837075,0.004260873251232883,False,False,0.02786624203821656,3,0,27.03564385521141,False,False,16.80940564343059,50.0,Atencao,Atencao: sinais iniciais de risco,20.65182695721394
1777745979.264542,2523,True,0.2805174530740845,0.29606842607372097,0.28829293957390273,0.1268353260067589,False,False,0.02786624203821656,3,0,26.06117590029131,False,False,16.760682245684585,50.0,Atencao,Atencao: sinais iniciais de risco,20.674575394844975
1777745979.309289,2524,True,0.26468830746244515,0.2931537804952468,0.278921043978846,0.16213400201255607,False,False,0.02786624203821656,3,0,27.12319922758774,False,False,16.813783412049407,50.0,Atencao,Atencao: sinais iniciais de risco,20.83143093133758
1777745979.3615365,2525,True,0.26579470006829287,0.2900900361633959,0.2779423681158444,0.20953683351876912,False,False,0.027888446215139442,3,0,27.695834781500423,False,False,16.845468264071936,50.0,Atencao,Atencao: sinais iniciais de risco,20.64228103900089
1777745979.4058347,2526,True,0.2683435570895608,0.29577581004413644,0.28205968356684863,0.23357051199175605,False,False,0.02786624203821656,3,0,28.782394851879644,False,False,16.896743193264,50.0,Atencao,Atencao: sinais iniciais de risco,20.830092157265856
1777745979.457286,2527,True,0.26105098658720377,0.2888040261188223,0.274927506353013,0.23425392714929305,False,False,0.027888446215139442,3,0,29.396536103297365,False,False,16.930503330161784,50.0,Atencao,Atencao: sinais iniciais de risco,20.703693151587885
1777745979.5048738,2528,True,0.2594173123364433,0.29755650871857914,0.2784869105275112,0.23127929088430013,False,False,0.027888446215139442,3,0,29.86428175392476,False,False,16.95389061269315,50.0,Atencao,Atencao: sinais iniciais de risco,20.75774705626481
1777745979.5540643,2529,True,0.2656671062656929,0.29927315509105956,0.28247013067837623,0.2573365855095115,False,False,0.027888446215139442,3,0,29.93613256324421,False,False,16.957483153159124,50.0,Atencao,Atencao: sinais iniciais de risco,20.711679139030554
1777745979.9814148,2530,True,0.15950037578987275,0.12075924184693956,0.14012980881840614,0.2823902793970852,True,False,0.0272654370489174,3,0,29.377327793430197,False,False,16.848006315021006,50.0,Atencao,Atencao: sinais iniciais de risco,18.874036376021394
1777745980.0235267,2531,True,0.13914254526046624,0.13201343308724492,0.13557798917385558,0.15948829474772028,True,False,0.028067361668003207,3,0,29.10870289274237,False,False,16.944839705110912,50.0,Atencao,Atencao: sinais iniciais de risco,19.419823408033004
1777745980.069129,2532,True,0.12640741176618506,0.12970558832489149,0.12805650004553826,0.17775752901640518,True,False,0.028067361668003207,3,0,29.157929330386896,False,False,16.947301026993138,50.0,Atencao,Atencao: sinais iniciais de risco,19.63656327398955
1777745980.1161485,2533,True,0.14022858928722426,0.14373951283699085,0.14198405106210754,0.15465595669428622,True,False,0.028067361668003207,3,0,29.206910760023376,False,False,16.94975009847496,50.0,Atencao,Atencao: sinais iniciais de risco,19.83378893265922
1777745980.1650748,2534,True,0.14378111272718802,0.18981538428766395,0.16679824850742597,0.20600987241058916,True,False,0.028869286287089013,3,0,30.47608212855729,False,False,17.130588858669515,50.0,Atencao,Atencao: sinais iniciais de risco,19.886476928416517
1777745980.21339,2535,True,0.15368689174681194,0.18699453414407644,0.17034071294544417,0.2248213941271429,True,False,0.02969502407704655,3,0,30.05756206078963,False,False,17.223201801400293,50.0,Atencao,Atencao: sinais iniciais de risco,19.963808344610236
1777745980.2668273,2536,True,0.19202868874375398,0.21466148855590475,0.20334508864982936,0.2497242589023756,True,False,0.030497592295345103,3,0,32.754245567050845,False,False,17.468389106729404,50.0,Atencao,Atencao: sinais iniciais de risco,19.84475892070755
1777745980.3176572,2537,True,0.185968666717705,0.2159875750191309,0.20097812086841796,0.23165875646674317,True,False,0.03130016051364366,3,0,34.3173057902943,False,False,17.656895247907627,50.0,Atencao,Atencao: sinais iniciais de risco,19.808601923223822
1777745980.3653224,2538,True,0.18781486864246597,0.22143734547389782,0.2046261070581819,0.23175000417767003,True,False,0.03210272873194221,3,0,33.912142583185975,False,False,17.746990217568264,50.0,Atencao,Atencao: sinais iniciais de risco,19.951280735324588
1777745980.420069,2539,True,0.14304221576289466,0.14559317620211346,0.14431769598250405,0.1988588117381475,True,False,0.03290529695024077,3,0,35.561795036630194,False,False,17.939825970256525,50.0,Atencao,Atencao: sinais iniciais de risco,19.737442351351554
1777745980.4750817,2540,True,0.11779132066972496,0.10929749116469036,0.11354440591720766,0.19026264743294521,True,False,0.033734939759036145,3,0,37.4026608762416,False,False,18.145945148446458,50.0,Atencao,Atencao: sinais iniciais de risco,19.6158415092536
1777745980.5278573,2541,True,0.11693995530741454,0.119493173420925,0.11821656436416977,0.21025271121356187,True,False,0.03453815261044177,3,0,38.768092879652976,False,False,18.3246585156853,50.0,Atencao,Atencao: sinais iniciais de risco,19.553264366192764
1777745980.5743392,2542,True,0.13220887720899926,0.1426870445750255,0.1374479608920124,0.19381827622250422,True,False,0.035341365461847386,3,0,40.65697529641065,False,False,18.52954440359146,50.0,Atencao,Atencao: sinais iniciais de risco,19.75177348092091
1777745980.6309848,2543,True,0.13032238870519103,0.17356071913058618,0.1519415539178886,0.1959538300551929,True,False,0.036115569823434994,3,0,45.67193158025091,False,False,18.886745317501767,50.0,Atencao,Atencao: sinais iniciais de risco,19.538555430734014
1777745980.6849802,2544,True,0.14426208136823146,0.14923336610636057,0.146747723737296,0.20818949272591267,True,False,0.03688853247794707,3,0,47.18604027087038,False,False,19.068733117028152,50.0,Atencao,Atencao: sinais iniciais de risco,19.402703211766376
1777745980.738764,2545,True,0.18250155009506847,0.15912873842635117,0.17081514426070982,0.23800836595787017,True,False,0.03766025641025641,3,0,52.50778076161038,False,False,19.440932182257686,50.0,Atencao,Atencao: sinais iniciais de risco,19.333032304923684
1777745980.78923,2546,True,0.1872819158082027,0.18086626207552287,0.18407408894186278,0.18931278347507546,True,False,0.038461538461538464,3,0,55.68917761878534,False,False,19.710178307167716,50.0,Atencao,Atencao: sinais iniciais de risco,19.397363875886132
1777745981.0245063,2547,True,0.19532872524398592,0.20546696179473567,0.2003978435193608,0.0880319446085178,True,False,0.03938906752411576,3,0,62.18844372142445,False,True,20.162676858404048,50.0,Atencao,Atencao: sinais iniciais de risco,17.882898268768226
1777745981.0674121,2548,True,0.19426047704364377,0.22244489326412661,0.2083526851538852,0.08330566483345751,True,False,0.04019292604501608,3,0,61.131024386666034,False,True,20.220336438289923,50.0,Atencao,Atencao: sinais iniciais de risco,18.413449023354257
1777745981.1162782,2549,True,0.2180548220864941,0.22054962635509434,0.2193022242207942,0.20452622906354342,False,False,0.04019292604501608,3,0,62.84567432782866,False,True,20.562123501804777,50.0,Atencao,Atencao: sinais iniciais de risco,18.648378121448562
1777745981.169194,2550,True,0.21103214545194077,0.23830999176413398,0.22467106860803737,0.2253098589616888,False,False,0.04019292604501608,3,0,63.9818954158913,False,True,20.61893455620791,50.0,Atencao,Atencao: sinais iniciais de risco,18.634367351416508
1777745981.228388,2551,True,0.22615752286594623,0.23027241021515646,0.22821496654055135,0.21258011302086086,False,False,0.04022526146419952,3,0,62.82571182250975,False,True,20.565571496676554,50.0,Atencao,Atencao: sinais iniciais de risco,18.480723970678863
1777745981.281864,2552,True,0.21693641805730132,0.24922738057657975,0.23308189931694054,0.2139591864238914,False,False,0.04022526146419952,3,0,60.09421195983886,False,True,20.42899650354301,50.0,Atencao,Atencao: sinais iniciais de risco,18.513266384157376
1777745981.3324535,2553,True,0.23121917617997662,0.2583285820928931,0.24477387913643486,0.19937914118037878,False,False,0.04022526146419952,3,0,59.18118457794189,False,True,20.38334513444816,50.0,Atencao,Atencao: sinais iniciais de risco,18.630734352436424
1777745981.3805175,2554,True,0.227176668256834,0.2769653701885879,0.25207101922271097,0.17378612844908717,False,False,0.04022526146419952,3,0,57.48823947906494,False,True,20.298697879504314,50.0,Atencao,Atencao: sinais iniciais de risco,18.855247707664414
1777745981.4314654,2555,True,0.22829797561185092,0.27950885122552016,0.25390341341868555,0.0579326759171182,False,False,0.04022526146419952,3,0,56.24979877471924,False,True,20.236775844287028,50.0,Atencao,Atencao: sinais iniciais de risco,18.927700815265244
1777745981.4807162,2556,True,0.23346990545624804,0.2647539913783902,0.2491119484173191,0.0026557303658471506,False,False,0.040257648953301126,3,0,55.49632549285889,False,True,20.20355545994548,50.0,Atencao,Atencao: sinais iniciais de risco,19.047979316049414
1777745981.5356941,2557,True,0.1947900166399642,0.27265132317955126,0.23372066990975773,0.003702067056918186,False,False,0.040257648953301126,3,0,54.78926258087158,False,True,20.168202314346114,50.0,Atencao,Atencao: sinais iniciais de risco,18.975226789009163
1777745981.588761,2558,True,0.2209958556276441,0.27762318213583337,0.24930951888173875,0.003820891150068446,False,False,0.040257648953301126,3,0,52.11718999364159,False,True,20.034598684984616,50.0,Atencao,Atencao: sinais iniciais de risco,18.923519461794278
1777745981.6414638,2559,True,0.21506773016823258,0.3035025282279423,0.25928512919808744,0.004032407069749043,False,False,0.040257648953301126,3,0,41.593516903031954,False,False,19.508415030454135,50.0,Atencao,Atencao: sinais iniciais de risco,18.97735163315296
1777745981.6944664,2560,True,0.22469049076183192,0.29516800287605516,0.2599292468189435,0.0011550750780401978,False,False,0.040257648953301126,3,0,37.062648020278324,False,False,19.281871586316452,50.0,Atencao,Atencao: sinais iniciais de risco,18.941637023857115
1777745981.7433183,2561,True,0.23368391542350808,0.3027830457933279,0.268233480608418,0.0013963664145276024,False,False,0.040290088638195005,3,0,34.98506722152233,False,False,19.182453003051563,50.0,Atencao,Atencao: sinais iniciais de risco,19.114438869140415
1777745981.7948124,2562,True,0.23322785840641228,0.3157789862486699,0.2745034223275411,0.0011015836015409839,False,False,0.040290088638195005,3,0,32.86754447140477,False,False,19.076576865545682,50.0,Atencao,Atencao: sinais iniciais de risco,19.114795957048205
1777745981.8460326,2563,True,0.23059484575206293,0.2979203899133168,0.26425761783268986,0.0009114981417213268,False,False,0.040290088638195005,3,0,32.81796948151155,False,False,19.074098116051022,50.0,Atencao,Atencao: sinais iniciais de risco,19.171785424868013
1777745981.8925228,2564,True,0.2386005708739739,0.28379084198540283,0.26119570642968837,0.0018696727332842406,False,False,0.040257648953301126,3,0,31.994230305335737,False,False,19.028450700569323,50.0,Atencao,Atencao: sinais iniciais de risco,19.415670989493915
1777745981.9382963,2565,True,0.24050668542773332,0.28350351978686505,0.2620051026072992,0.0019536202328816797,False,False,0.040257648953301126,3,0,30.44724504649639,False,False,18.951101437627354,50.0,Atencao,Atencao: sinais iniciais de risco,19.672954770260198
1777745981.9874609,2566,True,0.2566230671502718,0.30746519463314165,0.2820441308917067,0.0028792769934482716,False,False,0.040257648953301126,3,0,29.50469419631091,False,False,18.90397389511808,50.0,Atencao,Atencao: sinais iniciais de risco,19.741991532818034
1777745982.0314376,2567,True,0.2388556439970757,0.2944258065103415,0.26664072525370863,0.0015194061800854763,False,False,0.040257648953301126,3,0,27.86089424423196,False,False,18.821783897514134,50.0,Atencao,Atencao: sinais iniciais de risco,20.025837230810144
1777745982.0743675,2568,True,0.2712436809265006,0.3082434394676215,0.28974356019706105,0.0023177917125580746,False,False,0.040257648953301126,3,0,25.71217951828783,False,False,18.71434816121693,50.0,Atencao,Atencao: sinais iniciais de risco,20.31446145401247
1777745982.121025,2569,True,0.2667558249075734,0.30037485163312877,0.2835653382703511,0.002281357153113194,False,False,0.040257648953301126,3,0,24.92863232425668,False,False,18.67517080151537,50.0,Atencao,Atencao: sinais iniciais de risco,20.451996277371528
1777745982.173705,2570,True,0.273009660667055,0.28585290180473605,0.27943128123589556,0.0024912490806002457,False,False,0.040290088638195005,3,0,24.546625157310203,False,False,18.660530899840957,50.0,Atencao,Atencao: sinais iniciais de risco,20.322461424153612
1777745982.2227294,2571,True,0.2649807848551249,0.2888831542032443,0.2769319695291846,0.0024824349909687237,False,False,0.040290088638195005,3,0,24.88425792347301,False,False,18.677412538149095,50.0,Atencao,Atencao: sinais iniciais de risco,20.32100613351138
1777745982.272316,2572,True,0.2576269620579678,0.2916057779734431,0.2746163700157055,0.0014806559277964813,False,False,0.040290088638195005,3,0,24.684137283265592,False,False,18.667406506138725,50.0,Atencao,Atencao: sinais iniciais de risco,20.31471432320208
1777745982.3279274,2573,True,0.12247899579694255,0.08112438923414379,0.10180169251554316,0.002676586067062725,True,False,0.0410958904109589,3,0,25.776801449195908,False,False,18.832837458190276,50.0,Atencao,Atencao: sinais iniciais de risco,20.080262355133655
1777745982.3787909,2574,True,0.13707385807331318,0.035858133632488076,0.08646599585290063,0.0025945549243422323,True,False,0.041935483870967745,3,0,28.96094848242673,False,False,19.107488910603035,50.0,Atencao,Atencao: sinais iniciais de risco,20.00301014693936
1777745982.431067,2575,True,0.2149550755243392,0.24122421197962365,0.22808964375198143,0.0019352779287723748,False,False,0.041935483870967745,3,0,36.50246461927891,False,False,19.46574313624091,50.0,Atencao,Atencao: sinais iniciais de risco,19.943981753643513
1777745982.4802387,2576,True,0.2556693999804099,0.304345573119609,0.28000748655000945,0.0030689679245234926,False,False,0.041935483870967745,3,0,38.82448861002922,False,False,19.581844335778424,50.0,Atencao,Atencao: sinais iniciais de risco,19.990445720470007
1777745982.529241,2577,True,0.2642239795060078,0.3257674189128904,0.2949956992094491,0.003951383088752423,False,False,0.041935483870967745,3,0,30.60540713153102,False,False,19.170890261853515,50.0,Atencao,Atencao: sinais iniciais de risco,20.007404178411797
1777745982.5796528,2578,True,0.26974258005702756,0.31798120074311537,0.2938618904000715,0.00198802651704209,False,False,0.041935483870967745,3,0,27.073354966532104,False,False,18.994287653603568,50.0,Atencao,Atencao: sinais iniciais de risco,20.0137729421505
1777745982.6271596,2579,True,0.267210381120653,0.3087417022868285,0.28797604170374075,0.0017764805290191687,False,False,0.041969330104923326,3,0,25.13055012388663,False,False,18.901801268640188,50.0,Atencao,Atencao: sinais iniciais de risco,20.089713414351603
1777745982.6769805,2580,True,0.2608562667421612,0.3077277793128428,0.284292023027502,0.002173049149971999,False,False,0.041969330104923326,3,0,24.60628137073734,False,False,18.875587830982724,50.0,Atencao,Atencao: sinais iniciais de risco,20.062337020083064
1777745982.7273276,2581,True,0.26603645848367946,0.3183759875361381,0.2922062230099088,0.0020326390174552236,False,False,0.041969330104923326,3,0,24.40181577964263,False,False,18.865364551427987,50.0,Atencao,Atencao: sinais iniciais de risco,20.078679311807523
1777745982.7760956,2582,True,0.2654963589893278,0.3065673438402712,0.2860318514147995,0.001822761354967771,False,False,0.041969330104923326,3,0,24.94145746447823,False,False,18.892346635669767,50.0,Atencao,Atencao: sinais iniciais de risco,20.12578606377986
1777745982.8240936,2583,True,0.2725642896994586,0.313285487704513,0.2929248887019858,0.0017284608673586513,False,False,0.041969330104923326,3,0,25.121986814926974,False,False,18.901373103192206,50.0,Atencao,Atencao: sinais iniciais de risco,20.200240927067476
1777745982.871008,2584,True,0.2710059427410828,0.3125262014544067,0.29176607209774474,0.002043152443349424,False,False,0.041969330104923326,3,0,25.13706393837929,False,False,18.90212695936482,50.0,Atencao,Atencao: sinais iniciais de risco,20.302048143898055
1777745982.9142797,2585,True,0.2721996492227955,0.3086533414211762,0.29042649532198583,0.0019006921772540266,False,False,0.041969330104923326,3,0,26.432717344706706,False,False,18.966909629681194,50.0,Atencao,Atencao: sinais iniciais de risco,20.60488503230933
1777745983.3193283,2586,True,0.2598615082856536,0.338048298783029,0.2989549035343413,0.003005995176614472,False,False,0.04224207961007311,3,0,47.2455020904541,False,True,20.045051923926657,50.0,Atencao,Atencao: sinais iniciais de risco,18.791183729918227
1777745983.3679585,2587,True,0.2729860869079493,0.3637982332786088,0.31839216009327903,0.0054314765257920655,False,False,0.04224207961007311,3,0,46.64573440551758,False,True,20.01506353967983,50.0,Atencao,Atencao: sinais iniciais de risco,18.954920367951456
1777745983.411975,2588,True,0.26014310288227604,0.3940294290621477,0.3270862659722119,0.0062083667659605015,False,False,0.04224207961007311,3,0,46.77264537811279,False,True,20.02140908830959,50.0,Atencao,Atencao: sinais iniciais de risco,19.325558077160476
1777745983.46103,2589,True,0.26343976447902817,0.3766475399979046,0.3200436522384664,0.005755505444786569,False,False,0.04224207961007311,3,0,46.09658794403076,False,True,19.98760621660549,50.0,Atencao,Atencao: sinais iniciais de risco,19.410176490500362
1777745983.5082738,2590,True,0.25741286005961855,0.39316465610237866,0.3252887580809986,0.006282715977180517,False,False,0.04224207961007311,3,0,46.47887010574341,False,True,20.006720324691123,50.0,Atencao,Atencao: sinais iniciais de risco,19.593911573972715
1777745983.5617762,2591,True,0.2509192423736675,0.39507174594815375,0.3229954941609106,0.005108615044571906,False,False,0.04227642276422764,3,0,46.49877166748047,False,True,20.012437586474224,50.0,Atencao,Atencao: sinais iniciais de risco,19.524683065308654
1777745983.6091774,2592,True,0.2552702123841515,0.38530319347683845,0.320286702930495,0.005922358701606549,False,False,0.04227642276422764,3,0,46.26636619567871,False,True,20.000817312884134,50.0,Atencao,Atencao: sinais iniciais de risco,19.696498078367146
1777745983.663116,2593,True,0.2569411983662212,0.38463484099901346,0.32078801968261733,0.005226902298873159,False,False,0.04227642276422764,3,0,46.17462091445923,False,True,19.99623004882316,50.0,Atencao,Atencao: sinais iniciais de risco,19.576422406557118
1777745983.713997,2594,True,0.25084339481845624,0.405067999329381,0.3279556970739186,0.00461911178459125,False,False,0.04227642276422764,3,0,46.3173041343689,False,True,20.003364209818645,50.0,Atencao,Atencao: sinais iniciais de risco,19.582679763424323
1777745983.764368,2595,True,0.2503904439070478,0.4067538155240319,0.32857212971553984,0.004426418999780383,False,False,0.04227642276422764,3,0,46.22939891815185,False,True,19.998968949007793,50.0,Atencao,Atencao: sinais iniciais de risco,19.607861878648656
1777745983.8141508,2596,True,0.2520618867649482,0.38415676564055184,0.31810932620275,0.003705137887867675,False,False,0.04227642276422764,3,0,46.32230978012085,False,True,20.00361449210624,50.0,Atencao,Atencao: sinais iniciais de risco,19.66417260336909
1777745983.861871,2597,True,0.2504718031689813,0.40229251916484865,0.326382161166915,0.004662387024083015,False,False,0.04227642276422764,3,0,46.238846302032464,False,True,19.999441318201825,50.0,Atencao,Atencao: sinais iniciais de risco,19.77287035619125
1777745983.9039237,2598,True,0.25576911372825933,0.39858111854682365,0.32717511613754147,0.004890595652902407,False,False,0.04227642276422764,3,0,46.57580127716064,False,True,20.016289066958233,50.0,Atencao,Atencao: sinais iniciais de risco,20.19927346804108
1777745983.94762,2599,True,0.25260251959754504,0.39694381515431915,0.3247731673759321,0.005987185205199573,False,False,0.04227642276422764,3,0,46.45402383804321,False,True,20.010200195002362,50.0,Atencao,Atencao: sinais iniciais de risco,20.440101664597165
1777745983.9941607,2600,True,0.2529993997813465,0.39340400118789004,0.32320170048461827,0.008280604725882629,False,False,0.04227642276422764,3,0,46.2368670463562,False,True,19.99934235541801,50.0,Atencao,Atencao: sinais iniciais de risco,20.577801784382405
1777745984.0374236,2601,True,0.2536141347466607,0.40006542015294844,0.3268397774498046,0.039812626719139654,False,False,0.04227642276422764,3,0,46.54608240127563,False,True,20.014803123163983,50.0,Atencao,Atencao: sinais iniciais de risco,20.79780659633545
1777745984.0831058,2602,True,0.2549525487184216,0.38839978835012506,0.32167616853427333,0.08023726462561624,False,False,0.04227642276422764,3,0,46.46309785842895,False,True,20.010653896021648,50.0,Atencao,Atencao: sinais iniciais de risco,20.93367015685255
1777745984.1322308,2603,True,0.2628809382039207,0.385226591449124,0.3240537648265224,0.10658415734332129,False,False,0.04227642276422764,3,0,46.39366083145141,False,True,20.00718204467277,50.0,Atencao,Atencao: sinais iniciais de risco,20.856082664215634
1777745984.1816728,2604,True,0.25523003777323056,0.3809203365976247,0.3180751871854276,0.12261732252488748,False,False,0.04227642276422764,3,0,46.98630199432373,False,True,20.036814102816386,50.0,Atencao,Atencao: sinais iniciais de risco,20.756646665685683
1777745984.2370949,2605,True,0.2646734078367489,0.3935616079680235,0.3291175079023862,0.1620153342339579,False,False,0.041463414634146344,3,0,46.97827339172363,False,True,19.924624054800205,50.0,Atencao,Atencao: sinais iniciais de risco,20.50442860474764
1777745984.2883399,2606,True,0.2613885880222011,0.3896326957335722,0.32551064187788664,0.15626443737440082,False,False,0.04068348250610252,3,0,47.41341094970703,False,True,19.86226965278993,50.0,Atencao,Atencao: sinais iniciais de risco,20.427065050125798
1777745984.339423,2607,True,0.2947739969348532,0.36942577161258705,0.3320998842737201,0.20260552906729817,False,False,0.04068348250610252,3,0,48.63200073242188,False,True,19.923199141925675,50.0,Atencao,Atencao: sinais iniciais de risco,20.338517877242538
1777745984.39046,2608,True,0.2738532398677051,0.3773656351163559,0.32560943749203053,0.19596008990464597,False,False,0.04068348250610252,3,0,48.10729541778564,False,True,19.896963876193862,50.0,Atencao,Atencao: sinais iniciais de risco,20.243751654950234
1777745984.4397993,2609,True,0.30694583826905764,0.3941608204192171,0.35055332934413735,0.24598376612701917,False,False,0.04068348250610252,3,0,48.66403875350952,False,True,19.924801042980057,50.0,Atencao,Atencao: sinais iniciais de risco,20.286431763467125
1777745984.4950159,2610,True,0.23976180776902686,0.2621614766388922,0.25096164220395956,0.18064691377601216,False,False,0.04071661237785016,3,0,50.43820457458496,False,True,20.01806469139913,50.0,Atencao,Atencao: sinais iniciais de risco,20.063729408820976
1777745984.5394113,2611,True,0.2148496520439668,0.17612676598212484,0.1954882090130458,0.2021448286423857,True,False,0.041530944625407164,3,0,49.59683380126953,False,True,20.08796683677245,50.0,Atencao,Atencao: sinais iniciais de risco,20.307470099411532
1777745984.582756,2612,True,0.25002466669797985,0.28447370305611996,0.2672491848770499,0.26198976422601955,False,False,0.041530944625407164,3,0,51.03721179962157,False,True,20.12692482439884,50.0,Atencao,Atencao: sinais iniciais de risco,20.591500395250513
1777745984.6295562,2613,True,0.2966727296544012,0.3253265381024327,0.310999633878417,0.25947874129534637,False,False,0.041530944625407164,3,0,49.85939674377441,False,True,20.068034071606483,50.0,Atencao,Atencao: sinais iniciais de risco,20.648295698214287
1777745984.6745684,2614,True,0.29537510485634944,0.3694851877319023,0.33243014629412587,0.011435888804125924,False,False,0.041530944625407164,3,0,49.999927330017094,False,True,20.07506060091862,50.0,Atencao,Atencao: sinais iniciais de risco,20.78130696948486
1777745984.72415,2615,True,0.3058250231668678,0.3576285511456754,0.3317267871562716,0.0331830281453021,False,False,0.041530944625407164,3,0,50.045074272155766,False,True,20.077317948025552,50.0,Atencao,Atencao: sinais iniciais de risco,20.7496977996171
1777745984.7720983,2616,True,0.30557864651038663,0.35293079184417125,0.32925471917727894,0.21245664873907913,False,False,0.041530944625407164,3,0,50.969014167785645,False,True,20.123514942807045,50.0,Atencao,Atencao: sinais iniciais de risco,20.739615028388243
1777745984.8207948,2617,True,0.31280384435463005,0.3764033231085172,0.3446035837315736,0.2503686506930896,False,False,0.041530944625407164,3,0,49.82552452087402,False,True,20.066340460461465,50.0,Atencao,Atencao: sinais iniciais de risco,20.748257946411858
1777745984.8652952,2618,True,0.29856623133571153,0.3508693085984486,0.32471776996708007,0.24016527107213131,False,False,0.041530944625407164,3,0,50.05606575012207,False,True,20.077867521923867,50.0,Atencao,Atencao: sinais iniciais de risco,20.914243146417796
1777745984.911159,2619,True,0.29564542453384696,0.3618798892569592,0.32876265689540307,0.24706787652374182,False,False,0.041530944625407164,3,0,50.19476470947265,False,True,20.084802469891397,50.0,Atencao,Atencao: sinais iniciais de risco,20.98133601828394
1777745984.966138,2620,True,0.28494537561733035,0.37684103011315156,0.33089320286524093,0.20530147335486118,False,False,0.041530944625407164,3,0,49.748482894897464,False,True,20.062488379162637,50.0,Atencao,Atencao: sinais iniciais de risco,20.688289150729783
1777745985.0121546,2621,True,0.28815687058247413,0.3565777931110223,0.3223673318467482,0.20616375340770735,False,False,0.041530944625407164,3,0,49.789927101135255,False,True,20.064560589474524,50.0,Atencao,Atencao: sinais iniciais de risco,20.78840827331725
1777745985.056061,2622,True,0.28573489678957287,0.362348929186733,0.32404191298815294,0.21008542274046735,False,False,0.041530944625407164,3,0,49.72689304351806,False,True,20.061408886593664,50.0,Atencao,Atencao: sinais iniciais de risco,21.025899674292333
1777745985.1006691,2623,True,0.2925182498716929,0.37441927248403156,0.3334687611778622,0.2286428991092353,False,False,0.041530944625407164,3,0,49.61989994049072,False,True,20.056059231442298,50.0,Atencao,Atencao: sinais iniciais de risco,21.163774290215436
1777745985.1470919,2624,True,0.2881424549899429,0.3799632745907269,0.3340528647903349,0.23121146376183166,False,False,0.041530944625407164,3,0,49.18410406112671,False,True,20.034269437474098,50.0,Atencao,Atencao: sinais iniciais de risco,21.201473664391585
1777745985.1946507,2625,True,0.2874020366303928,0.37984875804650087,0.33362539733844687,0.22952015824143954,False,False,0.041530944625407164,3,0,49.12144765853882,False,True,20.031136617344703,50.0,Atencao,Atencao: sinais iniciais de risco,21.150395983508368
1777745985.2400842,2626,True,0.287097985528391,0.3946193051818332,0.3408586453551121,0.2090208176492071,False,False,0.041530944625407164,3,0,49.068476390838626,False,True,20.028488053959695,50.0,Atencao,Atencao: sinais iniciais de risco,21.283502227346524
1777745985.2905161,2627,True,0.28664845417569035,0.4036800240916181,0.34516423913365424,0.2239307410447629,False,False,0.041530944625407164,3,0,48.91143712997437,False,True,20.020636090916483,50.0,Atencao,Atencao: sinais iniciais de risco,21.11631316816628
1777745985.3437045,2628,True,0.2958058437951874,0.40227249661773307,0.34903917020646025,0.2536732788160284,False,False,0.04156479217603912,3,0,48.434321498870844,False,True,20.0014343475732,50.0,Atencao,Atencao: sinais iniciais de risco,20.903952152334636
1777745985.3949366,2629,True,0.3009206815503045,0.37875765839690695,0.33983916997360575,0.24736070129494905,False,False,0.04156479217603912,3,0,49.11215133666992,False,True,20.03532583946315,50.0,Atencao,Atencao: sinais iniciais de risco,20.766113713173624
1777745985.446033,2630,True,0.2946154701558009,0.40811745379170206,0.3513664619737515,0.23147006883319643,False,False,0.04156479217603912,3,0,48.6885871887207,False,True,20.01414763206569,50.0,Atencao,Atencao: sinais iniciais de risco,20.621167746094642
1777745985.496164,2631,True,0.2957841809242082,0.4088897714527236,0.35233697618846593,0.23488465404154324,False,False,0.04156479217603912,3,0,48.52348670959473,False,True,20.00589260810939,50.0,Atencao,Atencao: sinais iniciais de risco,20.544079883131477
1777745985.543149,2632,True,0.2910285516036063,0.38027008918729605,0.33564932039545115,0.14346537381805577,False,False,0.04156479217603912,3,0,48.63111410140991,False,True,20.01127397770015,50.0,Atencao,Atencao: sinais iniciais de risco,20.653429390135145
1777745985.587776,2633,True,0.2991659063412763,0.3802686799558318,0.33971729314855403,0.13503434754616106,False,False,0.04156479217603912,3,0,49.151878929138185,False,True,20.037312219086566,50.0,Atencao,Atencao: sinais iniciais de risco,20.845631730019214
1777745985.6319582,2634,True,0.28493972593809314,0.38942131507271927,0.3371805205054062,0.18973206181964367,False,False,0.041530944625407164,3,0,49.06322612762451,False,True,20.02822554079899,50.0,Atencao,Atencao: sinais iniciais de risco,20.996614634918842
1777745985.6706278,2635,True,0.28540239879132956,0.3962439993719909,0.34082319908166026,0.20340923538437117,False,False,0.04149715215622457,3,0,49.06702499389648,False,True,20.02376901959998,50.0,Atencao,Atencao: sinais iniciais de risco,21.506774449079646
1777745985.7151723,2636,True,0.2830259694984146,0.4006315288070732,0.34182874915274386,0.00851266056931058,False,False,0.041463414634146344,3,0,48.84176235198975,False,True,20.007866978218885,50.0,Atencao,Atencao: sinais iniciais de risco,21.610029553280782
1777745985.7579381,2637,True,0.296065966890385,0.36325311115774256,0.32965953902406375,0.007569380175626839,False,False,0.041429731925264016,3,0,48.90512256622315,False,True,20.006403616459234,50.0,Atencao,Atencao: sinais iniciais de risco,21.777770754546246
1777745985.801891,2638,True,0.2959857868249886,0.36067127849493913,0.32832853265996387,0.008478462761426645,False,False,0.041429731925264016,3,0,47.13766183853149,False,True,19.91803058007465,50.0,Atencao,Atencao: sinais iniciais de risco,21.869641450313633
1777745986.0229127,2639,True,0.2863699890007257,0.3338743850563026,0.31012218702851413,0.25084787171060674,False,False,0.041530944625407164,3,0,45.965306472778316,False,True,19.873329558056678,50.0,Atencao,Atencao: sinais iniciais de risco,20.135819666342975
1777745986.0655375,2640,True,0.29828085229811835,0.34483822173360495,0.32155953701586165,0.10880939164913626,False,False,0.041530944625407164,3,0,45.6092661857605,False,True,19.855527543705787,50.0,Atencao,Atencao: sinais iniciais de risco,20.466705693756815
1777745986.10763,2641,True,0.2830585292978257,0.3523169891610123,0.317687759229419,0.015183598661541266,False,False,0.041530944625407164,3,0,45.77251272201538,False,True,19.86368987051853,50.0,Atencao,Atencao: sinais iniciais de risco,20.78932158900801
1777745986.1561694,2642,True,0.27873787119434473,0.32766873432136545,0.3032033027578551,0.11016709484436915,False,False,0.041530944625407164,3,0,44.86248598098754,False,True,19.81818853346714,50.0,Atencao,Atencao: sinais iniciais de risco,20.75208076663614
1777745986.202965,2643,True,0.2095147911768316,0.31507443649114736,0.2622946138339895,0.15130643745565941,False,False,0.041530944625407164,3,0,46.20020790100098,False,True,19.885074629467812,50.0,Atencao,Atencao: sinais iniciais de risco,20.837483884799855
1777745986.2502587,2644,True,0.21984845408887788,0.28854214842839054,0.2541953012586342,0.1974197287093218,False,False,0.041530944625407164,3,0,45.196586227416994,False,True,19.834893545788614,50.0,Atencao,Atencao: sinais iniciais de risco,20.87415856225372
1777745986.2981834,2645,True,0.22175094421590347,0.3121541845190342,0.26695256436746884,0.21783370327594764,False,False,0.041530944625407164,3,0,45.514326286315914,False,True,19.85078054873356,50.0,Atencao,Atencao: sinais iniciais de risco,20.866644203080448
1777745986.3515294,2646,True,0.24806812126332323,0.3572395455160239,0.30265383338967355,0.15307597636800416,False,False,0.04156479217603912,3,0,45.049217510223386,False,True,19.832179148140824,50.0,Atencao,Atencao: foco visual fora da direcao,20.64332918963774
1777745986.4019582,2647,True,0.27176953037627566,0.35119114855226097,0.31148033946426834,0.14879448677104382,False,False,0.04156479217603912,3,0,45.687203025817865,False,True,19.86407842392055,50.0,Atencao,Atencao: foco visual fora da direcao,20.58079388510333
1777745986.4475224,2648,True,0.27846791263487203,0.35596669668534847,0.3172173046601102,0.15855520840248236,False,False,0.04156479217603912,3,0,45.42940797805785,False,True,19.851188671532547,50.0,Atencao,Atencao: foco visual fora da direcao,20.71008940747732
1777745986.5005095,2649,True,0.2774681316287284,0.3449917229574371,0.31122992729308274,0.10086386595925381,False,False,0.04156479217603912,3,0,45.452040672302246,False,True,19.852320306244767,50.0,Atencao,Atencao: foco visual fora da direcao,20.500006052648068
1777745986.556379,2650,True,0.2857806106389676,0.3478464517758051,0.3168135312073863,0.20892617872359823,False,False,0.04156479217603912,3,0,44.85186443328857,False,True,19.822311494294084,50.0,Atencao,Atencao: foco visual fora da direcao,20.245634170235704
1777745986.603412,2651,True,0.2734894557783004,0.35979613722253323,0.3166427965004168,0.25150960638496744,False,False,0.04156479217603912,3,0,43.791652011871335,False,True,19.769300873223223,50.0,Atencao,Atencao: foco visual fora da direcao,20.376768152617462
1777745986.6457288,2652,True,0.28118591165863815,0.3453763865886112,0.3132811491236247,0.24784030666790774,False,False,0.04156479217603912,3,0,42.95058765411377,False,True,19.727247655335344,50.0,Atencao,Atencao: foco visual fora da direcao,20.676266206528602
1777745986.6910398,2653,True,0.2379480287266735,0.3325309502650242,0.2852394894958489,0.24579318477508927,False,False,0.04156479217603912,3,0,42.560828781127924,False,True,19.70775971168605,50.0,Atencao,Atencao: foco visual fora da direcao,20.835379616849
1777745986.736902,2654,True,0.24632897953495322,0.3042146105008461,0.27527179501789967,0.21885645408338336,False,False,0.04156479217603912,3,0,43.28032598495483,False,True,19.743734571877397,50.0,Atencao,Atencao: foco visual fora da direcao,20.937065606760456
1777745986.7808268,2655,True,0.24791688839395515,0.3202658654384102,0.2840913769161827,0.1934241891847705,False,False,0.04156479217603912,3,0,41.873533964157104,False,True,19.67339497083751,50.0,Atencao,Atencao: foco visual fora da direcao,21.12526060100695
1777745986.828096,2656,True,0.24332563998321452,0.3166787652606533,0.2800022026219339,0.21895518965607935,False,False,0.04156479217603912,3,0,42.04235134124756,False,True,19.681835839692035,50.0,Atencao,Atencao: foco visual fora da direcao,21.11048554202769
1777745986.871858,2657,True,0.26987803871393784,0.31614347540681226,0.29301075706037505,0.18903366598786547,False,False,0.04156479217603912,3,0,40.62722988128662,False,True,19.611079766693987,50.0,Atencao,Atencao: foco visual fora da direcao,21.27465148484138
1777745986.9171321,2658,True,0.2591129542163727,0.3397556708487153,0.299434312532544,0.2072440407625592,False,False,0.04156479217603912,3,0,41.542302179336545,False,True,19.65683338159648,50.0,Atencao,Atencao: foco visual fora da direcao,21.344114589878412
1777745986.9625309,2659,True,0.27800251279170646,0.299246793350033,0.2886246530708697,0.049240265610632106,False,False,0.04156479217603912,3,0,36.20220529057762,False,True,19.389828537158536,50.0,Atencao,Atencao: foco visual fora da direcao,21.429192914673127
1777745987.0043848,2660,True,0.27304045488556006,0.2961424475897499,0.28459145123765495,0.012574372963957593,False,False,0.04156479217603912,3,0,38.8176220509139,False,True,19.52059937517535,50.0,Atencao,Atencao: foco visual fora da direcao,21.62361783991527
1777745987.0542262,2661,True,0.2815779179497204,0.2949408617732141,0.28825938986146726,0.005077301921060372,False,False,0.04156479217603912,3,0,38.92240597876635,False,True,19.525838571567974,50.0,Atencao,Atencao: foco visual fora da direcao,21.51865332413444
1777745987.0969918,2662,True,0.2591871127347108,0.2586732214608555,0.25893016709778316,0.0064039194396075146,False,False,0.04156479217603912,3,0,41.67591251459989,False,True,19.66351389835965,50.0,Atencao,Atencao: foco visual fora da direcao,21.689911198434213
1777745987.1633759,2663,True,0.17993809572430694,0.18704877747752144,0.1834934366009142,0.006458476196128418,True,False,0.042379788101059496,3,0,44.11467065811157,False,True,19.897513745225538,50.0,Atencao,Atencao: foco visual fora da direcao,21.032343415973024
1777745987.2301934,2664,True,0.2859963863424256,0.3276913448335397,0.3068438655879826,0.007711511876989251,False,False,0.04241435562805873,3,0,43.23856763839722,False,True,19.8346680028739,50.0,Atencao,Atencao: foco visual fora da direcao,20.399621621592182
1777745987.2917683,2665,True,0.2745798728276122,0.3450416629889503,0.3098107679082812,0.006651530390165374,False,False,0.04241435562805873,3,0,42.67128171920776,False,True,19.806303706914427,50.0,Atencao,Atencao: foco visual fora da direcao,20.01744866491844
1777745987.3392103,2666,True,0.2941897915981594,0.3535640493174815,0.32387692045782046,0.02414166061368382,False,False,0.04241435562805873,3,0,42.36580600738525,False,True,19.791029921323304,50.0,Atencao,Atencao: foco visual fora da direcao,20.103029143611117
1777745987.390263,2667,True,0.2962546668046749,0.3939399506417502,0.34509730872321254,0.1836972781829738,False,False,0.04241435562805873,3,0,42.93265075683593,False,True,19.819372158795836,50.0,Atencao,Atencao: foco visual fora da direcao,20.06769936806003
1777745987.4384918,2668,True,0.29168340878409804,0.3876477805197996,0.3396655946519488,0.24044069176528934,False,False,0.04241435562805873,3,0,44.18188724517822,False,True,19.88183398321295,50.0,Atencao,Atencao: foco visual fora da direcao,20.114709723118178
1777745987.4880435,2669,True,0.2990306135028774,0.3920880257732587,0.3455593196380681,0.29803020371409766,False,False,0.04244897959183674,3,0,43.228770065307614,False,True,19.8389389192389,50.0,Atencao,Atencao: foco visual fora da direcao,20.118912631042832
1777745987.53873,2670,True,0.3051168451730112,0.39635008884301515,0.35073346700801317,0.3290945551853036,False,False,0.04163265306122449,3,0,42.367494297027584,False,True,19.68363023286571,50.0,Atencao,Atencao: foco visual fora da direcao,20.076649697584052
1777745987.5857403,2671,True,0.3111529046088317,0.3393621322290238,0.32525751841892775,0.38966841308471295,False,False,0.04081632653061224,3,0,42.334169673919675,False,True,19.569719103751133,50.0,Atencao,Atencao: foco visual fora da direcao,20.17164059382489
1777745987.637,2672,True,0.30394147222249085,0.346326501159592,0.32513398669104143,0.36933772479151633,False,False,0.04081632653061224,3,0,42.61515188217163,False,True,19.602608233568617,50.0,Atencao,Atencao: foco visual fora da direcao,20.154488535071444
1777745987.68494,2673,True,0.3043352810087772,0.34558853406827483,0.32496190753852605,0.39942119945687554,False,False,0.04081632653061224,3,0,42.36850452423096,False,True,19.590275865671586,50.0,Atencao,Atencao: foco visual fora da direcao,20.186801681881892
1777745987.7358878,2674,True,0.30328541328043457,0.3495089746902986,0.3263971939853666,0.4329536487312077,False,False,0.04081632653061224,3,0,42.6157166481018,False,True,19.602636471865125,50.0,Atencao,Atencao: foco visual fora da direcao,20.161571037877117
1777745987.7840738,2675,True,0.3025577618145657,0.3491151680168076,0.32583646491568663,0.4704174177752504,False,False,0.04081632653061224,3,0,42.63277549743652,False,True,19.60348941433186,50.0,Atencao,Atencao: foco visual fora da direcao,20.221218152681537
1777745987.8331473,2676,True,0.288833583723902,0.3382784931382658,0.3135560384310839,0.4882149205478231,False,False,0.04081632653061224,3,0,42.722784423828124,False,True,19.607989860651443,50.0,Atencao,Atencao: foco visual fora da direcao,20.220682838168855
1777745987.8802361,2677,True,0.2938794167310954,0.33173108241145005,0.31280524957127276,0.4882179402050688,False,False,0.04081632653061224,3,0,42.39675226211548,False,True,19.59168825256581,50.0,Atencao,Atencao: foco visual fora da direcao,20.297008233729066
1777745987.9277868,2678,True,0.2954592558293693,0.35334191789005714,0.32440058685971324,0.5192168276222363,False,False,0.04081632653061224,3,0,42.98093996047974,False,True,19.620897637484024,50.0,Atencao,Atencao: foco visual fora da direcao,20.360246460987586
1777745987.9728682,2679,True,0.281180926701541,0.3191478991348017,0.3001644129181713,0.4937057193598563,False,False,0.04081632653061224,3,0,42.658880901336666,False,True,19.60479468452687,50.0,Atencao,Atencao: foco visual fora da direcao,20.577895303952403
1777745988.0166564,2680,True,0.28800569939791,0.35379841105931065,0.3209020552286103,0.5482484558782579,False,False,0.04081632653061224,3,0,42.90473432540893,False,True,19.617087355730483,50.0,Atencao,Atencao: foco visual fora da direcao,20.818956349820166
1777745988.0615642,2681,True,0.29759810835901146,0.35211138789265567,0.3248547481258336,0.5645130294922845,False,False,0.04081632653061224,3,0,43.43110475540161,False,True,19.643405877230116,50.0,Atencao,Atencao: foco visual fora da direcao,20.933713893376222
1777745988.1065154,2682,True,0.29926107943557095,0.35151697958227707,0.325389029508924,0.5501534366455503,False,False,0.04081632653061224,3,0,42.71444425582885,False,True,19.60757285225148,50.0,Atencao,Atencao: foco visual fora da direcao,21.109428924045602
1777745988.1587074,2683,True,0.30019883627527505,0.3456502220653405,0.3229245291703078,0.5534493062615669,False,False,0.04081632653061224,3,0,42.74170837402343,False,True,19.60893605816121,50.0,Atencao,Atencao: foco visual fora da direcao,20.90497285384164
1777745988.2121215,2684,True,0.302369372887322,0.3582392566345816,0.3303043147609518,0.5629694343429474,False,False,0.04084967320261438,3,0,42.71180238723755,False,True,19.61202592622221,50.0,Atencao,Atencao: foco visual fora da direcao,20.684001362665043
1777745988.2656262,2685,True,0.2962447769464589,0.34963862158127995,0.3229416992638694,0.5543194860972456,False,False,0.04084967320261438,3,0,42.13557891845703,False,True,19.58321475278318,50.0,Atencao,Atencao: foco visual fora da direcao,20.488646235393563
1777745988.3153005,2686,True,0.28473702699969333,0.3310797712628743,0.3079083991312838,0.5845693235680863,False,False,0.04084967320261438,3,0,41.93106799125671,False,True,19.572989206423166,50.0,Atencao,Atencao: foco visual fora da direcao,20.4650160320183
1777745988.3648138,2687,True,0.29165896397852087,0.35538333091370766,0.32352114744611427,0.5851344918708263,False,False,0.04084967320261438,3,0,42.38579425811768,False,True,19.595725519766212,50.0,Atencao,Atencao: foco visual fora da direcao,20.382703336532398
1777745988.4165514,2688,True,0.29123307180494507,0.34161743568710023,0.31642525374602265,0.6163258101589575,False,False,0.04084967320261438,3,0,42.18365268707275,False,True,19.585618441213967,50.0,Atencao,Atencao: foco visual fora da direcao,20.29675343434862
1777745988.468221,2689,True,0.2862869527750843,0.33502215249048906,0.3106545526327867,0.602304358172557,False,False,0.04084967320261438,3,0,42.77305631637573,False,True,19.615088622679117,50.0,Atencao,Atencao: foco visual fora da direcao,20.205092633772818
1777745988.516454,2690,True,0.2898743742642896,0.33693175964983657,0.3134030669570631,0.6144047067573163,False,False,0.04084967320261438,3,0,43.20142440795898,False,True,19.63650702725828,50.0,Atencao,Atencao: foco visual fora da direcao,20.258295542540623
1777745988.5644362,2691,True,0.28400935764540036,0.3319258284399785,0.3079675930426894,0.6105401433549065,False,False,0.04084967320261438,3,0,43.13713808059692,False,True,19.633292710890174,50.0,Atencao,Atencao: foco visual fora da direcao,20.338194624621007
1777745988.6107948,2692,True,0.2884700388737217,0.33976690978855656,0.31411847433113915,0.6193029915069163,False,False,0.04084967320261438,3,0,43.17422466278076,False,True,19.635147039999367,50.0,Atencao,Atencao: foco visual fora da direcao,20.452247585806948
1777745988.6578412,2693,True,0.2856532231560397,0.3423709300217363,0.31401207658888797,0.6075886920533728,False,False,0.04088307440719542,3,0,43.45353145599365,False,True,19.653705045289904,50.0,Atencao,Atencao: foco visual fora da direcao,20.53784236110866
1777745988.7043564,2694,True,0.28144227506872915,0.33529231976685764,0.3083672974177934,0.6059241672124158,False,False,0.04088307440719542,3,0,43.317298412323,False,True,19.646893393106375,50.0,Atencao,Atencao: foco visual fora da direcao,20.6510884925559
1777745988.7541947,2695,True,0.28170825403964694,0.3374918339398267,0.30960004398973684,0.6056875443186024,False,False,0.04088307440719542,3,0,42.92237768173218,False,True,19.62714735657683,50.0,Atencao,Atencao: foco visual fora da direcao,20.54783720859301
1777745988.8046803,2696,True,0.2820622529986394,0.3436660960944096,0.3128641745465245,0.5864613820315699,False,False,0.04084967320261438,3,0,43.03872547149658,False,True,19.62837208043516,50.0,Atencao,Atencao: foco visual fora da direcao,20.48524806837678
1777745988.849225,2697,True,0.28398455760896857,0.3426787124214366,0.31333163501520256,0.5992014761973068,False,False,0.04084967320261438,3,0,42.921417236328125,False,True,19.622506668676735,50.0,Atencao,Atencao: foco visual fora da direcao,20.66572660781888
1777745988.894573,2698,True,0.2802820873932288,0.32998011478536554,0.3051311010892972,0.5889351255289003,False,False,0.04084967320261438,3,0,43.06643848419189,False,True,19.629757731069926,50.0,Atencao,Atencao: foco visual fora da direcao,20.813488219395268
1777745988.937421,2699,True,0.27753058450440493,0.3334536186848927,0.3054921015946488,0.6043427444826457,False,False,0.04084967320261438,3,0,43.14544563293457,False,True,19.633708088507056,50.0,Atencao,Atencao: foco visual fora da direcao,21.098443229941797
1777745988.984315,2700,True,0.2801472595751657,0.32977902033350437,0.304963139954335,0.5888978057626965,False,False,0.04084967320261438,3,0,43.323346042633055,False,True,19.642603108991985,50.0,Atencao,Atencao: foco visual fora da direcao,21.12726579111098
1777745989.0295808,2701,True,0.2809188430415853,0.3285235263728133,0.30472118470719933,0.5905593870992386,False,False,0.04084967320261438,3,0,43.320254421234125,False,True,19.642448527922035,50.0,Atencao,Atencao: foco visual fora da direcao,21.213598015601328
1777745989.0721955,2702,True,0.2828520797524584,0.3250507626969165,0.30395142122468743,0.5823541355917397,False,False,0.04084967320261438,3,0,43.4916823387146,False,True,19.65101992379606,50.0,Atencao,Atencao: foco visual fora da direcao,21.42227376932538
1777745989.1172485,2703,True,0.28146820558107455,0.3378498193174417,0.3096590124492581,0.6165925329140213,False,False,0.04084967320261438,3,0,43.2213397026062,False,True,19.63750279199064,50.0,Atencao,Atencao: foco visual fora da direcao,21.47060770237378
1777745989.1670585,2704,True,0.26504851861357603,0.29751600170372433,0.2812822601586502,0.5984893394168948,False,False,0.04084967320261438,3,0,44.32910232543945,False,True,19.692890923132303,50.0,Atencao,Atencao: foco visual fora da direcao,21.385445114502424
1777745989.214131,2705,True,0.1665822823307495,0.28275562903593626,0.22466895568334289,0.6141818688540674,False,False,0.04084967320261438,3,0,44.37658643722534,False,True,19.695265128721598,50.0,Atencao,Atencao: foco visual fora da direcao,21.357250816236213
1777745989.2636404,2706,True,0.1671887943514314,0.2767454125254795,0.22196710343845547,0.6076063145721162,False,False,0.04084967320261438,3,0,44.255988311767574,False,True,19.68923522244871,50.0,Atencao,Atencao: foco visual fora da direcao,21.250614754731576
1777745989.3122852,2707,True,0.21680962119657093,0.30364242628691596,0.2602260237417434,0.6093576170197651,False,False,0.04084967320261438,3,0,43.43873510360717,False,True,19.648372562040688,50.0,Atencao,Atencao: foco visual fora da direcao,21.15238447005993
1777745989.3632846,2708,True,0.22713735030413473,0.33222619987744306,0.2796817750907889,0.5730209582244641,False,False,0.04084967320261438,3,0,43.9500087738037,False,True,19.673936245550514,50.0,Atencao,Atencao: foco visual fora da direcao,21.028333029941933
1777745989.4073274,2709,True,0.22862093347244225,0.33236401644544733,0.2804924749589448,0.6118282524129031,False,False,0.04084967320261438,3,0,43.77472705841065,False,True,19.665172159780862,50.0,Atencao,Atencao: foco visual fora da direcao,21.14437883628712
1777745989.4574666,2710,True,0.2306525999879987,0.3354965785829993,0.283074589285499,0.615059312520116,False,False,0.04088307440719542,3,0,43.42173633575439,False,True,19.652115289277944,50.0,Atencao,Atencao: foco visual fora da direcao,21.071494739217776
1777745989.506644,2711,True,0.24190117325898822,0.33187011853721665,0.28688564589810245,0.5938453568179689,False,False,0.04088307440719542,3,0,44.067387390136716,False,True,19.684397841997058,50.0,Atencao,Atencao: foco visual fora da direcao,20.984449341756434
1777745989.5577,2712,True,0.23506320368521444,0.3154027630830717,0.27523298338414304,0.5952778874038714,False,False,0.04088307440719542,3,0,44.54050245285034,False,True,19.70805359513274,50.0,Atencao,Atencao: foco visual fora da direcao,20.826041733979906
1777745989.6052165,2713,True,0.24424206879561255,0.3451684813349612,0.2947052750652869,0.6049034585755632,False,False,0.04088307440719542,3,0,45.62495174407959,False,True,19.7622760596942,50.0,Atencao,Atencao: foco visual fora da direcao,20.862988724760303
1777745989.654046,2714,True,0.23070977828297706,0.32858634663357406,0.27964806245827556,0.5849888123645726,False,False,0.04091653027823241,3,0,45.83442153930663,False,True,19.777349731723138,50.0,Atencao,Atencao: foco visual fora da direcao,20.831242329347482
1777745989.697865,2715,True,0.2277331280106578,0.3038819544215446,0.2658075412161012,0.5634620557962041,False,False,0.04091653027823241,3,0,45.3792742729187,False,True,19.754592368403742,50.0,Atencao,Atencao: foco visual fora da direcao,21.00540348417511
1777745989.744722,2716,True,0.21280404385983814,0.32908762275676107,0.2709458333082996,0.5521918837129086,False,False,0.04091653027823241,3,0,44.48381643295288,False,True,19.70981947640545,50.0,Atencao,Atencao: foco visual fora da direcao,21.06379506815813
1777745989.7892058,2717,True,0.21551891956087385,0.3233586990318598,0.2694388092963668,0.6080394177145737,False,False,0.04091653027823241,3,0,44.671098136901854,False,True,19.7191835616029,50.0,Atencao,Atencao: foco visual fora da direcao,21.172186311776755
1777745989.8378658,2718,True,0.1524676504399652,0.25306137916055516,0.2027645148002602,0.5622007371552807,True,False,0.041700735895339326,3,0,44.18052253723144,False,True,19.802483053971585,50.0,Atencao,Atencao: foco visual fora da direcao,21.048914060184835
1777745989.8922246,2719,True,0.18646501080593306,0.20859643855992935,0.1975307246829312,0.5910507006294946,True,False,0.0425531914893617,3,0,44.5899435043335,False,True,19.94016674650476,50.0,Atencao,Atencao: foco visual fora da direcao,20.839581170618626
1777745989.9391627,2720,True,0.25697955119009436,0.29046637275084247,0.2737229619704684,0.5816530916356123,False,False,0.0425531914893617,3,0,45.22048749923706,False,True,19.95575228465364,50.0,Atencao,Atencao: foco visual fora da direcao,20.864847111973866
1777745989.9909112,2721,True,0.2679566590550478,0.29584369771255975,0.28190017838380377,0.5412144451484329,False,False,0.0425531914893617,3,0,45.69800395965576,False,True,19.97962810767458,50.0,Atencao,Atencao: foco visual fora da direcao,20.742516586499235
1777745990.0393362,2722,True,0.27093717314258636,0.317160704232733,0.2940489386876597,0.484609507003559,False,False,0.0425531914893617,3,0,44.90223503112792,False,True,19.939839661248186,50.0,Atencao,Atencao: foco visual fora da direcao,20.705206907168776
1777745990.0900567,2723,True,0.2718305419005793,0.31594996055317986,0.2938902512268796,0.5081008129823997,False,False,0.0425531914893617,3,0,44.523477935791014,False,True,19.92090180648134,50.0,Atencao,Atencao: foco visual fora da direcao,20.637225437335005
1777745990.1397715,2724,True,0.28412765192045464,0.33329905664077314,0.30871335428061386,0.5183044198427574,False,False,0.0425531914893617,3,0,44.750165367126456,False,True,19.93223617804811,50.0,Atencao,Atencao: foco visual fora da direcao,20.591071884745816
1777745990.1914735,2725,True,0.2797314041119749,0.3383801719991129,0.3090557880555439,0.5246288947617596,False,False,0.0425531914893617,3,0,44.6041184425354,False,True,19.92493383181856,50.0,Atencao,Atencao: foco visual fora da direcao,20.434497917392644
1777745990.239747,2726,True,0.28020636456812564,0.3269261504598208,0.30356625751397326,0.5155905811227756,False,False,0.0425531914893617,3,0,44.50011825561523,False,True,19.91973382247255,50.0,Atencao,Atencao: foco visual fora da direcao,20.47374797344517
1777745990.2911534,2727,True,0.2752230935846166,0.33462834130569974,0.3049257174451582,0.5105845222441607,False,False,0.0425531914893617,3,0,44.40928707122803,False,True,19.91519226325319,50.0,Atencao,Atencao: foco visual fora da direcao,20.400301529964175
1777745990.340221,2728,True,0.2842467769689516,0.325390915840018,0.3048188464044848,0.49156428473552627,False,False,0.0425531914893617,3,0,45.00662059783935,False,True,19.945058939583756,50.0,Atencao,Atencao: foco visual fora da direcao,20.367642441689547
1777745990.3899481,2729,True,0.2850632328375051,0.3184887045057196,0.3017759686716124,0.4756527082103185,False,False,0.0425531914893617,3,0,45.14113874435425,False,True,19.9517848469095,50.0,Atencao,Atencao: foco visual fora da direcao,20.36441529144132
1777745990.4366395,2730,True,0.28632273782249335,0.34200031266523373,0.31416152524386354,0.4561104024282787,False,False,0.0425531914893617,3,0,44.595838356018064,False,True,19.92451982749269,50.0,Atencao,Atencao: foco visual fora da direcao,20.439816980616364
1777745990.4899082,2731,True,0.2828610590465507,0.3393080588711105,0.3110845589588306,0.41760175254062687,False,False,0.0425531914893617,3,0,44.44240741729736,False,True,19.916848280556657,50.0,Atencao,Atencao: foco visual fora da direcao,20.300024117349587
1777745990.53919,2732,True,0.28507788247355825,0.35906389888358975,0.322070890678574,0.4208004867502464,False,False,0.0425531914893617,3,0,45.27149066925048,False,True,19.958302443154313,50.0,Atencao,Atencao: foco visual fora da direcao,20.26740513246871
1777745990.584742,2733,True,0.2979519115402012,0.35532701977105147,0.3266394656556263,0.41627018955712686,False,False,0.0425531914893617,3,0,44.322394657135014,False,True,19.91084764254854,50.0,Atencao,Atencao: foco visual fora da direcao,20.41351957827446
1777745990.6298842,2734,True,0.2816678408367429,0.35671781039593636,0.31919282561633966,0.40925696729475725,False,False,0.0425531914893617,3,0,44.36397275924682,False,True,19.91292654765413,50.0,Atencao,Atencao: foco visual fora da direcao,20.64982809738986
1777745990.6717427,2735,True,0.2799797604659559,0.34065141256453624,0.31031558651524604,0.2306155312745462,False,False,0.04251839738348324,3,0,44.009756374359135,False,True,19.89043153885146,50.0,Atencao,Atencao: foco visual fora da direcao,20.942774177491483
1777745990.7206316,2736,True,0.2946578095321811,0.3413775034187651,0.3180176564754731,0.33062402834288035,False,False,0.042483660130718956,3,0,43.98551950454711,False,True,19.884443323105767,50.0,Atencao,Atencao: foco visual fora da direcao,20.91700577802149
1777745990.7673974,2737,True,0.2769054951512102,0.32637886885377054,0.3016421820024904,0.31872221709931925,False,False,0.04244897959183674,3,0,44.326602077484125,False,True,19.896728877656315,50.0,Atencao,Atencao: foco visual fora da direcao,20.92692260615862
1777745990.8149364,2738,True,0.2844466159022565,0.33087753132452524,0.3076620736133909,0.42411109028905813,False,False,0.04241435562805873,3,0,43.94994096755981,False,True,19.87313502714062,50.0,Atencao,Atencao: foco visual fora da direcao,20.956439904877016
1777745991.0425594,2739,True,0.2754854953411254,0.33310894685138376,0.30429722109625457,0.46973561326923585,False,False,0.04251839738348324,3,0,44.811502552032465,False,True,19.930518847735126,50.0,Atencao,Atencao: foco visual fora da direcao,19.300113811841083
1777745991.0879128,2740,True,0.27690717018479166,0.3532675366502748,0.31508735341753324,0.4359200410393559,False,False,0.04251839738348324,3,0,44.27766828536987,False,True,19.903827134401997,50.0,Atencao,Atencao: foco visual fora da direcao,19.589109557393616
1777745991.1317427,2741,True,0.2792156720855865,0.3254907895493258,0.30235323081745613,0.4286590510443818,False,False,0.04251839738348324,3,0,43.84163208007813,False,True,19.88202532413741,50.0,Atencao,Atencao: foco visual fora da direcao,19.8969087886083
1777745991.1808283,2742,True,0.28235851811638674,0.32865489802341574,0.3055067080699012,0.435900065287348,False,False,0.04251839738348324,3,0,43.78375129699707,False,True,19.879131284983355,50.0,Atencao,Atencao: foco visual fora da direcao,19.942936630335673
1777745991.2343626,2743,True,0.2729825826714518,0.328631614325182,0.3008070984983169,0.480340752464094,False,False,0.04251839738348324,3,0,44.13710250854492,False,True,19.89679884556075,50.0,Atencao,Atencao: foco visual fora da direcao,19.836290203561692
1777745991.2823012,2744,True,0.2779592316377988,0.3272686132106117,0.30261392242420526,0.44125507068396536,False,False,0.04251839738348324,3,0,43.46293935775757,False,True,19.86309068802138,50.0,Atencao,Atencao: foco visual fora da direcao,19.94067079032026
1777745991.3350425,2745,True,0.2772188888024662,0.33382701065735654,0.30552294972991134,0.46384513377586967,False,False,0.04251839738348324,3,0,43.84011373519897,False,True,19.88194940689345,50.0,Atencao,Atencao: foco visual fora da direcao,19.84046060686824
1777745991.3809738,2746,True,0.28127188450384105,0.3352428339410414,0.30825735922244124,0.49746805175253267,False,False,0.04251839738348324,3,0,43.77359495162963,False,True,19.878623467714984,50.0,Atencao,Atencao: foco visual fora da direcao,19.965273863752024
1777745991.4330528,2747,True,0.27840476220503096,0.3208644842950691,0.29963462325005,0.5021169765655364,False,False,0.04251839738348324,3,0,43.432823944091794,False,True,19.861584917338092,50.0,Atencao,Atencao: foco visual fora da direcao,19.921192697006664
1777745991.4810314,2748,True,0.2771849836124822,0.31606342578589336,0.2966242046991878,0.523313853931225,False,False,0.04251839738348324,3,0,44.52974443435669,False,True,19.91643094185134,50.0,Atencao,Atencao: foco visual fora da direcao,20.020375492269608
1777745991.5293958,2749,True,0.278926616486173,0.33163511867836826,0.30528086758227063,0.5046277946516031,False,False,0.04251839738348324,3,0,43.37642030715942,False,True,19.858764735491473,50.0,Atencao,Atencao: foco visual fora da direcao,20.094693857197672
1777745991.5750568,2750,True,0.28405760994673684,0.31535464250790457,0.29970612622732073,0.5213007156055404,False,False,0.04251839738348324,3,0,43.671925067901604,False,True,19.873539973528583,50.0,Atencao,Atencao: foco visual fora da direcao,20.282833471053586
1777745991.615771,2751,True,0.2828583751043217,0.32306768205224545,0.3029630285782836,0.49767297297313934,False,False,0.04251839738348324,3,0,43.497929096221924,False,True,19.864840174944597,50.0,Atencao,Atencao: foco visual fora da direcao,20.654957233858443
1777745991.6634555,2752,True,0.2768668752343313,0.31788760603843413,0.2973772406363827,0.5116091222689961,False,False,0.04251839738348324,3,0,44.48818950653076,False,True,19.91435319546004,50.0,Atencao,Atencao: foco visual fora da direcao,20.716302025820774
1777745991.7083364,2753,True,0.2738176960281464,0.3356816093109243,0.30474965266953535,0.5419344096536205,False,False,0.04251839738348324,3,0,44.3976089477539,False,True,19.909824167521197,50.0,Atencao,Atencao: foco visual fora da direcao,20.88664332369332
1777745991.7543497,2754,True,0.2818657330736101,0.31660258506558925,0.2992341590695997,0.5480764569964673,False,False,0.04251839738348324,3,0,44.14186954498291,False,True,19.897037197382648,50.0,Atencao,Atencao: foco visual fora da direcao,20.970512947052153
1777745991.7993174,2755,True,0.27797267262320013,0.30654693907030783,0.292259805846754,0.5229802795364267,False,False,0.04251839738348324,3,0,44.43281497955322,False,True,19.911584469111162,50.0,Atencao,Atencao: foco visual fora da direcao,21.101938465587757
1777745991.8446026,2756,True,0.2793514681600885,0.3131509630299333,0.2962512155950109,0.514811657868702,False,False,0.04251839738348324,3,0,44.2377552986145,False,True,19.90183148506423,50.0,Atencao,Atencao: foco visual fora da direcao,21.196864910110364
1777745991.8911192,2757,True,0.28101586819549207,0.3221285926989611,0.3015722304472266,0.5117283220973361,False,False,0.04251839738348324,3,0,44.47697143554687,False,True,19.913792291910845,50.0,Atencao,Atencao: foco visual fora da direcao,21.216508720981032
1777745991.9339862,2758,True,0.2816705323416938,0.32263054041059086,0.3021505363761423,0.5113511915798619,False,False,0.04251839738348324,3,0,44.42402420043945,False,True,19.911144930155476,50.0,Atencao,Atencao: foco visual fora da direcao,21.39671936412831
1777745991.9803634,2759,True,0.27960528349082714,0.3165441349472899,0.29807470921905854,0.5410720811538333,False,False,0.04251839738348324,3,0,44.09498538970947,False,True,19.894692989618974,50.0,Atencao,Atencao: foco visual fora da direcao,21.441359697310496
1777745992.0261092,2760,True,0.2814027816943963,0.3232834528469373,0.3023431172706668,0.5522339069799329,False,False,0.042483660130718956,3,0,44.338165187835685,False,True,19.9020756072702,50.0,Atencao,Atencao: foco visual fora da direcao,21.461702467628946
1777745992.0702267,2761,True,0.2792101854506378,0.33691530500921274,0.30806274522992527,0.5304722577376375,False,False,0.042483660130718956,3,0,44.427151870727535,False,True,19.906524941414787,50.0,Atencao,Atencao: foco visual fora da direcao,21.61915420661022
1777745992.1112876,2762,True,0.27677738592709167,0.3418360631289892,0.3093067245280404,0.5272827144094906,False,False,0.042483660130718956,3,0,44.18009338378906,False,True,19.894172017067866,50.0,Atencao,Atencao: foco visual fora da direcao,21.841352956456404
1777745992.1571643,2763,True,0.28042947352758285,0.3311505046877069,0.3057899891076449,0.5330841903722514,False,False,0.042483660130718956,3,0,44.093238735198966,False,True,19.88982928463836,50.0,Atencao,Atencao: foco visual fora da direcao,21.865283724840804
1777745992.2061453,2764,True,0.2841550964167651,0.33212549557777843,0.3081402959972718,0.5401103875498977,False,False,0.042483660130718956,3,0,44.428080558776855,False,True,19.906571375817254,50.0,Atencao,Atencao: foco visual fora da direcao,21.714250314112295
1777745992.2603126,2765,True,0.2774871717255261,0.3111086552072758,0.294297913466401,0.5518706068937449,False,False,0.04251839738348324,3,0,44.66667098999023,False,True,19.923277269633015,50.0,Atencao,Atencao: foco visual fora da direcao,21.37656050995675
1777745992.304866,2766,True,0.2781167524780471,0.3166909539713737,0.2974038532247104,0.5479418953640006,False,False,0.04251839738348324,3,0,44.74976282119751,False,True,19.927431861193377,50.0,Atencao,Atencao: foco visual fora da direcao,21.51565226211596
1777745992.350668,2767,True,0.2899041842100477,0.3306284210005069,0.3102663026052773,0.5737241897849039,False,False,0.04251839738348324,3,0,45.41941556930542,False,True,19.960914498598775,50.0,Atencao,Atencao: foco visual fora da direcao,21.561256639652616
1777745992.399246,2768,True,0.2857971934679429,0.3202050652680474,0.30300112936799517,0.56938412365967,False,False,0.04251839738348324,3,0,45.51692266464234,False,True,19.96578985336562,50.0,Atencao,Atencao: foco visual fora da direcao,21.430837187999735
1777745992.4476793,2769,True,0.2801284457497199,0.3370089777993966,0.30856871177455825,0.5613578506809439,False,False,0.04251839738348324,3,0,45.26823167800903,False,True,19.953355304033956,50.0,Atencao,Atencao: foco visual fora da direcao,21.34207380796039
1777745992.4948559,2770,True,0.2812768101790059,0.3380658197768075,0.3096713149779067,0.554916558893913,False,False,0.04251839738348324,3,0,45.47716674804687,False,True,19.963802057535847,50.0,Atencao,Atencao: foco visual fora da direcao,21.348281968209516
1777745992.5373144,2771,True,0.279417162589985,0.34052973291339866,0.30997344775169183,0.5673073089859556,False,False,0.04251839738348324,3,0,45.20107173919678,False,True,19.94999730709334,50.0,Atencao,Atencao: foco visual fora da direcao,21.567220151528346
1777745992.5806487,2772,True,0.2806752343056579,0.35100837868369744,0.31584180649467763,0.560583307950617,False,False,0.04251839738348324,3,0,45.43597831726074,False,True,19.96174263599654,50.0,Atencao,Atencao: foco visual fora da direcao,21.71522443863903
1777745992.6249323,2773,True,0.2788132349950262,0.3409234540485483,0.30986834452178724,0.559043655685714,False,False,0.04251839738348324,3,0,45.424788570404054,False,True,19.961183148653706,50.0,Atencao,Atencao: foco visual fora da direcao,21.763408548445447
1777745992.6687076,2774,True,0.27823404927577955,0.32800913721291697,0.3031215932443483,0.5525871777697104,False,False,0.04251839738348324,3,0,45.39954233169555,False,True,19.95992083671828,50.0,Atencao,Atencao: foco visual fora da direcao,21.926610171015035
1777745992.7149208,2775,True,0.27698439997571983,0.32875623818190675,0.3028703190788133,0.5653801794048099,False,False,0.04251839738348324,3,0,45.258649539947506,False,True,19.952876197130877,50.0,Atencao,Atencao: foco visual fora da direcao,21.913130130564962
1777745992.760508,2776,True,0.27477406136443383,0.3252334009176846,0.3000037311410592,0.5641618003698358,False,False,0.04251839738348324,3,0,45.25246715545654,False,True,19.95256707790633,50.0,Atencao,Atencao: foco visual fora da direcao,21.911021277502076
1777745992.804231,2777,True,0.27529983224168636,0.32500958850997014,0.30015471037582825,0.567202408518122,False,False,0.04251839738348324,3,0,45.282953357696535,False,True,19.95409138801833,50.0,Atencao,Atencao: foco visual fora da direcao,21.995268244368276
1777745992.8499804,2778,True,0.2872705092383906,0.3465159259995605,0.31689321761897554,0.592305638015406,False,False,0.04251839738348324,3,0,45.02150449752808,False,True,19.94101894500991,50.0,Atencao,Atencao: foco visual fora da direcao,21.998408850243173
1777745992.8943858,2779,True,0.2854493056895291,0.32437903102373655,0.3049141683566328,0.548117726066724,False,False,0.04251839738348324,3,0,44.55551166534424,False,True,19.917719303400716,50.0,Atencao,Atencao: foco visual fora da direcao,22.0269007724018
1777745992.9355707,2780,True,0.28535858446722884,0.3217396977572986,0.3035491411122637,0.5740823709679819,False,False,0.04251839738348324,3,0,45.085130786895746,False,True,19.94420025947829,50.0,Atencao,Atencao: foco visual fora da direcao,22.255088678192635
1777745992.9773734,2781,True,0.2837374581305916,0.32587177761058095,0.30480461787058627,0.585677427000291,False,False,0.04251839738348324,3,0,44.58242645263672,False,True,19.91906504276534,50.0,Atencao,Atencao: foco visual fora da direcao,22.414188591961675
1777745993.0242527,2782,True,0.2859799128657467,0.3181924546007483,0.30208618373324747,0.597556331024443,False,False,0.04251839738348324,3,0,44.335221195220946,False,True,19.90670477989455,50.0,Atencao,Atencao: foco visual fora da direcao,22.324376229966266
1777745993.0679657,2783,True,0.2921862669226208,0.3247971572631511,0.30849171209288595,0.5950904348591673,False,False,0.04251839738348324,3,0,44.71035280227661,False,True,19.925461360247333,50.0,Atencao,Atencao: foco visual fora da direcao,22.367303233450837
1777745993.1129928,2784,True,0.27858789860476174,0.2957180181213609,0.2871529583630613,0.5894450049552963,False,False,0.041700735895339326,3,0,44.76758470535278,False,True,19.815894500781354,50.0,Atencao,Atencao: foco visual fora da direcao,22.363967065413046
1777745993.161215,2785,True,0.2610565316280731,0.3003025680380827,0.28067954983307786,0.5608758860368269,False,False,0.04088307440719542,3,0,45.4509162902832,False,True,19.737632625408086,50.0,Atencao,Atencao: foco visual fora da direcao,22.205552888861398
1777745993.2145486,2786,True,0.20436006177128122,0.27994063149831033,0.2421503466347958,0.5677706575203583,False,False,0.04006541291905151,3,0,44.71075706481933,False,True,19.588196209515104,50.0,Atencao,Atencao: foco visual fora da direcao,21.857404315619068
1777745993.266838,2787,True,0.2065495796744305,0.2869931909720737,0.2467713853232521,0.5572353638178051,False,False,0.039247751430907606,3,0,44.59132280349731,False,True,19.46979604182922,50.0,Atencao,Atencao: foco visual fora da direcao,21.577874509696727
1777745993.3120654,2788,True,0.19216457165157022,0.28138085929653683,0.23677271547405354,0.5414109407123764,False,False,0.038430089942763694,3,0,43.084208981015465,False,True,19.282011896085336,50.0,Atencao,Atencao: foco visual fora da direcao,21.60139283159636
1777745993.361329,2789,True,0.2314734285884788,0.2861425683553247,0.2588079984719017,0.5703242882157582,False,False,0.03761242845461979,3,0,40.482043306935914,False,True,19.039475157761572,50.0,Atencao,Atencao: foco visual fora da direcao,21.500112200019718
1777745993.4102283,2790,True,0.23203197011894955,0.2755189567396772,0.25377546342931334,0.5492974436489945,False,False,0.03679476696647588,3,0,39.11107484156435,False,True,18.85849827987321,50.0,Atencao,Atencao: foco visual fora da direcao,21.37538051884955
1777745993.462662,2791,True,0.23164186467154485,0.28486021675700124,0.2582510407142731,0.5609604067245456,False,False,0.036824877250409165,3,0,39.03469507152384,False,True,18.827091968563177,50.0,Atencao,Atencao: foco visual fora da direcao,21.163088995286945
1777745993.507509,2792,True,0.23649245014179396,0.2903541440934975,0.2634232971176457,0.548424260794095,False,False,0.036824877250409165,3,0,39.67212607643821,False,True,18.858963518808896,50.0,Atencao,Atencao: foco visual fora da direcao,21.247552126316307
1777745993.556783,2793,True,0.2354550145717468,0.29374413187442944,0.26459957322308814,0.5356291144728321,False,False,0.036824877250409165,3,0,39.987810694087635,False,True,18.874747749691366,50.0,Atencao,Atencao: foco visual fora da direcao,21.177298737380458
1777745993.6015315,2794,True,0.23644880024259735,0.29632410475524884,0.2663864524989231,0.5368880999423471,False,False,0.036824877250409165,3,0,40.977633236755025,False,True,18.924238876824734,50.0,Atencao,Atencao: foco visual fora da direcao,21.285352338557185
1777745993.6442854,2795,True,0.23796446661237983,0.29980479567142965,0.26888463114190475,0.5303374538685797,False,False,0.036824877250409165,3,0,40.99825755466114,False,True,18.92527009272004,50.0,Atencao,Atencao: foco visual fora da direcao,21.494423585375362
1777745993.6894917,2796,True,0.2329950220172606,0.2909977596595272,0.2619963908383939,0.5250744857795568,False,False,0.036824877250409165,3,0,41.554785927317354,False,True,18.95309651135285,50.0,Atencao,Atencao: foco visual fora da direcao,21.55388620577482
1777745993.731211,2797,True,0.23203151386168006,0.2983593102812772,0.2651954120714786,0.5314363185608286,False,False,0.036824877250409165,3,0,41.49271873831749,False,True,18.94999315190286,50.0,Atencao,Atencao: foco visual fora da direcao,21.816345167451253
1777745993.7787666,2798,True,0.15915077971847752,0.22103108541702207,0.19009093256774978,0.560440653818605,True,False,0.03764320785597381,3,0,43.65799709233371,False,True,19.17077752786881,50.0,Atencao,Atencao: foco visual fora da direcao,21.688524687489565
1777745993.8276448,2799,True,0.15734449195797356,0.23923499808642576,0.19828974502219965,0.5549604334413694,True,False,0.038461538461538464,3,0,42.307655592940066,False,True,19.21578091116427,50.0,Atencao,Atencao: foco visual fora da direcao,21.59885584631853
1777745993.872345,2800,True,0.1347005002271024,0.16871703358575607,0.15170876690642923,0.5440994557818466,True,False,0.03927986906710311,3,0,44.70477455529299,False,True,19.448157317547054,50.0,Atencao,Atencao: foco visual fora da direcao,21.684652378680298
1777745993.9157083,2801,True,0.21969208747621094,0.23263690873817283,0.22616449810719189,0.46768322883823193,False,False,0.03927986906710311,3,0,45.31885032653808,False,True,19.473696059655833,50.0,Atencao,Atencao: foco visual fora da direcao,21.832648143615035
1777745993.9586108,2802,True,0.2269846754587143,0.2617857919825737,0.244385233720644,0.38308557211483546,False,False,0.03927986906710311,3,0,45.824808502197264,False,True,19.49899396843879,50.0,Atencao,Atencao: foco visual fora da direcao,21.981646931105193
1777745994.0020008,2803,True,0.24430104322801938,0.2878930503514254,0.26609704678972235,0.3016893901034903,False,False,0.03927986906710311,3,0,45.52389554977417,False,True,19.483948320817635,50.0,Atencao,Atencao: foco visual fora da direcao,22.08586843179343
1777745994.044884,2804,True,0.27757362210706343,0.3002736179297766,0.28892362001842,0.274448420162,False,False,0.03927986906710311,3,0,44.872846603393555,False,True,19.451395873498605,50.0,Atencao,Atencao: foco visual fora da direcao,22.20146306850378
1777745994.0875227,2805,True,0.2760426949062418,0.2978152560774431,0.28692897549184243,0.2765469865634961,False,False,0.03927986906710311,3,0,45.31571578979492,False,True,19.473539332818675,50.0,Atencao,Atencao: foco visual fora da direcao,22.30441298396742
1777745994.130216,2806,True,0.2576864658177559,0.31953655938723846,0.2886115126024972,0.2511285244156955,False,False,0.03927986906710311,3,0,45.441704940795894,False,True,19.47983879036872,50.0,Atencao,Atencao: foco visual fora da direcao,22.40973265449206
1777745994.173103,2807,True,0.27323048610840006,0.3268016383571416,0.30001606223277083,0.2654791680445078,False,False,0.039247751430907606,3,0,44.974010086059565,False,True,19.452037872655023,50.0,Atencao,Atencao: foco visual fora da direcao,22.502285627413027
1777745994.2203178,2808,True,0.2789251706093268,0.3435402441144998,0.31123270736191333,0.25090525200223407,False,False,0.03927986906710311,3,0,45.20881195068359,False,True,19.468194140863105,50.0,Atencao,Atencao: foco visual fora da direcao,22.37290735572929
1777745994.2693512,2809,True,0.280598959913405,0.34574027138787905,0.31316961565064205,0.24743470252713168,False,False,0.03927986906710311,3,0,44.46396808624267,False,True,19.43095194764106,50.0,Atencao,Atencao: foco visual fora da direcao,22.181137644457174
1777745994.323265,2810,True,0.2791474519032639,0.3532859405876189,0.3162166962454414,0.24751084243118954,False,False,0.03927986906710311,3,0,43.94854364395142,False,True,19.4051807255265,50.0,Atencao,Atencao: foco visual fora da direcao,21.83259161699969
1777745994.3756557,2811,True,0.2761909070161053,0.34661826781628197,0.31140458741619365,0.23689313555884753,False,False,0.03927986906710311,3,0,43.97686691284179,False,True,19.406596888971016,50.0,Atencao,Atencao: foco visual fora da direcao,21.550422540134143
1777745994.4285202,2812,True,0.2784862231724091,0.36001992133381694,0.31925307225311306,0.23224626523525965,False,False,0.03927986906710311,3,0,43.43263082504272,False,True,19.379385084581063,50.0,Atencao,Atencao: foco visual fora da direcao,21.28583236919317
1777745994.4763947,2813,True,0.27140366390106146,0.3483139137633371,0.3098587888321993,0.23367114481603982,False,False,0.03927986906710311,3,0,44.096745777130124,False,True,19.412590832185433,50.0,Atencao,Atencao: foco visual fora da direcao,21.22478306012913
1777745994.5264993,2814,True,0.2791922286084885,0.34525692876937314,0.31222457868893083,0.2451117654266986,False,False,0.03927986906710311,3,0,43.78402509689331,False,True,19.396954798173592,50.0,Atencao,Atencao: foco visual fora da direcao,21.121385063060565
1777745994.5740554,2815,True,0.2786550066562144,0.3476839804932678,0.3131694935747411,0.23868122118882348,False,False,0.03927986906710311,3,0,43.87054843902588,False,True,19.401280965280222,50.0,Atencao,Atencao: foco visual fora da direcao,21.1174123255159
1777745994.6175687,2816,True,0.2673693658100556,0.34725253158738556,0.30731094869872055,0.2503968673020379,False,False,0.03927986906710311,3,0,44.122161102294925,False,True,19.413861598443674,50.0,Atencao,Atencao: foco visual fora da direcao,21.295625066098495
1777745994.6589427,2817,True,0.2708552457852496,0.34396824744090065,0.30741174661307513,0.25993593063118303,False,False,0.03927986906710311,3,0,44.087003135681144,False,True,19.412103700112986,50.0,Atencao,Atencao: foco visual fora da direcao,21.572332334453172
1777745994.700379,2818,True,0.27737538289386426,0.34793699488893987,0.31265618889140206,0.21532208200911093,False,False,0.03927986906710311,3,0,43.29683122634888,False,True,19.372595104646372,50.0,Atencao,Atencao: foco visual fora da direcao,21.85533765946632
1777745994.7448697,2819,True,0.27680606534997665,0.3595496864788147,0.31817787591439567,0.22333153080610643,False,False,0.03927986906710311,3,0,42.49386796951294,False,True,19.332446941804573,50.0,Atencao,Atencao: foco visual fora da direcao,21.916167033192938
1777745994.7908976,2820,True,0.2752802908655577,0.35666779634171625,0.315974043603637,0.25134388996531526,False,False,0.03927986906710311,3,0,40.840268516540526,False,True,19.249766969155953,50.0,Atencao,Atencao: foco visual fora da direcao,21.87868745582924
1777745994.8346212,2821,True,0.28032405864377524,0.35048736421717314,0.3154057114304742,0.2509489366183526,False,False,0.03927986906710311,3,0,40.61173057556152,False,True,19.238340072107004,50.0,Atencao,Atencao: foco visual fora da direcao,21.990790191453794
1777745994.8802104,2822,True,0.2825486284507175,0.34659023845620035,0.3145694334534589,0.2529624223941816,False,False,0.03927986906710311,3,0,40.12702879905701,False,True,19.21410498328178,50.0,Atencao,Atencao: foco visual fora da direcao,21.994553280578586
1777745994.9266975,2823,True,0.2733336959081117,0.3568070183068126,0.3150703571074621,0.22703740437505165,False,False,0.03927986906710311,3,0,41.41699795722961,False,True,19.27860344119041,50.0,Atencao,Atencao: foco visual fora da direcao,21.88580538514167
1777745994.9726157,2824,True,0.2661350133849651,0.35173705949626216,0.3089360364406136,0.22902558987505944,False,False,0.03927986906710311,3,0,41.69159264564514,False,True,19.292333175611184,50.0,Atencao,Atencao: foco visual fora da direcao,21.940629796525627
1777745995.0188015,2825,True,0.2611539611430352,0.3560190747082011,0.30858651792561814,0.20807414214288134,False,False,0.038461538461538464,3,0,43.09044361114502,False,True,19.24975526562104,50.0,Atencao,Atencao: foco visual fora da direcao,21.889978184219924
1777745995.065256,2826,True,0.2716460981418324,0.34016922577382336,0.30590766195782787,0.23364861900848474,False,False,0.03764320785597381,3,0,43.30100259780883,False,True,19.14776275668909,50.0,Atencao,Atencao: foco visual fora da direcao,21.876075525479784
1777745995.1101248,2827,True,0.26738772412631345,0.3642709658719647,0.31582934499913906,0.23299524183398046,False,False,0.036824877250409165,3,0,44.07534475326538,False,True,19.073959406196774,50.0,Atencao,Atencao: foco visual fora da direcao,21.914315853657595
1777745995.157398,2828,True,0.28123575077647567,0.33037381984194164,0.3058047853092086,0.23037462764407352,False,False,0.03679476696647588,3,0,45.46601390838623,False,True,19.139352699911996,50.0,Atencao,Atencao: foco visual fora da direcao,21.835070953378683
1777745995.2076392,2829,True,0.2791170772539701,0.34192539562070257,0.3105212364373363,0.19966555779486397,False,False,0.03518821603927987,3,0,46.160440826416014,False,True,18.95317329332403,50.0,Atencao,Atencao: foco visual fora da direcao,21.638233306759727
1777745995.2644289,2830,True,0.26675266353859567,0.32942971781899266,0.2980911906787942,0.21683918357655563,False,False,0.03436988543371522,3,0,46.58705968856811,False,True,18.861983778166497,50.0,Atencao,Atencao: foco visual fora da direcao,21.24004645272153
1777745995.3158875,2831,True,0.2638566980253503,0.29577561466057917,0.27981615634296475,0.22164495050795874,False,False,0.03436988543371522,3,0,47.74034690856933,False,True,18.888916502880775,50.0,Atencao,Atencao: foco visual fora da direcao,21.021475149740052
1777745995.372853,2832,True,0.28267437649043065,0.3188567017595496,0.30076553912499016,0.21394438020678047,False,False,0.03436988543371522,3,0,46.32641065608371,False,True,18.818219690256495,50.0,Atencao,Atencao: foco visual fora da direcao,20.687255304585584
1777745995.4302256,2833,True,0.27949134475350157,0.31468738279002934,0.2970893637717654,0.2085531900016172,False,False,0.0343980343980344,3,0,41.9554681122303,False,True,18.603543045657712,50.0,Atencao,Atencao: foco visual fora da direcao,20.35011051736768
1777745995.4811735,2834,True,0.13815462507970214,0.09084896655590625,0.1145017958178042,0.17396298966183313,True,False,0.03521703521703522,3,0,35.279885388504375,False,False,18.382376522084027,50.0,Atencao,Atencao: sinais iniciais de risco,20.30134274444695
1777745995.5355167,2835,True,0.15821791102246335,0.1656001227187506,0.161909016870607,0.15709268318994396,True,False,0.036036036036036036,3,0,28.595991452715612,False,False,18.160794437907203,50.0,Atencao,Atencao: sinais iniciais de risco,20.122378132216657
1777745995.5793295,2836,True,0.14808751830420186,0.16525353322142874,0.15667052576281532,0.16362047982243716,True,False,0.036855036855036855,3,0,29.53560717810284,False,False,18.320387836789177,50.0,Atencao,Atencao: sinais iniciais de risco,20.351770074210968
1777745995.6270864,2837,True,0.26829580789105195,0.2680052285959454,0.26815051824349867,0.18673829487261887,False,False,0.036855036855036855,3,0,17.42646728351035,False,False,17.713971791404187,50.0,Atencao,Atencao: sinais iniciais de risco,20.428744058950542
1777745995.671497,2838,True,0.2502919499488779,0.29065833808822383,0.2704751440185509,0.1752584844228765,False,False,0.036824877250409165,3,0,16.919118604216386,False,False,17.68445741180318,50.0,Atencao,Atencao: sinais iniciais de risco,20.664453922748304
1777745995.7141266,2839,True,0.2711405741385628,0.2995262235724775,0.2853333988555201,0.19450395828527375,False,False,0.03679476696647588,3,0,21.63626584058458,False,False,17.916174609580764,50.0,Atencao,Atencao: sinais iniciais de risco,20.88103536764501
1777745995.7616775,2840,True,0.2883065966292638,0.3152590532158836,0.3017828249225737,0.2051406154860007,False,False,0.03676470588235294,3,0,23.974247051369062,False,False,18.028940271053084,50.0,Atencao,Atencao: sinais iniciais de risco,20.917400183758872
1777745995.8068407,2841,True,0.280653531315716,0.2877605553961557,0.28420704335593583,0.1975616365395081,False,False,0.036734693877551024,3,0,24.564033760130403,False,False,18.054302955830888,50.0,Atencao,Atencao: sinais iniciais de risco,21.04753182376781
1777745995.8640833,2842,True,0.2670538772277941,0.30058947127497715,0.2838216742513856,0.2053832513164058,False,False,0.036734693877551024,3,0,25.290321679277856,False,False,18.09061735178826,50.0,Atencao,Atencao: sinais iniciais de risco,20.664366841687173
1777745996.0979702,2843,True,0.2773745105798337,0.30268921375270863,0.2900318621662712,0.0058922988909468135,False,False,0.036036036036036036,3,0,25.809246455810285,False,False,18.044542384874887,50.0,Atencao,Atencao: sinais iniciais de risco,19.027350058423078
1777745996.1436422,2844,True,0.277938834294923,0.3109160918299909,0.29442746306245693,0.003095441906819213,False,False,0.036036036036036036,3,0,26.164808050610798,False,False,18.062320464614913,50.0,Atencao,Atencao: sinais iniciais de risco,19.315032416952636
1777745996.1915643,2845,True,0.26792652694936203,0.31028903830569166,0.28910778262752684,0.002582792204039509,False,False,0.036036036036036036,3,0,25.8524255878546,False,False,18.046701341477103,50.0,Atencao,Atencao: sinais iniciais de risco,19.472110067089638
1777745996.3362505,2846,True,0.2616876175133939,0.31069899375818233,0.28619330563578815,0.003174192825733617,False,False,0.0361247947454844,3,0,25.809406663477418,False,False,18.056754717807394,50.0,Atencao,Atencao: sinais iniciais de risco,18.217468756993608
1777745996.4429154,2847,True,0.27094341740376526,0.2820121884215359,0.27647780291265056,0.0023117941911008693,False,False,0.036154478225143796,3,0,24.483886386454106,False,False,17.994560182409394,50.0,Atencao,Atencao: sinais iniciais de risco,17.326725224061732
1777745996.5668838,2848,True,0.258308919123621,0.29299509495532267,0.2756520070394718,0.002845446236395887,False,False,0.03621399176954732,3,0,22.902595191855323,False,False,17.92367873503494,50.0,Atencao,Atencao: sinais iniciais de risco,16.40331519614536
1777745996.6910884,2849,True,0.2535413638332398,0.28884697044841784,0.2711941671408288,0.23038588037024302,False,False,0.036273701566364384,3,0,20.740141065486455,False,False,17.823766125778842,50.0,Atencao,Atencao: sinais iniciais de risco,15.56796878843101
1777745996.8233006,2850,True,0.3029294786515915,0.25792269024547426,0.2804260844485329,0.08806844722159649,False,False,0.03633360858794385,3,0,17.624220342951066,False,False,17.67620730511925,50.0,Atencao,Atencao: sinais iniciais de risco,14.768480314412134
1777745996.938463,2851,True,0.2829800327162727,0.29273360766911427,0.2878568201926935,0.1373134096221652,False,False,0.036393713813068655,3,0,31.85132981647144,False,False,18.39582724724993,50.0,Atencao,Atencao: sinais iniciais de risco,14.155313204546033
1777745997.0321012,2852,True,0.2871458578625776,0.3676360027261247,0.3273909302943512,0.168360218692308,False,False,0.03642384105960265,3,0,44.502026271820064,False,True,19.032504566415785,50.0,Atencao,Atencao: sinais iniciais de risco,13.816261451294725
1777745997.1230245,2853,True,0.2964758120184956,0.36054674873804377,0.3285112803782697,0.1987187226691027,False,False,0.03645401822700911,3,0,41.63792057037353,False,True,18.89344864186185,50.0,Atencao,Atencao: sinais iniciais de risco,13.533479651657975
1777745997.2173421,2854,True,0.28658183368065954,0.3749005399227796,0.3307411868017196,0.17471738411425597,False,False,0.03648424543946932,3,0,39.55078773498535,False,True,18.793248241805713,50.0,Atencao,Atencao: sinais iniciais de risco,13.24080540568767
1777745997.3404589,2855,True,0.28179130009348397,0.40992196328781894,0.34585663169065145,0.1803470202223525,False,False,0.036514522821576766,3,0,40.595026636123656,False,True,18.849623326902403,50.0,Atencao,Atencao: sinais iniciais de risco,12.724828528648445
1777745997.4667149,2856,True,0.14180002770520547,0.23784115774370923,0.18982059272445734,0.08777945107751108,True,False,0.03740648379052369,3,0,37.48885843753815,False,True,18.81695955020333,50.0,Atencao,Atencao: sinais iniciais de risco,12.24822493110512
1777745997.5912657,2857,True,0.15239246495925612,0.30135998964692456,0.22687622730309034,0.06340007509395293,False,False,0.03746877601998335,3,0,38.06737401485443,False,True,18.847375683167346,50.0,Atencao,Atencao: sinais iniciais de risco,11.824948460163625
1777745997.712877,2858,True,0.0765120735904349,0.11987611553999411,0.0981940945652145,0.007669467212668396,True,False,0.03833333333333333,3,0,35.853704911470416,False,True,18.855568858583766,50.0,Atencao,Atencao: sinais iniciais de risco,11.464102416737651
1777745997.834639,2859,True,0.3060325168164099,0.6327486262849169,0.46939057155066344,0.01252088475958681,False,False,0.038397328881469114,3,0,35.036597246676685,False,True,18.816696207377067,50.0,Atencao,Atencao: sinais iniciais de risco,11.132739248062768
1777745997.959599,2860,True,0.30279719494679,0.5750603378053176,0.4389287663760538,0.12969937419333463,False,False,0.038461538461538464,3,0,36.089234781265255,False,True,18.878156901366033,50.0,Atencao,Atencao: sinais iniciais de risco,10.825456740891314
1777745998.0834343,2861,True,0.3097442431293329,0.5154415287694432,0.41259288594938803,0.1621143837802903,False,False,0.038525963149078725,3,0,36.65900989770889,False,True,18.915504051724998,50.0,Atencao,Atencao: sinais iniciais de risco,10.55365373166179
1777745998.2074041,2862,True,0.314760456676213,0.6002629405688523,0.45751169862253266,0.047116054637981956,False,False,0.03859060402684564,3,0,38.02736189365387,False,True,18.992809772215196,50.0,Atencao,Atencao: sinais iniciais de risco,10.302888741455712
1777745998.3309627,2863,True,0.31673097084594,0.5490156751786363,0.4328733230122881,0.11088227464138356,False,False,0.038623005877413935,3,0,36.95255353450775,False,True,18.943524608711034,50.0,Atencao,Atencao: sinais iniciais de risco,10.081658737704103
1777745998.454304,2864,True,0.3024733579614347,0.49488143460629286,0.3986773962838638,0.1856560242479195,False,False,0.03868797308662742,3,0,36.627231729030605,False,True,18.93619150970403,50.0,Atencao,Atencao: sinais iniciais de risco,9.886097994973177
1777745998.5769517,2865,True,0.3003775865456729,0.5000418403337776,0.4002097134397253,0.011102630153332625,False,False,0.038753159224936815,3,0,36.10015662908554,False,True,18.918800848724317,50.0,Atencao,Atencao: sinais iniciais de risco,9.710072856350719
1777745998.701665,2866,True,0.30966055605044773,0.49733103712479043,0.4034957965876191,0.1642412824729896,False,False,0.038818565400843885,3,0,35.976684141159055,False,True,18.921620573515217,50.0,Atencao,Atencao: sinais iniciais de risco,9.541672437861735
1777745998.8241997,2867,True,0.30609824136304176,0.5362562941006866,0.4211772677318642,0.1686846167464466,False,False,0.03888419273034658,3,0,35.89527507424354,False,True,18.92657387797606,50.0,Atencao,Atencao: sinais iniciais de risco,9.402332442764742
1777745998.9503655,2868,True,0.3057552122062046,0.5095564633159676,0.4076558377610861,0.0022375159694163205,False,False,0.03895004233700254,3,0,35.65760077834129,False,True,18.92374448409614,50.0,Atencao,Atencao: sinais iniciais de risco,9.257036402371384
1777745999.0435083,2869,True,0.3226290367697838,0.5147058397273238,0.4186674382485538,0.007860396404903788,False,False,0.03898305084745763,3,0,36.693008828163144,False,True,18.980053556774813,50.0,Atencao,Atencao: sinais iniciais de risco,9.405722428330103
1777745999.1662753,2870,True,0.2402550723681963,0.518070685775236,0.37916287907171614,0.20732813074914816,False,False,0.03735144312393888,3,0,36.53888169527054,False,True,18.74800113814635,50.0,Atencao,Atencao: sinais iniciais de risco,9.277980550281939
1777745999.2929242,2871,True,0.2721070648816775,0.47831197407531234,0.3752095194784949,0.24370647158310274,False,False,0.03741496598639456,3,0,37.15342695713043,False,True,18.802384296544147,50.0,Atencao,Atencao: sinais iniciais de risco,9.140608226431915
1777745999.4169462,2872,True,0.2876018421140747,0.47324556334307066,0.3804237027285727,0.02121484791509093,False,False,0.03747870528109029,3,0,37.690065097808834,False,True,18.837980356598734,50.0,Atencao,Atencao: sinais iniciais de risco,9.031758731437579
1777745999.5404851,2873,True,0.27527021491086356,0.48282519915408073,0.37904770703247215,0.18400793977362437,False,False,0.03754266211604096,3,0,39.53954048156738,False,True,18.939248190592377,50.0,Atencao,Atencao: sinais iniciais de risco,8.938829562131485
1777745999.6646602,2874,True,0.2306457949097865,0.31043789063727645,0.2705418427735315,0.003808750041254384,False,False,0.037606837606837605,3,0,37.147821998596186,False,True,18.828486396428357,50.0,Atencao,Atencao: sinais iniciais de risco,8.851443096342331
1777745999.7867975,2875,True,0.2641519495723593,0.3872840498814884,0.32571799972692383,0.002883005589304002,False,False,0.03767123287671233,3,0,40.54092969894409,False,True,19.006996131053526,50.0,Atencao,Atencao: sinais iniciais de risco,8.784387714829808
1777745999.9115567,2876,True,0.2754589153205567,0.3456860799447725,0.3105724976326646,0.004110817218480208,False,False,0.03773584905660377,3,0,42.49485759735107,False,True,19.11357725070895,50.0,Atencao,Atencao: sinais iniciais de risco,8.70671896369551
1777746000.0325606,2877,True,0.3035622740746536,0.387589485148893,0.3455758796117733,0.0034687116722136742,False,False,0.03776824034334764,3,0,42.90184869766235,False,True,19.138380607651793,50.0,Atencao,Atencao: foco visual fora da direcao,8.661548456289951
1777746000.1574876,2878,True,0.31746574810055517,0.414643024483716,0.3660543862921356,0.009569620866727363,False,False,0.037833190025795355,3,0,38.06946055889129,False,True,18.9056917820498,50.0,Atencao,Atencao: foco visual fora da direcao,8.596962119918974
1777746000.2817106,2879,True,0.2702692937022378,0.37906490811103827,0.32466710090663803,0.006230175085458542,False,False,0.0378657487091222,3,0,37.593596768379214,False,True,18.88637541148164,50.0,Atencao,Atencao: foco visual fora da direcao,8.542631576133772
1777746000.405939,2880,True,0.2894564856482718,0.3476609823011716,0.3185587339747217,0.0059789799801854135,False,False,0.03793103448275862,3,0,37.008917689323425,False,True,18.866118251403858,50.0,Atencao,Atencao: foco visual fora da direcao,8.493187676203839
1777746000.529084,2881,True,0.26772109371048786,0.2837347872546724,0.2757279404825801,0.009673917567906604,False,False,0.037996545768566495,3,0,38.05614993572235,False,True,18.927487665522385,50.0,Atencao,Atencao: foco visual fora da direcao,8.455872926277586
1777746000.6520586,2882,True,0.271586106720307,0.3172977124802153,0.2944419096002612,0.00992930719173059,False,False,0.03802938634399308,3,0,40.68951463699341,False,True,19.063671479707097,50.0,Atencao,Atencao: foco visual fora da direcao,8.42419369475836
1777746000.7756968,2883,True,0.27148885945078066,0.3035085824098037,0.28749872093029216,0.00835539888287333,False,False,0.037996545768566495,3,0,42.222661876678465,False,True,19.135813262570192,50.0,Atencao,Atencao: foco visual fora da direcao,8.391937005994453
1777746000.8971586,2884,True,0.2864023403139283,0.32417420635655314,0.3052882733352407,0.008642131164665764,False,False,0.03802938634399308,3,0,40.182493448257446,False,True,19.0383204202703,50.0,Atencao,Atencao: foco visual fora da direcao,8.374281405337715
1777746001.1729803,2885,True,0.29703500223337537,0.3663084352881229,0.33167171876074913,0.006196378965985111,False,False,0.03819444444444445,3,0,38.18593301773071,False,True,18.961187887556022,50.0,Atencao,Atencao: foco visual fora da direcao,7.899106217363212
1777746001.2671573,2886,True,0.295038172032698,0.35829758713701215,0.3266678795848551,0.0074687236391578595,False,False,0.038227628149435276,3,0,35.18155559003353,False,True,18.815531775607404,50.0,Atencao,Atencao: foco visual fora da direcao,8.172066537718992
1777746001.3599756,2887,True,0.26686244867927456,0.3167430022607484,0.2918027254700115,0.006607780274408801,False,False,0.03826086956521739,3,0,36.267383670806886,False,True,18.874393874316112,50.0,Atencao,Atencao: foco visual fora da direcao,8.436398133921038
1777746001.4834635,2888,True,0.25952397751467693,0.3423327158631031,0.30092834668889,0.005348145208584281,False,False,0.03832752613240418,3,0,39.1805823802948,False,True,19.029219087778692,50.0,Atencao,Atencao: foco visual fora da direcao,8.396722830182284
1777746001.605091,2889,True,0.2932671700444962,0.34591045322501024,0.3195888116347532,0.0091900701944449,False,False,0.038394415357766144,3,0,40.42109675407409,False,True,19.100442074954927,50.0,Atencao,Atencao: foco visual fora da direcao,8.382099699649489
1777746001.728742,2890,True,0.2922786301705263,0.33852219895467395,0.31540041456260015,0.008014886864878532,False,False,0.03842794759825328,3,0,38.573942232131955,False,True,19.012695031924803,50.0,Atencao,Atencao: foco visual fora da direcao,8.354169916264379
1777746001.8226233,2891,True,0.28090107821767263,0.32294380888045476,0.3019224435490637,0.0046783037277645005,False,False,0.038461538461538464,3,0,36.86865403652191,False,True,18.932049365846012,50.0,Atencao,Atencao: foco visual fora da direcao,8.587135842088127
1777746001.9164593,2892,True,0.29665519610973806,0.3299126946441241,0.31328394537693105,0.004921048267067991,False,False,0.03849518810148731,3,0,37.37829306125641,False,True,18.9621581425757,50.0,Atencao,Atencao: foco visual fora da direcao,8.790841513996245
1777746002.0117757,2893,True,0.29830210249590255,0.347362156721912,0.3228321296089073,0.007047778115349028,False,False,0.03852889667250438,3,0,36.66275265216827,False,True,18.93101605063614,50.0,Atencao,Atencao: foco visual fora da direcao,8.961745182859072
1777746002.104763,2894,True,0.22752394606349238,0.2525885371281299,0.24005624159581113,0.004189452133365614,False,False,0.03856266432953549,3,0,37.97368273735046,False,True,19.001205607737027,50.0,Atencao,Atencao: foco visual fora da direcao,9.142328417723459
1777746002.2277834,2895,True,0.16773089536067334,0.12945235986217682,0.14859162761142508,0.12899386827835568,True,False,0.039473684210526314,3,0,42.50375823974609,False,True,19.35297461649305,50.0,Atencao,Atencao: foco visual fora da direcao,9.038860589156442
1777746002.3514872,2896,True,0.18015468372376445,0.24624396071423843,0.21319932221900145,0.01199215065957501,False,False,0.03950834064969271,3,0,48.90836524963379,False,True,19.67107657373108,50.0,Atencao,Atencao: foco visual fora da direcao,8.945851307102993
1777746002.473469,2897,True,0.1820004676319887,0.22379495810620947,0.20289771286909908,0.13146953132284595,True,False,0.040457343887423045,3,0,40.27295626130971,False,True,19.369794069502802,50.0,Atencao,Atencao: foco visual fora da direcao,8.864641317166786
1777746002.5957317,2898,True,0.20887251512607155,0.2527949465764697,0.23083373085127062,0.023825233410152826,False,False,0.04052863436123348,3,0,31.572145388343113,False,False,18.938148079065076,50.0,Atencao,Atencao: sinais iniciais de risco,8.792655349550461
1777746002.7210011,2899,True,0.2145023857882363,0.27135082986810627,0.24292660782817127,0.11064789933809364,False,False,0.04060017652250662,3,0,33.47058985233306,False,False,19.04290734943963,50.0,Atencao,Atencao: sinais iniciais de risco,8.719555368398058
1777746002.8415585,2900,True,0.20861399511055836,0.2565507080172428,0.23258235156390056,0.07690095752094016,False,False,0.04063604240282685,3,0,33.11027964841236,False,False,19.029823397787627,50.0,Atencao,Atencao: sinais iniciais de risco,8.672661237028825
1777746002.9648855,2901,True,0.2230608222481947,0.27852633035377966,0.2507935763009872,0.11107345604364595,False,False,0.04070796460176991,3,0,33.24599274857478,False,False,19.04649835515042,50.0,Atencao,Atencao: sinais iniciais de risco,8.621637021066757
1777746003.0568967,2902,True,0.23757977586629375,0.29537011936823493,0.2664749476172643,0.0017915031877089444,False,False,0.04074402125775022,3,0,35.96157389770855,False,False,19.1872352028044,50.0,Atencao,Atencao: sinais iniciais de risco,8.842960327133598
1777746003.1483853,2903,True,0.16360605681079962,0.2331648167908871,0.19838543680084336,0.19291908726382062,True,False,0.041666666666666664,3,0,45.63539133071899,False,True,19.79778981818093,50.0,Atencao,Atencao: sinais iniciais de risco,9.05249530597717
1777746003.2406683,2904,True,0.08896054402611307,0.06938355946857308,0.07917205174734307,0.15068409762559087,True,False,0.0425531914893617,3,0,38.51099979877471,False,True,19.563467404704284,50.0,Atencao,Atencao: sinais iniciais de risco,9.229887030944033
1777746003.3335145,2905,True,0.08421499832159669,0.18749783585684893,0.1358564170892228,0.19921561015279377,True,False,0.043478260869565216,3,0,42.308681392669676,False,True,19.88054852417702,50.0,Atencao,Atencao: sinais iniciais de risco,9.385735427323214
1777746003.4549139,2906,True,0.18921356775284637,0.5437279629266857,0.366470765339766,0.06009679201890989,False,False,0.043555555555555556,3,0,42.34576025009155,False,True,19.921240823422256,50.0,Atencao,Atencao: sinais iniciais de risco,9.269141622889641
1777746003.5493667,2907,True,0.1711284920128505,0.4927784888698909,0.3319534904413707,0.011475364142779769,False,False,0.04359430604982206,3,0,39.5047914981842,False,True,19.784520578788534,50.0,Atencao,Atencao: sinais iniciais de risco,9.404136773582948
