timestamp,frame_id,face_detected,ear_left,ear_right,ear_avg,mar,eye_closed,mouth_open,perclos,yawn_count_window,long_eye_closure_count,head_tilt_score,looking_down,looking_side,fatigue_score,distraction_score,final_state,alert_message,fps
1777746164.260811,1,False,0.0,0.0,0.0,0.0,False,False,0.0,0,0,0.0,False,False,0.0,15.0,Normal,,2.2319191669018545
1777746164.4267125,2,False,0.0,0.0,0.0,0.0,False,False,0.0,0,0,0.0,False,False,0.0,16.935516595840454,Normal,,2.6160769099505345
1777746164.4775014,3,False,0.0,0.0,0.0,0.0,False,False,0.0,0,0,0.0,False,False,0.0,17.528053522109985,Normal,,4.316480752907407
1777746164.5277004,4,True,0.21358771088854453,0.3874744104374401,0.3005310606629923,0.09699785614996737,False,False,0.0,0,0,36.415047109127045,False,True,1.8207523554563523,50.0,Atencao,Atencao: sinais iniciais de risco,5.883525532308945
1777746164.773399,5,True,0.25263372354674885,0.3609461985790838,0.30678996106291634,0.013699545181549493,False,False,0.0,0,0,36.337429881095886,False,True,1.8168714940547943,50.0,Atencao,Atencao: sinais iniciais de risco,5.700809048829166
1777746164.8177662,6,True,0.2611772864202189,0.3737879537333496,0.3174826200767843,0.10600546936781717,False,False,0.0,0,0,37.61422424316406,False,True,1.8807112121582028,50.0,Atencao,Atencao: sinais iniciais de risco,7.385509408457004
1777746164.865223,7,True,0.25918195530221966,0.3813962660537999,0.3202891106780098,0.08805325903938371,False,False,0.0,0,0,36.96684970855713,False,True,1.8483424854278563,50.0,Atencao,Atencao: sinais iniciais de risco,8.784774944243491
1777746164.91072,8,True,0.2632727720331769,0.3732998624196358,0.3182863172264063,0.06684560237302611,False,False,0.0,0,0,38.29104106426239,False,True,1.9145520532131193,50.0,Atencao,Atencao: sinais iniciais de risco,10.079360164709549
1777746164.9558487,9,True,0.26641905640923924,0.37367172749461425,0.3200453919519267,0.05525459904214759,False,False,0.0,0,0,37.60641536712646,False,True,1.880320768356323,50.0,Atencao,Atencao: sinais iniciais de risco,11.304404371923514
1777746164.9942484,10,True,0.25821361727030956,0.37149967136243806,0.31485664431637383,0.05399163634163813,False,False,0.0,0,0,37.40505764484405,False,True,1.8702528822422024,50.0,Atencao,Atencao: sinais iniciais de risco,12.80683853531526
1777746165.0358403,11,True,0.27408979568068903,0.3611043067221094,0.31759705120139925,0.05191603828242871,False,False,0.0,0,0,36.29439340829849,False,True,1.8147196704149247,50.0,Atencao,Atencao: sinais iniciais de risco,13.932511312558043
1777746165.0774114,12,True,0.25749792031424695,0.41026237337773674,0.3338801468459919,0.0417133220573219,False,False,0.0,0,0,35.962022542953484,False,True,1.7981011271476743,50.0,Atencao,Atencao: sinais iniciais de risco,14.924716531366109
1777746165.1174912,13,True,0.2677440655514075,0.4208852701591809,0.3443146678552942,0.07452490692470151,False,False,0.0,0,0,35.091940552741285,False,True,1.7545970276370642,50.0,Atencao,Atencao: sinais iniciais de risco,15.87612723044753
1777746165.1644888,14,True,0.26724706871878656,0.3857888522851202,0.32651796050195336,0.13206422964195766,False,False,0.0,0,0,36.046965742111205,False,True,1.80234828710556,50.0,Atencao,Atencao: sinais iniciais de risco,16.47590855425123
1777746165.208901,15,True,0.28025401201568223,0.3728591737732738,0.326556592894478,0.08516822149690628,False,False,0.0,0,0,37.098432016372676,False,True,1.854921600818634,50.0,Atencao,Atencao: sinais iniciais de risco,17.010932734814997
1777746165.2560663,16,True,0.27703085984266357,0.4013452630633538,0.33918806145300867,0.014871847825243522,False,False,0.0,0,0,36.87291402816773,False,True,1.8436457014083862,50.0,Atencao,Atencao: sinais iniciais de risco,17.477363021563527
1777746165.309824,17,True,0.2700866146689868,0.4447485113108798,0.3574175629899333,0.012816770331774842,False,False,0.0,0,0,36.77324582338333,False,True,1.8386622911691664,50.0,Atencao,Atencao: sinais iniciais de risco,17.59997772778357
1777746165.360772,18,True,0.27948419348180403,0.43510302623000047,0.35729360985590225,0.061005636995710474,False,False,0.0,0,0,36.91942031383515,False,True,1.8459710156917575,50.0,Atencao,Atencao: sinais iniciais de risco,17.80179518539327
1777746165.4097972,19,True,0.3111789712071894,0.4264183062431065,0.36879863872514795,0.12832819308193297,False,False,0.0,0,0,35.892516422271726,False,True,1.7946258211135864,50.0,Atencao,Atencao: sinais iniciais de risco,18.00927231808174
1777746165.4604068,20,True,0.3141157026705131,0.40018004804012974,0.35714787535532144,0.13578009713225764,False,False,0.0,0,0,36.12849642038345,False,True,1.8064248210191725,50.0,Atencao,Atencao: sinais iniciais de risco,18.199389368580615
1777746165.5130937,21,True,0.3020005256655536,0.40568678083891996,0.35384365325223677,0.1213152303057643,False,False,0.0,0,0,35.61868739724159,False,True,1.7809343698620794,50.0,Atencao,Atencao: sinais iniciais de risco,18.31267305642261
1777746165.5669172,22,True,0.3536647072510819,0.4028937251985432,0.37827921622481253,0.19244399880824611,False,False,0.0,0,0,35.12382841706276,False,True,1.7561914208531382,50.0,Atencao,Atencao: sinais iniciais de risco,18.342359041674534
1777746165.6185875,23,True,0.31106623638927156,0.34278509925779665,0.3269256678235341,0.15697162317337704,False,False,0.0,0,0,36.66972178220749,False,True,1.8334860891103744,50.0,Atencao,Atencao: sinais iniciais de risco,18.43706478563477
1777746165.669367,24,True,0.32366284582206445,0.3545378469657434,0.33910034639390396,0.174219646151804,False,False,0.0,0,0,35.06299968510866,False,True,1.753149984255433,50.0,Atencao,Atencao: sinais iniciais de risco,18.557867484352087
1777746165.7195573,25,True,0.2877645871296258,0.2741913330836433,0.28097796010663456,0.19552211581624454,False,False,0.0,0,0,35.121072983741755,False,True,1.7560536491870877,50.0,Atencao,Atencao: sinais iniciais de risco,18.638830367771284
1777746165.7721846,26,True,0.29445299039532424,0.3106477328333061,0.30255036161431514,0.18689993929743048,False,False,0.0,0,0,45.9381685256958,False,True,2.29690842628479,50.0,Atencao,Atencao: sinais iniciais de risco,18.743059968271517
1777746165.8223984,27,True,0.2908385833130247,0.16631537308679606,0.22857697819991038,0.17245423953636604,False,False,0.0,0,0,51.66080265045166,False,True,2.5830401325225827,50.0,Atencao,Atencao: sinais iniciais de risco,18.840642725265116
1777746165.8741858,28,True,0.32969256387639645,0.25608864924723995,0.2928906065618182,0.06557493470412647,False,False,0.0,0,0,47.13992948532104,False,True,2.356996474266052,50.0,Atencao,Atencao: sinais iniciais de risco,18.886294340605527
1777746165.9191263,29,True,0.3573675343077592,0.22008683735908455,0.2887271858334219,0.02685045277578679,False,False,0.0,0,0,47.09435081481933,False,True,2.3547175407409666,50.0,Atencao,Atencao: sinais iniciais de risco,19.22805034184166
1777746165.9661503,30,True,0.35949666711642725,0.34749045124610445,0.35349355918126585,0.04348911166151846,False,False,0.0,0,0,44.546061706542964,False,True,2.2273030853271485,50.0,Atencao,Atencao: sinais iniciais de risco,19.43867876824779
1777746166.01697,31,True,0.34229463913267105,0.3884116151405886,0.3653531271366298,0.1208803908295601,False,False,0.0,0,0,40.0288788318634,False,True,2.00144394159317,50.0,Atencao,Atencao: sinais iniciais de risco,19.458984366990418
1777746166.0720315,32,True,0.3590418838563887,0.35379335507731785,0.35641761946685324,0.06142288067230257,False,False,0.0,0,0,39.6813726902008,False,True,1.98406863451004,50.0,Atencao,Atencao: sinais iniciais de risco,19.305627880641616
1777746166.1231866,33,True,0.365812050182907,0.49624824306031606,0.43103014662161154,0.07053283208192968,False,False,0.0,0,0,35.78981716036797,False,True,1.7894908580183984,50.0,Atencao,Atencao: sinais iniciais de risco,19.36922618899981
1777746166.1749496,34,True,0.34538512547653855,0.4867578959416479,0.4160715107090932,0.033203564991977574,False,False,0.0,0,0,35.97770220041275,False,True,1.7988851100206373,50.0,Atencao,Atencao: sinais iniciais de risco,19.331101442402584
1777746166.2220206,35,True,0.325320080674084,0.42484859616935317,0.3750843384217186,0.014995309700125805,False,False,0.0,0,0,37.18347971439361,False,True,1.8591739857196807,50.0,Atencao,Atencao: sinais iniciais de risco,19.56290582584166
1777746166.2689168,36,True,0.3381326427292495,0.4791062195113203,0.40861943112028487,0.009548070455460963,False,False,0.0,0,0,36.69064805507659,False,True,1.8345324027538297,50.0,Atencao,Atencao: sinais iniciais de risco,19.72148212415155
1777746166.314778,37,True,0.334231674725876,0.5702534647950788,0.4522425697604774,0.006624200140150622,False,False,0.0,0,0,38.79434471130371,False,True,1.9397172355651855,50.0,Atencao,Atencao: sinais iniciais de risco,19.946962229570254
1777746166.3591366,38,True,0.33444672749159393,0.42161076142112847,0.3780287444563612,0.017436145728808004,False,False,0.0,0,0,36.092676270008084,False,True,1.8046338135004043,50.0,Atencao,Atencao: sinais iniciais de risco,20.166565956308283
1777746166.404776,39,True,0.32837796736084784,0.6543071808179967,0.4913425740894223,0.010730790693127809,False,False,0.0,0,0,40.22341194152832,False,True,2.0111705970764158,50.0,Atencao,Atencao: sinais iniciais de risco,20.36868016200583
1777746166.4451141,40,True,0.3232454935397831,0.6167914603459296,0.47001847694285637,0.009150284799185907,False,False,0.0,0,0,39.679680538177486,False,True,1.9839840269088742,50.0,Atencao,Atencao: sinais iniciais de risco,20.815969432667934
1777746166.4818423,41,True,0.33746623929540176,0.4657664035520007,0.40161632142370124,0.006845744892391444,False,False,0.0,0,0,41.85855951309204,False,True,2.092927975654602,50.0,Atencao,Atencao: sinais iniciais de risco,21.40972155690502
1777746166.5244758,42,True,0.34929818418177566,0.4367016105998049,0.3929998973907903,0.01580322055938335,False,False,0.0,0,0,40.194092178344725,False,True,2.0097046089172363,50.0,Atencao,Atencao: sinais iniciais de risco,21.618804155855372
1777746166.5700746,43,True,0.34651005725831163,0.48769242643373845,0.41710124184602504,0.022002919421608078,False,False,0.0,0,0,41.53776259422302,False,True,2.0768881297111506,50.0,Atencao,Atencao: sinais iniciais de risco,21.669293542490674
1777746166.61432,44,True,0.3272402777759709,0.37053076148887587,0.3488855196324234,0.01905284606448601,False,False,0.0,0,0,42.689515590667725,False,True,2.1344757795333864,50.0,Atencao,Atencao: sinais iniciais de risco,21.747426174894652
1777746166.6600745,45,True,0.34107359741415305,0.38256344351879085,0.36181852046647195,0.023731310561672103,False,False,0.0,0,0,44.29804277420043,False,True,2.2149021387100216,50.0,Atencao,Atencao: sinais iniciais de risco,21.748114672538822
1777746166.7069554,46,True,0.36216155342073236,0.40793714915442403,0.3850493512875782,0.0333593327109339,False,False,0.0,0,0,43.88203601837158,False,True,2.194101800918579,50.0,Atencao,Atencao: sinais iniciais de risco,21.74726351040611
1777746166.7498858,47,True,0.36117691034138477,0.4798357327997705,0.42050632157057766,0.024871310547979638,False,False,0.0,0,0,44.029742050170896,False,True,2.201487102508545,50.0,Atencao,Atencao: sinais iniciais de risco,21.89373526675424
1777746167.5651345,48,True,0.2502552872375851,0.373205951018,0.31173061912779254,0.003607468937214793,False,False,0.0,0,0,43.99618482589721,False,True,2.1998092412948607,50.0,Atencao,Atencao: foco visual fora da direcao,19.827052952184534
1777746167.6102865,49,True,0.2928872122967488,0.38279667031674575,0.3378419413067473,0.06698970219005129,False,False,0.0,0,0,47.20104265213013,False,True,2.3600521326065063,50.0,Atencao,Atencao: foco visual fora da direcao,20.05484930840224
1777746167.6617053,50,True,0.29606026438905414,0.383305728662143,0.3396829965255986,0.08523833433483602,False,False,0.0,0,0,46.08588829040527,False,True,2.304294414520264,50.0,Atencao,Atencao: foco visual fora da direcao,19.988758318707426
1777746167.7093453,51,True,0.31175462450945574,0.41410671852530395,0.36293067151737984,0.12899644201748348,False,False,0.0,0,0,46.0053370475769,False,True,2.300266852378845,50.0,Atencao,Atencao: foco visual fora da direcao,20.038441528556586
1777746167.7593322,52,True,0.3030728073909175,0.3686891950405099,0.33588100121571374,0.14329606679024445,False,False,0.0,0,0,46.62402353286743,False,True,2.3312011766433716,50.0,Atencao,Atencao: foco visual fora da direcao,20.092265586195825
1777746167.813644,53,True,0.3194904919936378,0.3706803994534803,0.34508544572355904,0.149582490228838,False,False,0.0,0,0,45.94738759994507,False,True,2.2973693799972534,50.0,Atencao,Atencao: foco visual fora da direcao,19.91591383633076
1777746167.8641727,54,True,0.30111845075655197,0.38009096792785463,0.3406047093422033,0.1803589213726387,False,False,0.0,0,0,46.5204216003418,False,True,2.3260210800170897,50.0,Atencao,Atencao: foco visual fora da direcao,19.90773320629237
1777746167.912469,55,True,0.2698190185157939,0.36499465114210894,0.3174068348289514,0.23343529365665752,False,False,0.0,0,0,45.75277595520019,False,True,2.2876387977600094,50.0,Atencao,Atencao: foco visual fora da direcao,19.991760601076773
1777746167.9682274,56,True,0.31139386194537566,0.39306645950398567,0.35223016072468066,0.27272585228509383,False,False,0.0,0,0,45.56347551345825,False,True,2.2781737756729123,50.0,Atencao,Atencao: foco visual fora da direcao,19.788306769841768
1777746168.0148864,57,True,0.2926946303249051,0.4041989214940241,0.3484467759094646,0.20686005008835354,False,False,0.0,0,0,45.85218935012817,False,True,2.2926094675064084,50.0,Atencao,Atencao: foco visual fora da direcao,19.89149948869628
1777746168.0671916,58,True,0.2802329851331718,0.3682250977536168,0.32422904144339426,0.10960744905620051,False,False,0.0,0,0,41.189586678418245,False,True,2.0594793339209123,50.0,Atencao,Atencao: foco visual fora da direcao,19.82892022453428
1777746168.11622,59,True,0.2734221071589531,0.3206233613440817,0.2970227342515174,0.08145572013330374,False,False,0.0,0,0,38.227726340293884,False,True,1.911386317014694,50.0,Atencao,Atencao: foco visual fora da direcao,19.910578428758296
1777746168.1629527,60,True,0.27798725275479175,0.33734063660733565,0.30766394468106373,0.06630413132537173,False,False,0.0,0,0,35.725074432112955,False,False,1.7862537216056475,50.0,Atencao,Atencao: sinais iniciais de risco,20.075985018703587
1777746168.2151086,61,True,0.27274172217831283,0.33936740091934675,0.3060545615488298,0.06548895439972022,False,False,0.0,0,0,34.58368104642088,False,False,1.729184052321044,50.0,Atencao,Atencao: sinais iniciais de risco,19.974219318161893
1777746168.2669191,62,True,0.288512577966115,0.3530110100167756,0.32076179399144533,0.043209535932181214,False,False,0.0,0,0,30.89051714268598,False,False,1.544525857134299,50.0,Atencao,Atencao: sinais iniciais de risco,19.91890321217239
1777746168.3106246,63,True,0.2893596121221289,0.31395762892031887,0.3016586205212239,0.05024490254214247,False,False,0.0,0,0,32.16992261653596,False,False,1.608496130826798,50.0,Atencao,Atencao: sinais iniciais de risco,20.193399432223043
1777746168.3671145,64,True,0.2960367723645717,0.30141607237894136,0.2987264223717565,0.03755383640519227,False,False,0.0,0,0,31.251211100274865,False,False,1.5625605550137434,50.0,Atencao,Atencao: sinais iniciais de risco,19.9452939338947
1777746168.4258637,65,True,0.28469969344188584,0.3058126469644679,0.29525617020317685,0.003272869339220914,False,False,0.0,0,0,32.521036086570135,False,False,1.6260518043285066,50.0,Atencao,Atencao: sinais iniciais de risco,19.656792105022337
1777746168.4820771,66,True,0.28240714671492784,0.3039646036122181,0.293185875163573,0.0038195941444245794,False,False,0.0,0,0,32.31752218251878,False,False,1.6158761091259388,50.0,Atencao,Atencao: sinais iniciais de risco,19.434472872786834
1777746168.5341423,67,True,0.27348271300714294,0.31229289749847844,0.29288780525281066,0.003145833557381649,False,False,0.0,0,0,33.154989014972344,False,False,1.657749450748617,50.0,Atencao,Atencao: sinais iniciais de risco,19.441655150430517
1777746168.5901632,68,True,0.2955743787144493,0.3354063327759846,0.31549035574521694,0.002328669372950546,False,False,0.0,0,0,35.25107653141021,False,False,1.7625538265705107,50.0,Atencao,Atencao: sinais iniciais de risco,19.2920356518054
1777746168.6405768,69,True,0.28573707482965677,0.32342605461695634,0.30458156472330655,0.004461903727973085,False,False,0.0,0,0,35.973617019436574,False,False,1.7986808509718288,50.0,Atencao,Atencao: sinais iniciais de risco,19.34051981461403
1777746168.690257,70,True,0.2821909570509459,0.3271753149326169,0.30468313599178143,0.020115270959725044,False,False,0.0,0,0,34.78738986307924,False,False,1.739369493153962,50.0,Atencao,Atencao: sinais iniciais de risco,19.428528514146823
1777746168.7419713,71,True,0.295714418817413,0.35154835401949186,0.32363138641845246,0.0750929302794089,False,False,0.0,0,0,33.60986981717022,False,False,1.6804934908585112,50.0,Atencao,Atencao: sinais iniciais de risco,19.4201960173349
1777746168.7922294,72,True,0.28838231811598936,0.3145906615705547,0.30148648984327203,0.05437269496950376,False,False,0.0,0,0,32.096467763456424,False,False,1.6048233881728213,50.0,Atencao,Atencao: sinais iniciais de risco,19.425744001305276
1777746169.1136994,73,True,0.2925514914350295,0.27924524077967033,0.2858983661073499,0.004264760922040304,False,False,0.0,0,0,22.81407180035656,False,False,1.1407035900178282,50.0,Atencao,Atencao: sinais iniciais de risco,17.795014337418138
1777746169.1664164,74,True,0.2911040361113957,0.3176914193778747,0.3043977277446352,0.004082233485232154,False,False,0.0,0,0,25.247722570191726,False,False,1.2623861285095863,50.0,Atencao,Atencao: sinais iniciais de risco,17.927072680347028
1777746169.2180593,75,True,0.279410167760085,0.33519659019709974,0.3073033789785924,0.004241348836640395,False,False,0.0,0,0,27.13324081708084,False,False,1.356662040854042,50.0,Atencao,Atencao: sinais iniciais de risco,18.070590044823724
1777746169.2666748,76,True,0.29553938031640625,0.3193272092663373,0.30743329479137177,0.005767163750037191,False,False,0.0,0,0,31.0061098781499,False,False,1.5503054939074952,50.0,Atencao,Atencao: sinais iniciais de risco,18.31216562411666
1777746169.315011,77,True,0.29500827497209353,0.34132608134543224,0.3181671781587629,0.010821604595395986,False,False,0.0,0,0,37.64188697988337,False,False,1.8820943489941682,50.0,Atencao,Atencao: sinais iniciais de risco,18.54495811042801
1777746169.3623989,78,True,0.29475972295222486,0.31919396508917985,0.30697684402070236,0.009208452697182373,False,False,0.0,0,0,39.45141901536421,False,True,1.9725709507682105,50.0,Atencao,Atencao: sinais iniciais de risco,18.82023352132518
1777746169.4093146,79,True,0.33293234141012973,0.34917283491786866,0.3410525881639992,0.011626217966785935,False,False,0.0,0,0,42.213635023073714,False,True,2.1106817511536855,50.0,Atencao,Atencao: sinais iniciais de risco,19.051678030142774
1777746169.457218,80,True,0.320219732986761,0.33671013677475525,0.3284649348807581,0.011266688675136813,False,False,0.0,0,0,41.63340762095018,False,True,2.081670381047509,50.0,Atencao,Atencao: sinais iniciais de risco,19.236404960518875
1777746169.5041473,81,True,0.30699230606926853,0.364697495202618,0.3358449006359433,0.009925184430813269,False,False,0.0,0,0,42.704518480734386,False,True,2.1352259240367193,50.0,Atencao,Atencao: sinais iniciais de risco,19.438592206934935
1777746169.550572,82,True,0.31777843887809004,0.38327660862190704,0.3505275237499985,0.008251030898487303,False,False,0.0,0,0,43.95377416610717,False,True,2.1976887083053587,50.0,Atencao,Atencao: sinais iniciais de risco,19.59857881655784
1777746169.785159,83,True,0.2659354486595836,0.3128360465998144,0.289385747629699,0.014070836673459711,False,False,0.0,0,0,44.22597932815552,False,True,2.211298966407776,50.0,Atencao,Atencao: sinais iniciais de risco,18.067795729512028
1777746169.8354003,84,True,0.16261347363132556,0.18577640608253346,0.17419493985692952,0.008153109778368547,True,False,0.012345679012345678,0,0,41.45303173011,False,True,3.7701824507030306,50.0,Atencao,Atencao: sinais iniciais de risco,18.245930806354473
1777746169.882678,85,True,0.19820158384653658,0.2271085615633342,0.2126550727049354,0.003911949598424507,False,False,0.012195121951219513,0,0,41.12342848723585,False,True,3.898472604084834,50.0,Atencao,Atencao: sinais iniciais de risco,18.48789321133514
1777746169.9338644,86,True,0.2576067538435919,0.25670827785761835,0.2571575158506051,0.0038507151645094267,False,False,0.012048192771084338,0,0,31.91586527011611,False,False,3.4178916809602606,50.0,Atencao,Atencao: sinais iniciais de risco,18.623561617219984
1777746169.9822335,87,True,0.2627391105789452,0.270589916885379,0.2666645137321621,0.004279384671837642,False,False,0.011904761904761904,0,0,29.422656728462737,False,False,3.2735095097582576,50.0,Atencao,Atencao: sinais iniciais de risco,18.787929844343942
1777746170.0330572,88,True,0.27475774913754814,0.26928573977803694,0.27202174445779254,0.004103150125747495,False,False,0.011764705882352941,0,0,30.843751571395178,False,False,3.3253065488236473,50.0,Atencao,Atencao: sinais iniciais de risco,18.9266407233062
1777746170.0818262,89,True,0.2904760213096758,0.2767195260826205,0.28359777369614814,0.004923231571871304,False,False,0.011627906976744186,0,0,24.477036870338697,False,False,2.9881609642496194,50.0,Atencao,Atencao: sinais iniciais de risco,19.07063238061101
1777746170.1290996,90,True,0.293610727019891,0.3026179789397846,0.2981143529798378,0.004690307667436228,False,False,0.011494252873563218,0,0,25.24925467128103,False,False,3.008394415109353,50.0,Atencao,Atencao: sinais iniciais de risco,19.29000262479174
1777746170.1766162,91,True,0.2965023598387981,0.2865202746043106,0.2915113172215543,0.003912653106237193,False,False,0.011363636363636364,0,0,24.142544692212887,False,False,2.9350991460410034,50.0,Atencao,Atencao: sinais iniciais de risco,19.45927715960699
1777746170.22727,92,True,0.30249089692682707,0.31404969669453014,0.30827029681067863,0.0032227482577007896,False,False,0.011235955056179775,0,0,24.856194753267545,False,False,2.953225469318455,50.0,Atencao,Atencao: sinais iniciais de risco,19.495117180523863
1777746170.2739012,93,True,0.3103130336672433,0.3249926277920743,0.3176528307296588,0.004016230812351085,False,False,0.011111111111111112,0,0,24.145522849532693,False,False,2.9005258316847713,50.0,Atencao,Atencao: sinais iniciais de risco,19.67877496713939
1777746170.3243387,94,True,0.30609555156522794,0.3191456954956093,0.31262062353041864,0.005067665882928739,False,False,0.01098901098901099,0,0,24.857236877761103,False,False,2.919322766307425,50.0,Atencao,Atencao: sinais iniciais de risco,19.689078137791014
1777746170.3718941,95,True,0.29164440375484346,0.31752101633449564,0.3045827100446695,0.003515699435495197,False,False,0.010869565217391304,0,0,26.535698364539577,False,False,2.986822047048642,50.0,Atencao,Atencao: sinais iniciais de risco,19.83304427790843
1777746170.426179,96,True,0.276999454303293,0.31915958762819713,0.2980795209657451,0.0035827538108043435,False,False,0.010752688172043012,0,0,27.176822490854697,False,False,3.0028076596290076,50.0,Atencao,Atencao: sinais iniciais de risco,19.665445704442575
1777746170.4763796,97,True,0.26987090195120667,0.30126203854009764,0.2855664702456522,0.003249490557354377,False,False,0.010638297872340425,0,0,27.54554817026311,False,False,3.005515277390323,50.0,Atencao,Atencao: sinais iniciais de risco,19.716637034190317
1777746170.525895,98,True,0.2811827716654406,0.3661100152443958,0.3236463934549182,0.004064853209046875,False,False,0.010526315789473684,0,0,31.191955918886443,False,False,3.1724381284273124,50.0,Atencao,Atencao: sinais iniciais de risco,19.76624519596382
1777746170.5759752,99,True,0.28890877973664525,0.38453926029685714,0.33672402001675117,0.015157685627540642,False,False,0.010416666666666666,0,0,37.21150558482517,False,False,3.458338857338284,50.0,Atencao,Atencao: sinais iniciais de risco,19.766166977013352
1777746170.6257265,100,True,0.2897447166955999,0.39427997979600293,0.3420123482458014,0.016691356672794085,False,False,0.010309278350515464,0,0,39.32892423597249,False,True,3.5494438964248594,50.0,Atencao,Atencao: sinais iniciais de risco,19.815244181148497
1777746170.676267,101,True,0.3220115872195491,0.3979077240102841,0.3599596556149166,0.015303370803984133,False,False,0.01020408163265306,0,0,41.17152161923322,False,True,3.6271092168818155,50.0,Atencao,Atencao: sinais iniciais de risco,19.818701391368858
1777746170.7273338,102,True,0.31010988955131574,0.41866904425809653,0.36438946690470614,0.012241775710131679,False,False,0.010101010101010102,0,0,45.60875205993652,False,True,3.8347984033160736,50.0,Atencao,Atencao: sinais iniciais de risco,19.79973242145644
1777746170.7752805,103,True,0.31200092044311445,0.4151988876759103,0.36359990405951237,0.013301392320194718,False,False,0.01,0,0,45.275014877319336,False,True,3.804222655296326,50.0,Atencao,Atencao: sinais iniciais de risco,19.906579239449183
1777746170.8286316,104,True,0.3059162121691598,0.39985812572406687,0.3528871689466133,0.012563862581586205,False,False,0.009900990099009901,0,0,44.19042739868164,False,True,3.7363794199783023,50.0,Atencao,Atencao: sinais iniciais de risco,19.801337060529328
1777746170.8798053,105,True,0.3061131987632361,0.38211943270761217,0.3441163157354241,0.014812511960065196,False,False,0.00980392156862745,0,0,45.24135465621948,False,True,3.775578859927607,50.0,Atencao,Atencao: sinais iniciais de risco,19.769343854554602
1777746170.92643,106,True,0.3050170940980343,0.4035160165983569,0.3542665553481956,0.011048116658284656,False,False,0.009708737864077669,0,0,44.41455707550048,False,True,3.7211512215160623,50.0,Atencao,Atencao: sinais iniciais de risco,19.93409939075196
1777746170.975681,107,True,0.30509957211199773,0.38033639335660474,0.3427179827343012,0.014443123805132465,False,False,0.009615384615384616,0,0,44.322748279571535,False,True,3.70372471002432,50.0,Atencao,Atencao: sinais iniciais de risco,19.940941483488988
1777746171.0232563,108,True,0.3100764368701417,0.4129175090679962,0.3614969729690689,0.010412728529834183,False,False,0.009523809523809525,0,0,44.1326642036438,False,True,3.681628931136358,50.0,Atencao,Atencao: sinais iniciais de risco,20.078798027445842
1777746171.071052,109,True,0.31386986529868743,0.4005601941355408,0.3572150297171141,0.013210261737452298,False,False,0.009433962264150943,0,0,43.89265241622925,False,True,3.657274343562576,50.0,Atencao,Atencao: sinais iniciais de risco,20.17402072113427
1777746171.124373,110,True,0.3274831765516518,0.4389251526285943,0.3832041645901231,0.014434798349017102,False,False,0.009345794392523364,0,0,42.992200946807856,False,True,3.600128687742714,50.0,Atencao,Atencao: sinais iniciais de risco,20.018500527491284
1777746171.175688,111,True,0.3183825881273788,0.40748896623217984,0.3629357771797793,0.011154635119607162,False,False,0.009259259259259259,0,0,44.21186532974243,False,True,3.6492133260656283,50.0,Atencao,Atencao: sinais iniciais de risco,19.925863573836065
1777746171.224677,112,True,0.3079718076332614,0.4103772036761357,0.35917450565469855,0.016664235934791962,False,False,0.009174311926605505,0,0,44.798343849182125,False,True,3.666856993797722,50.0,Atencao,Atencao: sinais iniciais de risco,19.97850539195225
1777746171.2784379,113,True,0.3216199724836245,0.4299030349007552,0.37576150369218986,0.01176936210369313,False,False,0.00909090909090909,0,0,44.098267555236816,False,True,3.6203852891921997,50.0,Atencao,Atencao: sinais iniciais de risco,19.873010116242227
1777746171.3312588,114,True,0.3176612483059723,0.4072495576165684,0.3624554029612703,0.010627536499134747,False,False,0.009009009009009009,0,0,44.042820072174074,False,True,3.6063516537778013,50.0,Atencao,Atencao: sinais iniciais de risco,19.796049200796176
1777746171.3916361,115,True,0.32025064495308464,0.42659184525307636,0.3734212451030805,0.014413308505704462,False,False,0.008928571428571428,0,0,43.31884078979492,False,True,3.559092522348676,50.0,Atencao,Atencao: sinais iniciais de risco,19.463673641599605
1777746171.4448118,116,True,0.31755049177897887,0.411147053250601,0.3643487725147899,0.01721849020525637,False,False,0.008849557522123894,0,0,44.09514331817627,False,True,3.587043236631208,50.0,Atencao,Atencao: sinais iniciais de risco,19.398218218941356
1777746172.290382,117,True,0.2799719501167038,0.3403947713748678,0.3101833607457858,0.002561246236118478,False,False,0.008771929824561403,0,0,28.46946403600953,False,False,2.795085464108028,50.0,Atencao,Atencao: sinais iniciais de risco,17.57661154222575
1777746172.3329563,118,True,0.2852835057311179,0.3391501580929892,0.3122168319120535,0.0047155843657057436,False,False,0.008695652173913044,0,0,28.17959681126204,False,False,2.7701039259065046,50.0,Atencao,Atencao: sinais iniciais de risco,18.190788137338096
1777746172.375223,119,True,0.2730969889124629,0.3229383196753711,0.298017654293917,0.005249133826370516,False,False,0.008620689655172414,0,0,28.04910276423801,False,False,2.753271877228466,50.0,Atencao,Atencao: sinais iniciais de risco,18.73944746765512
1777746172.4237316,120,True,0.28038437952842976,0.3213168998532655,0.30085063969084763,0.003910986606479993,False,False,0.008547008547008548,0,0,27.5693097374656,False,False,2.719151073517314,50.0,Atencao,Atencao: sinais iniciais de risco,18.91730245783446
1777746172.465916,121,True,0.2930718200149013,0.3291270666348041,0.31109944332485273,0.005072191829262504,False,False,0.00847457627118644,0,0,22.3343574651263,False,False,2.4474440219748095,50.0,Atencao,Atencao: sinais iniciais de risco,19.344052586283695
1777746172.5098736,122,True,0.2810877551504211,0.3505849672764072,0.3158363612134142,0.005458841174693722,False,False,0.008403361344537815,0,0,23.462803549116305,False,False,2.494074273760124,50.0,Atencao,Atencao: sinais iniciais de risco,19.690273861474633
1777746172.5522425,123,True,0.28903959068499224,0.3246762872068531,0.30685793894592267,0.00347605832087719,False,False,0.008333333333333333,0,0,23.00532144849951,False,False,2.4615713171886675,50.0,Atencao,Atencao: sinais iniciais de risco,20.14928547058613
1777746172.5938847,124,True,0.29144008756837886,0.328980640000037,0.31021036378420797,0.0021516760054682066,False,False,0.008264462809917356,0,0,22.99141584025188,False,False,2.4514063398065895,50.0,Atencao,Atencao: sinais iniciais de risco,20.5186245730932
1777746172.6370814,125,True,0.2823611413776412,0.33699602759709835,0.30967858448736973,0.00229388932370077,False,False,0.00819672131147541,0,0,21.979400299624963,False,False,2.391491106739476,50.0,Atencao,Atencao: sinais iniciais de risco,20.790900381591612
1777746172.6795568,126,True,0.26435023238226996,0.3494590626703948,0.3069046475263324,0.001709047590008783,False,False,0.008130081300813009,0,0,21.945283495431596,False,False,2.380622265063727,50.0,Atencao,Atencao: sinais iniciais de risco,21.05288639608283
1777746172.7262332,127,True,0.27807503473719464,0.3302387629019892,0.30415689881959196,0.0019314765755380416,False,False,0.008064516129032258,0,0,22.743151430108327,False,False,2.4115004506777105,50.0,Atencao,Atencao: sinais iniciais de risco,21.109362623073046
1777746172.7720263,128,True,0.26661155589956675,0.32924000268154585,0.2979257792905563,0.0016707434637632716,False,False,0.008,0,0,23.587813697348942,False,False,2.4448625962978063,50.0,Atencao,Atencao: sinais iniciais de risco,21.155811952885866
1777746172.8169346,129,True,0.26498532419324056,0.3474291491100744,0.3062072366516575,0.00297228913894582,False,False,0.007936507936507936,0,0,23.069478126953953,False,False,2.410215659047898,50.0,Atencao,Atencao: sinais iniciais de risco,21.234811022550105
1777746172.858519,130,True,0.26549672489812004,0.3240439231701959,0.294770324034158,0.003589117459488408,False,False,0.007874015748031496,0,0,23.354955321279437,False,False,2.415896842848661,50.0,Atencao,Atencao: sinais iniciais de risco,21.50412664478381
1777746172.905719,131,True,0.26592269556118864,0.32179559539177205,0.29385914547648034,0.004923423913136972,False,False,0.0078125,0,0,23.372302063486792,False,False,2.408305764604698,50.0,Atencao,Atencao: sinais iniciais de risco,21.529698940431352
1777746172.950149,132,True,0.2534876916124293,0.2752275711606062,0.26435763138651774,0.004268656926739041,False,False,0.007751937984496124,0,0,23.954539494622836,False,False,2.4290903590297175,50.0,Atencao,Atencao: sinais iniciais de risco,21.6166215307303
1777746172.9936047,133,True,0.22795849268351356,0.27276798877748387,0.2503632407304987,0.005789196104073987,False,False,0.007692307692307693,0,0,24.690244321796026,False,False,2.457676435212468,50.0,Atencao,Atencao: sinais iniciais de risco,21.768788673652324
1777746173.0406518,134,True,0.2399129045773235,0.2851218499230285,0.262517377250176,0.007402873626019676,False,False,0.007633587786259542,0,0,28.110590903867372,False,False,2.620619777234414,50.0,Atencao,Atencao: sinais iniciais de risco,21.71274660330989
1777746173.0833573,135,True,0.26224320023017544,0.3203656590318702,0.2913044296310228,0.007113208690964438,False,False,0.007575757575757576,0,0,30.169820787689904,False,False,2.715629617481521,50.0,Atencao,Atencao: sinais iniciais de risco,21.857949043990853
1777746173.1248524,136,True,0.25085452775478123,0.32170237782591105,0.28627845279034614,0.011309012726234914,False,False,0.007518796992481203,0,0,31.44225908436559,False,False,2.7714194521148032,50.0,Atencao,Atencao: sinais iniciais de risco,22.081682377677602
1777746173.1681314,137,True,0.24551783779981157,0.3331471628019596,0.2893325003008856,0.008010084945590598,False,False,0.007462686567164179,0,0,35.25564943660389,False,False,2.954373786245628,50.0,Atencao,Atencao: sinais iniciais de risco,22.204625148223332
1777746173.2140436,138,True,0.2553438524995025,0.3308990268942829,0.2931214396968927,0.010318782868774393,False,False,0.007407407407407408,0,0,33.67551814317703,False,False,2.867766337107729,50.0,Atencao,Atencao: sinais iniciais de risco,22.165963361419344
1777746173.2587469,139,True,0.24978931690270542,0.32527889964660184,0.28753410827465364,0.007559701979683199,False,False,0.007352941176470588,0,0,36.53694841861724,False,False,3.0033487441259266,50.0,Atencao,Atencao: sinais iniciais de risco,22.18611318445947
1777746173.3008928,140,True,0.24877127030889792,0.33252325702833335,0.29064726366861565,0.00859762766709333,False,False,0.0072992700729927005,0,0,36.15939636230468,False,False,2.9770913645820896,50.0,Atencao,Atencao: sinais iniciais de risco,22.33741721309631
1777746173.7039144,141,True,0.24065965537421322,0.29837456157454206,0.26951710847437765,0.012206796684769509,False,False,0.007246376811594203,0,0,40.81423379074444,False,True,3.202560412561784,50.0,Atencao,Atencao: sinais iniciais de risco,20.35186870725085
1777746173.7434382,142,True,0.25151192549823004,0.26780340254597884,0.25965766402210444,0.015340461051482856,False,False,0.007194244604316547,0,0,37.86343680728565,False,True,3.0478523848881665,50.0,Atencao,Atencao: sinais iniciais de risco,20.858727267615166
1777746173.7890425,143,True,0.25887002471544635,0.27157842062966964,0.26522422267255796,0.012450734653999587,False,False,0.007142857142857143,0,0,44.486731151017274,False,True,3.37195132612408,50.0,Atencao,Atencao: sinais iniciais de risco,20.959865879126006
1777746173.8358474,144,True,0.2820554438761397,0.3299817723650899,0.30601860812061477,0.011383344920400756,False,False,0.0070921985815602835,0,0,45.98209409713745,False,True,3.43975392125177,50.0,Atencao,Atencao: sinais iniciais de risco,20.990317295218638
1777746173.8743534,145,True,0.270671463276249,0.38265450315710714,0.3266629832166781,0.006811647059611487,False,False,0.007042253521126761,0,0,44.76503210067749,False,True,3.372033375619163,50.0,Atencao,Atencao: sinais iniciais de risco,21.50251751984147
1777746173.915471,146,True,0.3021528351046859,0.4000652712784266,0.3511090531915563,0.006027778732463699,False,False,0.006993006993006993,0,0,44.51521587371826,False,True,3.3527711666547333,50.0,Atencao,Atencao: sinais iniciais de risco,21.776302514141204
1777746173.9587066,147,True,0.30430414554619484,0.3733913949714509,0.33884777025882284,0.003910052994476735,False,False,0.006944444444444444,0,0,45.35752220153809,False,True,3.388209132618374,50.0,Atencao,Atencao: sinais iniciais de risco,21.917227898022098
1777746173.9977655,148,True,0.27478487143632624,0.39018559907089906,0.3324852352536126,0.0071100992494996275,False,False,0.006896551724137931,0,0,44.96471805572509,False,True,3.361983676285579,50.0,Atencao,Atencao: sinais iniciais de risco,22.29039029011115
1777746174.0408313,149,True,0.2935081262312792,0.41232480249844816,0.3529164643648637,0.007046384098655587,False,False,0.00684931506849315,0,0,45.292245388031006,False,True,3.3718650027497175,50.0,Atencao,Atencao: sinais iniciais de risco,22.378000090266443
1777746174.0807028,150,True,0.28977299762270364,0.4144991434484001,0.35213607053555185,0.006695616553713157,False,False,0.006802721088435374,0,0,45.31301555633544,False,True,3.366496838906995,50.0,Atencao,Atencao: sinais iniciais de risco,22.58230986636776
1777746174.1237872,151,True,0.2898077902220107,0.39958317555793016,0.34469548288997043,0.007775049420688369,False,False,0.006756756756756757,0,0,44.80083379745483,False,True,3.3345676553571546,50.0,Atencao,Atencao: sinais iniciais de risco,22.697611148525056
1777746174.1672957,152,True,0.2775097150452067,0.39760808229186273,0.3375588986685347,0.009523094540494357,False,False,0.006711409395973154,0,0,45.3481520652771,False,True,3.3556983066405226,50.0,Atencao,Atencao: sinais iniciais de risco,22.699426030920353
1777746174.2085044,153,True,0.21358772444413343,0.3273770419188137,0.27048238318147355,0.07492641462491356,False,False,0.006666666666666667,0,0,45.562840366363524,False,True,3.3602805964152016,50.0,Atencao,Atencao: sinais iniciais de risco,22.81001638075421
1777746174.2495008,154,True,0.15337722091382833,0.21753631493445671,0.1854567679241425,0.24509277174762564,True,False,0.013245033112582781,0,0,46.17686281204224,False,True,4.295507105012603,50.0,Atencao,Atencao: sinais iniciais de risco,23.043245287477255
1777746174.2941697,155,True,0.20217287176285018,0.2727580945424414,0.23746548315264576,0.2802673674304157,False,False,0.013157894736842105,0,0,42.59997761737216,False,True,4.10011596045283,50.0,Atencao,Atencao: sinais iniciais de risco,22.99932369730467
1777746174.3404083,156,True,0.23034045062603428,0.2982711964497692,0.2643058235379017,0.12804080060246784,False,False,0.013071895424836602,0,0,36.22326718135314,False,False,3.769455533251122,50.0,Atencao,Atencao: sinais iniciais de risco,22.846364524645452
1777746174.3857133,157,True,0.24434796572288425,0.2924241432719333,0.26838605449740877,0.1216117639360683,False,False,0.012987012987012988,0,0,36.00926665609533,False,False,3.7470841717874848,50.0,Atencao,Atencao: sinais iniciais de risco,22.766474007201936
1777746174.4310684,158,True,0.25201111087168593,0.34406800491093886,0.2980395578913124,0.006040551751562988,False,False,0.012903225806451613,0,0,31.85943998613141,False,False,3.5280721009621,50.0,Atencao,Atencao: sinais iniciais de risco,22.704567925826314
1777746174.4748755,159,True,0.24384685709328893,0.32565440969972986,0.2847506333965094,0.0060804800666602,False,False,0.01282051282051282,0,0,29.761426438255747,False,False,3.4117983880017326,50.0,Atencao,Atencao: sinais iniciais de risco,22.719783622877422
1777746174.815163,160,True,0.28526641229984284,0.283053830855808,0.28416012157782544,0.005214475059737157,False,False,0.012738853503184714,0,0,22.836500910466366,False,False,3.0543239554796493,50.0,Atencao,Atencao: sinais iniciais de risco,20.741474716269284
1777746175.0477676,161,True,0.2621869547499069,0.25392588048607023,0.2580564176179886,0.17709691724390164,False,False,0.012658227848101266,0,0,23.353083154830063,False,False,3.0690670401238593,50.0,Atencao,Atencao: sinais iniciais de risco,19.097110169808147
1777746175.0942674,162,True,0.2687257317235685,0.32212275546166635,0.29542424359261743,0.04724390936403175,False,False,0.012578616352201259,0,0,26.857805012843826,False,False,3.233356552338297,50.0,Atencao,Atencao: sinais iniciais de risco,19.361198781085534
1777746175.1448529,163,True,0.2622279714566588,0.2885262416313779,0.27537710654401837,0.0056376568131056536,False,False,0.0125,0,0,25.737242580002,False,False,3.1665186822685327,50.0,Atencao,Atencao: sinais iniciais de risco,19.33573290145446
1777746175.191484,164,True,0.264887596845695,0.3144884331164411,0.28968801498106805,0.0059633194576253655,False,False,0.012422360248447204,0,0,25.485178870504555,False,False,3.143240030955151,50.0,Atencao,Atencao: sinais iniciais de risco,19.584812755947723
1777746175.2392123,165,True,0.27808665227675444,0.30980771791277134,0.2939471850947629,0.08604152951404709,False,False,0.012345679012345678,0,0,24.248508170924403,False,False,3.0708628260121835,50.0,Atencao,Atencao: sinais iniciais de risco,19.702308073096372
1777746175.2830474,166,True,0.27655469375982694,0.2942023205515161,0.28537850715567153,0.0847754296823243,False,False,0.012269938650306749,0,0,24.004004188152877,False,False,3.0482233270932544,50.0,Atencao,Atencao: sinais iniciais de risco,20.034813377160727
1777746175.3248181,167,True,0.2695738762909721,0.2975457120013596,0.28355979414616583,0.02670259010732087,False,False,0.012195121951219513,0,0,24.20096192481843,False,False,3.047783917802037,50.0,Atencao,Atencao: sinais iniciais de risco,20.473960794631967
1777746175.3661864,168,True,0.27721210945130953,0.30604037772001236,0.2916262435856609,0.03414182476548532,False,False,0.012121212121212121,0,0,24.156677121465858,False,False,3.0354070760083918,50.0,Atencao,Atencao: sinais iniciais de risco,20.837742939446386
1777746175.409278,169,True,0.27678080579368824,0.2988638230910469,0.2878223144423676,0.012218010149928604,False,False,0.012048192771084338,0,0,24.188621229746126,False,False,3.0269641207798355,50.0,Atencao,Atencao: sinais iniciais de risco,21.015557591914504
1777746175.4513743,170,True,0.26382604944441634,0.30457332167650725,0.2841996855604618,0.004850618369348304,False,False,0.011976047904191617,0,0,24.73879504325715,False,False,3.044552892257637,50.0,Atencao,Atencao: sinais iniciais de risco,21.358864078180737
1777746175.493245,171,True,0.2683779542506729,0.28598748284445435,0.2771827185475636,0.003503904511579617,False,False,0.011904761904761904,0,0,24.445873677324165,False,False,3.0201049990394027,50.0,Atencao,Atencao: sinais iniciais de risco,21.596988893584797
1777746175.5366876,172,True,0.2683622628620773,0.28322938441589335,0.27579582363898536,0.003948004913921475,False,False,0.011834319526627219,0,0,24.314514211632986,False,False,3.003851198761325,50.0,Atencao,Atencao: sinais iniciais de risco,21.759393642747263
1777746175.8842032,173,True,0.27134692657816867,0.3478602440764847,0.3096035853273267,0.006290201548527145,False,False,0.011764705882352941,0,0,33.53226788233627,False,False,3.4551670062087756,50.0,Atencao,Atencao: sinais iniciais de risco,19.870966336042688
1777746175.9265056,174,True,0.27265799569988386,0.3426835343909617,0.3076707650454228,0.004144234923629034,False,False,0.011695906432748537,0,0,32.74352649477395,False,False,3.406270012510054,50.0,Atencao,Atencao: sinais iniciais de risco,20.256517813352062
1777746175.9732893,175,True,0.2831108022175399,0.3746187298064618,0.3288647660120009,0.003829310350305942,False,False,0.011627906976744186,0,0,34.60139659209685,False,False,3.4898135921756004,50.0,Atencao,Atencao: sinais iniciais de risco,20.375192039352715
1777746176.0157375,176,True,0.28110417841448376,0.38697455576881684,0.3340393670916503,0.0037107062448871026,False,False,0.011560693641618497,0,0,37.28148528662595,False,False,3.6145761933222733,50.0,Atencao,Atencao: sinais iniciais de risco,20.685630814822403
1777746176.061431,177,True,0.288418554366733,0.35027330296942993,0.3193459286680815,0.004987441233160476,False,False,0.011494252873563218,0,0,37.70586521842263,False,False,3.6266595843045066,50.0,Atencao,Atencao: sinais iniciais de risco,20.794535730799893
1777746176.1070716,178,True,0.2839077891142937,0.3234178789693848,0.30366283404183925,0.004798000030600795,False,False,0.011428571428571429,0,0,45.45403386137702,False,True,4.005036817765855,50.0,Atencao,Atencao: sinais iniciais de risco,20.917468223517645
1777746176.1510658,179,True,0.26998981450061094,0.3232215997210074,0.29660570711080914,0.005582592197208214,False,False,0.011363636363636364,0,0,47.19316381866282,False,True,4.0830647442015735,50.0,Atencao,Atencao: sinais iniciais de risco,21.047509140822562
1777746176.1929302,180,True,0.2877449038058959,0.3552477672959064,0.3214963355509012,0.004153664381877469,False,False,0.011299435028248588,0,0,48.10461664199829,False,True,4.119809701752528,50.0,Atencao,Atencao: sinais iniciais de risco,21.39652316013997
1777746176.2362058,181,True,0.2943715586018936,0.3669547307754153,0.33066314468865443,0.004401431284694851,False,False,0.011235955056179775,0,0,47.772830390930174,False,True,4.0944918930396605,50.0,Atencao,Atencao: sinais iniciais de risco,21.53423565919841
1777746176.2818263,182,True,0.30076530967275256,0.3678470223101835,0.334306165991468,0.005189837260530913,False,False,0.0111731843575419,0,0,47.84405183792114,False,True,4.089421994326501,50.0,Atencao,Atencao: sinais iniciais de risco,21.595156172307487
1777746176.3236074,183,True,0.298833985638868,0.35875573415831286,0.3287948598985904,0.005360009605019009,False,False,0.011111111111111112,0,0,48.174036502838135,False,True,4.097386156188117,50.0,Atencao,Atencao: sinais iniciais de risco,21.8232783221474
1777746176.364751,184,True,0.2872660089596093,0.36541877088210784,0.32634238992085857,0.005574850956820306,False,False,0.011049723756906077,0,0,48.10264768600464,False,True,4.08537595414325,50.0,Atencao,Atencao: sinais iniciais de risco,22.01686818513831
1777746176.4083598,185,True,0.2857217819544841,0.3492153469770508,0.31746856446576743,0.005365657108590803,False,False,0.01098901098901099,0,0,46.81240301132202,False,True,4.012515714823545,50.0,Atencao,Atencao: sinais iniciais de risco,22.072492234520944
1777746176.4482028,186,True,0.28433816744246343,0.39287291017482556,0.3386055388086445,0.005001490008702097,False,False,0.01092896174863388,0,0,46.87153692245483,False,True,4.007215639828333,50.0,Atencao,Atencao: sinais iniciais de risco,22.487134756903604
1777746176.773324,187,True,0.2594477932832068,0.256589951183282,0.2580188722332444,0.004397362595865226,False,False,0.010869565217391304,0,0,25.4880306284536,False,False,2.9298733020824166,50.0,Atencao,Atencao: sinais iniciais de risco,20.546192757184524
1777746176.817008,188,True,0.26591425241280087,0.2706203424332704,0.2682672974230356,0.008026665250694216,False,False,0.010810810810810811,0,0,25.102714854478837,False,False,2.902528782478861,50.0,Atencao,Atencao: sinais iniciais de risco,20.759898142011444
1777746176.8572204,189,True,0.2650995419893651,0.27448676804332617,0.2697931550163456,0.02210535744203097,False,False,0.010752688172043012,0,0,24.309478904442354,False,False,2.8548751221464643,50.0,Atencao,Atencao: sinais iniciais de risco,21.18728162482519
1777746176.898426,190,True,0.26344050811683495,0.29035274419061297,0.27689662615372396,0.0167810929665345,False,False,0.0106951871657754,0,0,24.538621360876345,False,False,2.858425856606367,50.0,Atencao,Atencao: sinais iniciais de risco,21.49975649553467
1777746176.9404514,191,True,0.27143682398593705,0.2748514843850732,0.2731441541855051,0.12369591593827632,False,False,0.010638297872340425,0,0,22.260654430091382,False,False,2.73670523221981,50.0,Atencao,Atencao: sinais iniciais de risco,21.71897188391307
1777746176.9805894,192,True,0.28263794670672054,0.3054257347562554,0.29403184073148797,0.10976718432163637,False,False,0.010582010582010581,0,0,21.71260858002034,False,False,2.7015634372959045,50.0,Atencao,Atencao: sinais iniciais de risco,22.05867830615751
1777746177.022448,193,True,0.2704856257938673,0.2858618102764395,0.2781737180351534,0.017198829323314475,False,False,0.010526315789473684,0,0,23.935801632566882,False,False,2.805065055949408,50.0,Atencao,Atencao: sinais iniciais de risco,22.24018603196587
1777746177.0599618,194,True,0.2722911168063489,0.27149899339172207,0.27189505509903544,0.0037444479297921813,False,False,0.010471204188481676,0,0,23.006769142638557,False,False,2.7510355863165907,50.0,Atencao,Atencao: sinais iniciais de risco,22.612100120376017
1777746177.0967503,195,True,0.26308391380262686,0.2936877429329751,0.278385828367801,0.00408982356227701,False,False,0.010416666666666666,0,0,22.755166643857955,False,False,2.7309565521279966,50.0,Atencao,Atencao: sinais iniciais de risco,23.0961141083061
1777746177.1366398,196,True,0.2665994711608488,0.2662104419471857,0.26640495655401725,0.0031811828337284685,False,False,0.010362694300518135,0,0,22.118097242983904,False,False,2.6916818817388712,50.0,Atencao,Atencao: sinais iniciais de risco,23.33535787787215
1777746177.1769624,197,True,0.2665328961868955,0.29631532831327284,0.2814241122500842,0.004224360293284112,False,False,0.010309278350515464,0,0,22.94888313873248,False,False,2.7258764834009326,50.0,Atencao,Atencao: sinais iniciais de risco,23.455508752874834
1777746177.2150521,198,True,0.26245299369126984,0.268964723054116,0.2657088583726929,0.004862427310196278,False,False,0.010256410256410256,0,0,22.192306534404104,False,False,2.680778290245048,50.0,Atencao,Atencao: sinais iniciais de risco,23.75674891043447
1777746177.2530637,199,True,0.26145162225025464,0.2876711119751446,0.27456136711269963,0.0032052249403923374,False,False,0.01020408163265306,0,0,23.207802967998113,False,False,2.7243579261581337,50.0,Atencao,Atencao: sinais iniciais de risco,23.989608623212057
1777746177.2932637,200,True,0.25687504484122003,0.30009831013991134,0.27848667749056566,0.003302683615692375,False,False,0.01015228426395939,0,0,23.424470989270645,False,False,2.728069189026381,50.0,Atencao,Atencao: sinais iniciais de risco,24.108429592569248
1777746177.3344965,201,True,0.256974185768199,0.31415012429744343,0.28556215503282123,0.003942629183389804,False,False,0.010101010101010102,0,0,22.649243683706633,False,False,2.682257626342653,50.0,Atencao,Atencao: sinais iniciais de risco,24.074221463449543
1777746177.3776257,202,True,0.26496244481115316,0.3154103371266054,0.29018639096887927,0.002834695626943915,False,False,0.010050251256281407,0,0,22.17485059621659,False,False,2.6515586308179553,50.0,Atencao,Atencao: sinais iniciais de risco,24.003089614225495
1777746177.4244602,203,True,0.2643441533525435,0.28743938145341125,0.2758917674029774,0.004091266654050333,False,False,0.01,0,0,23.765856718746097,False,False,2.7241993892057375,50.0,Atencao,Atencao: sinais iniciais de risco,23.747686180662228
1777746177.464956,204,True,0.2622670535321775,0.30330645324211986,0.28278675338714865,0.0033038720174921937,False,False,0.009950248756218905,0,0,24.424400272965432,False,False,2.7502857708968036,50.0,Atencao,Atencao: sinais iniciais de risco,23.84303531331565
1777746177.5074954,205,True,0.26640322186242776,0.2852289754554136,0.27581609865892065,0.006500867593485493,False,False,0.009900990099009901,0,0,26.645316698063503,False,False,2.854558526785469,50.0,Atencao,Atencao: sinais iniciais de risco,23.784686411329332
1777746177.5501842,206,True,0.2611785984057916,0.27927379328538043,0.27022619584558605,0.006653734824137119,False,False,0.009852216748768473,0,0,27.367641128464175,False,False,2.883968412647306,50.0,Atencao,Atencao: sinais iniciais de risco,23.74338171456443
1777746177.593118,207,True,0.272824935366574,0.2841077158824661,0.27846632562452,0.004772118401506338,False,False,0.00980392156862745,0,0,29.677382964166732,False,False,2.9928149171630434,50.0,Atencao,Atencao: sinais iniciais de risco,23.732327564700345
1777746177.635427,208,True,0.26011277001315775,0.28438591660202917,0.2722493433075934,0.005555819044941398,False,False,0.00975609756097561,0,0,30.750910073789683,False,False,3.039915471592063,50.0,Atencao,Atencao: sinais iniciais de risco,23.70696458377046
1777746177.6791167,209,True,0.2652872220505082,0.28415551929789723,0.2747213706742027,0.006207192259365582,False,False,0.009708737864077669,0,0,32.66154966787858,False,False,3.1289354929730413,50.0,Atencao,Atencao: sinais iniciais de risco,23.64220614637302
1777746177.7287374,210,True,0.2582043721366986,0.30187010916759055,0.2800372406521446,0.00758183608015675,False,False,0.00966183574879227,0,0,34.3064320851456,False,False,3.2047305729846496,50.0,Atencao,Atencao: sinais iniciais de risco,23.278033533718943
1777746177.7680905,211,True,0.23916282135501674,0.24132554782526386,0.2402441845901403,0.007364200625644708,False,False,0.009615384615384616,0,0,39.298560404235666,False,True,3.4479499580956006,50.0,Atencao,Atencao: sinais iniciais de risco,23.517901149740148
1777746177.8069332,212,True,0.2541208671132685,0.29595498307277296,0.2750379250930207,0.00839421368312224,False,False,0.009569377990430622,0,0,44.248601919412614,False,True,3.689126122923274,50.0,Atencao,Atencao: sinais iniciais de risco,23.70753626472763
1777746177.8520525,213,True,0.2970776023194031,0.3979747408866195,0.3475261716030113,0.007260848559187677,False,False,0.009523809523809525,0,0,45.6331880569458,False,True,3.752089765639532,50.0,Atencao,Atencao: sinais iniciais de risco,23.54481945195313
1777746177.8994434,214,True,0.28747308661214943,0.382062757125693,0.33476792186892124,0.00446257465709137,False,False,0.009478672985781991,0,0,46.32737636566162,False,True,3.7805929070965374,50.0,Atencao,Atencao: sinais iniciais de risco,23.321642971776413
1777746177.9470966,215,True,0.30829798416252935,0.4323314194555366,0.370314701809033,0.005187484668274003,False,False,0.009433962264150943,0,0,45.03889636993408,False,True,3.7100211830858916,50.0,Atencao,Atencao: sinais iniciais de risco,23.092607709809407
1777746177.9922051,216,True,0.31028049493423,0.43577157986433973,0.37302603739928486,0.00534348169974816,False,False,0.009389671361502348,0,0,44.41256580352783,False,True,3.6726146556513966,50.0,Atencao,Atencao: sinais iniciais de risco,22.9970488700672
1777746178.0338793,217,True,0.287599753358314,0.39970449565925464,0.34365212450878435,0.005279199029653633,False,False,0.009345794392523364,0,0,45.15659084320068,False,True,3.703782824400429,50.0,Atencao,Atencao: sinais iniciais de risco,23.111560821258983
1777746178.0806582,218,True,0.3114893644183326,0.42863594483685696,0.3700626546275948,0.008223091226341808,False,False,0.009302325581395349,0,0,42.53725366592407,False,True,3.566839004006497,50.0,Atencao,Atencao: sinais iniciais de risco,22.903312640900907
1777746178.1247501,219,True,0.2898759285318593,0.43421932596154905,0.36204762724670414,0.008557183472361916,False,False,0.009259259259259259,0,0,43.71042356491088,False,True,3.6195758796621247,50.0,Atencao,Atencao: sinais iniciais de risco,22.8656395128689
1777746178.164561,220,True,0.28647804190942516,0.41193664045973405,0.34920734118457963,0.011589133230370386,False,False,0.009216589861751152,0,0,42.819725036621094,False,True,3.5691739110902705,50.0,Atencao,Atencao: sinais iniciais de risco,23.09285737052494
1777746178.209524,221,True,0.28863066142267235,0.4207655550535551,0.35469810823811376,0.014738398340502513,False,False,0.009174311926605505,0,0,42.85064468383789,False,True,3.564906677368584,50.0,Atencao,Atencao: sinais iniciais de risco,23.032248288833383
1777746178.250791,222,True,0.2904931925522079,0.4205779965603648,0.35553559455628636,0.009721214548662361,False,False,0.0091324200913242,0,0,42.2832085609436,False,True,3.53077474387269,50.0,Atencao,Atencao: sinais iniciais de risco,23.13295051262277
1777746178.2975366,223,True,0.2817064926454127,0.4206219365927366,0.35116421461907465,0.007886882744992284,False,False,0.00909090909090909,0,0,41.938801765441895,False,True,3.507846641540527,50.0,Atencao,Atencao: sinais iniciais de risco,22.98927172283043
1777746178.3498743,224,True,0.2750712480921741,0.3989400051400579,0.337005626616116,0.006736017719102706,False,False,0.00904977375565611,0,0,42.93403177261352,False,True,3.5519520333018235,50.0,Atencao,Atencao: sinais iniciais de risco,22.59900011301731
1777746178.3953662,225,True,0.2680688414332527,0.41186343632007405,0.3399661388766634,0.008279870408940182,False,False,0.009009009009009009,0,0,42.69846773147583,False,True,3.5345686785809627,50.0,Atencao,Atencao: sinais iniciais de risco,22.543165720553517
1777746178.440841,226,True,0.2626405421340949,0.41085411712168307,0.336747329627889,0.007134961366752112,False,False,0.008968609865470852,0,0,41.731847238540645,False,True,3.4806827716977065,50.0,Atencao,Atencao: sinais iniciais de risco,22.455250429911835
1777746178.4891803,227,True,0.2717108816128029,0.4075735209630012,0.339642201287902,0.007057935290642035,False,False,0.008928571428571428,0,0,42.32508449554443,False,True,3.504839349474225,50.0,Atencao,Atencao: sinais iniciais de risco,22.26059936797158
1777746178.5345268,228,True,0.2855505426247665,0.40648962821739587,0.3460200854210812,0.00794065236957551,False,False,0.008888888888888889,0,0,41.82804756164551,False,True,3.47453115357293,50.0,Atencao,Atencao: sinais iniciais de risco,22.261795250349465
1777746178.577436,229,True,0.2800974965845566,0.42715002761287807,0.3536237620987174,0.010217956161323895,False,False,0.008849557522123894,0,0,43.01004514694213,False,True,3.5282229699075747,50.0,Atencao,Atencao: sinais iniciais de risco,22.359759395938784
1777746178.622172,230,True,0.29877357714189384,0.4174476852968317,0.35811063121936276,0.007773165623437856,False,False,0.00881057268722467,0,0,42.031716918945314,False,True,3.4739461437090906,50.0,Atencao,Atencao: sinais iniciais de risco,22.394632118910142
1777746178.6643527,231,True,0.28232977174296,0.4268187651407384,0.3545742684418492,0.006842284742901131,False,False,0.008771929824561403,0,0,42.081105613708495,False,True,3.47110218483105,50.0,Atencao,Atencao: sinais iniciais de risco,22.52249226623979
1777746178.7158585,232,True,0.2820913874170241,0.450009455700253,0.36605042155863854,0.007096064674707978,False,False,0.008733624454148471,0,0,42.24373931884765,False,True,3.4739668816562297,50.0,Atencao,Atencao: sinais iniciais de risco,22.206370205362262
1777746178.7634284,233,True,0.2806760253411951,0.41146425462010133,0.34607013998064823,0.005560243548445917,False,False,0.008695652173913044,0,0,42.10764746665954,False,True,3.461941100514453,50.0,Atencao,Atencao: sinais iniciais de risco,22.09522420603882
1777746178.810579,234,True,0.26888212319882493,0.4214044797962975,0.34514330149756123,0.006016788289366436,False,False,0.008658008658008658,0,0,41.93285799026489,False,True,3.4480256432578678,50.0,Atencao,Atencao: sinais iniciais de risco,21.967018844757618
1777746178.8558073,235,True,0.27635673687632906,0.45255895351219705,0.36445784519426305,0.007146346304071425,False,False,0.008620689655172414,0,0,43.34909267425537,False,True,3.5137060145674077,50.0,Atencao,Atencao: sinais iniciais de risco,22.025235500276505
1777746178.8972437,236,True,0.27118038237826486,0.4187483210941284,0.34496435173619666,0.010751407117358237,False,False,0.008583690987124463,0,0,41.09651861190795,False,True,3.3959899945934438,50.0,Atencao,Atencao: sinais iniciais de risco,22.190478129027888
1777746178.9397633,237,True,0.27119333239121446,0.43934823532825856,0.35527078385973654,0.00648132378687221,False,False,0.008547008547008548,0,0,42.56756134033203,False,True,3.464498295498709,50.0,Atencao,Atencao: sinais iniciais de risco,22.310113775828505
1777746178.9841373,238,True,0.2728328269630541,0.405395547136213,0.3391141870496336,0.006587541056355536,False,False,0.00851063829787234,0,0,42.49403963088989,False,True,3.4558213007703733,50.0,Atencao,Atencao: sinais iniciais de risco,22.392482061619123
1777746179.0269105,239,True,0.1641948567689977,0.10271201236364344,0.13345343456632058,0.006714091622099451,True,False,0.012711864406779662,0,0,42.603021430969235,False,True,4.038938980749098,50.0,Atencao,Atencao: sinais iniciais de risco,22.48580210564764
1777746179.072361,240,True,0.1490750163855198,0.10346035625122496,0.12626768631837237,0.00499994715866935,True,False,0.016877637130801686,0,0,42.91629657745361,False,True,4.627396487626345,50.0,Atencao,Atencao: sinais iniciais de risco,22.44875504279173
1777746179.1160393,241,True,0.1515326546356208,0.19983534231345956,0.1756839984745402,0.004576786663655026,True,False,0.02100840336134454,0,0,43.04293203353882,False,True,5.201708617130247,50.0,Atencao,Atencao: sinais iniciais de risco,22.431512432303606
1777746179.1614347,242,True,0.13938973246570924,0.21161055810707008,0.17550014528638966,0.005720525541268481,True,False,0.02510460251046025,0,0,42.59096994400024,False,True,5.742337895656729,50.0,Atencao,Atencao: sinais iniciais de risco,22.45193129127491
1777746179.2062817,243,True,0.1379055454828109,0.21078591749439152,0.17434573148860122,0.006803940297516757,True,False,0.029166666666666667,0,0,43.13490476608276,False,True,6.328068458239237,50.0,Atencao,Atencao: sinais iniciais de risco,22.382458000326178
1777746179.2495039,244,True,0.15824590023322357,0.21149153981740382,0.18486872002531368,0.007778452204775432,True,False,0.03319502074688797,0,0,43.98762321472168,False,True,6.924603066701612,50.0,Atencao,Atencao: sinais iniciais de risco,22.514369080006002
1777746179.2953303,245,True,0.15807111815797728,0.20659208885376174,0.18233160350586952,0.008731878943721048,True,False,0.0371900826446281,0,0,44.43089752197265,False,True,7.496087793003428,50.0,Atencao,Atencao: sinais iniciais de risco,22.436750702191183
1777746179.344418,246,True,0.16064862287834186,0.21296354597700684,0.18680608442767435,0.008049235533764316,True,False,0.0411522633744856,0,0,44.80859804153442,False,True,8.059772669336922,50.0,Atencao,Atencao: sinais iniciais de risco,22.228330312360455
1777746179.3931358,247,True,0.1638309019763155,0.21175873749903557,0.18779481973767553,0.008868478792966497,True,False,0.045081967213114756,0,0,44.92579298019409,False,True,8.605966694081417,50.0,Atencao,Atencao: sinais iniciais de risco,22.058185687348658
1777746179.4395995,248,True,0.1746577726007317,0.20926262511158822,0.19196019885615995,0.006315926750405691,True,False,0.04897959183673469,0,0,44.71353712081909,False,True,9.131277286860406,50.0,Atencao,Atencao: sinais iniciais de risco,22.013183734408855
1777746179.487566,249,True,0.17901641557970951,0.22027872702633752,0.19964757130302352,0.00587277141102035,True,False,0.052845528455284556,0,0,44.920866298675534,False,True,9.673210030803835,50.0,Atencao,Atencao: sinais iniciais de risco,21.902358634620796
1777746179.5317073,250,True,0.19489113309663914,0.23954780272191598,0.21721946790927754,0.011283710803517569,False,False,0.05263157894736842,0,0,44.7643102645874,False,True,10.17125818796325,50.0,Atencao,Atencao: sinais iniciais de risco,21.979732461425623
1777746179.5765493,251,True,0.19443663672202519,0.2576711012475631,0.22605386898479413,0.012454347972582639,False,False,0.05241935483870968,0,0,45.09539613723755,False,True,10.15863166665518,50.0,Atencao,Atencao: sinais iniciais de risco,21.998307075584993
1777746179.626778,252,True,0.18877183766168526,0.2681846348003151,0.2284782362310002,0.014730128283476552,False,False,0.05220883534136546,0,0,45.37702121734619,False,True,10.143766489775784,50.0,Atencao,Atencao: sinais iniciais de risco,21.79682173755853
1777746179.6696808,253,True,0.20973237057572316,0.27617096140095365,0.2429516659883384,0.014537469143325904,False,False,0.052,0,0,45.29591207504272,False,True,10.110996173222858,50.0,Atencao,Atencao: sinais iniciais de risco,21.950987121025648
1777746179.7100334,254,True,0.23152712467552294,0.2952081597062562,0.2633676421908896,0.014064871953158621,False,False,0.05179282868525897,0,0,45.711450195312494,False,True,10.103287023459455,50.0,Atencao,Atencao: sinais iniciais de risco,22.23261952084505
1777746179.7554176,255,True,0.2320720418752264,0.2973555961819748,0.2647138190286006,0.012244152861580742,False,False,0.051587301587301584,0,0,45.44808645248413,False,True,10.061858860348897,50.0,Atencao,Atencao: sinais iniciais de risco,22.199688570379102
1777746179.7992034,256,True,0.2334242162430482,0.30423048364443417,0.2688273499437412,0.012221000837702911,False,False,0.05138339920948617,0,0,45.26537523269653,False,True,10.024686722409898,50.0,Atencao,Atencao: sinais iniciais de risco,22.277350168535854
1777746179.8417885,257,True,0.23155937995515302,0.3104318332265756,0.2709956065908643,0.011947282389027395,False,False,0.051181102362204724,0,0,45.812392234802246,False,True,10.024221756013985,50.0,Atencao,Atencao: sinais iniciais de risco,22.38123707289424
1777746180.0830371,258,True,0.26931897116154785,0.39787374648276663,0.3335963588221572,0.005328116090821639,False,False,0.050980392156862744,0,0,43.85189571380615,False,True,9.898599276729659,50.0,Atencao,Atencao: sinais iniciais de risco,20.558085045854586
1777746180.1344733,259,True,0.2722663973505697,0.39307976624916513,0.33267308179986743,0.007872364359748162,False,False,0.05078125,0,0,40.568033313751215,False,True,9.707024110158283,50.0,Atencao,Atencao: sinais iniciais de risco,20.44229128529019
1777746180.1741734,260,True,0.28773449880080787,0.3865591257494768,0.3371468122751423,0.009359739126797124,False,False,0.05058365758754864,0,0,39.14107537269592,False,True,9.608507256393457,50.0,Atencao,Atencao: sinais iniciais de risco,20.859019076462623
1777746180.2149935,261,True,0.2872376908107239,0.4031706460174823,0.3452041684141031,0.008393458689218824,False,False,0.050387596899224806,0,0,39.51044087409973,False,True,9.600017186819121,50.0,Atencao,Atencao: sinais iniciais de risco,21.275876461406206
1777746180.2573595,262,True,0.283800281060507,0.3571986391760117,0.32049946011825936,0.011686449147065561,False,False,0.05019305019305019,0,0,37.63652799129486,False,True,9.479571370579865,50.0,Atencao,Atencao: sinais iniciais de risco,21.463162573290482
1777746180.3001697,263,True,0.26426178587644095,0.40739410256516845,0.3358279442208047,0.011037057325820632,False,False,0.05,0,0,37.3159362077713,False,True,9.436997379859289,50.0,Atencao,Atencao: sinais iniciais de risco,21.707932347280927
1777746180.3418593,264,True,0.27921227625949535,0.38652118530404384,0.3328667307817696,0.008027909678800611,False,False,0.04980842911877394,0,0,37.38638367652893,False,True,9.414178757128585,50.0,Atencao,Atencao: sinais iniciais de risco,21.937085354465232
1777746180.3846538,265,True,0.2851242380561914,0.4073077219031693,0.34621597997968034,0.009867444673964458,False,False,0.04961832061068702,0,0,38.17506041526794,False,True,9.427472674203585,50.0,Atencao,Atencao: sinais iniciais de risco,22.068266155033744
1777746180.4248517,266,True,0.29263843211638263,0.4085750422142948,0.35060673716533874,0.011972239884803525,False,False,0.049429657794676805,0,0,36.94856433868408,False,True,9.340206733172987,50.0,Atencao,Atencao: sinais iniciais de risco,22.354204286848702
1777746180.4688275,267,True,0.28188651593606046,0.4232848419161727,0.3525856789261166,0.012326168964568075,False,False,0.04924242424242424,0,0,36.88466553688049,False,True,9.31126717964808,50.0,Atencao,Atencao: sinais iniciais de risco,22.31860215409383
1777746180.514333,268,True,0.19617123073805368,0.15466496609585953,0.1754180984169566,0.006293004911238627,True,False,0.052830188679245285,0,0,36.302372336387634,False,True,9.775470129686331,50.0,Atencao,Atencao: sinais iniciais de risco,22.329206138965436
1777746180.5588794,269,True,0.17750311523621268,0.1599905048423611,0.16874681003928688,0.01042437780583293,True,False,0.05639097744360902,0,0,35.70991721153259,False,True,10.235455828543593,50.0,Atencao,Atencao: sinais iniciais de risco,22.36930209029807
1777746180.6014707,270,True,0.08241013058235555,0.17840253789488794,0.13040633423862175,0.005894514593810697,True,False,0.0599250936329588,0,0,36.292241632938385,False,True,10.750513025649479,50.0,Atencao,Atencao: sinais iniciais de risco,22.478974467804022
1777746180.6443605,271,True,0.10432488339899758,0.11478301603633737,0.10955394971766746,0.004208929079729104,True,False,0.06343283582089553,0,0,36.813581418991085,False,True,11.258894565793412,50.0,Atencao,Atencao: sinais iniciais de risco,22.531916368519575
1777746180.6919732,272,True,0.1708227911903093,0.42519575715457947,0.2980092741724444,0.006843104010877892,False,False,0.06319702602230483,0,0,41.66478857994079,False,True,11.450416108870593,50.0,Atencao,Atencao: sinais iniciais de risco,22.407167754077744
1777746180.7346292,273,False,0.0,0.0,0.0,0.0,False,False,0.06319702602230483,0,0,0.0,False,False,9.367176679873554,50.0,Atencao,Atencao: sinais iniciais de risco,22.498290380252556
1777746180.7766035,274,True,0.27581253238437436,0.3493844187263291,0.3125984755553517,0.00800004721580368,False,False,0.06296296296296296,0,0,35.607218861579895,False,True,11.115353952293042,50.0,Atencao,Atencao: sinais iniciais de risco,22.603896509541922
1777746180.8253975,275,True,0.056182883992463184,0.05464325834868609,0.05541307117057463,0.029735286286410357,True,False,0.06642066420664207,0,0,39.05678834915161,False,True,11.763266347677504,50.0,Atencao,Atencao: sinais iniciais de risco,22.434279859627736
1777746180.8659902,276,True,0.05552935950085948,0.04851186753540432,0.0520206135181319,0.03536291085468378,True,False,0.06985294117647059,0,0,38.25782072544098,False,True,12.195256049843394,50.0,Atencao,Atencao: sinais iniciais de risco,22.654088074312476
1777746180.9045427,277,True,0.06834241043229704,0.04087865815015696,0.054610534291227,0.0031550804826089586,True,False,0.07326007326007326,0,0,41.28854503631592,False,True,12.81527292688251,50.0,Atencao,Atencao: sinais iniciais de risco,22.95692394640158
1777746180.9437895,278,True,0.17153725117785898,0.2440578925437017,0.20779757186078035,0.01008196989705005,True,False,0.07664233576642336,0,0,42.32909965515137,False,True,13.33236175244742,50.0,Atencao,Atencao: sinais iniciais de risco,23.229113510153844
1777746180.9822557,279,True,0.25143391969400525,0.2996582184309472,0.27554606906247625,0.004120117887030004,False,False,0.07636363636363637,0,0,29.331628892638467,False,False,12.618450670133939,50.0,Atencao,Atencao: sinais iniciais de risco,23.464132898788986
1777746181.0240452,280,True,0.2601616084891222,0.3017661920151663,0.28096390025214424,0.005584463319471151,False,False,0.07608695652173914,0,0,24.74888371771032,False,False,12.351269933126662,50.0,Atencao,Atencao: sinais iniciais de risco,23.49332122789464
1777746181.064554,281,True,0.2670485859142225,0.30716338728624726,0.2871059866002349,0.006745593566812092,False,False,0.07581227436823104,0,0,22.13402504514564,False,False,12.182758203391066,50.0,Atencao,Atencao: sinais iniciais de risco,23.657619263666966
1777746181.1042023,282,True,0.2686437402640471,0.31851761516603605,0.2935806777150416,0.006551879578681461,False,False,0.07553956834532374,0,0,23.063546896251765,False,False,12.191737217796618,50.0,Atencao,Atencao: sinais iniciais de risco,23.81628113751516
1777746181.1445792,283,True,0.27074480942320267,0.30782684478032946,0.2892858271017661,0.006717883372838772,False,False,0.07526881720430108,0,0,23.043270263888616,False,False,12.153495104287844,50.0,Atencao,Atencao: sinais iniciais de risco,23.871508021365983
1777746181.1866078,284,True,0.2871235954553149,0.3156472521106117,0.3013854237829633,0.0380003943051165,False,False,0.075,0,0,24.198847407102587,False,False,12.174311595857143,50.0,Atencao,Atencao: sinais iniciais de risco,23.89823605588419
1777746181.2251213,285,True,0.27489737831930644,0.32437564710693917,0.2996365127131228,0.04840532513560515,False,False,0.07473309608540925,0,0,23.457310105724765,False,False,12.100535442532024,50.0,Atencao,Atencao: sinais iniciais de risco,24.126933248704876
1777746181.2659426,286,True,0.27900831432778084,0.3230061866202432,0.301007250474012,0.03914869661810702,False,False,0.07446808510638298,0,0,24.510203113610096,False,False,12.11674108331018,50.0,Atencao,Atencao: sinais iniciais de risco,24.13867630391671
1777746181.3058038,287,True,0.27491523701328835,0.326367555255897,0.3006413961345927,0.01654113072766579,False,False,0.07420494699646643,0,0,24.307565829699687,False,False,12.070427729001134,50.0,Atencao,Atencao: sinais iniciais de risco,24.21614504824929
1777746181.3464112,288,True,0.2817699938411233,0.3205432021029487,0.301156597972036,0.03434955669696962,False,False,0.07394366197183098,0,0,24.032858708771794,False,False,12.020765682067365,50.0,Atencao,Atencao: sinais iniciais de risco,24.298254833829358
1777746181.3896973,289,True,0.2787503439703379,0.3269219005849374,0.3028361222776377,0.03346749519393242,False,False,0.07368421052631578,0,0,23.765191653641786,False,False,11.971707755552524,50.0,Atencao,Atencao: sinais iniciais de risco,24.106812699820278
1777746181.433068,290,True,0.2886888831418007,0.32752801962580474,0.3081084513838027,0.1368549396334424,False,False,0.07342657342657342,0,0,25.079005944186996,False,False,12.00197336886521,50.0,Atencao,Atencao: sinais iniciais de risco,24.076834404315214
1777746181.4762583,291,True,0.2878047365891078,0.32838585667393544,0.30809529663152163,0.13849842312009358,False,False,0.07317073170731707,0,0,26.2720357558944,False,False,12.02644662305283,50.0,Atencao,Atencao: sinais iniciais de risco,23.96761053792639
1777746181.5223336,292,True,0.2962187510288918,0.3281659149241929,0.31219233297654236,0.11167931420283152,False,False,0.07291666666666667,0,0,26.618443520231676,False,False,12.008833068180264,50.0,Atencao,Atencao: sinais iniciais de risco,23.753793269368344
1777746181.5666168,293,True,0.28604876618359454,0.3103866980434816,0.2982177321135381,0.006635891886264466,False,False,0.0726643598615917,0,0,26.086578878760335,False,False,11.947547650408891,50.0,Atencao,Atencao: sinais iniciais de risco,23.62465093454467
1777746181.611501,294,True,0.2749553843803033,0.33531047540813824,0.3051329298942208,0.004220568376917763,False,False,0.07241379310344828,0,0,26.41314009996978,False,False,11.929422782224643,50.0,Atencao,Atencao: sinais iniciais de risco,23.50547001072254
1777746181.660542,295,True,0.28380163256631785,0.333600767063238,0.30870119981477795,0.005550040711981923,False,False,0.07216494845360824,0,0,26.170774797417902,False,False,11.883088377744043,50.0,Atencao,Atencao: sinais iniciais de risco,23.1928114307158
1777746181.7052026,296,True,0.27867642399132425,0.32052959612533294,0.29960301005832857,0.005530986724624187,False,False,0.07191780821917808,0,0,26.590156496383926,False,False,11.870075680458195,50.0,Atencao,Atencao: sinais iniciais de risco,23.102002134749384
1777746181.7507448,297,True,0.294212814677422,0.32878453128099844,0.3114986729792102,0.007031024717435206,False,False,0.07167235494880546,0,0,30.092572225765746,False,False,12.011446642251052,50.0,Atencao,Atencao: sinais iniciais de risco,22.973959726752117
1777746181.7942505,298,True,0.2889563379976307,0.32418184456427396,0.30656909128095233,0.006446826590661299,False,False,0.07142857142857142,0,0,29.843083122643556,False,False,11.965451953062761,50.0,Atencao,Atencao: sinais iniciais de risco,22.954628946487365
1777746181.838606,299,True,0.3034174902489809,0.3336592422215181,0.3185383662352495,0.0055709905537676884,False,False,0.0711864406779661,0,0,38.78804042393511,False,True,12.37940683991911,50.0,Atencao,Atencao: sinais iniciais de risco,22.90650856954822
1777746181.8801413,300,True,0.31217560251974996,0.3675747704696454,0.33987518649469767,0.005189119461545745,False,False,0.07094594594594594,0,0,43.4906120300293,False,True,12.581467394571046,50.0,Atencao,Atencao: sinais iniciais de risco,23.079057508306263
1777746181.9208267,301,True,0.3075417292768161,0.39770946187300643,0.35262559557491124,0.0029022508925672422,False,False,0.0707070707070707,0,0,42.52003774642944,False,True,12.500093335045708,50.0,Atencao,Atencao: sinais iniciais de risco,23.21231961305623
1777746181.9622266,302,True,0.31450590451947735,0.40765346968081834,0.3610796871001478,0.004252270811676314,False,False,0.07046979865771812,0,0,41.40339894294739,False,True,12.411636488085623,50.0,Atencao,Atencao: sinais iniciais de risco,23.274633556681707
1777746182.0059845,303,True,0.3132205753724706,0.36964574551173746,0.34143316044210403,0.004243573129303989,False,False,0.07023411371237458,0,0,41.303952074050905,False,True,12.374257464656063,50.0,Atencao,Atencao: sinais iniciais de risco,23.285563817282114
1777746182.0459206,304,True,0.32252433817771714,0.3992684594121107,0.3608963987949139,0.0034676814509162703,False,False,0.07,0,0,40.70781846046447,False,True,12.31226014852524,50.0,Atencao,Atencao: sinais iniciais de risco,23.43962292319717
1777746182.0873296,305,True,0.3134156758092363,0.37419299793076394,0.3438043368700001,0.005846071619712159,False,False,0.06976744186046512,0,0,41.86112070083618,False,True,12.337948516357775,50.0,Atencao,Atencao: sinais iniciais de risco,23.524200833264942
1777746182.1326385,306,True,0.3177301240744849,0.3801062708360707,0.3489181974552778,0.005051868504086464,False,False,0.0695364238410596,0,0,41.33792343139648,False,True,12.280023675217532,50.0,Atencao,Atencao: sinais iniciais de risco,23.37538982244873
1777746182.1747801,307,True,0.3220154558556649,0.40614778621945163,0.36408162103755826,0.005205137481127437,False,False,0.06930693069306931,0,0,40.65677151679992,False,True,12.214410771639042,50.0,Atencao,Atencao: sinais iniciais de risco,23.316518184698314
1777746182.2231123,308,True,0.3144189700075246,0.3977739593694433,0.356096464688484,0.005633713657290902,False,False,0.06907894736842106,0,0,40.02224969863891,False,True,12.151336973591853,50.0,Atencao,Atencao: sinais iniciais de risco,23.10990355191022
1777746182.2670445,309,True,0.3195898560667608,0.38958388107409425,0.35458686857042754,0.003912761696558443,False,False,0.06885245901639345,0,0,40.00033712387085,False,True,12.119099196449657,50.0,Atencao,Atencao: sinais iniciais de risco,23.086645918918038
1777746182.3097336,310,True,0.31355402344311806,0.4163664911794588,0.36496025731128845,0.003021045714750646,False,False,0.06862745098039216,0,0,40.23958158493042,False,True,12.100122814552456,50.0,Atencao,Atencao: sinais iniciais de risco,23.13092803769283
1777746182.3523762,311,True,0.3160170686491136,0.3966998377045441,0.35635845317682885,0.0025496753528063444,False,False,0.06840390879478828,0,0,40.32476553916931,False,True,12.073644961743867,50.0,Atencao,Atencao: sinais iniciais de risco,23.128291202680177
1777746182.401867,312,True,0.3121767692724141,0.4025079197177502,0.3573423444950822,0.0034950059213500017,False,False,0.06818181818181818,0,0,40.139733457565306,False,True,12.033855898380281,50.0,Atencao,Atencao: sinais iniciais de risco,22.856611658004685
1777746182.4515684,313,True,0.32197823664392167,0.4019636178800652,0.3619709272619934,0.0021532237065128345,False,False,0.06796116504854369,0,0,39.825915002822875,False,True,11.987825169817913,50.0,Atencao,Atencao: sinais iniciais de risco,22.590051184936023
1777746182.4987893,314,True,0.3158733912863544,0.41274001606010713,0.36430670367323076,0.0037854904532330126,False,False,0.06774193548387097,0,0,39.95338473320007,False,True,11.964054591194278,50.0,Atencao,Atencao: sinais iniciais de risco,22.44575194253939
1777746182.5430384,315,True,0.309637118846914,0.4101950559766662,0.3599160874117901,0.0030546588343483908,False,False,0.06752411575562701,0,0,40.188818311691286,False,True,11.945876057485293,50.0,Atencao,Atencao: sinais iniciais de risco,22.45397697951106
1777746182.587025,316,True,0.30616603350769367,0.4028549777452806,0.3545105056264871,0.0029511859332707227,False,False,0.0673076923076923,0,0,40.12413973808288,False,True,11.912883904713851,50.0,Atencao,Atencao: sinais iniciais de risco,22.497642139751306
1777746182.633308,317,True,0.3249726426227864,0.4423645294394182,0.3836685860311023,0.005159716462555629,False,False,0.0670926517571885,0,0,39.95705013275146,False,True,11.874961348753006,50.0,Atencao,Atencao: sinais iniciais de risco,22.396853508132885
1777746182.676394,318,True,0.30936682206314065,0.4076931739792984,0.35852999802121954,0.005432110515802267,False,False,0.06687898089171974,0,0,40.126510810852054,False,True,11.854054638656082,50.0,Atencao,Atencao: sinais iniciais de risco,22.470783319262484
1777746182.7172117,319,True,0.3301298054968306,0.435467028585823,0.3827984170413268,0.002958914651268812,False,False,0.06666666666666667,0,0,39.8240885257721,False,True,11.809740318457287,50.0,Atencao,Atencao: sinais iniciais de risco,22.668059263098456
1777746182.7610435,320,True,0.32161403543220796,0.41744137259406733,0.3695277040131376,0.00498558724719376,False,False,0.06645569620253164,0,0,39.820373344421384,False,True,11.780546120571184,50.0,Atencao,Atencao: sinais iniciais de risco,22.71296446586826
1777746182.805554,321,True,0.32443252975955195,0.4144061466026835,0.3694193381811177,0.0061143921983328265,False,False,0.06624605678233439,0,0,40.00606718063354,False,True,11.761005392104671,50.0,Atencao,Atencao: sinais iniciais de risco,22.684257940782896
1777746182.8476737,322,True,0.33164479678448566,0.42031416987135684,0.37597948332792125,0.006712066860732269,False,False,0.0660377358490566,0,0,40.54826736450195,False,True,11.759471272972394,50.0,Atencao,Atencao: sinais iniciais de risco,22.790751101839913
1777746182.8849676,323,True,0.33234697110760336,0.40907960200324367,0.3707132865554235,0.005245833127652998,False,False,0.06583072100313479,0,0,40.331709671020505,False,True,11.720178846984073,50.0,Atencao,Atencao: sinais iniciais de risco,23.130320216543446
1777746182.9299805,324,True,0.30533581655155895,0.43836633219582255,0.37185107437369075,0.005458020363298977,False,False,0.065625,0,0,42.09268546104431,False,True,11.779940998554231,50.0,Atencao,Atencao: sinais iniciais de risco,23.03134301364393
1777746182.9746673,325,True,0.32239278315512626,0.46672706809144077,0.3945599256232835,0.006484723394443223,False,False,0.06542056074766354,0,0,40.817225980758664,False,True,11.688057627343685,50.0,Atencao,Atencao: sinais iniciais de risco,22.999232719342114
1777746183.013677,326,True,0.3202816903079457,0.41525047934742915,0.3677660848276874,0.00569261400428215,False,False,0.06521739130434782,0,0,41.45864686965942,False,True,11.69219287333281,50.0,Atencao,Atencao: sinais iniciais de risco,23.259460186416316
1777746183.0564508,327,True,0.31476845506752776,0.34363948400022887,0.3292039695338783,0.00608087698429923,False,False,0.06501547987616099,0,0,40.97679896354675,False,True,11.64033765665149,50.0,Atencao,Atencao: sinais iniciais de risco,23.290853865025966
1777746183.097422,328,True,0.28720488405595496,0.3023027992055173,0.29475384163073615,0.0073036461647132175,False,False,0.06481481481481481,0,0,41.75235648155212,False,True,11.651524086616655,50.0,Atencao,Atencao: sinais iniciais de risco,23.36608855791009
1777746183.1392994,329,True,0.28518600904415375,0.2703923488481459,0.27778917894614985,0.0076524909817077226,False,False,0.06461538461538462,0,0,41.43167972564697,False,True,11.608068596399747,50.0,Atencao,Atencao: sinais iniciais de risco,23.459135107055328
1777746183.181,330,True,0.2821670818798253,0.27949333872325205,0.28083021030153865,0.0093490186841514,False,False,0.06441717791411043,0,0,42.47822532653808,False,True,11.633142455019101,50.0,Atencao,Atencao: sinais iniciais de risco,23.51589528961786
1777746183.2160044,331,True,0.26106599583783285,0.26598136707454406,0.26352368145618843,0.008193732883499517,False,False,0.06422018348623854,0,0,42.376516819000244,False,True,11.600970295809827,50.0,Atencao,Atencao: sinais iniciais de risco,23.94933234319962
1777746183.2558355,332,True,0.2674772299217442,0.28127970124126056,0.27437846558150236,0.009357820640547182,False,False,0.06402439024390244,0,0,42.39384860992431,False,True,11.574915314534815,50.0,Atencao,Atencao: sinais iniciais de risco,24.09338524359101
1777746183.297544,333,True,0.2765136861707655,0.2848096689692771,0.2806616775700213,0.010084481004987997,False,False,0.06382978723404255,0,0,42.26483306884765,False,True,11.541706623625249,50.0,Atencao,Atencao: sinais iniciais de risco,24.099657359943947
1777746183.3401296,334,True,0.2639381310223148,0.3037848429147267,0.28386148696852076,0.0072809851149133594,False,False,0.06363636363636363,0,0,41.460953569412226,False,True,11.474916903972623,50.0,Atencao,Atencao: sinais iniciais de risco,24.020552689548982
1777746183.3825426,335,True,0.2615658284675804,0.2936955963029191,0.2776307123852497,0.007419316035567495,False,False,0.0634441087613293,0,0,40.83175582885742,False,True,11.417021971627666,50.0,Atencao,Atencao: sinais iniciais de risco,23.993348697545237
1777746183.4258845,336,True,0.262283857418574,0.29009861021897565,0.27619123381877486,0.008205281705667125,False,False,0.06325301204819277,0,0,41.267062473297116,False,True,11.412511505793374,50.0,Atencao,Atencao: sinais iniciais de risco,23.848800176390196
1777746183.4746754,337,True,0.26338607032671185,0.2828241607357176,0.27310511553121475,0.009657580167909246,False,False,0.06306306306306306,0,0,40.5052348613739,False,True,11.348302139741879,50.0,Atencao,Atencao: sinais iniciais de risco,23.54679352281567
1777746183.5172617,338,True,0.2653182588202891,0.28185433145955546,0.2735862951399223,0.007938207600501916,False,False,0.06287425149700598,0,0,40.916564273834226,False,True,11.34290702003205,50.0,Atencao,Atencao: sinais iniciais de risco,23.55494029824272
1777746183.5591042,339,True,0.26651155930459325,0.2877400423368459,0.2771258008207196,0.005857963097963473,False,False,0.0626865671641791,0,0,40.94701228141784,False,True,11.318622824647532,50.0,Atencao,Atencao: sinais iniciais de risco,23.54407367389381
1777746183.6090066,340,True,0.2624257302007354,0.2790521338492532,0.2707389320249943,0.008935267544302617,False,False,0.0625,0,0,40.54202275276184,False,True,11.272720363140106,50.0,Atencao,Atencao: sinais iniciais de risco,23.193080124456074
1777746183.64862,341,True,0.272748559864155,0.29375746821691606,0.28325301404053554,0.007356863740504477,False,False,0.06231454005934718,0,0,40.86365523338318,False,True,11.263301245331412,50.0,Atencao,Atencao: sinais iniciais de risco,23.332284708577586
1777746183.6945012,342,True,0.2689934701796203,0.30314276528351053,0.2860681177315654,0.00854474459822976,False,False,0.0621301775147929,0,0,41.61988410949707,False,True,11.275762839260892,50.0,Atencao,Atencao: sinais iniciais de risco,23.237835478556047
1777746183.7384343,343,True,0.26779869560996533,0.26991261433359776,0.26885565497178154,0.011303335175217755,False,False,0.061946902654867256,0,0,40.77053365707397,False,True,11.20809502339996,50.0,Atencao,Atencao: sinais iniciais de risco,23.216676692145594
1777746183.783961,344,True,0.27127510085911727,0.25890356184147,0.26508933135029367,0.009684874376274898,False,False,0.061764705882352944,0,0,40.766606903076166,False,True,11.182846629479352,50.0,Atencao,Atencao: sinais iniciais de risco,23.087645272923744
1777746183.83164,345,True,0.26218178561218247,0.28407850225369047,0.27313014393293644,0.00992949818037606,False,False,0.06158357771260997,0,0,40.95149478912353,False,True,11.167185900442064,50.0,Atencao,Atencao: sinais iniciais de risco,22.893184219568575
1777746183.8750415,346,True,0.256491463787645,0.28219202208677524,0.26934174293721014,0.011188554371312815,False,False,0.06140350877192982,0,0,40.8253734588623,False,True,11.13612035458548,50.0,Atencao,Atencao: sinais iniciais de risco,22.880618784398433
1777746183.915788,347,True,0.25828519784758996,0.2745586191502422,0.2664219084989161,0.011497652721705623,False,False,0.061224489795918366,0,0,40.82185955047607,False,True,11.111329549964593,50.0,Atencao,Atencao: sinais iniciais de risco,22.99801633568618
1777746183.9622574,348,True,0.2613558382879173,0.2708679482193535,0.2661118932536354,0.011274309975096092,False,False,0.061046511627906974,0,0,40.90472478866577,False,True,11.091000813772512,50.0,Atencao,Atencao: sinais iniciais de risco,22.911642238613457
1777746184.0064442,349,True,0.25795569285391046,0.26139193817620815,0.2596738155150593,0.010427703475995566,False,False,0.06086956521739131,0,0,40.771343898773196,False,True,11.060001637831979,50.0,Atencao,Atencao: sinais iniciais de risco,22.873126004794987
1777746184.0491436,350,True,0.2630628410357959,0.2878415868743896,0.2754522139550928,0.009768749010643342,False,False,0.06069364161849711,0,0,40.95725789070129,False,True,11.045107842580432,50.0,Atencao,Atencao: sinais iniciais de risco,22.902188553781304
1777746184.093344,351,True,0.2715040947164591,0.2780749014606897,0.2747894980885744,0.010543069241629809,False,False,0.06051873198847262,0,0,40.7499312877655,False,True,11.010691438305276,50.0,Atencao,Atencao: sinais iniciais de risco,22.9117613367651
1777746184.1341193,352,True,0.2703439939153009,0.3066239191735847,0.2884839565444428,0.008456411008698804,False,False,0.0603448275862069,0,0,40.582047319412226,False,True,10.978385384576075,50.0,Atencao,Atencao: sinais iniciais de risco,23.0654354938109
1777746184.1738977,353,True,0.2658262887272241,0.2890723013660255,0.2774492950466248,0.00930261581267841,False,False,0.06017191977077364,0,0,40.71846575736999,False,True,10.961431481851887,50.0,Atencao,Atencao: sinais iniciais de risco,23.280559369287992
1777746184.2156854,354,True,0.2628030824585917,0.28084575185001076,0.2718244171543012,0.010784078135098034,False,False,0.06,0,0,40.87465786933899,False,True,10.945602118968964,50.0,Atencao,Atencao: sinais iniciais de risco,23.331015007681586
1777746184.258929,355,True,0.2648039444284681,0.2920822248210288,0.2784430846247484,0.008695900631861592,False,False,0.05982905982905983,0,0,40.18965044021606,False,True,10.887847474008543,50.0,Atencao,Atencao: sinais iniciais de risco,23.263858397194642
1777746184.2986045,356,True,0.2634196230475963,0.29260379633630235,0.2780117096919493,0.00938017013871766,False,False,0.05965909090909091,0,0,40.55426435470581,False,True,10.882707443237305,50.0,Atencao,Atencao: sinais iniciais de risco,23.52981167591835
1777746184.3387294,357,True,0.25380518175711747,0.26923589999049896,0.2615205408738082,0.010959910798987895,False,False,0.059490084985835696,0,0,39.86818232536316,False,True,10.82516502732258,50.0,Atencao,Atencao: sinais iniciais de risco,23.65549539783752
1777746184.3821795,358,True,0.22127415125846683,0.28780422471672285,0.25453918798759484,0.009022219586040544,False,False,0.059322033898305086,0,0,40.030668830871576,False,True,10.810182328062542,50.0,Atencao,Atencao: sinais iniciais de risco,23.60520014499501
1777746184.4252117,359,True,0.21988268358513446,0.29857512993234314,0.2592289067587388,0.007931229076008624,False,False,0.059154929577464786,0,0,39.59400691986084,False,True,10.765372388396464,50.0,Atencao,Atencao: sinais iniciais de risco,23.563074501643737
1777746184.46985,360,True,0.21601068883229613,0.27077478617492784,0.24339273750361198,0.007136577290762578,False,False,0.05898876404494382,0,0,39.75521626472473,False,True,10.750585094918028,50.0,Atencao,Atencao: sinais iniciais de risco,23.411274828917556
1777746184.5157564,361,True,0.20777902974365522,0.2739900602126445,0.24088454497814987,0.00773671598339158,False,False,0.058823529411764705,0,0,39.770347356796265,False,True,10.728621887459473,50.0,Atencao,Atencao: sinais iniciais de risco,23.257914665434924
1777746184.5563025,362,True,0.20987300067640483,0.26903827162125965,0.23945563614883225,0.005810034811762515,False,False,0.05865921787709497,0,0,39.777647256851196,False,True,10.706394046445133,50.0,Atencao,Atencao: sinais iniciais de risco,23.347908908866525
1777746184.6012836,363,True,0.20830348286625702,0.2611819450310075,0.23474271394863228,0.007292906071462336,False,False,0.0584958217270195,0,0,40.13818550109863,False,True,10.701953988022128,50.0,Atencao,Atencao: sinais iniciais de risco,23.27166775791575
1777746184.643324,364,True,0.2000458501401568,0.24626210242874658,0.2231539762844517,0.007865395464073248,False,False,0.058333333333333334,0,0,39.960546875,False,True,10.670729902585347,50.0,Atencao,Atencao: sinais iniciais de risco,23.315129838192494
1777746184.6919074,365,True,0.18501723318594585,0.20701464253132276,0.1960159378586343,0.008016604346827407,True,False,0.060941828254847646,0,0,40.25343165397644,False,True,11.044042193242387,50.0,Atencao,Atencao: sinais iniciais de risco,23.07723070319372
1777746184.7428963,366,True,0.20173205225960797,0.22389633775280182,0.2128141950062049,0.007799323944912304,False,False,0.06077348066298342,0,0,40.15353846549988,False,True,10.936998401359958,50.0,Atencao,Atencao: sinais iniciais de risco,22.70156490718481
1777746184.7920158,367,True,0.19789355475756637,0.20890008133761045,0.2033968180475884,0.007670605056857728,True,False,0.06336088154269973,0,0,40.21691842079163,False,True,11.295935020085537,50.0,Atencao,Atencao: sinais iniciais de risco,22.48952976308444
1777746184.8372202,368,True,0.19669538794184604,0.20878474245781586,0.20274006519983095,0.007017913045246663,True,False,0.06593406593406594,0,0,40.01817789077759,False,True,11.639810847397689,50.0,Atencao,Atencao: sinais iniciais de risco,22.428363251801823
1777746184.876438,369,True,0.19477881300657987,0.20188405592363345,0.19833143446510665,0.006826501281968994,True,False,0.0684931506849315,0,0,39.869163799285886,False,True,11.984234296067118,50.0,Atencao,Atencao: foco visual fora da direcao,22.708027629348262
1777746185.104852,370,True,0.19873709625660393,0.23218830773737478,0.21546270199698936,0.006734341485878451,False,False,0.06830601092896176,0,0,40.026269578933714,False,True,12.040923398426973,50.0,Atencao,Atencao: foco visual fora da direcao,20.874604559658824
1777746185.1483514,371,True,0.19624554919889373,0.20726544839973662,0.20175549879931517,0.007650629066022295,True,False,0.07084468664850137,0,0,40.551312637329104,False,True,12.41624346278344,50.0,Atencao,Atencao: foco visual fora da direcao,21.15998926681483
1777746185.1897793,372,True,0.18107508068322642,0.2410055678537611,0.21104032426849376,0.00733938848920267,False,False,0.07065217391304347,0,0,40.308917331695554,False,True,12.314836203974224,50.0,Atencao,Atencao: foco visual fora da direcao,21.392383920071794
1777746185.2279873,373,True,0.197712979680695,0.21019620928086735,0.20395459448078118,0.007007342531018343,True,False,0.07317073170731707,0,0,40.66222562789917,False,True,12.678803315497024,50.0,Atencao,Atencao: foco visual fora da direcao,21.879106302894144
1777746185.2665608,374,True,0.17786250080512614,0.2239122558585679,0.200887378331847,0.00607877866381307,True,False,0.07567567567567568,0,0,40.282202529907224,False,True,13.004231956246738,50.0,Atencao,Atencao: foco visual fora da direcao,22.342780124836636
1777746185.3080673,375,True,0.19568426304058092,0.19282490029613922,0.19425458166836007,0.006575463887105989,True,False,0.07816711590296496,0,0,40.71889190673828,False,True,13.368639456340567,50.0,Atencao,Atencao: foco visual fora da direcao,22.519604759278526
1777746185.349979,376,True,0.1721551191910934,0.21298070422072868,0.19256791170591103,0.006960971302997859,True,False,0.08064516129032258,0,0,40.07741479873657,False,True,13.677296841702153,50.0,Atencao,Atencao: foco visual fora da direcao,22.644149203270672
1777746185.3925092,377,True,0.18983525556422554,0.1985992114267611,0.1942172334954933,0.0069111895070302085,True,False,0.08310991957104558,0,0,40.508786535263056,False,True,14.037769692127888,50.0,Atencao,Atencao: foco visual fora da direcao,22.736129659329293
1777746185.4383926,378,True,0.17988085794289022,0.2314668622082518,0.205673860075571,0.0072357956413755305,True,False,0.0855614973262032,0,0,40.30848860740661,False,True,14.36484673706924,50.0,Atencao,Atencao: foco visual fora da direcao,22.634517432332316
1777746185.4818888,379,True,0.199230787202885,0.2125283184367258,0.2058795528198054,0.0066638283592288195,True,False,0.088,0,0,40.562016582489015,False,True,14.71281725347042,50.0,Atencao,Atencao: foco visual fora da direcao,22.679169902506757
1777746185.5257897,380,True,0.1734822060732218,0.22822471154940036,0.20085345881131106,0.006168979326199519,True,False,0.09042553191489362,0,0,40.13094267845154,False,True,15.02477419656642,50.0,Atencao,Atencao: foco visual fora da direcao,22.69879723458037
1777746185.569335,381,True,0.1935739466620626,0.1993688709508793,0.19647140880647096,0.005824562383815085,True,False,0.09283819628647215,0,0,40.48728165626525,False,True,15.374332496549151,50.0,Atencao,Atencao: foco visual fora da direcao,22.65825876330219
1777746185.6160421,382,True,0.18028478415324736,0.23351628027409674,0.20690053221367205,0.006474079763318093,True,False,0.09523809523809523,0,0,39.977313899993895,False,True,15.678820214583759,50.0,Atencao,Atencao: foco visual fora da direcao,22.584007160401047
1777746185.6606846,383,True,0.1995287134447504,0.20567555340016205,0.20260213342245623,0.006963734619999923,True,False,0.09762532981530343,0,0,41.02481093406677,False,True,16.05943982065353,50.0,Atencao,Atencao: foco visual fora da direcao,22.575775767813898
1777746185.7018712,384,True,0.18603050036030586,0.21861810752890115,0.2023243039446035,0.007702637442639095,True,False,0.1,0,0,40.25332651138305,False,True,16.347382749915123,50.0,Atencao,Atencao: foco visual fora da direcao,22.735029001783694
1777746185.7450004,385,True,0.19952359952044293,0.2027026849542482,0.20111314223734555,0.00792731411883151,True,False,0.10236220472440945,0,0,40.68533511161804,False,True,16.69378632953317,50.0,Atencao,Atencao: foco visual fora da direcao,22.792023219240686
1777746185.7896647,386,True,0.18830092860507525,0.23134623329532886,0.20982358095020204,0.0077593051139794025,True,False,0.10471204188481675,0,0,40.175405979156494,False,True,16.9913924824661,50.0,Atencao,Atencao: foco visual fora da direcao,22.738718323510355
1777746185.8330824,387,True,0.20163689138947571,0.20909914840845917,0.20536801989896744,0.007335692338389293,True,False,0.10704960835509138,0,0,40.66865477561951,False,True,17.33747031195201,50.0,Atencao,Atencao: foco visual fora da direcao,22.78890913933424
1777746185.875615,388,True,0.18896876304157947,0.24305334498868866,0.21601105401513407,0.007105945781283967,False,False,0.10677083333333333,0,0,40.276773309707636,False,True,17.466431356271105,50.0,Atencao,Atencao: foco visual fora da direcao,22.84648866010917
1777746185.9190314,389,True,0.2061618750844996,0.21129395530079526,0.20872791519264744,0.005097547431908689,True,False,0.10909090909090909,0,0,40.8745050907135,False,True,17.815328361988065,50.0,Atencao,Atencao: foco visual fora da direcao,22.878198849895007
1777746185.9570613,390,True,0.18279334696904853,0.238252102632982,0.21052272480101525,0.006480926683642251,False,False,0.10880829015544041,0,0,40.07834477424621,False,True,17.672810399989388,50.0,Atencao,Atencao: foco visual fora da direcao,23.21126744496319
1777746185.996719,391,True,0.20144882971591807,0.22518938888470008,0.21331910930030906,0.005836828324456125,False,False,0.10852713178294573,0,0,40.77370252609253,False,True,17.668919011363688,50.0,Atencao,Atencao: foco visual fora da direcao,23.35618329503967
1777746186.0367773,392,True,0.18703852159950674,0.24513266540902012,0.21608559350426343,0.006982180384145073,False,False,0.10824742268041238,0,0,40.397398471832275,False,True,17.61164380705234,50.0,Atencao,Atencao: foco visual fora da direcao,23.576730306002464
1777746186.0744777,393,True,0.19858526949667096,0.21492904312376507,0.20675715631021802,0.006139536521335473,True,False,0.11053984575835475,0,0,40.666021490097044,False,True,17.940283131182653,50.0,Atencao,Atencao: foco visual fora da direcao,23.809838239289952
1777746186.1148705,394,True,0.18270074309732592,0.2353140673001866,0.20900740519875627,0.00693155374558339,True,False,0.11282051282051282,0,0,40.01504292488098,False,True,18.221325923968585,50.0,Atencao,Atencao: foco visual fora da direcao,23.96539326013731
1777746186.155405,395,True,0.19810481345089204,0.20752377378142492,0.2028142936161585,0.005960148646145982,True,False,0.11508951406649616,0,0,40.55945110321045,False,True,18.560534004207767,50.0,Atencao,Atencao: foco visual fora da direcao,23.954617604510123
1777746186.1963894,396,True,0.19718315731529004,0.21894756076198377,0.2080653590386369,0.00633858921738438,True,False,0.11734693877551021,0,0,40.63899683952331,False,True,18.87490718851284,50.0,Atencao,Atencao: foco visual fora da direcao,24.061670870272273
1777746186.2366383,397,True,0.19782373383968463,0.2134373323898325,0.20563053311475857,0.006244454175267423,True,False,0.11959287531806616,0,0,40.548857021331784,False,True,19.179216472204704,50.0,Atencao,Atencao: foco visual fora da direcao,24.165203775849847
1777746186.274333,398,True,0.19656057472443778,0.20126143398662769,0.19891100435553272,0.007320116111409999,True,False,0.1218274111675127,0,0,40.954805278778075,False,True,19.50676256437592,50.0,Atencao,Atencao: foco visual fora da direcao,24.39105434200117
1777746186.3110921,399,True,0.19975134369668,0.20537950487626316,0.20256542428647156,0.007044223358427985,True,False,0.1240506329113924,0,0,41.01242213249206,False,True,19.81533639684508,50.0,Atencao,Atencao: foco visual fora da direcao,24.666905607048886
1777746186.349797,400,True,0.20073700046792708,0.20886867618972393,0.2048028383288255,0.0072216958598109345,True,False,0.12626262626262627,0,0,40.720096540451046,False,True,20.104869203037683,50.0,Atencao,Atencao: foco visual fora da direcao,24.77190078719287
1777746186.3941572,401,True,0.19665280871499738,0.20711664379036163,0.2018847262526795,0.0067172928518512065,True,False,0.12846347607052896,0,0,40.57503151893616,False,True,20.400232800548558,50.0,Atencao,Atencao: foco visual fora da direcao,24.560285971794514
1777746186.4381466,402,True,0.19820914562307582,0.18600433910633904,0.19210674236470743,0.006798133678980386,True,False,0.1306532663316583,0,0,41.16686673164367,False,True,20.73092072208922,50.0,Atencao,Atencao: foco visual fora da direcao,24.373755769800635
1777746186.4832187,403,True,0.17878410548432658,0.20787176951261385,0.19332793749847021,0.006565638227799095,True,False,0.13283208020050125,0,0,40.42170658111572,False,True,20.993249621528726,50.0,Atencao,Atencao: foco visual fora da direcao,24.14897516750878
1777746186.5270143,404,True,0.19654857654071647,0.17480309114186374,0.1856758338412901,0.00652782284757111,True,False,0.135,0,0,40.96107563972473,False,True,21.318307046890258,50.0,Atencao,Atencao: foco visual fora da direcao,24.03485876680552
1777746186.568987,405,True,0.17830919915677818,0.23122948665318302,0.2047693429049806,0.0057188458097531605,True,False,0.1371571072319202,0,0,40.4307587146759,False,True,21.588393445026846,50.0,Atencao,Atencao: foco visual fora da direcao,23.99603164579627
1777746186.6097875,406,True,0.196707141165539,0.18130505005333886,0.18900609560943893,0.0063299121639299495,True,False,0.13930348258706468,0,0,41.2635395526886,False,True,21.925159098259844,50.0,Atencao,Atencao: foco visual fora da direcao,24.057670079008574
1777746186.6537328,407,True,0.17484192929786477,0.21365347717823763,0.19424770323805118,0.006312223926341962,True,False,0.141439205955335,0,0,40.442566871643066,False,True,22.177772427344735,50.0,Atencao,Atencao: foco visual fora da direcao,23.931775672236828
1777746186.697213,408,True,0.19458352697129702,0.18577719319473818,0.19018036008301759,0.0064155345521429335,True,False,0.14356435643564355,0,0,41.17182989120483,False,True,22.506443769365248,50.0,Atencao,Atencao: foco visual fora da direcao,23.83918866601833
1777746186.7406828,409,True,0.17784117652248732,0.21510384179311248,0.1964725091577999,0.006202753227436722,True,False,0.145679012345679,0,0,40.4618221282959,False,True,22.761708568849677,50.0,Atencao,Atencao: foco visual fora da direcao,23.701678352742604
1777746186.7830963,410,True,0.18509465546606596,0.21038085593107972,0.19773775569857283,0.0061393942289421875,True,False,0.1477832512315271,0,0,40.79135704040527,False,True,23.067518161259258,50.0,Atencao,Atencao: foco visual fora da direcao,23.701566286408873
1777746186.825687,411,True,0.18725282363109122,0.20860167616252773,0.1979272498968095,0.007169005751644689,True,False,0.14987714987714987,0,0,40.601750183105466,False,True,23.3459488821674,50.0,Atencao,Atencao: foco visual fora da direcao,23.722301315467497
1777746186.8658895,412,True,0.19841861539967698,0.1674431858574367,0.18293090062855683,0.007276588280549446,True,False,0.15196078431372548,0,0,40.892740678787234,False,True,23.64699814198063,50.0,Atencao,Atencao: foco visual fora da direcao,23.776136832898505
1777746186.910705,413,True,0.17964957902743825,0.22645269163351933,0.2030511353304788,0.007117717695597778,True,False,0.15403422982885084,0,0,40.481435728073116,False,True,23.911531652774666,50.0,Atencao,Atencao: foco visual fora da direcao,23.665217925615586
1777746186.9466133,414,True,0.2036766508597838,0.16799215979688234,0.18583440532833306,0.006743698919611209,True,False,0.15609756097560976,0,0,40.8136661529541,False,True,24.211851206698064,50.0,Atencao,Atencao: foco visual fora da direcao,24.083528818294752
1777746186.9841948,415,True,0.17775584577289633,0.23289954307325988,0.2053276944230781,0.006974250460247303,True,False,0.15815085158150852,0,0,40.480116081237796,False,True,24.47750116142333,50.0,Atencao,Atencao: foco visual fora da direcao,24.37049928328286
1777746187.022309,416,True,0.190376521163343,0.1806541664108293,0.18551534378708615,0.006738926473161094,True,False,0.16019417475728157,0,0,40.66817111968994,False,True,24.76786085001473,50.0,Atencao,Atencao: foco visual fora da direcao,24.548436892358772
1777746187.060323,417,True,0.17629488591674652,0.2259295318643139,0.20111220889053022,0.006841251694669344,True,False,0.162227602905569,0,0,40.331894636154175,False,True,25.030643396227465,50.0,Atencao,Atencao: foco visual fora da direcao,24.695429059154705
1777746187.0996816,418,True,0.1967205095800896,0.1983271015469573,0.19752380556352345,0.006391909063186432,True,False,0.1642512077294686,0,0,41.178153896331786,False,True,25.351202022522543,50.0,Atencao,Atencao: foco visual fora da direcao,24.77954490899978
1777746187.1356337,419,True,0.17704368428739328,0.22357616983174888,0.20030992705957107,0.006488009236724797,True,False,0.16626506024096385,0,0,40.6882559299469,False,True,25.603611844533894,50.0,Atencao,Atencao: foco visual fora da direcao,25.092882700082132
1777746187.1688187,420,True,0.19551645801025502,0.18643599893719826,0.19097622847372664,0.00627315456907557,True,False,0.16826923076923078,0,0,41.08608331680298,False,True,25.899076661513398,50.0,Atencao,Atencao: foco visual fora da direcao,25.5743201892058
1777746187.204308,421,True,0.18149914626375788,0.2142603705530915,0.1978797584084247,0.006291392759683532,True,False,0.17026378896882494,0,0,40.82514429092407,False,True,26.16028146266365,50.0,Atencao,Atencao: foco visual fora da direcao,25.850415601560613
1777746187.2387037,422,True,0.2037172063475162,0.17201539931846102,0.1878663028329886,0.006921156309623085,True,False,0.1722488038277512,0,0,41.076085329055786,False,True,26.445768057672602,50.0,Atencao,Atencao: foco visual fora da direcao,26.19619780576569
1777746187.2721877,423,True,0.1796829421059047,0.21366920629815206,0.19667607420202837,0.006135993415288879,True,False,0.17422434367541767,0,0,40.77378149032592,False,True,26.702289594790244,50.0,Atencao,Atencao: foco visual fora da direcao,26.528015083533933
1777746187.3092167,424,True,0.2073401938856923,0.1563098437398355,0.18182501881276392,0.006728052388484398,True,False,0.1761904761904762,0,0,41.02421526908874,False,True,26.985154504548934,50.0,Atencao,Atencao: foco visual fora da direcao,26.545269431200573
1777746187.3464355,425,True,0.18849943621474421,0.22341517889027218,0.20595730755250818,0.006870895445157976,True,False,0.17814726840855108,0,0,40.871229791641234,False,True,27.24656416066185,50.0,Atencao,Atencao: foco visual fora da direcao,26.601401340883783
1777746187.381883,426,True,0.20155271550514064,0.1697966996740476,0.18567470758959412,0.006388943070282197,True,False,0.18009478672985782,0,0,40.979089355468744,False,True,27.519740908032908,50.0,Atencao,Atencao: foco visual fora da direcao,26.711551505049453
1777746187.4263186,427,True,0.18468456430599126,0.2261268559746713,0.20540571014033127,0.006290727685488229,True,False,0.18203309692671396,0,0,40.84408197402954,False,True,27.77950819102867,50.0,Atencao,Atencao: foco visual fora da direcao,26.344947383705744
1777746187.4702952,428,True,0.19674160423698156,0.18688965375924124,0.1918156289981114,0.006590026817513364,True,False,0.18396226415094338,0,0,40.69213547706604,False,True,28.037171359512037,50.0,Atencao,Atencao: foco visual fora da direcao,25.960692857228832
1777746187.5077846,429,True,0.1931435290642127,0.1800129407367764,0.18657823490049455,0.007328104373136287,True,False,0.18588235294117647,0,0,41.01245603561401,False,True,28.317199596096483,50.0,Atencao,Atencao: foco visual fora da direcao,26.046681673735222
1777746187.5514977,430,True,0.19282955804425542,0.17809461094735615,0.18546208449580578,0.005466272975904402,True,False,0.18779342723004694,0,0,40.93492946624755,False,True,28.57609598234785,50.0,Atencao,Atencao: foco visual fora da direcao,25.740140305397848
1777746187.5943918,431,True,0.18892608881799924,0.1622866660869303,0.17560637745246477,0.005718359299408799,True,False,0.18969555035128804,0,0,40.797119283676146,False,True,28.830747402389935,50.0,Atencao,Atencao: foco visual fora da direcao,25.49362379463181
1777746187.6326327,432,True,0.19728265764146466,0.21837765771750214,0.2078301576794834,0.0064968874584130434,True,False,0.19158878504672897,0,0,41.14581332206726,False,True,29.108501874932614,50.0,Atencao,Atencao: foco visual fora da direcao,25.54300726115975
1777746187.6716037,433,True,0.2169937494024585,0.2942975309082006,0.25564564015532953,0.006680324584843868,False,False,0.19114219114219114,0,0,40.604702329635614,False,True,29.463874914334923,50.0,Atencao,Atencao: foco visual fora da direcao,25.55943366645507
1777746187.7106311,434,True,0.21432065455633775,0.3060014768662463,0.26016106571129205,0.006673012070023717,False,False,0.19069767441860466,0,0,41.189804553985596,False,True,29.43200897605928,50.0,Atencao,Atencao: foco visual fora da direcao,25.542018815538412
1777746187.748793,435,True,0.21292588315669936,0.31208368286496097,0.26250478301083013,0.009751775447977461,False,False,0.1902552204176334,0,0,41.06761126518249,False,True,29.365061886485577,50.0,Atencao,Atencao: foco visual fora da direcao,25.57800065394864
1777746187.7919393,436,True,0.2444290155825605,0.3214757563390868,0.28295238596082367,0.01106671771264643,False,False,0.18981481481481483,0,0,42.08168797492981,False,True,29.35520995158539,50.0,Atencao,Atencao: foco visual fora da direcao,25.3747982945096
1777746187.832483,437,True,0.23502471686962964,0.2943396273386063,0.264682172104118,0.009764208538132597,False,False,0.18937644341801385,0,0,42.07321262359619,False,True,29.294510116958577,50.0,Atencao,Atencao: foco visual fora da direcao,25.30320295304685
1777746187.8672295,438,True,0.24080152157644463,0.29173752508316286,0.26626952332980375,0.01635988971663525,False,False,0.1889400921658986,0,0,42.38470764160156,False,True,29.250086570692996,50.0,Atencao,Atencao: foco visual fora da direcao,25.650050605267715
1777746187.9046302,439,True,0.24375723248019232,0.2760244962340506,0.2598908643571215,0.016229197461051455,False,False,0.18850574712643678,0,0,42.342931270599365,False,True,29.188275309216888,50.0,Atencao,Atencao: foco visual fora da direcao,25.796432013536336
1777746187.9405036,440,True,0.2466298058771641,0.27564532391422175,0.26113756489569295,0.01656685643638361,False,False,0.18807339449541285,0,0,42.373025226593015,False,True,29.130331520250778,50.0,Atencao,Atencao: foco visual fora da direcao,25.963769879227833
1777746187.9778874,441,True,0.24062173822811905,0.27617451529219933,0.25839812676015916,0.01891820450105145,False,False,0.18764302059496568,0,0,42.75002536773682,False,True,29.090005115996483,50.0,Atencao,Atencao: foco visual fora da direcao,26.041325523123238
1777746188.0164745,442,True,0.24516046036410308,0.2825420814764221,0.2638512709202626,0.01588654281576747,False,False,0.1872146118721461,0,0,42.80943222045898,False,True,29.034069259244898,50.0,Atencao,Atencao: foco visual fora da direcao,26.06953391334784
1777746188.0545216,443,True,0.2556230676621744,0.27731571331863797,0.2664693904904062,0.015938302428383642,False,False,0.1867881548974943,0,0,42.376143455505364,False,True,28.953766986982593,50.0,Atencao,Atencao: foco visual fora da direcao,26.026268949351213
1777746188.0907445,444,True,0.253530478142232,0.25742885626216017,0.25547966720219606,0.013116001469714493,False,False,0.18636363636363637,0,0,42.38869619369506,False,True,28.896023325486617,50.0,Atencao,Atencao: foco visual fora da direcao,26.216633880586866
1777746188.124839,445,True,0.2523362697914742,0.270111073733502,0.2612236717624881,0.014560491472618162,False,False,0.18594104308390022,0,0,42.41461706161499,False,True,28.83921279291889,50.0,Atencao,Atencao: foco visual fora da direcao,26.494210311459522
1777746188.1595018,446,True,0.2556104146237609,0.25846768979301493,0.2570390522083879,0.013960123119606932,False,False,0.18552036199095023,0,0,42.30214881896973,False,True,28.775745730506003,50.0,Atencao,Atencao: foco visual fora da direcao,26.779225179225413
1777746188.1934524,447,True,0.25217880027751166,0.28109359918594634,0.26663619973172903,0.012240513653649967,False,False,0.18510158013544017,0,0,42.41542129516601,False,True,28.723826849183187,50.0,Atencao,Atencao: foco visual fora da direcao,27.044548062203216
1777746188.2279751,448,True,0.25324369497809446,0.25908255493179394,0.2561631249549442,0.013908241065343174,False,False,0.18468468468468469,0,0,42.42924432754516,False,True,28.66719487632326,50.0,Atencao,Atencao: foco visual fora da direcao,27.24163803599957
1777746188.2635186,449,True,0.25385108793092,0.27050360183284405,0.26217734488188205,0.012223874947906528,False,False,0.1842696629213483,0,0,42.41817989349365,False,True,28.609576162161936,50.0,Atencao,Atencao: foco visual fora da direcao,27.33497882505317
1777746188.2986066,450,True,0.25106837027284273,0.26064599418588535,0.25585718222936404,0.014489508118425361,False,False,0.18385650224215247,0,0,42.51521577835083,False,True,28.55761836301537,50.0,Atencao,Atencao: foco visual fora da direcao,27.436422158092512
1777746188.3338861,451,True,0.2577785392854589,0.25257569949583636,0.25517711939064763,0.013588162939678076,False,False,0.18344519015659955,0,0,42.50314712524414,False,True,28.500459518596507,50.0,Atencao,Atencao: foco visual fora da direcao,27.556402772615108
1777746188.370465,452,True,0.2552144783683149,0.2757256880173354,0.26547008319282517,0.015544935318317738,False,False,0.18303571428571427,0,0,42.624748611450194,False,True,28.45023666066008,50.0,Atencao,Atencao: foco visual fora da direcao,27.510914454052674
1777746188.4073136,453,True,0.2568323981293576,0.2666556010048566,0.2617439995671071,0.015332644058879772,False,False,0.18262806236080179,0,0,42.724954223632814,False,True,28.399194801593744,50.0,Atencao,Atencao: foco visual fora da direcao,27.46147425756912
1777746188.4451263,454,True,0.2532223980411399,0.2753878373474689,0.2643051176943044,0.013524805256113905,False,False,0.18222222222222223,0,0,42.74578018188476,False,True,28.344433080451655,50.0,Atencao,Atencao: foco visual fora da direcao,27.325372899050684
1777746188.484438,455,True,0.2561441072049831,0.28078102382331777,0.26846256551415043,0.0130292448685977,False,False,0.18181818181818182,0,0,42.572694015502925,False,True,28.280223216577006,50.0,Atencao,Atencao: foco visual fora da direcao,27.171610739451832
1777746188.5255458,456,True,0.2561088309056392,0.2664316502109701,0.2612702405583046,0.015339232289980373,False,False,0.18141592920353983,0,0,42.60715074539184,False,True,28.226636318558178,50.0,Atencao,Atencao: foco visual fora da direcao,26.903929152641453
1777746188.5689397,457,True,0.2598384158884623,0.27057104604748183,0.26520473096797204,0.013359433830870824,False,False,0.18101545253863136,0,0,42.763669013977044,False,True,28.17939669056252,50.0,Atencao,Atencao: foco visual fora da direcao,26.528056379580246
1777746188.6070797,458,True,0.257799019464881,0.28145195707205395,0.26962548826846744,0.01446301962700382,False,False,0.18061674008810572,0,0,42.84865856170654,False,True,28.128823206001723,50.0,Atencao,Atencao: foco visual fora da direcao,26.402162350579797
1777746188.6492982,459,True,0.25311845861213295,0.28241252941157086,0.2677654940118519,0.024275169787601126,False,False,0.18021978021978022,0,0,43.05297508239746,False,True,28.084457050141513,50.0,Atencao,Atencao: foco visual fora da direcao,26.15765492047161
1777746188.6929727,460,True,0.25880363851807175,0.29250413328388847,0.2756538859009801,0.016997742666195623,False,False,0.17982456140350878,0,0,42.81838092803955,False,True,28.018384755186297,50.0,Atencao,Atencao: foco visual fora da direcao,25.87808148356331
1777746188.7343354,461,True,0.26010545759253123,0.30504803560582994,0.2825767465991806,0.013145230410218147,False,False,0.17943107221006566,0,0,43.1058871269226,False,True,27.978655301032017,50.0,Atencao,Atencao: foco visual fora da direcao,25.70005124821513
1777746188.7733235,462,True,0.2572049365325875,0.30204753922810873,0.2796262378803481,0.00788566071088099,False,False,0.17903930131004367,0,0,42.834599494934075,False,True,27.911222420679568,50.0,Atencao,Atencao: foco visual fora da direcao,25.70514236744925
1777746188.8141923,463,True,0.25931872942980744,0.2998471872084746,0.27958295831914104,0.01008485207103268,False,False,0.1786492374727669,0,0,43.09999055862427,False,True,27.870858196238522,50.0,Atencao,Atencao: foco visual fora da direcao,25.53114072691857
1777746188.8589323,464,True,0.25147558144659077,0.2909167333959247,0.27119615742125774,0.008230845726482961,False,False,0.1782608695652174,0,0,42.66909818649292,False,True,27.795912990343897,50.0,Atencao,Atencao: foco visual fora da direcao,25.241571137775217
1777746188.9004693,465,True,0.18301247626741507,0.24750443999802768,0.21525845813272138,0.003940950170897488,False,False,0.17787418655097614,0,0,41.60096573829651,False,True,27.689337453475904,50.0,Atencao,Atencao: foco visual fora da direcao,25.148800305589816
1777746188.9374166,466,True,0.18173978783892739,0.24381662050996647,0.21277820417444693,0.005451245749852683,False,False,0.1774891774891775,0,0,40.9467414855957,False,True,27.60368749484355,50.0,Atencao,Atencao: foco visual fora da direcao,25.297930033928022
1777746188.9739387,467,True,0.15451431757612188,0.2292224760832169,0.19186839682966939,0.006549910580352631,True,False,0.17926565874730022,0,0,38.58457880020141,False,True,27.72984553356571,50.0,Atencao,Atencao: foco visual fora da direcao,25.516431714136555
1777746189.009532,468,True,0.19930979013415176,0.26356362924842014,0.23143670969128594,0.005974447548788109,False,False,0.1788793103448276,0,0,37.825232124328615,False,True,27.553170955564784,50.0,Atencao,Atencao: foco visual fora da direcao,25.760130386052772
1777746189.0448952,469,True,0.23749102515717482,0.31180592787895933,0.27464847651806706,0.004106665977598465,False,False,0.17849462365591398,0,0,35.89583458304405,False,True,27.403806658774933,50.0,Atencao,Atencao: foco visual fora da direcao,25.988670818568384
1777746189.082994,470,True,0.2531013048033921,0.34449784203760103,0.29879957342049657,0.00443849551725566,False,False,0.1781115879828326,0,0,35.48868120908737,False,True,27.330781585028408,50.0,Atencao,Atencao: foco visual fora da direcao,26.05800017021369
1777746189.118745,471,True,0.26356939103037813,0.34825015346675736,0.30590977224856775,0.005728578595155177,False,False,0.1777301927194861,0,0,35.76390841603279,False,True,27.292101096665537,50.0,Atencao,Atencao: foco visual fora da direcao,26.26869693984585
1777746189.156126,472,True,0.268957642280622,0.3636281923669133,0.31629291732376763,0.004783498028048936,False,False,0.17735042735042736,0,0,35.76634096503257,False,True,27.240004985869945,50.0,Atencao,Atencao: foco visual fora da direcao,26.30665340597576
1777746189.1911607,473,True,0.2771349393960437,0.3779871348994686,0.3275610371477562,0.008766538171079512,False,False,0.17697228144989338,0,0,36.896689772605896,False,True,27.24452736492519,50.0,Atencao,Atencao: foco visual fora da direcao,26.51753488656575
1777746189.2259555,474,True,0.27787517362546943,0.38987562270251647,0.3338753981639929,0.012056586564686571,False,False,0.17659574468085107,0,0,36.64900622367859,False,True,27.18036938173551,50.0,Atencao,Atencao: foco visual fora da direcao,26.70278155362666
1777746189.2602174,475,True,0.2658156454963121,0.38973361851251276,0.3277746320044124,0.007791464785282233,False,False,0.1762208067940552,0,0,37.64968626499176,False,True,27.178849424366735,50.0,Atencao,Atencao: foco visual fora da direcao,26.95938977923019
1777746189.2965834,476,True,0.27182195198259473,0.38215303420308505,0.3269874930928399,0.0071023770883536915,False,False,0.17584745762711865,0,0,37.74230959415436,False,True,27.13214508037109,50.0,Atencao,Atencao: foco visual fora da direcao,27.042131651055467
1777746189.3287272,477,True,0.2907701289407508,0.38846231799076325,0.33961622346575704,0.00803529819368499,False,False,0.17547568710359407,0,0,36.51842062473297,False,True,27.019832184915394,50.0,Atencao,Atencao: foco visual fora da direcao,27.429194591302902
1777746189.366165,478,True,0.2807359059728444,0.39170503475697593,0.3362204703649102,0.007230091204144516,False,False,0.1751054852320675,0,0,35.972584545612335,False,True,26.94163762362446,50.0,Atencao,Atencao: foco visual fora da direcao,27.395678118548215
1777746189.4021704,479,True,0.2957379510674991,0.39717838565306585,0.3464581683602825,0.005275247463613423,False,False,0.17473684210526316,0,0,36.15238213539123,False,True,26.8999390731778,50.0,Atencao,Atencao: foco visual fora da direcao,27.41201690019077
1777746189.441321,480,True,0.31977345269317314,0.3815982351575657,0.3506858439253694,0.006226639895640829,False,False,0.17436974789915966,0,0,35.46173412799835,False,True,26.814931219468924,50.0,Atencao,Atencao: foco visual fora da direcao,27.21291233866587
1777746189.4796364,481,True,0.31469302777152414,0.38001015582456416,0.34735159179804415,0.007588410719400816,False,False,0.1740041928721174,0,0,36.538508760929105,False,True,26.818506134897156,50.0,Atencao,Atencao: foco visual fora da direcao,27.13578767938884
1777746189.517349,482,True,0.32136915655307347,0.3509568151164753,0.3361629858347744,0.0053417559439638595,False,False,0.17364016736401675,0,0,35.909010076522826,False,True,26.736977693313,50.0,Atencao,Atencao: foco visual fora da direcao,27.04374324284431
1777746189.557041,483,True,0.27440510176242655,0.44711494576976846,0.3607600237660975,0.008197821433946114,False,False,0.1732776617954071,0,0,35.665495270490645,False,True,26.674957437327564,50.0,Atencao,Atencao: foco visual fora da direcao,26.809889432248166
1777746189.599028,484,True,0.2525207460313091,0.4210703521401,0.3367955490857045,0.00885923034457715,False,False,0.17291666666666666,0,0,35.9180074930191,False,True,26.63794621825218,50.0,Atencao,Atencao: foco visual fora da direcao,26.54071839691217
1777746189.634286,485,True,0.1280622326866209,0.09499822526409851,0.1115302289753597,0.004074387434215659,True,False,0.17463617463617465,0,0,44.31327428817748,False,True,27.294141903817447,50.0,Atencao,Atencao: foco visual fora da direcao,26.76183739888047
1777746189.6730263,486,True,0.3076113191546194,0.33355429672716375,0.32058280794089156,0.008660054018100041,False,False,0.17427385892116182,0,0,47.703383922576904,False,True,27.342258760170395,50.0,Atencao,Atencao: foco visual fora da direcao,26.651894755149115
1777746189.7143242,487,True,0.3049645084569582,0.3273399691429945,0.31615223879997634,0.009835897261103286,False,False,0.17391304347826086,0,0,45.06122608184814,False,True,27.160538744735078,50.0,Atencao,Atencao: foco visual fora da direcao,26.407836916243134
1777746189.7587163,488,True,0.2509933804165025,0.3138543047601705,0.2824238425883365,0.008684573443276384,False,False,0.17355371900826447,0,0,45.053654956817624,False,True,27.110753073859048,50.0,Atencao,Atencao: foco visual fora da direcao,26.027895659245775
1777746189.797678,489,True,0.09978197008834655,0.37784394119343684,0.2388129556408917,0.006218856668501242,False,False,0.1731958762886598,0,0,42.37739744186401,False,True,26.92773682416572,50.0,Atencao,Atencao: foco visual fora da direcao,25.998837051939685
1777746189.8350124,490,True,0.12858655280310058,0.4242015666830509,0.27639405974307574,0.00671751524639801,False,False,0.1728395061728395,0,0,35.052746649459,False,True,26.512503393620182,50.0,Atencao,Atencao: foco visual fora da direcao,26.086865269979008
1777746189.8743074,491,True,0.21930833734753075,0.37661263436052955,0.2979604858540301,0.0019999119115062447,False,False,0.17248459958932238,0,0,44.14799871444702,False,True,26.91846634163598,50.0,Atencao,Atencao: foco visual fora da direcao,26.00311246359088
1777746189.9174807,492,True,0.21265076794950924,0.2333239939593974,0.2229873809544533,0.007400445415266142,False,False,0.1721311475409836,0,0,37.2660248041153,False,True,26.52576798947281,50.0,Atencao,Atencao: foco visual fora da direcao,25.7362947837424
1777746190.1394546,493,True,0.29077155282476125,0.38447502434647723,0.33762328858561924,0.008324264252525526,False,False,0.17177914110429449,0,0,39.34525542259216,False,True,26.581328635351902,50.0,Atencao,Atencao: foco visual fora da direcao,23.611577322242066
1777746190.179233,494,True,0.3052751020765086,0.347752203236092,0.3265136526563003,0.009355882551666573,False,False,0.17142857142857143,0,0,38.87369346618652,False,True,26.5095472071197,50.0,Atencao,Atencao: foco visual fora da direcao,23.818051002113933
1777746190.2127008,495,True,0.14047339149853885,0.09940635328772687,0.11993987239313286,0.00494389934611594,True,False,0.17311608961303462,0,0,37.82071807384491,False,True,26.688932187866307,50.0,Atencao,Atencao: foco visual fora da direcao,24.3908746207488
1777746190.2472959,496,True,0.14112996844099326,0.10386268410474798,0.12249632627287063,0.006234313354782568,True,False,0.17479674796747968,0,0,37.783496952056886,False,True,26.918161655513103,50.0,Atencao,Atencao: foco visual fora da direcao,24.822059463247
1777746190.2826126,497,True,0.08041472170769798,0.05955127802637828,0.06998299986703813,0.01334750045393495,True,False,0.17647058823529413,0,0,38.45156784057617,False,True,27.18171823676355,50.0,Atencao,Atencao: foco visual fora da direcao,25.187363653828946
1777746190.3222253,498,True,0.21613832925626342,0.2549632410421317,0.23555078514919756,0.05271654944441693,False,False,0.17611336032388664,0,0,39.82661623954773,False,True,27.15770194369289,50.0,Atencao,Atencao: foco visual fora da direcao,25.1820679097602
1777746190.3581285,499,True,0.19590609547552287,0.319126687887692,0.25751639168160745,0.06333421710882688,False,False,0.17575757575757575,0,0,39.2660671710968,False,True,27.080754112402595,50.0,Atencao,Atencao: foco visual fora da direcao,25.442897185735053
1777746190.3936355,500,True,0.24052846381572107,0.30395330016026695,0.272240881987994,0.1428442014231127,False,False,0.17540322580645162,0,0,39.78774652481079,False,True,27.05811496180873,50.0,Atencao,Atencao: foco visual fora da direcao,25.766681784180665
1777746190.4349253,501,True,0.26275004931214363,0.3575741003323352,0.31016207482223945,0.11410190171844042,False,False,0.1750503018108652,0,0,39.19058980941772,False,True,26.97973007664594,50.0,Atencao,Atencao: foco visual fora da direcao,25.542246343937222
1777746190.4774196,502,True,0.2873265357606054,0.3712102986093425,0.32926841718497396,0.06440462876144357,False,False,0.1746987951807229,0,0,39.84486856460571,False,True,26.964111852760773,50.0,Atencao,Atencao: foco visual fora da direcao,25.407273143768133
1777746190.5200932,503,True,0.28345538399993236,0.34829186678537233,0.31587362539265235,0.2515564763663861,False,False,0.1743486973947896,0,0,41.530906438827515,False,True,27.000275300906033,50.0,Atencao,Atencao: foco visual fora da direcao,25.198379793470185
1777746190.5591185,504,True,0.3004005567271418,0.36219039525431346,0.3312954759907276,0.2360587376255022,False,False,0.174,0,0,42.559898376464844,False,True,27.00377900600433,50.0,Atencao,Atencao: foco visual fora da direcao,25.182309986078625
1777746190.601704,505,True,0.29528330861943247,0.3341359290473636,0.31470961883339804,0.1585460975158426,False,False,0.17365269461077845,0,0,43.16814785003662,False,True,26.98643698866496,50.0,Atencao,Atencao: foco visual fora da direcao,25.07671735189509
1777746190.644561,506,True,0.28174781830187184,0.338711592748991,0.3102297055254314,0.11138567024921904,False,False,0.17330677290836655,0,0,41.887394328008995,False,True,26.87483507848194,50.0,Atencao,Atencao: foco visual fora da direcao,24.857736509144654
1777746190.6859574,507,True,0.2757720427779626,0.3686238193918439,0.32219793108490324,0.19173587467541509,False,False,0.17296222664015903,0,0,38.86377712975849,False,True,26.676279106690885,50.0,Atencao,Atencao: foco visual fora da direcao,24.771621145405568
1777746190.7287116,508,True,0.27580518102865637,0.3565336354198215,0.31616940822423895,0.19958261287458254,False,False,0.17261904761904762,0,0,37.92532740506259,False,True,26.58216950505327,50.0,Atencao,Atencao: foco visual fora da direcao,24.649872005920432
1777746190.775887,509,True,0.29310005004209866,0.31957488165399617,0.30633746584804744,0.181045515744993,False,False,0.17227722772277226,0,0,36.90524184866385,False,True,26.48416499149547,50.0,Atencao,Atencao: foco visual fora da direcao,24.338409588347364
1777746190.8144786,510,True,0.28921362559270053,0.3460674354022893,0.3176405304974949,0.1034536650584257,False,False,0.17193675889328064,0,0,37.08690101829441,False,True,26.4464334859219,50.0,Atencao,Atencao: foco visual fora da direcao,24.42211593360485
1777746190.8552914,511,True,0.290520208168499,0.3777361176084573,0.33412816288847813,0.1126690069943983,False,False,0.17159763313609466,0,0,36.273060063882305,False,True,26.35911164658822,50.0,Atencao,Atencao: foco visual fora da direcao,24.482770122845196
1777746190.895751,512,True,0.30405671547197965,0.36443231401768517,0.3342445147448324,0.19540119024497427,False,False,0.17125984251968504,0,0,36.62695066820491,False,True,26.330359967048025,50.0,Atencao,Atencao: foco visual fora da direcao,24.447416727860894
1777746190.9387906,513,True,0.2909331629062441,0.36597374099697905,0.3284534519516116,0.14571732949263633,False,False,0.17092337917485265,0,0,35.927283581820404,False,True,26.24911290281435,50.0,Atencao,Atencao: foco visual fora da direcao,24.40259249840367
1777746190.9773316,514,True,0.3122837534727162,0.38491494239866225,0.34859934793568925,0.13584941744073395,False,False,0.17058823529411765,0,0,36.74517558704723,False,True,26.243925219474626,50.0,Atencao,Atencao: foco visual fora da direcao,24.557996415365015
1777746191.0153162,515,True,0.3215784474289603,0.37730517877376374,0.349441813101362,0.010664308344831543,False,False,0.17025440313111545,0,0,36.82822544683109,False,True,26.202175790051015,50.0,Atencao,Atencao: foco visual fora da direcao,24.721053589825623
1777746191.0492334,516,True,0.3140981046809479,0.3714636442098988,0.3427808744454234,0.013861160423157597,False,False,0.169921875,0,0,36.10673799027096,False,False,26.12037879919464,50.0,Atencao,Atencao: sinais iniciais de risco,25.210954573081406
1777746191.0849924,517,True,0.309724400147225,0.35411582734106345,0.3319201137441442,0.006560419219750627,False,False,0.1695906432748538,0,0,35.576983818140896,False,False,26.048346728380533,50.0,Atencao,Atencao: sinais iniciais de risco,25.48590439112182
1777746191.1224103,518,True,0.30836624689067915,0.3691610826100594,0.3387636647503693,0.0052985654200070394,False,False,0.16926070038910507,0,0,36.707476088675584,False,False,26.059504195116816,50.0,Atencao,Atencao: sinais iniciais de risco,25.580998189363374
1777746191.1592028,519,True,0.3078869738436477,0.37503764961333025,0.34146231172848895,0.005282138480035822,False,False,0.16893203883495145,0,0,37.64846245700662,False,True,26.061362549837245,50.0,Atencao,Atencao: sinais iniciais de risco,25.76716559670655
1777746191.1939936,520,True,0.304700230515287,0.37122735042987715,0.33796379047258207,0.005844071924879442,False,False,0.1686046511627907,0,0,37.19715730981393,False,False,25.993781487555506,50.0,Atencao,Atencao: sinais iniciais de risco,26.07748508960332
1777746191.2322748,521,True,0.30960398323722516,0.3476018026677311,0.32860289295247813,0.005573625451482627,False,False,0.16827852998065765,0,0,38.01026734763926,False,True,25.98959532690348,50.0,Atencao,Atencao: sinais iniciais de risco,26.05168104468971
1777746191.2673671,522,True,0.31490487473235346,0.35570758217537957,0.3353062284538665,0.005211985979424447,False,False,0.16795366795366795,0,0,36.509479748119006,False,False,25.869887418216383,50.0,Atencao,Atencao: sinais iniciais de risco,26.267673904583333
1777746191.3022537,523,True,0.3001073033117123,0.3508372959571983,0.32547229963445534,0.005788610800883996,False,False,0.1676300578034682,0,0,36.30907973430374,False,False,25.81537102187316,50.0,Atencao,Atencao: sinais iniciais de risco,26.540491001010462
1777746191.3387296,524,True,0.30236529584883687,0.3594424933911709,0.3309038946200039,0.004896480896206355,False,False,0.1673076923076923,0,0,37.961385646191516,False,False,25.853661061798356,50.0,Atencao,Atencao: sinais iniciais de risco,26.616951523657
1777746191.3762648,525,True,0.27782602536410295,0.2985553740482652,0.28819069970618405,0.008404487137679259,False,False,0.16698656429942418,0,0,39.609658221764995,False,True,25.891919589440164,50.0,Atencao,Atencao: sinais iniciais de risco,26.655638208033306
1777746191.4111488,526,True,0.11429097708379343,0.15339940436586297,0.1338451907248282,0.008261371123950341,True,False,0.1685823754789272,0,0,41.20916180393912,False,True,26.19131880573054,50.0,Atencao,Atencao: sinais iniciais de risco,26.820802505789985
1777746191.4504023,527,True,0.06139854546499096,0.005401301685074121,0.03339992357503254,0.006951485736553024,True,False,0.1701720841300191,0,0,45.69326059113849,False,True,26.63410868461564,50.0,Atencao,Atencao: sinais iniciais de risco,26.664172480191066
1777746191.4909341,528,True,0.20244374540586008,0.025645600727401914,0.11404467306663099,0.0466484044403628,True,False,0.1717557251908397,0,0,47.85476694107056,False,True,26.95993464797508,50.0,Atencao,Atencao: sinais iniciais de risco,26.44396910223817
1777746191.531395,529,True,0.2105016293360923,0.02193124247540529,0.11621643590574879,0.0582904119827359,True,False,0.17333333333333334,0,0,48.22665328979492,False,True,27.195450085004172,50.0,Atencao,Atencao: sinais iniciais de risco,26.334882730414492
1777746191.5718124,530,True,0.19839022005118975,0.1917679117525034,0.1950790659018466,0.13253949618988334,True,False,0.17490494296577946,0,0,46.8519383430481,False,True,27.342810662128173,50.0,Atencao,Atencao: sinais iniciais de risco,26.15706349176437
1777746191.6104586,531,True,0.2760787677714018,0.32471400783367177,0.30039638780253675,0.1862588026370916,False,False,0.174573055028463,0,0,45.92205810546875,False,True,27.2338020790988,50.0,Atencao,Atencao: sinais iniciais de risco,26.124789078259113
1777746191.6492722,532,True,0.28581939693428954,0.31628244228265506,0.3010509196084723,0.18819356925476527,False,False,0.17424242424242425,0,0,45.85823526382446,False,True,27.18514920393626,50.0,Atencao,Atencao: sinais iniciais de risco,26.072323277800116
1777746191.688786,533,True,0.29668475893342144,0.34049133767007045,0.3185880483017459,0.189383712867885,False,False,0.17391304347826086,0,0,45.873508834838866,False,True,27.140623027414513,50.0,Atencao,Atencao: sinais iniciais de risco,25.977697954255333
1777746191.7289157,534,True,0.2853695570666182,0.36834646835477125,0.3268580127106947,0.192114421570206,False,False,0.17358490566037735,0,0,45.3016489982605,False,True,27.06691108562661,50.0,Atencao,Atencao: sinais iniciais de risco,25.921269429736675
1777746191.7672553,535,True,0.32353468256047685,0.400525005390304,0.3620298439753904,0.21223193898123383,False,False,0.17325800376647835,0,0,45.23113565444946,False,True,27.018436408024947,50.0,Atencao,Atencao: sinais iniciais de risco,25.955420499133897
1777746191.8081667,536,True,0.3325383704202766,0.3915960845382486,0.3620672274792626,0.19716754917805665,False,False,0.17293233082706766,0,0,44.95392656326294,False,True,26.959795924296653,50.0,Atencao,Atencao: sinais iniciais de risco,25.801833185078614
1777746191.8467813,537,True,0.3253462270804943,0.43189179470316075,0.37861901089182753,0.07900437838482943,False,False,0.1726078799249531,0,0,45.043293476104736,False,True,26.91965227089799,50.0,Atencao,Atencao: sinais iniciais de risco,25.784457882526016
1777746191.8829596,538,True,0.3086695878167823,0.393274565680526,0.35097207674865416,0.007760820096252067,False,False,0.17228464419475656,0,0,44.68773813247681,False,True,26.85742959081457,50.0,Atencao,Atencao: sinais iniciais de risco,26.005313387912576
1777746191.9145029,539,True,0.3073828896750388,0.4381301003859897,0.3727564950305142,0.0036851146445244874,False,False,0.17196261682242991,0,0,44.20454740524292,False,True,26.78899129075796,50.0,Atencao,Atencao: sinais iniciais de risco,26.482093340789742
1777746191.9500651,540,True,0.3129065374448185,0.4080678251745921,0.3604871813097053,0.003445513499755481,False,False,0.17164179104477612,0,0,44.91380071640015,False,True,26.780340411888425,50.0,Atencao,Atencao: sinais iniciais de risco,26.718263652026547
1777746191.9841733,541,True,0.31603180279445836,0.4264636387024526,0.37124772074845547,0.004976805396142933,False,False,0.1713221601489758,0,0,45.36667003631592,False,True,26.75903462971167,50.0,Atencao,Atencao: sinais iniciais de risco,26.980408266508103
1777746192.0159707,542,True,0.3095769157615325,0.4453877230163004,0.37748231938891647,0.003719204238204837,False,False,0.17100371747211895,0,0,43.560740852355956,False,True,26.62495230244586,50.0,Atencao,Atencao: sinais iniciais de risco,27.390969568189345
1777746192.0516686,543,True,0.3126069549531263,0.4445739541013053,0.3785904545272158,0.003421840889200169,False,False,0.17068645640074212,0,0,44.49380798339844,False,True,26.627982261683666,50.0,Atencao,Atencao: sinais iniciais de risco,27.453291246872265
1777746192.084935,544,True,0.3177018511917291,0.4084798580984608,0.36309085464509494,0.0030411809094346392,False,False,0.17037037037037037,0,0,45.36741676330566,False,True,26.62820087150291,50.0,Atencao,Atencao: sinais iniciais de risco,27.716946953451234
1777746192.1177502,545,True,0.30673057039024626,0.43615976659547423,0.37144516849286024,0.004408476619725131,False,False,0.17005545286506468,0,0,45.925662994384766,False,True,26.612812026077332,50.0,Atencao,Atencao: sinais iniciais de risco,27.972931296334796
1777746192.1558483,546,True,0.3127181121079626,0.4533356429799872,0.3830268775439749,0.0024886168257941023,False,False,0.16974169741697417,0,0,46.08294944763183,False,True,26.57753497462724,50.0,Atencao,Atencao: sinais iniciais de risco,27.838775292677617
1777746192.1910627,547,True,0.30137087677515234,0.4411843095706098,0.37127759317288106,0.00338344185757883,False,False,0.1694290976058932,0,0,45.34550161361694,False,True,26.497680108902863,50.0,Atencao,Atencao: sinais iniciais de risco,27.87175156284923
1777746192.2250526,548,True,0.3114836824010147,0.4353227486512494,0.3734032155261321,0.001714546394460617,False,False,0.16911764705882354,0,0,45.03070640563965,False,True,26.43911589828192,50.0,Atencao,Atencao: sinais iniciais de risco,28.00320220025309
1777746192.2606003,549,True,0.3136692422477994,0.42854560786856827,0.37110742505818384,0.002356344905587835,False,False,0.1688073394495413,0,0,44.031743621826166,False,True,26.34650046281494,50.0,Atencao,Atencao: sinais iniciais de risco,28.06510323357462
1777746192.2961082,550,True,0.30887352251727423,0.43469495980205125,0.37178424115966274,0.004414589410166027,False,False,0.1684981684981685,0,0,42.721934700012206,False,True,26.23849901091048,50.0,Atencao,Atencao: sinais iniciais de risco,28.03267191753188
1777746192.3310974,551,True,0.29557298914852775,0.4309437282505098,0.3632583586995188,0.0024696706149762303,False,False,0.16819012797074953,0,0,41.920167922973626,False,True,26.15605509953844,50.0,Atencao,Atencao: sinais iniciais de risco,28.049738200542375
1777746192.3681135,552,True,0.29345231460265153,0.43086143298855495,0.36215687379560324,0.0018735874377319578,False,False,0.1678832116788321,0,0,41.27023348808289,False,True,26.08135738765526,50.0,Atencao,Atencao: sinais iniciais de risco,27.97184869138136
1777746192.4042363,553,True,0.29738225863798357,0.4263634011512304,0.361872829894607,0.006456660975816362,False,False,0.16757741347905283,0,0,40.90578050613403,False,True,26.021087486088167,50.0,Atencao,Atencao: sinais iniciais de risco,27.96784287712917
1777746192.4416595,554,True,0.28912818368241927,0.404191442696023,0.3466598131892211,0.0029644524895760262,False,False,0.16727272727272727,0,0,39.94316101074219,False,True,25.931062157948812,50.0,Atencao,Atencao: sinais iniciais de risco,27.800209033644595
1777746192.4803119,555,True,0.1439443740150087,0.25232341691394483,0.19813389546447677,0.0018503252921526193,True,False,0.16878402903811252,0,0,40.33026556968689,False,True,26.158221378636515,50.0,Atencao,Atencao: sinais iniciais de risco,27.58463261976441
1777746192.520521,556,True,0.15644729292217419,0.22416500490004743,0.1903061489111108,0.0030500486538804264,True,False,0.17028985507246377,0,0,40.427886390686034,False,True,26.370153499409774,50.0,Atencao,Atencao: sinais iniciais de risco,27.372973248222117
1777746192.5569534,557,True,0.14956306695901805,0.2721590358300261,0.21086105139452208,0.0026633097837348704,False,False,0.16998191681735986,0,0,39.63618626594543,False,True,26.246623317545406,50.0,Atencao,Atencao: sinais iniciais de risco,27.34815086368253
1777746192.5990477,558,True,0.17338670440392293,0.2903994760975518,0.23189309025073734,0.005270112456743905,False,False,0.16967509025270758,0,0,41.288163518905634,False,True,26.287033527553724,50.0,Atencao,Atencao: sinais iniciais de risco,26.96832718211278
1777746192.6388035,559,True,0.2268665852675566,0.2740144375933781,0.25044051143046736,0.010458531008494634,False,False,0.16936936936936936,0,0,42.17922511100769,False,True,26.28954998569982,50.0,Atencao,Atencao: sinais iniciais de risco,26.790868452066537
1777746192.6766436,560,True,0.22122827064488731,0.27764141465575354,0.24943484265032043,0.0075455092596694254,False,False,0.16906474820143885,0,0,43.06761436462402,False,True,26.292084037790193,50.0,Atencao,Atencao: sinais iniciais de risco,26.827947683258166
1777746192.7153816,561,True,0.2162971877244377,0.28155727606977193,0.2489272318971048,0.009674955208652839,False,False,0.1687612208258528,0,0,42.87881345748901,False,True,26.24090897829036,50.0,Atencao,Atencao: sinais iniciais de risco,26.69888992396732
1777746192.758374,562,True,0.23283121028406614,0.2599514635119042,0.24639133689798515,0.008398804392075687,False,False,0.16845878136200718,0,0,44.011005003343925,False,True,26.255933129304335,50.0,Atencao,Atencao: sinais iniciais de risco,26.34963344290518
1777746192.7978961,563,True,0.2546049998059428,0.27380738710803787,0.26420619345699037,0.008962721186532078,False,False,0.16815742397137745,0,0,43.76299734820019,False,True,26.20209610533556,50.0,Atencao,Atencao: sinais iniciais de risco,26.254404240088288
1777746192.8402689,564,True,0.255614471981527,0.30932819415941704,0.282471333070472,0.011643306730137413,False,False,0.16785714285714284,0,0,42.34356958920306,False,True,26.089836064178446,50.0,Atencao,Atencao: sinais iniciais de risco,25.996102255605635
1777746192.882973,565,True,0.26169423838395034,0.2890509276501898,0.27537258301707007,0.011213213322202998,False,False,0.16755793226381463,0,0,39.998197438500135,False,True,25.931426000060668,50.0,Atencao,Atencao: sinais iniciais de risco,25.743683966015865
1777746192.9215527,566,True,0.2622543334534986,0.29131903217483873,0.2767866828141686,0.008908790090694832,False,False,0.16725978647686832,0,0,38.3047224424102,False,True,25.805757204551057,50.0,Atencao,Atencao: sinais iniciais de risco,25.73725028143413
1777746192.9565568,567,True,0.2517775865094352,0.3042031916808743,0.2779903890951547,0.0044441627061606054,False,False,0.1669626998223801,0,0,37.57688905054873,False,False,25.728516119965853,50.0,Atencao,Atencao: sinais iniciais de risco,25.987243356992575
1777746192.993797,568,True,0.25446331648953063,0.2986185076624902,0.2765409120760104,0.007080048247655408,False,False,0.16666666666666666,0,0,37.057040166312994,False,False,25.661819116843468,50.0,Atencao,Atencao: sinais iniciais de risco,26.112334979904688
1777746193.0305686,569,True,0.2597020276525126,0.2996044569233279,0.2796532422879202,0.0038524535117301227,False,False,0.1663716814159292,0,0,36.858264189416715,False,False,25.611319846022255,50.0,Atencao,Atencao: sinais iniciais de risco,26.21332629195225
1777746193.066415,570,True,0.24702510584724802,0.2803768297800603,0.26370096781365415,0.009838713043687474,False,False,0.16607773851590105,0,0,38.06209726279432,False,False,25.631094350937264,50.0,Atencao,Atencao: sinais iniciais de risco,26.423234706870247
1777746193.104231,571,True,0.26031612517483455,0.2929283832240199,0.2766222541994272,0.005916594733803057,False,False,0.1657848324514991,0,0,38.35045669241385,False,False,25.60523773856297,50.0,Atencao,Atencao: sinais iniciais de risco,26.424071397549593
1777746193.1426005,572,True,0.25507113584297947,0.2898401195099363,0.2724556276764579,0.006359723414132085,False,False,0.16549295774647887,0,0,36.80191609642722,False,False,25.487677936823356,50.0,Atencao,Atencao: sinais iniciais de risco,26.37481678053624
1777746193.1809824,573,True,0.2598562413324242,0.27789231132092246,0.2688742763266733,0.0035036988861213156,False,False,0.16520210896309315,0,0,37.63860478076068,False,False,25.48952066332449,50.0,Atencao,Atencao: sinais iniciais de risco,26.315910748137995
1777746193.216058,574,True,0.26040147421374554,0.2958788028884358,0.27814013855109065,0.007933884539487592,False,False,0.1649122807017544,0,0,36.79525285309011,False,False,25.407501681006888,50.0,Atencao,Atencao: sinais iniciais de risco,26.53301411600565
1777746193.2497585,575,True,0.26746979240005325,0.33636214319020263,0.30191596779512797,0.009062265162468311,False,False,0.1646234676007005,0,0,39.21001168381084,False,True,25.48852782114801,50.0,Atencao,Atencao: sinais iniciais de risco,26.818572665621552
1777746193.286591,576,True,0.2789730922723058,0.329928838360162,0.30445096531623395,0.004298721443764415,False,False,0.16433566433566432,0,0,38.686928576231004,False,True,25.422800716826547,50.0,Atencao,Atencao: sinais iniciais de risco,26.897712450321023
1777746193.3241022,577,True,0.29026604735356004,0.3276610031148743,0.30896352523421716,0.005402640567895843,False,False,0.16404886561954624,0,0,38.87046727809039,False,True,25.392542828453276,50.0,Atencao,Atencao: sinais iniciais de risco,26.899412469497264
1777746193.3636527,578,True,0.29252685073087914,0.3161946338956151,0.3043607423132471,0.007542188006424041,False,False,0.16376306620209058,0,0,39.65665247169407,False,True,25.39255466823331,50.0,Atencao,Atencao: sinais iniciais de risco,26.71146030576176
1777746193.4015415,579,True,0.28722385587181776,0.3529171348754621,0.32007049537363996,0.005901896137813645,False,False,0.1634782608695652,0,0,40.27919960780577,False,True,25.384521291816657,50.0,Atencao,Atencao: sinais iniciais de risco,26.677153021575936
1777746193.4385388,580,True,0.3001949321531811,0.31213710547883267,0.3061660188160069,0.015616263517559285,False,False,0.16319444444444445,0,0,41.17106860225851,False,True,25.39008998308519,50.0,Atencao,Atencao: sinais iniciais de risco,26.655626411547846
1777746193.4805057,581,True,0.29899768307266705,0.3304758197807005,0.3147367514266838,0.007826514371424443,False,False,0.16291161178509533,0,0,42.81503388285637,False,True,25.433398756454576,50.0,Atencao,Atencao: sinais iniciais de risco,26.442035768402725
1777746193.523159,582,True,0.29236705595266843,0.3142955670236759,0.30333131148817216,0.008350251196694611,False,False,0.16262975778546712,0,0,42.74977667602625,False,True,25.391380971164192,50.0,Atencao,Atencao: sinais iniciais de risco,26.144390729445277
1777746193.5703828,583,True,0.32520860821189534,0.3552957262916709,0.3402521672517831,0.07918938749203731,False,False,0.16234887737478412,0,0,43.171154499053955,False,True,25.373828805846667,50.0,Atencao,Atencao: sinais iniciais de risco,25.64148272686311
1777746193.6118338,584,True,0.30210006127083994,0.38467211608841734,0.3433860886796286,0.15342027327925617,False,False,0.16206896551724137,0,0,44.25043592453003,False,True,25.38930499670834,50.0,Atencao,Atencao: sinais iniciais de risco,25.4309900343654
1777746193.6514373,585,True,0.295529072744479,0.40958979100276705,0.35255943187362304,0.15516673873453227,False,False,0.16179001721170397,0,0,43.18881158828735,False,True,25.297868387884815,50.0,Atencao,Atencao: sinais iniciais de risco,25.4919559781613
1777746193.693309,586,True,0.3074542622734737,0.4055936223747269,0.35652394232410034,0.055855489783149324,False,False,0.16151202749140894,0,0,42.67296743392944,False,True,25.233852593626356,50.0,Atencao,Atencao: sinais iniciais de risco,25.288861980979576
1777746193.734845,587,True,0.3091644866912067,0.3828113975641159,0.3459879421276613,0.043289466866970334,False,False,0.16123499142367068,0,0,42.909182929992674,False,True,25.2075709091155,50.0,Atencao,Atencao: sinais iniciais de risco,25.157160528888422
1777746193.7755942,588,True,0.15623486860551125,0.09754094805203029,0.12688790832877078,0.0025794824309988114,True,False,0.16267123287671234,0,0,40.20103073120117,False,True,25.269646498969156,50.0,Atencao,Atencao: sinais iniciais de risco,25.147867183343305
1777746193.814318,589,True,0.05698659078101081,0.0355251514186571,0.04625587109983395,0.003133329320154339,True,False,0.1641025641025641,0,0,40.54778971672058,False,True,25.483792491799743,50.0,Atencao,Atencao: sinais iniciais de risco,25.14862021063314
1777746193.857239,590,True,0.049225283729600715,0.03980253419952795,0.044513908964564336,0.003607779266220156,True,False,0.16552901023890784,0,0,40.562033319473265,False,True,25.680641015684643,50.0,Atencao,Atencao: sinais iniciais de risco,24.977550306559287
1777746193.8980548,591,True,0.16872054011863602,0.22637787672772497,0.1975492084231805,0.0037790168046157144,True,False,0.16695059625212946,0,0,42.67509174346923,False,True,25.981762013702415,50.0,Atencao,Atencao: sinais iniciais de risco,24.957545080390755
1777746193.9406738,592,True,0.21405606508253436,0.2438213346783086,0.22893869988042148,0.005931759193937471,False,False,0.16666666666666666,0,0,43.72569456100464,False,True,25.976750550457073,50.0,Atencao,Atencao: sinais iniciais de risco,24.822903980816754
1777746193.9809942,593,True,0.2215003995694984,0.24622525350511743,0.23386282653730792,0.006217231375223745,False,False,0.166383701188455,0,0,43.832919406890866,False,True,25.94320403949728,50.0,Atencao,Atencao: sinais iniciais de risco,24.82656175987698
1777746194.0219522,594,True,0.22795618225265693,0.2595390824278795,0.2437476323402682,0.0041972719247031064,False,False,0.16610169491525423,0,0,44.03621110916138,False,True,25.9145927620457,50.0,Atencao,Atencao: sinais iniciais de risco,24.76359605602297
1777746194.0614066,595,True,0.2350259476379461,0.3042376893269288,0.26963181848243745,0.0071649070338683,False,False,0.1658206429780034,0,0,41.88768530867316,False,True,25.7685218306493,50.0,Atencao,Atencao: sinais iniciais de risco,24.81192156100772
1777746194.0988011,596,True,0.23528543852181794,0.28083046716313537,0.2580579528424767,0.004215331288253903,False,False,0.16554054054054054,0,0,42.00681323300709,False,True,25.735964141714852,50.0,Atencao,Atencao: sinais iniciais de risco,25.0406610321331
1777746194.1344914,597,True,0.24603335188043374,0.2865860470278497,0.26630969945414174,0.004611960817923903,False,False,0.16526138279932545,0,0,40.28989824706858,False,True,25.611734203000854,50.0,Atencao,Atencao: sinais iniciais de risco,25.31335456103772
1777746194.1707425,598,True,0.2487431878783439,0.2777131155098284,0.26322815169408614,0.005207086130204514,False,False,0.16498316498316498,0,0,39.23476395065134,False,True,25.520722538457928,50.0,Atencao,Atencao: sinais iniciais de risco,25.526421896989202
1777746194.20784,599,True,0.24508890705174827,0.2789032313026343,0.26199606917719126,0.0047918062803077475,False,False,0.16470588235294117,0,0,39.34263270443136,False,True,25.487989614491156,50.0,Atencao,Atencao: sinais iniciais de risco,25.689982672261202
1777746194.2421145,600,True,0.2457724297140204,0.2884406811669058,0.26710655544046313,0.004676244896321517,False,False,0.1644295302013423,0,0,37.8928135053678,False,True,25.37750023369313,50.0,Atencao,Atencao: sinais iniciais de risco,26.017042001646786
1777746194.274451,601,True,0.2436631356751111,0.2924046082572153,0.26803387196616324,0.005229124277609901,False,False,0.16415410385259632,0,0,37.62981713143262,False,True,25.3264792920438,50.0,Atencao,Atencao: sinais iniciais de risco,26.474714178723936
1777746194.3087516,602,True,0.2478300827650925,0.29008862835591664,0.26895935556050454,0.005995918044904032,False,False,0.16387959866220736,0,0,37.817331569845024,False,True,25.298110550285937,50.0,Atencao,Atencao: sinais iniciais de risco,26.744795635404287
1777746194.3417134,603,True,0.24413398146543816,0.2884776518306496,0.26630581664804387,0.0039504208079164105,False,False,0.1636060100166945,0,0,37.00103644945404,False,True,25.219677355508374,50.0,Atencao,Atencao: sinais iniciais de risco,27.131134535323216
1777746194.3762357,604,True,0.23942873541508877,0.2625455141735131,0.2509871247943009,0.004707174369635879,False,False,0.16333333333333333,0,0,36.87933996428142,False,True,25.17609948728758,50.0,Atencao,Atencao: sinais iniciais de risco,27.3513982173691
1777746194.4109104,605,True,0.23791051439088465,0.27902740595478676,0.2584689601728357,0.004752436580781646,False,False,0.16306156405990016,0,0,37.0332086129622,False,True,25.146424644624556,50.0,Atencao,Atencao: sinais iniciais de risco,27.48061944250824
1777746194.4483006,606,True,0.236223999813462,0.29106796505293236,0.2636459824331972,0.002750889180664018,False,False,0.16279069767441862,0,0,37.519478937170724,False,False,25.133494032831273,50.0,Atencao,Atencao: sinais iniciais de risco,27.408300284620708
1777746194.4887445,607,True,0.23634038980947514,0.28267992412732,0.2595101569683976,0.0030611298818691178,False,False,0.1625207296849088,0,0,35.98255713852969,False,False,25.01952734434162,50.0,Atencao,Atencao: sinais iniciais de risco,27.08187944976369
1777746194.533739,608,True,0.24659763434131202,0.2888276899048048,0.2677126621230584,0.002547649508616985,False,False,0.16225165562913907,0,0,34.85521956357089,False,False,24.926162782925342,50.0,Atencao,Atencao: sinais iniciais de risco,26.644674251885018
1777746194.5759904,609,True,0.24205673136587835,0.3380256317923989,0.2900411815791386,0.0015819761968166094,False,False,0.16198347107438016,0,0,36.17783179174769,False,False,24.955418018054836,50.0,Atencao,Atencao: sinais iniciais de risco,26.31078541605251
1777746194.62104,610,True,0.2526177160741078,0.2898515143583178,0.27123461521621284,0.0038524632018847003,False,False,0.1617161716171617,0,0,33.43514303104443,False,False,24.781529904652132,50.0,Atencao,Atencao: sinais iniciais de risco,25.94433296055794
1777746194.6606615,611,True,0.24642864534142092,0.2813843743671847,0.2639065098543028,0.003816736452608759,False,False,0.1614497528830313,0,0,33.53792958936908,False,False,24.75003665662543,50.0,Atencao,Atencao: sinais iniciais de risco,25.847208812883878
1777746194.7002256,612,True,0.27220475720959,0.28444599866720316,0.27832537793839657,0.004605712693737053,False,False,0.1611842105263158,0,0,32.667260976813054,False,False,24.669991151949247,50.0,Atencao,Atencao: sinais iniciais de risco,25.783373470902077
1777746194.7417123,613,True,0.2755586316222348,0.28957015682875664,0.28256439422549573,0.01285898905303089,False,False,0.16091954022988506,0,0,31.136249139363116,False,False,24.557048394317526,50.0,Atencao,Atencao: sinais iniciais de risco,25.608922728163986
1777746194.782075,614,True,0.26703965087086307,0.27089393208685375,0.2689667914788584,0.0076589565514049345,False,False,0.16065573770491803,0,0,28.537992643226275,False,False,24.390862722327718,50.0,Atencao,Atencao: sinais iniciais de risco,25.560915269270346
1777746194.8264096,615,True,0.260255799567773,0.28656621934713594,0.27341100945745445,0.006471391676964079,False,False,0.16039279869067102,0,0,23.744209391691466,False,False,24.115019445292017,50.0,Atencao,Atencao: sinais iniciais de risco,25.270265561883026
1777746194.8670306,616,True,0.2608176523815739,0.30388002479208753,0.2823488385868307,0.0024830902265272786,False,False,0.16013071895424835,0,0,22.732206413149836,False,False,24.02838333260682,50.0,Atencao,Atencao: sinais iniciais de risco,25.195084753743593
1777746194.9107397,617,True,0.2748663580617043,0.3181298150895247,0.2964980865756145,0.004595297768569903,False,False,0.1598694942903752,0,0,20.07404898161238,False,False,23.859557069747385,50.0,Atencao,Atencao: sinais iniciais de risco,24.941485224414564
1777746194.9553635,618,True,0.25754235527169483,0.2728938241621597,0.2652180897169273,0.004622646751924479,False,False,0.15960912052117263,0,0,19.31775637377392,False,False,23.78594104609011,50.0,Atencao,Atencao: sinais iniciais de risco,24.71434493293435
1777746195.1837466,619,True,0.21318131683455865,0.2534775103743553,0.23332941360445697,0.0015851717161834338,False,False,0.15934959349593497,0,0,14.206694974657147,False,False,23.49470301016409,50.0,Atencao,Atencao: sinais iniciais de risco,22.680291854615156
1777746195.2175646,620,True,0.21289787069680102,0.2564706278620555,0.23468424927942827,0.001687810791190389,False,False,0.1590909090909091,0,0,15.554737694696946,False,False,23.526536040475023,50.0,Atencao,Atencao: sinais iniciais de risco,23.39703436510353
1777746195.2569568,621,True,0.22012784684464906,0.25278835818985074,0.2364581025172499,0.004441696759272811,False,False,0.15883306320907617,0,0,15.280250292102043,False,False,23.47735786159325,50.0,Atencao,Atencao: sinais iniciais de risco,23.598846586251437
1777746195.2937126,622,True,0.2320235624284788,0.2297140786670745,0.23086882054777663,0.002040984537875768,False,False,0.15857605177993528,0,0,12.813198094374755,False,False,23.318666180200015,50.0,Atencao,Atencao: sinais iniciais de risco,23.931121550533533
1777746195.3306668,623,True,0.2360444773173244,0.23218086396598525,0.2341126706416548,0.0016618035419043605,False,False,0.1583198707592892,0,0,11.74936773241921,False,False,23.230249771763397,50.0,Atencao,Atencao: sinais iniciais de risco,24.21564364994734
1777746195.3650427,624,True,0.22363324678334304,0.23362014670369055,0.2286266967435168,0.002331500445851985,False,False,0.15806451612903225,0,0,11.371322783027692,False,False,23.176236262633495,50.0,Atencao,Atencao: sinais iniciais de risco,24.679832326246203
1777746195.4057841,625,True,0.23176470935625423,0.2180524908646114,0.22490860011043282,0.004529126049448457,False,False,0.15780998389694043,0,0,10.62964841005477,False,False,23.10415436207222,50.0,Atencao,Atencao: sinais iniciais de risco,24.6949700779757
1777746195.4420922,626,True,0.23177815467321097,0.22819788003451835,0.22998801735386465,0.006607487338586554,False,False,0.15755627009646303,0,0,10.719811360334807,False,False,23.07377686202058,50.0,Atencao,Atencao: sinais iniciais de risco,24.975052381580248
1777746195.479718,627,True,0.2174706642010349,0.20553702771298055,0.21150384595700772,0.0033480594404983522,False,False,0.15730337078651685,0,0,11.380404549227519,False,False,23.072032866347616,50.0,Atencao,Atencao: sinais iniciais de risco,25.141812418898017
1777746195.5203204,628,True,0.23129225640847845,0.21716406419273168,0.22422816030060505,0.002177591790622342,False,False,0.15705128205128205,0,0,11.203485914184288,False,False,23.02852473350067,50.0,Atencao,Atencao: sinais iniciais de risco,25.071674800241365
1777746195.5593202,629,True,0.2018287223208244,0.210825629754538,0.2063271760376812,0.0018532802651736126,True,False,0.1584,0,0,13.938334088433871,False,False,23.35071586016187,50.0,Atencao,Atencao: sinais iniciais de risco,25.184290348226224
1777746195.597693,630,True,0.2214071274309971,0.20633831452581838,0.21387272097840776,0.0030789615928115085,False,False,0.15814696485623003,0,0,15.465960761159659,False,False,23.351221833026298,50.0,Atencao,Atencao: sinais iniciais de risco,25.251524331905756
1777746195.6356914,631,True,0.22747627321320893,0.19908110112142874,0.21327868716731885,0.004916704117831652,False,False,0.15789473684210525,0,0,16.049927921728653,False,False,23.345738839112588,50.0,Atencao,Atencao: sinais iniciais de risco,25.37918029339393
1777746195.6745381,632,True,0.20934608774354574,0.20419234760453714,0.20676921767404144,0.0022432676702827076,True,False,0.1592356687898089,0,0,15.888569315387446,False,False,23.522049051604778,50.0,Atencao,Atencao: sinais iniciais de risco,25.4049375463633
1777746195.716461,633,True,0.21023986368490863,0.22301138912427804,0.21662562640459332,0.0040911049358805214,False,False,0.1589825119236884,0,0,13.437372228875757,False,False,23.328575586066073,50.0,Atencao,Atencao: sinais iniciais de risco,25.233253206267943
1777746195.7595952,634,True,0.19333698083600293,0.21163016097823287,0.20248357090711788,0.00521699657891641,True,False,0.16031746031746033,0,0,12.643105145416817,False,False,23.472417636036766,50.0,Atencao,Atencao: sinais iniciais de risco,25.05207314919494
1777746195.8004382,635,True,0.2157254384386186,0.21507280990005279,0.2153991241693357,0.0034538141300181385,False,False,0.1600633914421553,0,0,13.325017393007876,False,False,23.43889572554715,50.0,Atencao,Atencao: sinais iniciais de risco,24.97775563922907
1777746195.8413084,636,True,0.24997580786451273,0.23405249331949665,0.2420141505920047,0.008766132403285085,False,False,0.15981012658227847,0,0,12.901067292283882,False,False,23.382874302277887,50.0,Atencao,Atencao: sinais iniciais de risco,24.90241374842615
1777746195.8840938,637,True,0.22081746744569344,0.22771764150483434,0.2242675544752639,0.004431246838179743,False,False,0.15955766192733017,0,0,13.69692171507261,False,False,23.38795313336193,50.0,Atencao,Atencao: sinais iniciais de risco,24.76775179754699
1777746195.9259539,638,True,0.2433562251853462,0.23355769734470852,0.23845696126502736,0.006324608728667964,False,False,0.15930599369085174,0,0,13.31844685633074,False,False,23.334425007909054,50.0,Atencao,Atencao: sinais iniciais de risco,24.698051493456994
1777746195.9645777,639,True,0.25319857100462134,0.24226750261433697,0.24773303680947917,0.0054159580587013305,False,False,0.15905511811023623,0,0,14.528531338003548,False,False,23.36043383965806,50.0,Atencao,Atencao: sinais iniciais de risco,24.775368097149787
1777746196.0013359,640,True,0.25596109665213157,0.24308279671868802,0.24952194668540978,0.11442235377249496,False,False,0.15880503144654087,0,0,14.758379193327642,False,False,23.33753931616615,50.0,Atencao,Atencao: sinais iniciais de risco,25.002405263610182
1777746196.0392022,641,True,0.2490567041081361,0.26544520306458896,0.2572509535863625,0.13830143522673685,False,False,0.15855572998430142,0,0,15.108924322643064,False,False,23.320787621574,50.0,Atencao,Atencao: sinais iniciais de risco,25.11230617750005
1777746196.0808983,642,True,0.2572636082222242,0.2631900046818735,0.2602268064520489,0.11910259704933425,False,False,0.15830721003134796,0,0,14.887490301105109,False,False,23.275544426966004,50.0,Atencao,Atencao: sinais iniciais de risco,25.009831871190052
1777746196.1200042,643,True,0.26182110285508525,0.2878765286914439,0.2748488157732646,0.13610384423700733,False,False,0.15805946791862285,0,0,16.183092339743265,False,False,23.30625998839821,50.0,Atencao,Atencao: sinais iniciais de risco,25.102929510969325
1777746196.1576774,644,True,0.27100673029238664,0.28977684477774135,0.280391787535064,0.12027356449920544,False,False,0.1578125,0,0,15.778859620609067,False,False,23.25209026363085,50.0,Atencao,Atencao: sinais iniciais de risco,25.23622994586221
1777746196.2006874,645,True,0.2721352566487435,0.29771745596338633,0.2849263563060649,0.12168667452503332,False,False,0.15756630265210608,0,0,17.408262497863987,False,False,23.29970827215819,50.0,Atencao,Atencao: sinais iniciais de risco,25.056486962816972
1777746196.240317,646,True,0.28610181341468416,0.3228626169792443,0.3044822151969642,0.09030594318849894,False,False,0.1573208722741433,0,0,17.490823925218802,False,False,23.270089666556043,50.0,Atencao,Atencao: sinais iniciais de risco,25.100772350088874
1777746196.2889264,647,True,0.2846046028333717,0.3145730169031335,0.2995888098682526,0.07389446016675051,False,False,0.15707620528771385,0,0,16.799710877239704,False,False,23.201892303523042,50.0,Atencao,Atencao: sinais iniciais de risco,24.60355730446008
1777746196.333197,648,True,0.04569879002536283,0.14352277603153646,0.09461078302844965,0.03208236012652844,True,False,0.15838509316770186,0,0,14.513468557189812,False,False,23.267552271018896,50.0,Atencao,Atencao: sinais iniciais de risco,24.457164720804812
1777746196.3715863,649,True,0.030917987691848923,0.06350313925523719,0.047210563473543056,0.027075359214941336,True,False,0.15968992248062017,0,0,15.70778712684458,False,False,23.506682230027902,50.0,Atencao,Atencao: sinais iniciais de risco,24.593212730142803
1777746196.4093926,650,True,0.043937316009261713,0.060938168234845554,0.052437742122053634,0.02630817089456446,True,False,0.1609907120743034,0,0,15.57271340611306,False,False,23.678787113122773,50.0,Atencao,Atencao: sinais iniciais de risco,24.799335574047348
1777746196.4492545,651,True,0.22481371164499267,0.2274950252907694,0.22615436846788103,0.003405524028364749,False,False,0.160741885625966,0,0,18.50933350446549,False,False,23.774369831545062,50.0,Atencao,Atencao: sinais iniciais de risco,24.782195367202462
1777746196.488397,652,True,0.24389271628837553,0.25820474089738404,0.2510487285928798,0.003667183415529033,False,False,0.16049382716049382,0,0,20.14960307641463,False,False,23.822275271140093,50.0,Atencao,Atencao: sinais iniciais de risco,24.871778662497352
1777746196.5261173,653,True,0.25247975823573965,0.26906362287603486,0.2607716905558872,0.004055374406295079,False,False,0.16024653312788906,0,0,20.255939612334423,False,False,23.79358916845293,50.0,Atencao,Atencao: sinais iniciais de risco,25.03300407624267
1777746196.5675864,654,True,0.2548504779693133,0.2831496857991723,0.26900008188424285,0.005113242232091706,False,False,0.16,0,0,20.4054104978388,False,False,23.767164407643403,50.0,Atencao,Atencao: sinais iniciais de risco,24.951058075386044
1777746196.6080523,655,True,0.26254986594844293,0.2662046952336893,0.26437728059106613,0.0036838107397639207,False,False,0.1597542242703533,0,0,21.156944744153456,False,False,23.770946957132715,50.0,Atencao,Atencao: sinais iniciais de risco,24.949338562444165
1777746196.6462061,656,True,0.258738285089482,0.27832057960612355,0.2685294323478028,0.0036923443569294983,False,False,0.15950920245398773,0,0,21.13485779382966,False,False,23.73615210986626,50.0,Atencao,Atencao: sinais iniciais de risco,25.082000768929664
1777746196.6839964,657,True,0.27404194507718005,0.3049191625652107,0.28948055382119536,0.004428512811752501,False,False,0.15926493108728942,0,0,22.549989875880154,False,False,23.773321401047767,50.0,Atencao,Atencao: sinais iniciais de risco,25.184514540568145
1777746196.7248108,658,True,0.29094100736779077,0.29945139407133425,0.29519620071956254,0.004425316662788006,False,False,0.15902140672782875,0,0,22.050989111174236,False,False,23.71488676338663,50.0,Atencao,Atencao: sinais iniciais de risco,25.109431905984177
1777746196.7640011,659,True,0.30140498768341994,0.3491188711902004,0.3252619294368102,0.006139739669596999,False,False,0.15877862595419848,0,0,23.89897338639606,False,False,23.77390362077356,50.0,Atencao,Atencao: sinais iniciais de risco,25.173332999592738
1777746196.8068695,660,True,0.2987526042218472,0.3679691780983963,0.33336089116012174,0.005145722646096431,False,False,0.15853658536585366,0,0,24.803016382455827,False,False,23.785825189679134,50.0,Atencao,Atencao: sinais iniciais de risco,25.005248411763944
1777746196.847121,661,True,0.30351513908587835,0.3651003302553443,0.3343077346706113,0.00592124149924448,False,False,0.1582952815829528,0,0,25.48268645080653,False,False,23.786629422947804,50.0,Atencao,Atencao: sinais iniciais de risco,24.939739092824162
1777746196.8865511,662,True,0.2937509313620495,0.3615294309866872,0.32764018117436833,0.005286654317913387,False,False,0.1580547112462006,0,0,26.13561471131715,False,False,23.786197414669903,50.0,Atencao,Atencao: sinais iniciais de risco,25.038111022275615
1777746196.9243898,663,True,0.28840777361187947,0.36360053306679996,0.32600415333933974,0.004727882812679868,False,False,0.15781487101669195,0,0,25.647267787835816,False,False,23.728802036938397,50.0,Atencao,Atencao: sinais iniciais de risco,25.177998139783043
1777746196.9624846,664,True,0.28755788688703426,0.36334572723603464,0.3254518070615344,0.004669866996315516,False,False,0.15757575757575756,0,0,25.74785145358606,False,False,23.70095312209743,50.0,Atencao,Atencao: sinais iniciais de risco,25.255295668337606
1777746196.998407,665,True,0.2870306827736595,0.33901979429432993,0.3130252385339947,0.00471484487440537,False,False,0.1573373676248109,0,0,25.035320195013828,False,False,23.632547940913657,50.0,Atencao,Atencao: sinais iniciais de risco,25.488135682144602
1777746197.0350294,666,True,0.2888998639315172,0.33541056382264656,0.3121552138770819,0.004928098605897627,False,False,0.15709969788519637,0,0,24.666845885731952,False,False,23.58144463625256,50.0,Atencao,Atencao: sinais iniciais de risco,25.702493459747338
1777746197.0699356,667,True,0.28687529636042386,0.3289560931917857,0.3079156947761048,0.004545583498827358,False,False,0.1568627450980392,0,0,24.9167795186693,False,False,23.56136030966532,50.0,Atencao,Atencao: sinais iniciais de risco,26.02627344575138
1777746197.1039875,668,True,0.295169788732521,0.3219086541333889,0.308539221432955,0.004379782973682846,False,False,0.1566265060240964,0,0,25.480858472531487,False,False,23.55708138469129,50.0,Atencao,Atencao: sinais iniciais de risco,26.321298131037764
1777746197.1412172,669,True,0.28601676182949054,0.31670209972180907,0.3013594307756498,0.005797287967583262,False,False,0.15639097744360902,0,0,25.90487321615219,False,False,23.545896942055315,50.0,Atencao,Atencao: sinais iniciais de risco,26.407342576188224
1777746197.1769419,670,True,0.28695553411595814,0.31708049094825935,0.30201801253210875,0.005354759195480336,False,False,0.15615615615615616,0,0,25.613342652266674,False,False,23.49903248683627,50.0,Atencao,Atencao: sinais iniciais de risco,26.539287447343348
1777746197.2170231,671,True,0.28698661841113743,0.3053388497816291,0.2961627340963833,0.004017945713103901,False,False,0.15592203898050974,0,0,26.885919799046082,False,False,23.530470232523857,50.0,Atencao,Atencao: sinais iniciais de risco,26.37732211872355
1777746197.2507892,672,True,0.27993064574929427,0.289934017830278,0.28493233178978616,0.005313448677787532,False,False,0.15568862275449102,0,0,28.582032890482377,False,False,23.5831811560181,50.0,Atencao,Atencao: sinais iniciais de risco,26.65472734361323
1777746197.2983706,673,True,0.27747348336418554,0.30707940247158483,0.2922764429178852,0.005422550744639079,False,False,0.1554559043348281,0,0,30.348996320095928,False,False,23.63953054479512,50.0,Atencao,Atencao: sinais iniciais de risco,26.11836832268305
1777746197.34747,674,True,0.27688194804708943,0.2972298258802013,0.28705588696364537,0.006338346156885465,False,False,0.15522388059701492,0,0,29.46013660458001,False,False,23.563184295070016,50.0,Atencao,Atencao: sinais iniciais de risco,25.522404473585496
1777746197.3861575,675,True,0.2818066223192261,0.32696006541767747,0.3043833438684518,0.002915594244910045,False,False,0.15499254843517138,0,0,29.97567861025983,False,False,23.55715322310052,50.0,Atencao,Atencao: sinais iniciais de risco,25.562852645994184
1777746197.4257982,676,True,0.2705837047541458,0.30669345598221404,0.2886385803681799,0.005141227857218038,False,False,0.15476190476190477,0,0,28.639387426593082,False,False,23.458625158843024,50.0,Atencao,Atencao: sinais iniciais de risco,25.574449339787186
1777746197.4715328,677,True,0.2710430479631281,0.29425648709969915,0.28264976753141363,0.003961685901265643,False,False,0.15453194650817237,0,0,28.338389405066312,False,False,23.41195599787848,50.0,Atencao,Atencao: sinais iniciais de risco,25.158061531676463
1777746197.5164852,678,True,0.267787253079916,0.2809614342370208,0.2743743436584684,0.004095882929548665,False,False,0.1543026706231454,0,0,28.313532786206764,False,False,23.379187732744295,50.0,Atencao,Atencao: sinais iniciais de risco,24.917185195926088
1777746197.5590005,679,True,0.27290839562289776,0.27579992714581997,0.27435416138435886,0.004019608452799612,False,False,0.15407407407407409,0,0,26.757205086133695,False,False,23.269939322243335,50.0,Atencao,Atencao: sinais iniciais de risco,24.74027077671652
1777746197.6010265,680,True,0.2816408245130338,0.27029590360164224,0.27596836405733804,0.003801857917601731,False,False,0.15384615384615385,0,0,26.436430841684345,False,False,23.222561578681834,50.0,Atencao,Atencao: sinais iniciais de risco,24.679097451431453
1777746197.6435804,681,True,0.28238000740767333,0.28886329708991515,0.2856216522487942,0.002857968521533702,False,False,0.1536189069423929,0,0,27.32164594341408,False,False,23.23557588450119,50.0,Atencao,Atencao: sinais iniciais de risco,24.560480568128302
1777746197.6833217,682,True,0.2912102658213928,0.28131766448899964,0.28626396515519625,0.0021722962291718015,False,False,0.15339233038348082,0,0,26.991121504523534,False,False,23.187895385706252,50.0,Atencao,Atencao: sinais iniciais de risco,24.583589004422166
1777746197.724072,683,True,0.280409720144293,0.2724870591123932,0.27644838962834306,0.0019470002389940621,False,False,0.15316642120765833,0,0,26.945934651656582,False,False,23.154573531387314,50.0,Atencao,Atencao: sinais iniciais de risco,24.58320487987332
1777746197.765995,684,True,0.2866337152463245,0.27070829345304104,0.2786710043496828,0.002129586972205881,False,False,0.15294117647058825,0,0,27.03072510036555,False,False,23.127841902475627,50.0,Atencao,Atencao: sinais iniciais de risco,24.476575023450525
1777746197.8103926,685,True,0.2731251013964858,0.2674912460927163,0.27030817374460103,0.0027074211167728932,False,False,0.1527165932452276,0,0,27.976898670467463,False,False,23.144270387493634,50.0,Atencao,Atencao: sinais iniciais de risco,24.336776703890774
1777746197.8495367,686,True,0.27901412644473683,0.27635948237907476,0.2776868044119058,0.00470467890129858,False,False,0.15249266862170088,0,0,29.0003726945682,False,False,23.164654452963745,50.0,Atencao,Atencao: sinais iniciais de risco,24.437137507693713
1777746197.8881867,687,True,0.28960035930851835,0.30333965835637694,0.2964700088324477,0.0032037899574347377,False,False,0.15226939970717424,0,0,33.06997669230808,False,False,23.337435177103327,50.0,Atencao,Atencao: sinais iniciais de risco,24.61307638843188
1777746197.9266737,688,True,0.2837824739314067,0.29775423336869217,0.29076835365004944,0.003048672248803196,False,False,0.15204678362573099,0,0,33.215675648234104,False,False,23.31411041370118,50.0,Atencao,Atencao: sinais iniciais de risco,24.711067708707027
1777746197.9765124,689,True,0.2862664149402341,0.30371352845189026,0.29498997169606217,0.0037551144746425674,False,False,0.15182481751824817,0,0,33.65922718427397,False,False,23.305767650724288,50.0,Atencao,Atencao: sinais iniciais de risco,24.262729217172307
1777746198.0157495,690,True,0.2726600641362489,0.301223348688179,0.28694170641221395,0.004478913806791323,False,False,0.15160349854227406,0,0,33.84159733382138,False,False,23.284454799005218,50.0,Atencao,Atencao: sinais iniciais de risco,24.31665193177373
1777746198.0584502,691,True,0.27956550946351905,0.3105002228459978,0.29503286615475843,0.005111920115819518,False,False,0.15138282387190685,0,0,35.86481881737709,False,True,23.355273106007512,50.0,Atencao,Atencao: sinais iniciais de risco,24.227307557266457
1777746198.0998967,692,True,0.2810345794310645,0.32536454113055896,0.30319956028081174,0.0030714167148942753,False,False,0.1511627906976744,0,0,34.4299769856713,False,True,23.25327645296526,50.0,Atencao,Atencao: sinais iniciais de risco,24.244934462002362
1777746198.1425986,693,True,0.278515734116525,0.31223077653264625,0.29537325532458564,0.00339782298706395,False,False,0.1509433962264151,0,0,35.02915756594051,False,True,23.253068742180563,50.0,Atencao,Atencao: sinais iniciais de risco,24.1830550089447
1777746198.1830428,694,True,0.26453612737529003,0.30766717639985275,0.2861016518875714,0.0023490557933533943,False,False,0.15072463768115943,0,0,36.657455331087114,False,True,23.304404330465243,50.0,Atencao,Atencao: sinais iniciais de risco,24.23395237562893
1777746198.2260215,695,True,0.2630690226034574,0.30842390660416397,0.2857464646038107,0.003864034715380343,False,False,0.15050651230101303,0,0,36.453102825988424,False,True,23.264194465440177,50.0,Atencao,Atencao: sinais iniciais de risco,24.13723153103887
1777746198.264364,696,True,0.27248686737195793,0.3060766706297356,0.2892817690008468,0.0033157843324550084,False,False,0.15028901734104047,0,0,37.01701919436455,False,True,23.262484726862752,50.0,Atencao,Atencao: sinais iniciais de risco,24.317407526280597
1777746198.3085077,697,True,0.25996001629826443,0.32258052869316267,0.2912702724957136,0.0037252595260512636,False,False,0.15007215007215008,0,0,41.41639270348982,False,True,23.45263415284659,50.0,Atencao,Atencao: sinais iniciais de risco,24.172347999526227
1777746198.3495598,698,True,0.251191564661948,0.32020474818277433,0.2856981564223612,0.004028888278877822,False,False,0.14985590778097982,0,0,40.12515696178783,False,True,23.35833905072558,50.0,Atencao,Atencao: sinais iniciais de risco,24.205192826270356
1777746198.3893185,699,True,0.2589214426989464,0.35628676546480575,0.3076041040818761,0.004346548612963741,False,False,0.14964028776978416,0,0,43.15091304779053,False,True,23.47997910348631,50.0,Atencao,Atencao: sinais iniciais de risco,24.26226374042438
1777746198.4256217,700,True,0.15303959613436285,0.24792868127792453,0.20048413870614368,0.00328464588721086,True,False,0.15086206896551724,0,0,38.821064662933345,False,True,23.431481598656752,50.0,Atencao,Atencao: sinais iniciais de risco,24.585767890978712
1777746198.4696014,701,True,0.08134719673855881,0.20783873437894732,0.14459296555875306,0.004487782115013771,True,False,0.15208034433285508,0,0,35.526397198438644,False,True,23.43426108844097,50.0,Atencao,Atencao: sinais iniciais de risco,24.434294213594278
1777746198.5089676,702,True,0.11707173496055598,0.2865024137039661,0.20178707433226106,0.0036209934633916804,True,False,0.15329512893982808,0,0,41.42999401092529,False,True,23.89647381252409,50.0,Atencao,Atencao: sinais iniciais de risco,24.50957883477996
1777746198.5539255,703,True,0.13116385792057636,0.30371301213784296,0.21743843502920968,0.006984565741398985,False,False,0.1530758226037196,0,0,42.25397720336914,False,True,23.893980591800712,50.0,Atencao,Atencao: sinais iniciais de risco,24.2828548712746
1777746198.5932055,704,True,0.24772527440291006,0.1748996626740989,0.2113124685385045,0.04429013336768375,False,False,0.15285714285714286,0,0,40.807001399993894,False,True,23.791563336477648,50.0,Atencao,Atencao: sinais iniciais de risco,24.413449208011933
1777746198.6334908,705,True,0.3368261557225013,1.228530773964157,0.7826784648433291,0.481388468470712,False,False,0.15263908701854492,0,0,45.037424373626706,False,True,23.973101807352073,50.0,Atencao,Atencao: sinais iniciais de risco,24.45640968893003
1777746198.673185,706,True,0.31729431892447496,0.610372821481405,0.46383357020294,0.33309532081385845,False,False,0.15242165242165243,0,0,36.01730844974518,False,True,23.49219875408528,50.0,Atencao,Atencao: sinais iniciais de risco,24.54217075965269
1777746198.7190878,707,True,0.3273926726784547,0.9313568618026686,0.6293747672405616,0.32572062543781,False,False,0.15220483641536273,0,0,47.010618686676025,False,True,24.012052065066985,50.0,Atencao,Atencao: sinais iniciais de risco,24.206781802286876
1777746198.7616334,708,True,0.40529496895173783,0.9852730786329601,0.695284023792349,0.3664998433267804,False,False,0.15198863636363635,0,0,58.16199493408203,False,True,24.53989337032491,50.0,Atencao,Atencao: sinais iniciais de risco,24.142304672020092
1777746198.8085566,709,False,0.0,0.0,0.0,0.0,False,False,0.15198863636363635,0,0,0.0,False,False,21.631793623620812,50.0,Atencao,Atencao: sinais iniciais de risco,23.90030613189259
1777746198.8556497,710,False,0.0,0.0,0.0,0.0,False,False,0.15198863636363635,0,0,0.0,False,False,21.631793623620812,50.54942011833191,Atencao,Atencao: sinais iniciais de risco,23.61165885875872
1777746198.8988767,711,False,0.0,0.0,0.0,0.0,False,False,0.15198863636363635,0,0,0.0,False,False,21.631793623620812,51.05373462041219,Atencao,Atencao: sinais iniciais de risco,23.529399188155544
1777746198.943179,712,False,0.0,0.0,0.0,0.0,False,False,0.15198863636363635,0,0,0.0,False,False,21.631793623620812,51.5705939133962,Atencao,Atencao: sinais iniciais de risco,23.506342822704134
1777746198.9842253,713,False,0.0,0.0,0.0,0.0,False,False,0.15198863636363635,0,0,0.0,False,False,21.631793623620812,52.04946835835775,Atencao,Atencao: sinais iniciais de risco,23.573678895581804
1777746199.0231977,714,False,0.0,0.0,0.0,0.0,False,False,0.15198863636363635,0,0,0.0,False,False,21.631793623620812,52.504146099090576,Atencao,Atencao: sinais iniciais de risco,23.779762847280125
1777746199.0590978,715,False,0.0,0.0,0.0,0.0,False,False,0.15198863636363635,0,0,0.0,False,False,21.631793623620812,52.92298078536987,Atencao,Atencao: sinais iniciais de risco,24.181123858565748
1777746199.0930862,716,False,0.0,0.0,0.0,0.0,False,False,0.15198863636363635,0,0,0.0,False,False,21.631793623620812,53.31951300303141,Atencao,Atencao: sinais iniciais de risco,24.74537081549938
1777746199.126612,717,False,0.0,0.0,0.0,0.0,False,False,0.15198863636363635,0,0,0.0,False,False,21.631793623620812,53.7106462319692,Atencao,Atencao: sinais iniciais de risco,25.218468993571484
1777746199.162503,718,False,0.0,0.0,0.0,0.0,False,False,0.15198863636363635,0,0,0.0,False,False,21.631793623620812,54.12937521934509,Atencao,Atencao: sinais iniciais de risco,25.474160696038098
1777746199.1995711,719,False,0.0,0.0,0.0,0.0,False,False,0.15198863636363635,0,0,0.0,False,False,21.631793623620812,54.56183671951294,Atencao,Atencao: sinais iniciais de risco,25.62395813497869
1777746199.23406,720,False,0.0,0.0,0.0,0.0,False,False,0.15198863636363635,0,0,0.0,False,False,21.631793623620812,54.96420741081238,Atencao,Atencao: sinais iniciais de risco,26.008780591408836
1777746199.2680905,721,False,0.0,0.0,0.0,0.0,False,False,0.15198863636363635,0,0,0.0,False,False,21.631793623620812,55.36122918128967,Atencao,Atencao: sinais iniciais de risco,26.31140182736377
1777746199.3020086,722,False,0.0,0.0,0.0,0.0,False,False,0.15198863636363635,0,0,0.0,False,False,21.631793623620812,55.756940841674805,Atencao,Atencao: sinais iniciais de risco,26.64855434145648
1777746199.335314,723,False,0.0,0.0,0.0,0.0,False,False,0.15198863636363635,0,0,0.0,False,False,21.631793623620812,56.14550391832987,Atencao,Atencao: sinais iniciais de risco,26.973360658998804
1777746199.3672526,724,False,0.0,0.0,0.0,0.0,False,False,0.15198863636363635,0,0,0.0,False,False,21.631793623620812,56.51812036832174,Atencao,Atencao: sinais iniciais de risco,27.328751287399708
1777746199.4049838,725,False,0.0,0.0,0.0,0.0,False,False,0.15198863636363635,0,0,0.0,False,False,21.631793623620812,56.958317359288536,Atencao,Atencao: sinais iniciais de risco,27.306432147183543
1777746199.439443,726,False,0.0,0.0,0.0,0.0,False,False,0.15198863636363635,0,0,0.0,False,False,21.631793623620812,57.36034313837687,Atencao,Atencao: sinais iniciais de risco,27.431463157554596
1777746199.477737,727,False,0.0,0.0,0.0,0.0,False,False,0.15198863636363635,0,0,0.0,False,False,21.631793623620812,57.80710458755493,Atencao,Atencao: sinais iniciais de risco,27.325858021338455
1777746199.5156686,728,False,0.0,0.0,0.0,0.0,False,False,0.15198863636363635,0,0,0.0,False,False,21.631793623620812,58.24964086214702,Atencao,Atencao: sinais iniciais de risco,27.24264378571995
1777746199.5518403,729,False,0.0,0.0,0.0,0.0,False,False,0.15198863636363635,0,0,0.0,False,False,21.631793623620812,58.67164373397827,Atencao,Atencao: sinais iniciais de risco,27.30071712884216
1777746199.5883505,730,False,0.0,0.0,0.0,0.0,False,False,0.15198863636363635,0,0,0.0,False,False,21.631793623620812,59.097596406936646,Atencao,Atencao: sinais iniciais de risco,27.313979117238254
1777746199.6274557,731,True,0.1988648953258015,0.11323746045450239,0.15605117789015194,0.06295972690932321,True,False,0.15319148936170213,0,0,75.66332893371582,False,True,25.580352357540644,50.0,Atencao,Atencao: cabeca inclinada,27.076241075498253
1777746199.673824,732,False,0.0,0.0,0.0,0.0,False,False,0.15319148936170213,0,0,0.0,False,False,21.772356916863426,50.0,Atencao,Atencao: sinais iniciais de risco,26.562287350474577
1777746199.7133925,733,False,0.0,0.0,0.0,0.0,False,False,0.15319148936170213,0,0,0.0,False,False,21.772356916863426,50.46163161595663,Atencao,Atencao: sinais iniciais de risco,26.441838469884026
1777746199.754804,734,False,0.0,0.0,0.0,0.0,False,False,0.15319148936170213,0,0,0.0,False,False,21.772356916863426,50.944764614105225,Atencao,Atencao: sinais iniciais de risco,26.150296874164518
1777746199.7974575,735,True,0.10226902385549606,0.3848656399742854,0.24356733191489074,0.18993040733500097,False,False,0.1529745042492918,0,0,80.0,False,True,25.742521463907003,50.0,Atencao,Atencao: cabeca inclinada,25.93800438678808
1777746199.8401523,736,True,0.13897388397262977,0.40487745882750853,0.2719256714000692,0.3380327406305474,False,False,0.15275813295615276,0,0,80.0,False,True,25.712770411100387,50.0,Atencao,Atencao: cabeca inclinada,25.692084748770107
1777746199.8771758,737,True,0.16871407712147765,0.18576659256484052,0.1772403348431591,0.26246893255447235,True,False,0.153954802259887,0,0,66.09864883422851,False,True,25.182244882075274,50.0,Atencao,Atencao: cabeca inclinada,25.77759317618834
1777746199.918059,738,True,0.10784537393675091,0.2566006466349366,0.18222301028584376,0.2852624592904002,True,False,0.15514809590973203,0,0,62.16619052886963,False,True,25.14969984366102,50.0,Atencao,Atencao: sinais iniciais de risco,25.662851645749175
1777746199.9586744,739,True,0.1416060880969893,0.3801564101563456,0.26088124912666744,0.21807085907124404,False,False,0.15492957746478872,0,0,50.268529319763175,False,True,24.507133749130183,50.0,Atencao,Atencao: sinais iniciais de risco,25.573886616971944
1777746200.1786532,740,True,0.25428557790020223,0.3302868980402985,0.29228623797025033,0.2211129482554835,False,False,0.15471167369901548,0,0,28.99365027113394,False,True,23.413428028904903,50.0,Atencao,Atencao: sinais iniciais de risco,23.47051654189757
1777746200.2219565,741,True,0.2847911638712371,0.38464983672541914,0.3347205002983281,0.15306387292371781,False,False,0.1544943820224719,0,0,30.041686473109504,False,True,23.435952233478936,50.0,Atencao,Atencao: sinais iniciais de risco,23.445050992925932
1777746200.2592778,742,True,0.263359484379106,0.34702777460747264,0.3051936294932893,0.03910223231830508,False,False,0.15427769985974754,0,0,34.42030482888222,False,True,23.625089353892974,50.0,Atencao,Atencao: sinais iniciais de risco,23.789867407760493
1777746200.2945657,743,True,0.28121606479214384,0.3748554124101219,0.3280357386011329,0.00443290833734707,False,False,0.15406162464985995,0,0,36.57518307891759,False,True,23.7031229250352,50.0,Atencao,Atencao: sinais iniciais de risco,24.142024166033575
1777746200.3309324,744,True,0.2810417949514674,0.38501682449306207,0.33302930972226474,0.005122660779620597,False,False,0.15384615384615385,0,0,36.01444117101756,False,True,23.64545859413061,50.0,Atencao,Atencao: sinais iniciais de risco,24.54631898613349
1777746200.3676734,745,True,0.2801746870158546,0.3759370842982508,0.3280558856570527,0.007505827073097689,False,False,0.15363128491620112,0,0,27.6592133435336,False,False,23.19815272488791,50.0,Atencao,Atencao: sinais iniciais de risco,24.8475936854384
1777746200.4048893,746,True,0.28791554635339345,0.3557546777907446,0.32183511207206905,0.22429699863136507,False,False,0.15341701534170155,0,0,20.633801382509144,False,False,22.817420060342997,50.0,Atencao,Atencao: sinais iniciais de risco,25.02408622062004
1777746200.4406445,747,True,0.29950041650816445,0.37069440500321515,0.3350974107556898,0.21191314489070534,False,False,0.1532033426183844,0,0,23.426149076765235,False,False,22.927657445599692,50.0,Atencao,Atencao: sinais iniciais de risco,25.306347435441467
1777746200.4786227,748,True,0.30098208547131455,0.34869703547995834,0.32483956047563645,0.21246498893096147,False,False,0.15299026425591097,0,0,23.377844742753286,False,False,22.895943954059,50.0,Atencao,Atencao: sinais iniciais de risco,25.443190271298068
1777746200.5248525,749,True,0.2887337114589745,0.3564400310151994,0.32258687123708696,0.13713811023236216,False,False,0.1527777777777778,0,0,26.049602079120547,False,False,23.000314930134053,50.0,Atencao,Atencao: sinais iniciais de risco,25.01482553860644
1777746200.5672371,750,True,0.2940736885637532,0.38015840223851055,0.3371160454011319,0.14389850991917133,False,False,0.15256588072122051,0,0,27.3357467721809,False,False,23.03548631951044,50.0,Atencao,Atencao: sinais iniciais de risco,24.88734293935756
1777746200.6090052,751,True,0.2994744740849829,0.363181270982008,0.33132787253349544,0.13727252662847775,False,False,0.1523545706371191,0,0,25.88857224421067,False,False,22.934072456547987,50.0,Atencao,Atencao: sinais iniciais de risco,24.792167099787576
1777746200.649277,752,True,0.29736545775926576,0.35394889780873096,0.3256571777839984,0.14132546165695578,False,False,0.15214384508990317,0,0,24.763685315034607,False,False,22.848853347346992,50.0,Atencao,Atencao: sinais iniciais de risco,24.788786233021835
1777746200.6918085,753,True,0.30611428311079825,0.346892079259351,0.3265031811850746,0.13271867833758544,False,False,0.15193370165745856,0,0,25.688787477395753,False,False,22.86621373350392,50.0,Atencao,Atencao: sinais iniciais de risco,24.66153740423859
1777746200.7401664,754,True,0.30616866606134285,0.3715551216827305,0.3388618938720367,0.1279028706089187,False,False,0.15172413793103448,0,0,30.311365886168044,False,False,23.06852764155922,50.0,Atencao,Atencao: sinais iniciais de risco,24.30314507521854
1777746200.7881749,755,True,0.31045798652593376,0.37408217385807935,0.34227008019200655,0.11207305508103686,False,False,0.15151515151515152,0,0,30.718892287124287,False,False,23.060168329423124,50.0,Atencao,Atencao: sinais iniciais de risco,23.937896671176354
1777746200.834212,756,True,0.33534840645165637,0.37422578511061017,0.35478709578113327,0.06658153819304076,False,False,0.15130674002751032,0,0,25.45655686421828,False,False,22.76839497872716,50.0,Atencao,Atencao: sinais iniciais de risco,23.72701743284404
1777746200.8814092,757,True,0.30026835503809124,0.3653235404814546,0.33279594775977295,0.05285407878584158,False,False,0.1510989010989011,0,0,24.05720360062339,False,False,22.669849462863645,50.0,Atencao,Atencao: sinais iniciais de risco,23.464777248916548
1777746200.9255724,758,True,0.2897980085233303,0.35376220080862714,0.32178010466597873,0.00977830195348334,False,False,0.15089163237311384,0,0,21.608686571229583,False,False,22.51892416159821,50.0,Atencao,Atencao: sinais iniciais de risco,23.356863262269044
1777746200.9648905,759,True,0.2957580098637216,0.35810672196255094,0.32693236591313624,0.01585002796368587,False,False,0.1506849315068493,0,0,21.330842503363435,False,False,22.47661058909353,50.0,Atencao,Atencao: sinais iniciais de risco,23.62438095879698
1777746201.0032623,760,True,0.2867610635705288,0.3451928803515514,0.3159769719610401,0.003562977238327413,False,False,0.15047879616963064,0,0,22.90849995802749,False,False,22.527149852959166,50.0,Atencao,Atencao: sinais iniciais de risco,23.848930313330545
1777746201.0359228,761,True,0.29578438599199325,0.35246706508606745,0.32412572553903035,0.0035695199078631316,False,False,0.15027322404371585,0,0,23.676037503643464,False,False,22.53726056292668,50.0,Atencao,Atencao: sinais iniciais de risco,24.538519693461044
1777746201.070429,762,True,0.2934427194616436,0.3439447740267195,0.31869374674418155,0.003659086523584266,False,False,0.15006821282401092,0,0,23.65923670692877,False,False,22.508231480381518,50.0,Atencao,Atencao: sinais iniciais de risco,24.943623978003558
1777746201.1073284,763,True,0.3038972317018282,0.35436430420972387,0.329130767955776,0.0021690085642760695,False,False,0.14986376021798364,0,0,22.086934283917596,False,False,22.40150412590221,50.0,Atencao,Atencao: sinais iniciais de risco,25.172817890522516
1777746201.1421604,764,True,0.2932490843934572,0.3562016191840702,0.3247253517887637,0.0024371560910623423,False,False,0.14965986394557823,0,0,22.517436523600058,False,False,22.394993500430587,50.0,Atencao,Atencao: sinais iniciais de risco,25.523865444464626
1777746201.1793573,765,True,0.3031569052257003,0.3634687517973051,0.3333128285115027,0.002005258059286485,False,False,0.14945652173913043,0,0,22.42476863698526,False,False,22.362400552713275,50.0,Atencao,Atencao: sinais iniciais de risco,25.643796626966097
1777746201.2233593,766,True,0.3007000250387753,0.358798793282992,0.3297494091608837,0.001964000083652154,False,False,0.14925373134328357,0,0,22.305696655945344,False,False,22.328563274232337,50.0,Atencao,Atencao: sinais iniciais de risco,25.374611058702406
1777746201.2665303,767,True,0.30736289172298453,0.35681858090707963,0.33209073631503205,0.001966863948852725,False,False,0.14905149051490515,0,0,26.487307092547418,False,False,22.509835682160407,50.0,Atencao,Atencao: sinais iniciais de risco,25.151627239474394
1777746201.3104765,768,True,0.31021660001295565,0.3389690429125349,0.32459282146274526,0.0019381672300327433,False,False,0.14884979702300405,0,0,26.4081418777054,False,False,22.4781445662819,50.0,Atencao,Atencao: sinais iniciais de risco,24.91932457284371
1777746201.3561041,769,True,0.3118539331049266,0.38749366335219076,0.3496737982285587,0.004081120575844183,False,False,0.14864864864864866,0,0,28.34668086387894,False,False,22.547413614116714,50.0,Atencao,Atencao: sinais iniciais de risco,24.603973837061034
1777746201.3979466,770,True,0.31220588444545627,0.36111849285184183,0.33666218864864905,0.0021454592023411045,False,False,0.1484480431848853,0,0,28.253967939723623,False,False,22.515194716641485,50.0,Atencao,Atencao: sinais iniciais de risco,24.562389008963052
1777746201.4382048,771,True,0.32981473245320253,0.37319372647858107,0.35150422946589177,0.0025565438226295024,False,False,0.14824797843665768,0,0,28.571058151125904,False,False,22.503540324330302,50.0,Atencao,Atencao: sinais iniciais de risco,24.575109122909993
1777746201.4818094,772,True,0.3148440286214214,0.36624552631854207,0.34054477746998174,0.005430962684125991,False,False,0.1480484522207268,0,0,30.36207013753327,False,False,22.565656068960173,50.0,Atencao,Atencao: sinais iniciais de risco,24.400432210784555
1777746201.5269382,773,True,0.3400640684608166,0.38724237141042167,0.36365321993561917,0.003484396508888901,False,False,0.1478494623655914,0,0,29.25514299679886,False,False,22.482948606842335,50.0,Atencao,Atencao: sinais iniciais de risco,24.195075798683614
1777746201.5732672,774,True,0.3130316114360192,0.3596013624590846,0.3363164869475519,0.003960413489399216,False,False,0.1476510067114094,0,0,30.414469858733096,False,False,22.513627297489023,50.0,Atencao,Atencao: sinais iniciais de risco,23.874895803346725
1777746201.622296,775,True,0.32788067101520796,0.39447880292496285,0.36117973697008543,0.004446950006340208,False,False,0.14745308310991956,0,0,28.751712194085123,False,False,22.403274919051775,50.0,Atencao,Atencao: sinais iniciais de risco,23.575568432347275
1777746201.6647675,776,True,0.309019078619466,0.3490206996515611,0.3290198891355135,0.004076644816018682,False,False,0.14725568942436412,0,0,29.011895483190365,False,False,22.38914245174316,50.0,Atencao,Atencao: sinais iniciais de risco,23.553657991415793
1777746201.706605,777,True,0.32130675639601936,0.3713028827135461,0.34630481955478276,0.007255279802028611,False,False,0.14705882352941177,0,0,28.082500265403226,False,False,22.315603630297854,50.0,Atencao,Atencao: sinais iniciais de risco,23.589223865488563
1777746201.747868,778,True,0.3069687075731733,0.3734157470400587,0.340192227306616,0.0032337576908835087,False,False,0.14686248331108145,0,0,30.65627868934111,False,False,22.41729577147433,50.0,Atencao,Atencao: sinais iniciais de risco,23.65926050106537
1777746201.7902918,779,True,0.28866444821370335,0.35827735968553,0.32347090394961664,0.0021281559392014025,False,False,0.14666666666666667,0,0,29.17118139483712,False,False,22.316116118142098,50.0,Atencao,Atencao: sinais iniciais de risco,23.604233576128216
1777746201.8356812,780,True,0.29339970243909547,0.35973324921389854,0.326566475826497,0.003604970136508184,False,False,0.14647137150466044,0,0,26.195329813930122,False,False,22.140470454320894,50.0,Atencao,Atencao: sinais iniciais de risco,23.503773831877023
1777746201.884191,781,True,0.29927611617724925,0.353550287459281,0.32641320181826516,0.0035133766289099618,False,False,0.14627659574468085,0,0,23.474320458959454,False,False,21.977638319575163,50.0,Atencao,Atencao: sinais iniciais de risco,23.214130399620288
1777746201.9233224,782,True,0.28277843500763117,0.35978641015831075,0.32128242258297096,0.004394966725081375,False,False,0.1460823373173971,0,0,22.894203460081055,False,False,21.92192193587973,50.0,Atencao,Atencao: sinais iniciais de risco,23.43641166956872
1777746201.9672506,783,True,0.2837957082196804,0.34596878916888885,0.3148822486942846,0.00457576210446947,False,False,0.14588859416445624,0,0,23.427238405970012,False,False,21.92193399964481,50.0,Atencao,Atencao: sinais iniciais de risco,23.34854358939718
1777746202.0148556,784,True,0.28779534863460327,0.3313568126196176,0.3095760806271104,0.003940451081685106,False,False,0.1456953642384106,0,0,22.959091020172295,False,False,21.871957515523647,50.0,Atencao,Atencao: sinais iniciais de risco,23.10747404007779
1777746202.0567598,785,True,0.28517294793961434,0.34564841699183374,0.315410682465724,0.003934917603080873,False,False,0.1455026455026455,0,0,22.993711115690797,False,False,21.847189694131874,50.0,Atencao,Atencao: sinais iniciais de risco,23.223781502391205
1777746202.0968177,786,True,0.2894688689448029,0.33421631049253236,0.31184258971866763,0.0044452268286046545,False,False,0.1453104359313078,0,0,23.138096965443005,False,False,21.82798017056055,50.0,Atencao,Atencao: sinais iniciais de risco,23.40885675708453
1777746202.1354468,787,True,0.315589075362555,0.3516714497006436,0.33363026253159933,0.004818092960637204,False,False,0.14511873350923482,0,0,23.62863127020272,False,False,21.826147802763497,50.0,Atencao,Atencao: sinais iniciais de risco,23.641642424102113
1777746202.1741898,788,True,0.3093933355484656,0.3511419223375906,0.3302676289430281,0.0037658226220415275,False,False,0.14492753623188406,0,0,24.56553635231473,False,False,21.846703431233372,50.0,Atencao,Atencao: sinais iniciais de risco,23.81165793081941
1777746202.2148921,789,True,0.3007599798250759,0.3746558338677562,0.33770790684641605,0.0032880220293502447,False,False,0.14473684210526316,0,0,25.611967009305953,False,False,21.87280452167256,50.0,Atencao,Atencao: sinais iniciais de risco,23.94782396881107
1777746202.253937,790,True,0.31418921062566824,0.37766460877036645,0.3459269096980173,0.008416306467046806,False,False,0.1445466491458607,0,0,32.95821665742181,False,False,22.213965472160517,50.0,Atencao,Atencao: sinais iniciais de risco,24.085103808595328
1777746202.2898352,791,True,0.3017663953448979,0.3807744775552695,0.3412704364500837,0.005112634778561742,False,False,0.14435695538057744,0,0,30.013343301957303,False,False,22.04063891166084,50.0,Atencao,Atencao: sinais iniciais de risco,24.447651390865936
1777746202.3312156,792,True,0.30189755630856896,0.4140195546169077,0.35795855546273836,0.05609903874150632,False,False,0.14416775884665792,0,0,35.349643576145176,False,False,22.281439401956302,50.0,Atencao,Atencao: sinais iniciais de risco,24.447826202387255
1777746202.3740406,793,True,0.29919451249448564,0.37632680421652553,0.3377606583555056,0.20901921750413502,False,False,0.14397905759162305,0,0,37.55384867570617,False,True,22.365703234367054,50.0,Atencao,Atencao: sinais iniciais de risco,24.34752256939227
1777746202.4151819,794,True,0.3024605762185603,0.42885000674584783,0.3656552914822041,0.32467217681897736,False,False,0.1437908496732026,0,0,35.47231823205947,False,True,22.23574812340191,50.0,Atencao,Atencao: sinais iniciais de risco,24.320366759185283
1777746202.4562666,795,True,0.30420800105312507,0.46486793456551934,0.3845379678093222,0.33113180402352194,False,False,0.14360313315926893,0,0,40.5076964855194,False,True,22.461706015409025,50.0,Atencao,Atencao: sinais iniciais de risco,24.28626210880732
1777746202.502813,796,True,0.2986287554980248,0.5003795750061075,0.39950416525206617,0.27662364967688247,False,False,0.14341590612777053,0,0,51.08778667449951,False,True,22.964966808027,50.0,Atencao,Atencao: sinais iniciais de risco,24.044766819112574
1777746202.5456536,797,True,0.2801830685441145,0.44907727867317215,0.36463017360864336,0.33549651999616803,False,False,0.14322916666666666,0,0,51.28541698455811,False,True,22.949171647628148,50.0,Atencao,Atencao: sinais iniciais de risco,23.972020793527502
1777746202.592751,798,True,0.32086377906804553,0.5394275949900119,0.4301456870290287,0.15741142434269573,False,False,0.14304291287386217,0,0,55.58963890075683,False,True,23.138772846927466,50.0,Atencao,Atencao: sinais iniciais de risco,23.69165091764091
1777746202.6361978,799,True,0.326392906065895,0.9237676482889537,0.6250802771774244,0.27728755184539094,False,False,0.14285714285714285,0,0,60.60773181915283,False,True,23.364134115548357,50.0,Atencao,Atencao: sinais iniciais de risco,23.631959980713678
1777746202.6767943,800,True,0.33382524795527346,2.0209499222970586,1.1773875851261661,0.017666824461514116,False,False,0.14267185473411154,0,0,59.27110252380371,False,True,23.2718255338641,50.0,Atencao,Atencao: sinais iniciais de risco,23.7274518808026
1777746202.7249634,801,False,0.0,0.0,0.0,0.0,False,False,0.14267185473411154,0,0,0.0,False,False,20.308270407673913,50.0,Atencao,Atencao: sinais iniciais de risco,23.395127426928344
1777746202.773661,802,False,0.0,0.0,0.0,0.0,False,False,0.14267185473411154,0,0,0.0,False,False,20.308270407673913,50.56813716888428,Atencao,Atencao: sinais iniciais de risco,23.15132581120497
1777746202.8157222,803,False,0.0,0.0,0.0,0.0,False,False,0.14267185473411154,0,0,0.0,False,False,20.308270407673913,51.058852672576904,Atencao,Atencao: sinais iniciais de risco,23.20195404839035
1777746202.857181,804,False,0.0,0.0,0.0,0.0,False,False,0.14267185473411154,0,0,0.0,False,False,20.308270407673913,51.54253919919332,Atencao,Atencao: sinais iniciais de risco,23.30846601186279
1777746202.9007292,805,False,0.0,0.0,0.0,0.0,False,False,0.14267185473411154,0,0,0.0,False,False,20.308270407673913,52.05060044924418,Atencao,Atencao: sinais iniciais de risco,23.235633669532653
1777746202.943748,806,False,0.0,0.0,0.0,0.0,False,False,0.14267185473411154,0,0,0.0,False,False,20.308270407673913,52.55248665809631,Atencao,Atencao: sinais iniciais de risco,23.280918993610783
1777746202.987791,807,False,0.0,0.0,0.0,0.0,False,False,0.14267185473411154,0,0,0.0,False,False,20.308270407673913,53.06632240613302,Atencao,Atencao: sinais iniciais de risco,23.19630250701821
1777746203.026229,808,False,0.0,0.0,0.0,0.0,False,False,0.14267185473411154,0,0,0.0,False,False,20.308270407673913,53.51476391156515,Atencao,Atencao: sinais iniciais de risco,23.466741930459882
1777746203.0646474,809,False,0.0,0.0,0.0,0.0,False,False,0.14267185473411154,0,0,0.0,False,False,20.308270407673913,53.962980111440025,Atencao,Atencao: sinais iniciais de risco,23.751252008134593
1777746203.1057112,810,False,0.0,0.0,0.0,0.0,False,False,0.14267185473411154,0,0,0.0,False,False,20.308270407673913,54.442057609558105,Atencao,Atencao: sinais iniciais de risco,23.82357998759486
1777746203.1424246,811,False,0.0,0.0,0.0,0.0,False,False,0.14267185473411154,0,0,0.0,False,False,20.308270407673913,54.87038016319275,Atencao,Atencao: sinais iniciais de risco,24.16773376745198
1777746203.1805837,812,False,0.0,0.0,0.0,0.0,False,False,0.14267185473411154,0,0,0.0,False,False,20.308270407673913,55.31557003657023,Atencao,Atencao: sinais iniciais de risco,24.361687871066803
1777746203.2208688,813,False,0.0,0.0,0.0,0.0,False,False,0.14267185473411154,0,0,0.0,False,False,20.308270407673913,55.78556299209595,Atencao,Atencao: sinais iniciais de risco,24.3816103123578
1777746203.256321,814,False,0.0,0.0,0.0,0.0,False,False,0.14267185473411154,0,0,0.0,False,False,20.308270407673913,56.19917114575704,Atencao,Atencao: sinais iniciais de risco,24.74564508477249
1777746203.2934124,815,False,0.0,0.0,0.0,0.0,False,False,0.14267185473411154,0,0,0.0,False,False,20.308270407673913,56.63190523783366,Atencao,Atencao: sinais iniciais de risco,25.00180642827246
1777746203.3322625,816,False,0.0,0.0,0.0,0.0,False,False,0.14267185473411154,0,0,0.0,False,False,20.308270407673913,57.08515604337057,Atencao,Atencao: sinais iniciais de risco,25.0724983162225
1777746203.3656037,817,False,0.0,0.0,0.0,0.0,False,False,0.14267185473411154,0,0,0.0,False,False,20.308270407673913,57.47413635253906,Atencao,Atencao: sinais iniciais de risco,25.592973358073607
1777746203.400011,818,False,0.0,0.0,0.0,0.0,False,False,0.14267185473411154,0,0,0.0,False,False,20.308270407673913,57.875555753707886,Atencao,Atencao: sinais iniciais de risco,25.84175768332804
1777746203.4374142,819,False,0.0,0.0,0.0,0.0,False,False,0.14267185473411154,0,0,0.0,False,False,20.308270407673913,58.31192533175151,Atencao,Atencao: sinais iniciais de risco,26.017542614140826
1777746203.4699056,820,False,0.0,0.0,0.0,0.0,False,False,0.14267185473411154,0,0,0.0,False,False,20.308270407673913,58.690992196400956,Atencao,Atencao: sinais iniciais de risco,26.48861747475892
1777746203.506549,821,False,0.0,0.0,0.0,0.0,False,False,0.14267185473411154,0,0,0.0,False,False,20.308270407673913,59.11849697430929,Atencao,Atencao: sinais iniciais de risco,26.488839540991847
1777746203.549294,822,False,0.0,0.0,0.0,0.0,False,False,0.14267185473411154,0,0,0.0,False,False,20.308270407673913,59.61718996365865,Atencao,Atencao: sinais iniciais de risco,26.190314134767164
1777746203.5866697,823,False,0.0,0.0,0.0,0.0,False,False,0.14267185473411154,0,0,0.0,False,False,20.308270407673913,60.05323966344198,Risco por distracao,Atencao: foco visual fora da direcao,26.298404217918055
1777746203.627329,824,False,0.0,0.0,0.0,0.0,False,False,0.14267185473411154,0,0,0.0,False,False,20.308270407673913,60.52759965260824,Risco por distracao,Atencao: foco visual fora da direcao,26.14995952847527
1777746203.665511,825,False,0.0,0.0,0.0,0.0,False,False,0.14267185473411154,0,0,0.0,False,False,20.308270407673913,60.973053773244224,Risco por distracao,Atencao: foco visual fora da direcao,26.141648682299248
1777746203.7073083,826,False,0.0,0.0,0.0,0.0,False,False,0.14267185473411154,0,0,0.0,False,False,20.308270407673913,61.460690100987755,Risco por distracao,Atencao: foco visual fora da direcao,25.931133514463582
1777746203.749768,827,False,0.0,0.0,0.0,0.0,False,False,0.14267185473411154,0,0,0.0,False,False,20.308270407673913,61.95605357487997,Risco por distracao,Atencao: foco visual fora da direcao,25.681455266378347
1777746203.7920082,828,True,0.2061165181656571,0.15595486302655062,0.18103569059610386,0.35522863861526915,True,False,0.14378238341968913,0,0,80.0,False,True,24.460968101940832,50.0,Atencao,Atencao: cabeca inclinada,25.479216082278167
1777746203.8336449,829,True,0.21017645426590795,0.2386420447261108,0.22440924949600938,0.281940910712142,False,False,0.14359637774902975,0,0,80.0,False,True,24.41358584571162,50.0,Atencao,Atencao: cabeca inclinada,25.32976137350317
1777746203.8743498,830,True,0.1517462010062468,0.1625460178452533,0.15714610942575005,0.2426093052504054,True,False,0.14470284237726097,0,0,63.37986736297607,False,True,23.73471810024222,50.0,Atencao,Atencao: sinais iniciais de risco,25.266957901846784
1777746203.9142904,831,True,0.1614772596986922,0.24280193251009294,0.20213959610439258,0.23487529959578338,True,False,0.14580645161290323,0,0,47.78756837844848,False,True,23.106849420916646,50.0,Atencao,Atencao: sinais iniciais de risco,25.246037922796372
1777746203.9567518,832,True,0.1917124151338981,0.2889030987311834,0.24030775693254075,0.21135653113084493,False,False,0.14561855670103094,0,0,33.74157925139774,False,True,22.364072993523855,50.0,Atencao,Atencao: sinais iniciais de risco,25.066237460216318
1777746203.9935987,833,True,0.20947307481505328,0.3492996207498404,0.27938634778244686,0.2263697377638212,False,False,0.14543114543114544,0,0,36.389639937877654,False,True,22.470706978238596,50.0,Atencao,Atencao: sinais iniciais de risco,25.26761531852289
1777746204.028938,834,True,0.23257358667126457,0.29334056627760163,0.2629570764744331,0.260280122076921,False,False,0.14524421593830333,0,0,40.84464485103434,False,True,22.667754418630636,50.0,Atencao,Atencao: sinais iniciais de risco,25.544007896849212
1777746204.0660946,835,True,0.241256522702324,0.3038741354739271,0.2725653290881256,0.25434520459410837,False,False,0.14505776636713735,0,0,38.977650853720576,False,True,22.548767902729626,50.0,Atencao,Atencao: sinais iniciais de risco,25.686180570443927
1777746204.1053941,836,True,0.23452450942168235,0.29158246581519615,0.2630534876184393,0.2531720689086974,False,False,0.14487179487179488,0,0,39.80308802723885,False,True,22.56446868079595,50.0,Atencao,Atencao: sinais iniciais de risco,25.676520914666927
1777746204.14417,837,True,0.30932355390117383,0.30213613188069627,0.3057298428909351,0.23051410595485297,False,False,0.1446862996158771,0,0,47.2563696519895,False,True,22.91162716434479,50.0,Atencao,Atencao: sinais iniciais de risco,25.664910026910086
1777746204.1833675,838,True,0.28796463972906944,0.31442979605930366,0.3011972178941865,0.27191166811782863,False,False,0.1445012787723785,0,0,50.284778030352165,False,True,23.037607217281867,50.0,Atencao,Atencao: sinais iniciais de risco,25.694702186864056
1777746204.2230437,839,True,0.22596401555412327,0.3233626518457324,0.2746633336999278,0.24158948473327269,False,False,0.14431673052362706,0,0,60.353607749938966,False,True,23.515673319057882,50.0,Atencao,Atencao: sinais iniciais de risco,25.651728598787116
1777746204.2573748,840,True,0.17814676611563163,0.3079969392600175,0.24307185268782455,0.23854113778254166,False,False,0.1441326530612245,0,0,56.89088535308837,False,True,23.317226548134997,50.0,Atencao,Atencao: sinais iniciais de risco,25.89254146751059
1777746204.2968202,841,True,0.11062518163426101,0.30826292492607743,0.2094440532801692,0.2168165583619295,True,False,0.14522292993630573,0,0,63.920053100585925,False,True,23.818598005833547,50.0,Atencao,Atencao: sinais iniciais de risco,25.864979268488824
1777746204.334915,842,True,0.10685020609654043,0.2963091766908591,0.20157969139369977,0.2051520569580484,True,False,0.14631043256997456,0,0,64.4464630126953,False,True,23.99445011356848,50.0,Atencao,Atencao: sinais iniciais de risco,25.95424560713758
1777746204.374154,843,True,0.09736003807590607,0.3234179451494691,0.2103889916126876,0.21149442394540727,False,False,0.14612452350698857,0,0,65.61379470825194,False,True,24.013040359981243,50.0,Atencao,Atencao: cabeca inclinada,25.903046038520227
1777746204.412948,844,True,0.29966243152203575,0.30095538591489535,0.30030890871846555,0.21985727640609956,False,False,0.14593908629441624,0,0,73.17128379832613,False,True,24.365417197756255,50.0,Atencao,Atencao: cabeca inclinada,25.86638714425419
1777746204.4504256,845,True,0.2888866522298361,0.2902946888878026,0.2895906705588194,0.21070874327699,False,False,0.14575411913814956,0,0,73.19972618818284,False,True,24.341406333262423,50.0,Atencao,Atencao: cabeca inclinada,25.896521947548905
1777746204.4937837,846,True,0.28721676960365417,0.30622094964295177,0.29671885962330297,0.23839568611830964,False,False,0.14556962025316456,0,0,74.7187303418463,False,True,24.391987944260162,50.0,Atencao,Atencao: cabeca inclinada,25.68303585848158
1777746204.5397198,847,True,0.3456672445228303,0.2995510391788758,0.3226091418508531,0.3200044659839714,False,False,0.14538558786346398,0,0,71.21883288784461,False,True,24.191688617976244,50.0,Atencao,Atencao: cabeca inclinada,25.266162865277195
1777746204.5846894,848,True,0.36254783943371177,0.31004547412475175,0.33629665677923176,0.4280257208545458,False,False,0.1452020202020202,0,0,70.02645428343253,False,True,24.10682913430712,50.0,Atencao,Atencao: cabeca inclinada,24.975242594927334
1777746204.626887,849,True,0.3524578913257408,0.31056894807267754,0.33151341969920917,0.4341186678146607,False,False,0.1450189155107188,0,0,71.27692586454476,False,True,24.14417581830879,50.0,Atencao,Atencao: cabeca inclinada,24.788895189340366
1777746204.6691372,850,True,0.3187810808748052,0.30400006622928816,0.3113905735520467,0.45098914486698566,False,False,0.14483627204030228,0,0,69.59641423496332,False,True,24.035036759647447,50.0,Atencao,Atencao: cabeca inclinada,24.69401753251818
1777746204.7161639,851,True,0.30964086356689746,0.29043988482571104,0.30004037419630425,0.4527802246916836,False,False,0.14465408805031446,0,0,66.9908073425293,False,True,23.879706116402424,50.0,Atencao,Atencao: cabeca inclinada,24.386997684482942
1777746204.7610512,852,True,0.2968610026899754,0.2647647680449863,0.28081288536748084,0.43806512985026935,False,False,0.1444723618090452,0,0,58.472245407104495,False,True,23.42879066145666,50.0,Atencao,Atencao: sinais iniciais de risco,24.179370059579607
1777746204.8062346,853,True,0.29449877237414573,0.23026274510829142,0.2623807587412186,0.4090886355319363,False,False,0.14429109159347553,0,0,52.99893226623536,False,True,23.130200349772373,50.0,Atencao,Atencao: sinais iniciais de risco,23.98987510437769
1777746204.8507133,854,True,0.2928184462027651,0.2151281077435387,0.25397327697315186,0.2819585994467139,False,False,0.14411027568922305,0,0,49.88146896362304,False,True,22.949464997807038,50.0,Atencao,Atencao: sinais iniciais de risco,23.806369827940944
1777746204.898087,855,True,0.3105679931336337,0.24904271285360502,0.27980535299361936,0.18723460530979005,False,False,0.1439299123904881,0,0,40.74257431030273,False,True,22.467720311564968,50.0,Atencao,Atencao: sinais iniciais de risco,23.55139339380985
1777746204.9448676,856,True,0.28884036446489386,0.234970554206679,0.26190545933578646,0.15568999615996615,False,False,0.14375,0,0,38.06344447135925,False,True,22.30902586592568,50.0,Atencao,Atencao: sinais iniciais de risco,23.338182517251166
1777746204.9884675,857,True,0.2917767804030445,0.17998776003225525,0.23588227021764988,0.13075868422739373,False,False,0.14357053682896379,0,0,41.77204132080078,False,True,22.469779522380275,50.0,Atencao,Atencao: sinais iniciais de risco,23.249522022756697
1777746205.2085273,858,True,0.2819050164532641,0.20409217941844013,0.2429985979358521,0.17495847947868515,False,False,0.1433915211970075,0,0,56.63479747772217,False,True,23.188302680832358,50.0,Atencao,Atencao: sinais iniciais de risco,21.37956406478782
1777746205.2586262,859,True,0.23511311202781995,0.21460556829910835,0.22485934016346415,0.21852239972381823,False,False,0.1432129514321295,0,0,55.69154739379882,False,True,23.116586833965464,50.0,Atencao,Atencao: sinais iniciais de risco,21.22858895763316
1777746205.3075113,860,True,0.2378871305051598,0.28315652156410864,0.26052182603463425,0.14932377308747383,False,False,0.14303482587064675,0,0,49.048926734924315,False,True,22.759963536317866,50.0,Atencao,Atencao: sinais iniciais de risco,21.183043513013004
1777746205.3486633,861,True,0.26563989319496645,0.24698665279028617,0.2563132729926263,0.011928848723500645,False,False,0.14285714285714285,0,0,43.74011497497558,False,True,22.47009153396364,50.0,Atencao,Atencao: sinais iniciais de risco,21.43046080259831
1777746205.389456,862,True,0.26789278314448955,0.24301983960168386,0.2554563113730867,0.09144861259329835,False,False,0.14267990074441686,0,0,44.84624166488647,False,True,22.501027077959364,50.0,Atencao,Atencao: sinais iniciais de risco,21.794051039117978
1777746205.4253714,863,True,0.24616501706930807,0.2605200047273864,0.25334251089834725,0.029550836445436088,False,False,0.14250309789343246,0,0,41.157645082473756,False,True,22.29228685682837,50.0,Atencao,Atencao: sinais iniciais de risco,22.430849242005152
1777746205.4621942,864,True,0.2652694100627986,0.29473717765600604,0.2800032938594023,0.11229124818206546,False,False,0.14232673267326731,0,0,38.195936584472655,False,True,22.119951214155606,50.0,Atencao,Atencao: sinais iniciais de risco,22.870318862747524
1777746205.5008638,865,True,0.2654236709166482,0.37979829571349144,0.3226109833150698,0.0904427263102367,False,False,0.14215080346106304,0,0,38.99601807594299,False,True,22.135765022051036,50.0,Atencao,Atencao: sinais iniciais de risco,23.165038126842898
1777746205.5442903,866,True,0.23679694353072409,0.35432555555724216,0.2955612495439831,0.09368424263405067,False,False,0.1419753086419753,0,0,43.003749465942384,False,True,22.312021053926443,50.0,Atencao,Atencao: sinais iniciais de risco,23.119780116218593
1777746205.5892584,867,True,0.2400108915904199,0.3081661540594872,0.27408852282495355,0.028990455297855818,False,False,0.14180024660912455,0,0,48.51465902328491,False,True,22.563495502276588,50.0,Atencao,Atencao: sinais iniciais de risco,23.048326923283884
1777746205.6316326,868,True,0.24338558730854823,0.3304254652055287,0.28690552625703847,0.026952040243012166,False,False,0.1416256157635468,0,0,49.00561227798462,False,True,22.564031423744634,50.0,Atencao,Atencao: sinais iniciais de risco,23.10503140454022
1777746205.6754925,869,True,0.25578396599583486,0.3342394478587176,0.29501170692727624,0.012632904646611565,False,False,0.14145141451414514,0,0,51.11994743347168,False,True,22.64579550972626,50.0,Atencao,Atencao: sinais iniciais de risco,23.12414042913042
1777746205.7146332,870,True,0.24632217827703007,0.34370997556284716,0.2950160769199386,0.04152163898463327,False,False,0.14127764127764128,0,0,53.65629062652588,False,True,22.748718849359687,50.0,Atencao,Atencao: sinais iniciais de risco,23.277343358935127
1777746205.759067,871,True,0.258923562421798,0.31412195964306716,0.28652276103243257,0.09319876779401577,False,False,0.1411042944785276,0,0,57.858106231689455,False,True,22.934974444739737,50.0,Atencao,Atencao: sinais iniciais de risco,23.22413523817198
1777746205.8021293,872,True,0.26486761934035497,0.3250108681055182,0.29493924372293656,0.06550772236063482,False,False,0.1409313725490196,0,0,58.74000447825952,False,True,22.955292591760887,50.0,Atencao,Atencao: sinais iniciais de risco,23.270104746799234
1777746205.84036,873,True,0.23937703827300308,0.28169746842160936,0.2605372533473062,0.09446106330692994,False,False,0.14075887392900857,0,0,56.09874512011355,False,True,22.799511063602072,50.0,Atencao,Atencao: sinais iniciais de risco,23.517461301624245
1777746205.8838317,874,True,0.24513045213937742,0.2880054704618345,0.26656796130060595,0.23197073891035017,False,False,0.14058679706601468,0,0,55.55244958021424,False,False,22.748535717945447,50.0,Atencao,Atencao: sinais iniciais de risco,23.480197814962345
1777746205.9273086,875,True,0.2566184929382192,0.30812539316418536,0.2823719430512023,0.30553384369966347,False,False,0.14041514041514042,0,0,51.934825025092465,False,False,22.544051700694148,50.0,Atencao,Atencao: sinais iniciais de risco,23.439291787661006
1777746205.9660366,876,True,0.24460780254085124,0.30287600607582993,0.27374190430834056,0.28736248099071776,False,False,0.1402439024390244,0,0,51.52885329398242,False,False,22.500207892422697,50.0,Atencao,Atencao: sinais iniciais de risco,23.653378407338643
1777746206.009068,877,True,0.24288936234638034,0.2698482453477312,0.2563688038470558,0.290295493475899,False,False,0.14007308160779536,0,0,48.748527025634594,False,False,22.33770371471131,50.0,Atencao,Atencao: sinais iniciais de risco,23.615294337193358
1777746206.0478177,878,True,0.2420561080784478,0.2833933383303365,0.2627247232043921,0.27878265649007,False,False,0.13990267639902676,0,0,46.242816777933726,False,False,22.188987486120585,50.0,Atencao,Atencao: sinais iniciais de risco,23.86299374751992
1777746206.084555,879,True,0.23590798093684123,0.30960531077022074,0.272756645853531,0.26047709965691085,False,False,0.13973268529769137,0,0,43.61505685494366,False,False,22.034225713537463,50.0,Atencao,Atencao: sinais iniciais de risco,24.205378573501935
1777746206.1248684,880,True,0.2580390050437432,0.30012948268411005,0.2790842438639266,0.23063778637493518,False,False,0.1395631067961165,0,0,45.08140159479808,False,False,22.084225906563642,50.0,Atencao,Atencao: sinais iniciais de risco,24.253653440342713
1777746206.1641464,881,True,0.2562237045311237,0.28306541892018006,0.2696445617256519,0.23441938492462674,False,False,0.1393939393939394,0,0,45.024226301320596,False,False,22.058106624090417,50.0,Atencao,Atencao: sinais iniciais de risco,24.37404164983997
1777746206.1988947,882,True,0.2827476734370083,0.2972263932519891,0.2899870333444987,0.24011083542053452,False,False,0.13922518159806296,0,0,48.492574249817565,False,False,22.208319824582254,50.0,Atencao,Atencao: sinais iniciais de risco,24.746920874273236
1777746206.2344868,883,True,0.2797027235416999,0.28227266822226554,0.2809876958819827,0.29012721283264614,False,False,0.13905683192261184,0,0,51.27136501398953,False,False,22.32411128241632,50.0,Atencao,Atencao: sinais iniciais de risco,25.100683036599914
1777746206.2738788,884,True,0.27787462593801715,0.27299460936146025,0.2754346176497387,0.29232672710859203,False,False,0.1388888888888889,0,0,51.139252842827275,False,False,22.294413506721305,50.0,Atencao,Atencao: sinais iniciais de risco,25.162988466358698
1777746206.319515,885,True,0.26789725246470797,0.27884856270728486,0.2733729075859964,0.2509277180437648,False,False,0.13872135102533173,0,0,51.50981043211439,False,False,22.289904929946548,50.0,Atencao,Atencao: sinais iniciais de risco,24.816480061446054
1777746206.364332,886,True,0.2831887079852154,0.2735462554810627,0.2783674817331391,0.23693107213445566,False,False,0.13855421686746988,0,0,51.28072370521048,False,False,22.25546964689535,50.0,Atencao,Atencao: sinais iniciais de risco,24.594427996276544
1777746206.4047318,887,True,0.27620901431924166,0.2774954636514218,0.27685223898533173,0.24386186905476517,False,False,0.13838748495788206,0,0,51.9693090732802,False,False,22.26697327773051,50.0,Atencao,Atencao: sinais iniciais de risco,24.581827545484234
1777746206.4450138,888,True,0.27406622887889465,0.2966204838785602,0.28534335637872743,0.22272421797248193,False,False,0.13822115384615385,0,0,48.626814958724104,False,False,22.076978044140077,50.0,Atencao,Atencao: sinais iniciais de risco,24.646470051386864
1777746206.477666,889,True,0.2783700167334246,0.28990368076651557,0.2841368487499701,0.23771487417813103,False,False,0.13805522208883553,0,0,48.87913335792043,False,False,22.066778347468624,50.0,Atencao,Atencao: sinais iniciais de risco,25.238179202051192
1777746206.5154111,890,True,0.24462254749162146,0.3007343422957778,0.27267844489369963,0.2673218369848145,False,False,0.13788968824940048,0,0,47.267807171764694,False,False,21.963451135238518,50.0,Atencao,Atencao: sinais iniciais de risco,25.297219366274483
1777746206.558707,891,True,0.22693697244745528,0.31088940816307764,0.26891319030526645,0.24514121916186457,False,False,0.1377245508982036,0,0,49.8333950848742,False,False,22.06902414510442,50.0,Atencao,Atencao: sinais iniciais de risco,25.069714006306423
1777746206.6010938,892,True,0.1629467616526464,0.23298703943867116,0.1979669005456588,0.32800791349383834,True,False,0.13875598086124402,0,0,65.7205680847168,False,True,23.00520441501461,50.0,Atencao,Atencao: cabeca inclinada,24.99302390815374
1777746206.6392388,893,True,0.17496256810807087,0.17875903678568503,0.17686080244687796,0.31608237550904184,True,False,0.13978494623655913,0,0,64.66633033752441,False,True,23.093975266760822,50.0,Atencao,Atencao: sinais iniciais de risco,25.08634291799376
1777746206.6785786,894,True,0.165980616843262,0.3235618473086829,0.24477123207597246,0.25247112011921086,False,False,0.13961813842482101,0,0,54.422827339172365,False,True,22.545684339837983,50.0,Atencao,Atencao: sinais iniciais de risco,25.07682143933615
1777746206.717213,895,False,0.0,0.0,0.0,0.0,False,False,0.13961813842482101,0,0,0.0,False,False,19.824542972879364,50.0,Atencao,Atencao: sinais iniciais de risco,25.168756635171675
1777746206.759055,896,True,0.3667137804984419,0.641208162460227,0.5039609714793345,0.05873245030709378,False,False,0.1394517282479142,0,0,45.348539161682126,False,True,22.069088531638783,50.0,Atencao,Atencao: sinais iniciais de risco,25.04509000126583
1777746206.8086636,897,True,0.34652459967042926,0.1850809268395154,0.2658027632549723,0.05672572207022779,False,False,0.1392857142857143,0,0,56.60990657806396,False,True,22.609329982655385,50.0,Atencao,Atencao: sinais iniciais de risco,24.584367072334658
1777746206.851309,898,True,0.3307409808995711,0.11928623996496139,0.22501361043226625,0.42993433085216215,False,False,0.13912009512485138,0,0,66.97472267150879,False,True,23.10479815270898,50.0,Atencao,Atencao: cabeca inclinada,24.479153928357995
1777746206.8930962,899,True,0.3505707142759609,0.18908348137550615,0.26982709782573355,0.4114266019418718,False,False,0.13895486935866982,0,0,77.55368461608887,False,True,23.61102770708802,50.0,Atencao,Atencao: cabeca inclinada,24.41553460930429
1777746206.9301429,900,True,0.35344413294804333,0.13160808285224973,0.24252610790014653,0.2840349424301221,False,False,0.1387900355871886,0,0,80.0,False,True,23.71067883270491,50.0,Atencao,Atencao: cabeca inclinada,24.67638439673638
1777746206.9687648,901,False,0.0,0.0,0.0,0.0,False,False,0.1387900355871886,0,0,0.0,False,False,19.71067883270491,50.0,Atencao,Atencao: sinais iniciais de risco,24.81277699476017
1777746207.0086937,902,False,0.0,0.0,0.0,0.0,False,False,0.1387900355871886,0,0,0.0,False,False,19.71067883270491,50.46583731969198,Atencao,Atencao: sinais iniciais de risco,24.79970875728286
1777746207.0487382,903,False,0.0,0.0,0.0,0.0,False,False,0.1387900355871886,0,0,0.0,False,False,19.71067883270491,50.93302369117737,Atencao,Atencao: sinais iniciais de risco,24.78416996493709
1777746207.091341,904,False,0.0,0.0,0.0,0.0,False,False,0.1387900355871886,0,0,0.0,False,False,19.71067883270491,51.43005609512329,Atencao,Atencao: sinais iniciais de risco,24.678130900587604
1777746207.1317456,905,False,0.0,0.0,0.0,0.0,False,False,0.1387900355871886,0,0,0.0,False,False,19.71067883270491,51.90144260724386,Atencao,Atencao: sinais iniciais de risco,24.711412037976885
1777746207.1850345,906,False,0.0,0.0,0.0,0.0,False,False,0.1387900355871886,0,0,0.0,False,False,19.71067883270491,52.523146867752075,Atencao,Atencao: sinais iniciais de risco,24.108490364564386
1777746207.2312462,907,False,0.0,0.0,0.0,0.0,False,False,0.1387900355871886,0,0,0.0,False,False,19.71067883270491,53.06228359540304,Atencao,Atencao: sinais iniciais de risco,23.86836435423574
1777746207.2763114,908,False,0.0,0.0,0.0,0.0,False,False,0.1387900355871886,0,0,0.0,False,False,19.71067883270491,53.5880438486735,Atencao,Atencao: sinais iniciais de risco,23.656046043223956
1777746207.3252625,909,False,0.0,0.0,0.0,0.0,False,False,0.1387900355871886,0,0,0.0,False,False,19.71067883270491,54.15914058685303,Atencao,Atencao: sinais iniciais de risco,23.372213443540975
1777746207.3649077,910,False,0.0,0.0,0.0,0.0,False,False,0.1387900355871886,0,0,0.0,False,False,19.71067883270491,54.62166786193848,Atencao,Atencao: sinais iniciais de risco,23.576520675612848
1777746207.399029,911,False,0.0,0.0,0.0,0.0,False,False,0.1387900355871886,0,0,0.0,False,False,19.71067883270491,55.01974940299988,Atencao,Atencao: sinais iniciais de risco,24.135145224107696
1777746207.4333785,912,False,0.0,0.0,0.0,0.0,False,False,0.1387900355871886,0,0,0.0,False,False,19.71067883270491,55.42049288749695,Atencao,Atencao: sinais iniciais de risco,24.615986708983616
1777746207.4690287,913,False,0.0,0.0,0.0,0.0,False,False,0.1387900355871886,0,0,0.0,False,False,19.71067883270491,55.83641250928243,Atencao,Atencao: sinais iniciais de risco,24.893048611169807
1777746207.5070376,914,False,0.0,0.0,0.0,0.0,False,False,0.1387900355871886,0,0,0.0,False,False,19.71067883270491,56.279850006103516,Atencao,Atencao: sinais iniciais de risco,25.078019624493912
1777746207.5507572,915,False,0.0,0.0,0.0,0.0,False,False,0.1387900355871886,0,0,0.0,False,False,19.71067883270491,56.78991119066874,Atencao,Atencao: sinais iniciais de risco,24.842123950502085
1777746207.5887926,916,False,0.0,0.0,0.0,0.0,False,False,0.1387900355871886,0,0,0.0,False,False,19.71067883270491,57.233657439549766,Atencao,Atencao: sinais iniciais de risco,24.99500063257998
1777746207.624949,917,False,0.0,0.0,0.0,0.0,False,False,0.1387900355871886,0,0,0.0,False,False,19.71067883270491,57.65548229217529,Atencao,Atencao: sinais iniciais de risco,25.222800567262365
1777746207.669267,918,False,0.0,0.0,0.0,0.0,False,False,0.1387900355871886,0,0,0.0,False,False,19.71067883270491,58.17252516746521,Atencao,Atencao: sinais iniciais de risco,24.996752852557073
1777746207.7164183,919,False,0.0,0.0,0.0,0.0,False,False,0.1387900355871886,0,0,0.0,False,False,19.71067883270491,58.722623984018966,Atencao,Atencao: sinais iniciais de risco,24.61574856882822
1777746207.7659976,920,False,0.0,0.0,0.0,0.0,False,False,0.1387900355871886,0,0,0.0,False,False,19.71067883270491,59.301050106684364,Atencao,Atencao: sinais iniciais de risco,24.194294731515775
1777746207.8186529,921,False,0.0,0.0,0.0,0.0,False,False,0.1387900355871886,0,0,0.0,False,False,19.71067883270491,59.91536100705465,Atencao,Atencao: sinais iniciais de risco,23.669339266844666
1777746207.8608625,922,False,0.0,0.0,0.0,0.0,False,False,0.1387900355871886,0,0,0.0,False,False,19.71067883270491,60.407806634902954,Risco por distracao,Atencao: foco visual fora da direcao,23.66935327985844
1777746207.909081,923,False,0.0,0.0,0.0,0.0,False,False,0.1387900355871886,0,0,0.0,False,False,19.71067883270491,60.97035566965739,Risco por distracao,Atencao: foco visual fora da direcao,23.326361199496894
1777746207.9595141,924,False,0.0,0.0,0.0,0.0,False,False,0.1387900355871886,0,0,0.0,False,False,19.71067883270491,61.55874252319336,Risco por distracao,Atencao: foco visual fora da direcao,23.021230214042426
1777746208.000904,925,True,0.212964892331782,0.40266822339047925,0.3078165578611306,0.014990730419578758,False,False,0.1386255924170616,0,0,80.0,False,True,23.688067896812445,50.0,Atencao,Atencao: cabeca inclinada,23.150233387947168
1777746208.0419054,926,True,0.2957931855768187,0.2882111365917938,0.29200216108430627,0.03355406096830718,False,False,0.13846153846153847,0,0,80.0,False,True,23.665510477928013,50.0,Atencao,Atencao: cabeca inclinada,23.25922917098806
1777746208.081881,927,True,0.24068346750876682,0.2985408479084754,0.2696121577086211,0.023048071736404878,False,False,0.13829787234042554,0,0,80.0,False,True,23.643006386274987,50.0,Atencao,Atencao: cabeca inclinada,23.444701711153392
1777746208.1182055,928,True,0.1298525668363027,0.20093471512823785,0.16539364098227027,0.605600311632471,True,True,0.13931523022432113,0,0,80.0,False,True,23.78289309531063,50.0,Atencao,Atencao: cabeca inclinada,23.857255053789018
1777746208.1516495,929,False,0.0,0.0,0.0,0.0,False,False,0.13931523022432113,0,0,0.0,False,False,19.765307054197205,50.0,Atencao,Atencao: sinais iniciais de risco,24.402018354116915
1777746208.191524,930,True,0.29824356728683055,0.3652654413948788,0.3317545043408547,0.36135196618066917,False,False,0.1391509433962264,0,0,70.08841285705567,False,True,23.247138258186965,50.0,Atencao,Atencao: cabeca inclinada,24.51992392935492
1777746208.228889,931,True,0.24586503838214194,0.38808417759256036,0.31697460798735116,0.26450127878227503,False,False,0.13898704358068315,0,0,69.70666885375975,False,True,23.20551483338497,50.0,Atencao,Atencao: cabeca inclinada,24.74240767642193
1777746208.2664924,932,True,0.26667798424612177,0.30058374411192007,0.28363086417902095,0.2882339051869788,False,False,0.1388235294117647,0,0,70.97428512573242,False,True,23.24641244875732,50.0,Atencao,Atencao: cabeca inclinada,24.922623076392412
1777746208.3008332,933,True,0.29651686576819253,0.553576676122222,0.42504677094520726,0.16072053255752786,False,False,0.13866039952996476,0,0,70.6438232421875,False,True,23.207458995832578,50.0,Atencao,Atencao: cabeca inclinada,25.347207308398513
1777746208.3351142,934,False,0.0,0.0,0.0,0.0,False,False,0.13866039952996476,0,0,0.0,False,False,19.675267833723204,50.0,Atencao,Atencao: sinais iniciais de risco,25.70781467528325
1777746208.3704214,935,True,0.27944435843901044,0.35675077180249637,0.3180975651207534,0.01823820934138814,False,False,0.13849765258215962,0,0,80.0,False,True,23.6528901284,50.0,Atencao,Atencao: cabeca inclinada,25.957501912807466
1777746208.408933,936,False,0.0,0.0,0.0,0.0,False,False,0.13849765258215962,0,0,0.0,False,False,19.6528901284,50.0,Atencao,Atencao: sinais iniciais de risco,25.988975008231904
1777746208.4424865,937,False,0.0,0.0,0.0,0.0,False,False,0.13849765258215962,0,0,0.0,False,False,19.6528901284,50.391458670298256,Atencao,Atencao: sinais iniciais de risco,26.332101975994693
1777746208.4806674,938,False,0.0,0.0,0.0,0.0,False,False,0.13849765258215962,0,0,0.0,False,False,19.6528901284,50.83690166473389,Atencao,Atencao: sinais iniciais de risco,26.34496143562505
1777746208.5204613,939,False,0.0,0.0,0.0,0.0,False,False,0.13849765258215962,0,0,0.0,False,False,19.6528901284,51.301164627075195,Atencao,Atencao: sinais iniciais de risco,26.220240870647903
1777746208.558485,940,False,0.0,0.0,0.0,0.0,False,False,0.13849765258215962,0,0,0.0,False,False,19.6528901284,51.74477458000183,Atencao,Atencao: sinais iniciais de risco,26.167147619354758
1777746208.6005533,941,False,0.0,0.0,0.0,0.0,False,False,0.13849765258215962,0,0,0.0,False,False,19.6528901284,52.235570748647056,Atencao,Atencao: sinais iniciais de risco,25.970486387297992
1777746208.6376915,942,False,0.0,0.0,0.0,0.0,False,False,0.13849765258215962,0,0,0.0,False,False,19.6528901284,52.66885002454122,Atencao,Atencao: sinais iniciais de risco,26.04022531218072
1777746208.673978,943,False,0.0,0.0,0.0,0.0,False,False,0.13849765258215962,0,0,0.0,False,False,19.6528901284,53.092193603515625,Atencao,Atencao: sinais iniciais de risco,26.22410218114136
1777746208.711149,944,True,0.35027076862658146,0.6525727402006128,0.5014217544135972,0.021315397466204884,False,False,0.13833528722157093,0,0,69.35725212097168,False,True,23.098427497367634,50.0,Atencao,Atencao: cabeca inclinada,26.26943995848972
1777746208.7554789,945,True,0.18467770641631948,0.4414457904327152,0.31306174842451734,0.017331882898600607,False,False,0.13817330210772832,0,0,59.524648094177245,False,True,22.58452434287456,50.0,Atencao,Atencao: sinais iniciais de risco,25.88589084677585
1777746208.7960472,946,True,0.27787706063825035,0.22903132200946807,0.2534541913238592,0.012737880703309022,False,False,0.13801169590643275,0,0,53.70258255004883,False,True,22.271200212989996,50.0,Atencao,Atencao: sinais iniciais de risco,25.737331920021248
1777746208.838189,947,False,0.0,0.0,0.0,0.0,False,False,0.13801169590643275,0,0,0.0,False,False,19.586071085487553,50.0,Atencao,Atencao: sinais iniciais de risco,25.55656150410351
1777746208.8770125,948,False,0.0,0.0,0.0,0.0,False,False,0.13801169590643275,0,0,0.0,False,False,19.586071085487553,50.45294205347697,Atencao,Atencao: sinais iniciais de risco,25.60201706791788
1777746208.9164917,949,False,0.0,0.0,0.0,0.0,False,False,0.13801169590643275,0,0,0.0,False,False,19.586071085487553,50.91353336970011,Atencao,Atencao: sinais iniciais de risco,25.573698095385794
1777746208.9571671,950,False,0.0,0.0,0.0,0.0,False,False,0.13801169590643275,0,0,0.0,False,False,19.586071085487553,51.388079722722374,Atencao,Atencao: sinais iniciais de risco,25.465093985077772
1777746208.9958766,951,False,0.0,0.0,0.0,0.0,False,False,0.13801169590643275,0,0,0.0,False,False,19.586071085487553,51.83968941370646,Atencao,Atencao: sinais iniciais de risco,25.463424667157252
1777746209.0342307,952,False,0.0,0.0,0.0,0.0,False,False,0.13801169590643275,0,0,0.0,False,False,19.586071085487553,52.28715459505717,Atencao,Atencao: sinais iniciais de risco,25.602684151211356
1777746209.0730271,953,False,0.0,0.0,0.0,0.0,False,False,0.13801169590643275,0,0,0.0,False,False,19.586071085487553,52.739779551823936,Atencao,Atencao: sinais iniciais de risco,25.601112235258437
1777746209.1051037,954,False,0.0,0.0,0.0,0.0,False,False,0.13801169590643275,0,0,0.0,False,False,19.586071085487553,53.11400651931763,Atencao,Atencao: sinais iniciais de risco,26.091529971799993
1777746209.138321,955,False,0.0,0.0,0.0,0.0,False,False,0.13801169590643275,0,0,0.0,False,False,19.586071085487553,53.501540422439575,Atencao,Atencao: sinais iniciais de risco,26.563110680716818
1777746209.1721203,956,False,0.0,0.0,0.0,0.0,False,False,0.13801169590643275,0,0,0.0,False,False,19.586071085487553,53.89586687088013,Atencao,Atencao: sinais iniciais de risco,26.834997280405545
1777746209.2079463,957,False,0.0,0.0,0.0,0.0,False,False,0.13801169590643275,0,0,0.0,False,False,19.586071085487553,54.31383649508158,Atencao,Atencao: sinais iniciais de risco,26.91106981669207
1777746209.2416983,958,False,0.0,0.0,0.0,0.0,False,False,0.13801169590643275,0,0,0.0,False,False,19.586071085487553,54.70760941505432,Atencao,Atencao: sinais iniciais de risco,27.217879285372852
1777746209.2769794,959,False,0.0,0.0,0.0,0.0,False,False,0.13801169590643275,0,0,0.0,False,False,19.586071085487553,55.11922319730123,Atencao,Atencao: sinais iniciais de risco,27.373126859923293
1777746209.3115447,960,False,0.0,0.0,0.0,0.0,False,False,0.13801169590643275,0,0,0.0,False,False,19.586071085487553,55.52248398462931,Atencao,Atencao: sinais iniciais de risco,27.528194488304624
1777746209.3476748,961,False,0.0,0.0,0.0,0.0,False,False,0.13801169590643275,0,0,0.0,False,False,19.586071085487553,55.944002866744995,Atencao,Atencao: sinais iniciais de risco,27.545757431123725
1777746209.3821437,962,False,0.0,0.0,0.0,0.0,False,False,0.13801169590643275,0,0,0.0,False,False,19.586071085487553,56.346139907836914,Atencao,Atencao: sinais iniciais de risco,27.632445940956924
1777746209.4207115,963,False,0.0,0.0,0.0,0.0,False,False,0.13801169590643275,0,0,0.0,False,False,19.586071085487553,56.79609735806783,Atencao,Atencao: sinais iniciais de risco,27.52058192120717
1777746209.455847,964,False,0.0,0.0,0.0,0.0,False,False,0.13801169590643275,0,0,0.0,False,False,19.586071085487553,57.206011613210045,Atencao,Atencao: sinais iniciais de risco,27.580118743568796
1777746209.4894783,965,False,0.0,0.0,0.0,0.0,False,False,0.13801169590643275,0,0,0.0,False,False,19.586071085487553,57.598377068837486,Atencao,Atencao: sinais iniciais de risco,27.78760917949304
1777746209.5241203,966,False,0.0,0.0,0.0,0.0,False,False,0.13801169590643275,0,0,0.0,False,False,19.586071085487553,58.00253351529439,Atencao,Atencao: sinais iniciais de risco,27.902115631336763
1777746209.560654,967,False,0.0,0.0,0.0,0.0,False,False,0.13801169590643275,0,0,0.0,False,False,19.586071085487553,58.428758780161544,Atencao,Atencao: sinais iniciais de risco,27.86404110150067
1777746209.597701,968,False,0.0,0.0,0.0,0.0,False,False,0.13801169590643275,0,0,0.0,False,False,19.586071085487553,58.86097550392151,Atencao,Atencao: sinais iniciais de risco,27.706365845649934
1777746209.6341252,969,False,0.0,0.0,0.0,0.0,False,False,0.13801169590643275,0,0,0.0,False,False,19.586071085487553,59.28592403729757,Atencao,Atencao: sinais iniciais de risco,27.757049409992135
1777746209.6711934,970,False,0.0,0.0,0.0,0.0,False,False,0.13801169590643275,0,0,0.0,False,False,19.586071085487553,59.718385537465416,Atencao,Atencao: sinais iniciais de risco,27.68084425195966
1777746209.711021,971,False,0.0,0.0,0.0,0.0,False,False,0.13801169590643275,0,0,0.0,False,False,19.586071085487553,60.183040698369346,Risco por distracao,Atencao: foco visual fora da direcao,27.415681990097983
1777746209.7490914,972,False,0.0,0.0,0.0,0.0,False,False,0.13801169590643275,0,0,0.0,False,False,19.586071085487553,60.627195835113525,Risco por distracao,Atencao: foco visual fora da direcao,27.238933187805884
1777746209.7877092,973,False,0.0,0.0,0.0,0.0,False,False,0.13801169590643275,0,0,0.0,False,False,19.586071085487553,61.07773741086324,Risco por distracao,Atencao: foco visual fora da direcao,27.188901007215254
1777746209.8280816,974,False,0.0,0.0,0.0,0.0,False,False,0.13801169590643275,0,0,0.0,False,False,19.586071085487553,61.54874841372172,Risco por distracao,Atencao: foco visual fora da direcao,26.91125027285082
1777746209.871595,975,False,0.0,0.0,0.0,0.0,False,False,0.13801169590643275,0,0,0.0,False,False,19.586071085487553,62.05640355745951,Risco por distracao,Atencao: foco visual fora da direcao,26.552513962512204
1777746209.9112368,976,False,0.0,0.0,0.0,0.0,False,False,0.13801169590643275,0,0,0.0,False,False,19.586071085487553,62.51889189084371,Risco por distracao,Atencao: foco visual fora da direcao,26.36971939740807
1777746209.94993,977,False,0.0,0.0,0.0,0.0,False,False,0.13801169590643275,0,0,0.0,False,False,19.586071085487553,62.970312436421715,Risco por distracao,Atencao: foco visual fora da direcao,26.321322005010458
1777746209.9896333,978,False,0.0,0.0,0.0,0.0,False,False,0.13801169590643275,0,0,0.0,False,False,19.586071085487553,63.433518409729004,Risco por distracao,Atencao: foco visual fora da direcao,26.24939953848783
1777746210.0269537,979,False,0.0,0.0,0.0,0.0,False,False,0.13801169590643275,0,0,0.0,False,False,19.586071085487553,63.86892278989156,Risco por distracao,Atencao: foco visual fora da direcao,26.305791349463554
1777746210.2431266,980,False,0.0,0.0,0.0,0.0,False,False,0.13801169590643275,0,0,0.0,False,False,19.586071085487553,66.39094034830728,Risco por distracao,Atencao: foco visual fora da direcao,24.13658408523332
1777746210.2797604,981,False,0.0,0.0,0.0,0.0,False,False,0.13801169590643275,0,0,0.0,False,False,19.586071085487553,66.81833386421204,Risco por distracao,Atencao: foco visual fora da direcao,24.453241468328997
1777746210.3156908,982,False,0.0,0.0,0.0,0.0,False,False,0.13801169590643275,0,0,0.0,False,False,19.586071085487553,67.23752180735269,Risco por distracao,Atencao: foco visual fora da direcao,24.82463623705696
1777746210.353277,983,False,0.0,0.0,0.0,0.0,False,False,0.13801169590643275,0,0,0.0,False,False,19.586071085487553,67.67602761586507,Risco por distracao,Atencao: foco visual fora da direcao,24.98369201408749
1777746210.3900056,984,False,0.0,0.0,0.0,0.0,False,False,0.13801169590643275,0,0,0.0,False,False,19.586071085487553,68.10452818870544,Risco por distracao,Atencao: foco visual fora da direcao,25.211039402164655
1777746210.4234557,985,False,0.0,0.0,0.0,0.0,False,False,0.13801169590643275,0,0,0.0,False,False,19.586071085487553,68.49477966626485,Risco por distracao,Atencao: foco visual fora da direcao,25.681788648818106
1777746210.4576147,986,False,0.0,0.0,0.0,0.0,False,False,0.13801169590643275,0,0,0.0,False,False,19.586071085487553,68.8933006922404,Risco por distracao,Atencao: foco visual fora da direcao,26.03112009821195
1777746210.4931982,987,False,0.0,0.0,0.0,0.0,False,False,0.13801169590643275,0,0,0.0,False,False,19.586071085487553,69.30844148000081,Risco por distracao,Atencao: foco visual fora da direcao,26.238567921752015
1777746210.527519,988,False,0.0,0.0,0.0,0.0,False,False,0.13801169590643275,0,0,0.0,False,False,19.586071085487553,69.70885117848714,Risco por distracao,Atencao: foco visual fora da direcao,26.547124857790212
1777746210.5648904,989,False,0.0,0.0,0.0,0.0,False,False,0.13801169590643275,0,0,0.0,False,False,19.586071085487553,70.14485081036885,Risco por distracao,Atencao: foco visual fora da direcao,26.56543727419726
1777746210.603886,990,False,0.0,0.0,0.0,0.0,False,False,0.13801169590643275,0,0,0.0,False,False,19.586071085487553,70.59979836146037,Risco por distracao,Atencao: foco visual fora da direcao,26.481287131820537
1777746210.64053,991,False,0.0,0.0,0.0,0.0,False,False,0.13801169590643275,0,0,0.0,False,False,19.586071085487553,71.02731426556905,Risco por distracao,Atencao: foco visual fora da direcao,26.506705011970524
1777746210.677241,992,False,0.0,0.0,0.0,0.0,False,False,0.13801169590643275,0,0,0.0,False,False,19.586071085487553,71.4556090037028,Risco por distracao,Atencao: foco visual fora da direcao,26.576900835126153
1777746210.7175817,993,False,0.0,0.0,0.0,0.0,False,False,0.13801169590643275,0,0,0.0,False,False,19.586071085487553,71.92625006039937,Risco por distracao,Atencao: foco visual fora da direcao,26.419142004290244
1777746210.7560065,994,False,0.0,0.0,0.0,0.0,False,False,0.13801169590643275,0,0,0.0,False,False,19.586071085487553,72.37453858057658,Risco por distracao,Atencao: foco visual fora da direcao,26.417010921070727
1777746210.791557,995,False,0.0,0.0,0.0,0.0,False,False,0.13801169590643275,0,0,0.0,False,False,19.586071085487553,72.78929551442464,Risco por distracao,Atencao: foco visual fora da direcao,26.574164538019122
1777746210.8280494,996,False,0.0,0.0,0.0,0.0,False,False,0.13801169590643275,0,0,0.0,False,False,19.586071085487553,73.2150395711263,Risco por distracao,Atencao: foco visual fora da direcao,26.682709059833172
1777746210.8656914,997,False,0.0,0.0,0.0,0.0,False,False,0.13801169590643275,0,0,0.0,False,False,19.586071085487553,73.65419626235962,Risco por distracao,Atencao: foco visual fora da direcao,26.664273070114028
1777746210.901442,998,False,0.0,0.0,0.0,0.0,False,False,0.13801169590643275,0,0,0.0,False,False,19.586071085487553,74.07128691673279,Risco por distracao,Atencao: foco visual fora da direcao,26.74325064209339
1777746210.9381075,999,False,0.0,0.0,0.0,0.0,False,False,0.13801169590643275,0,0,0.0,False,False,19.586071085487553,74.49905037879944,Risco por distracao,Atencao: foco visual fora da direcao,26.82035081403637
1777746210.9740663,1000,False,0.0,0.0,0.0,0.0,False,False,0.13801169590643275,0,0,0.0,False,False,19.586071085487553,74.91856932640076,Risco por distracao,Atencao: foco visual fora da direcao,26.950100487561446
1777746211.009358,1001,False,0.0,0.0,0.0,0.0,False,False,0.13801169590643275,0,0,0.0,False,False,19.586071085487553,75.33030549685161,Risco por distracao,Atencao: foco visual fora da direcao,27.06532644250438
1777746211.042574,1002,False,0.0,0.0,0.0,0.0,False,False,0.13801169590643275,0,0,0.0,False,False,19.586071085487553,75.7178254922231,Risco por distracao,Atencao: foco visual fora da direcao,27.400952026421766
1777746211.074678,1003,False,0.0,0.0,0.0,0.0,False,False,0.13801169590643275,0,0,0.0,False,False,19.586071085487553,76.0923723379771,Risco por distracao,Atencao: foco visual fora da direcao,27.715336525017054
1777746211.1111083,1004,False,0.0,0.0,0.0,0.0,False,False,0.13801169590643275,0,0,0.0,False,False,19.586071085487553,76.51739319165547,Risco por distracao,Atencao: foco visual fora da direcao,27.706447496193256
1777746211.1450176,1005,False,0.0,0.0,0.0,0.0,False,False,0.13801169590643275,0,0,0.0,False,False,19.586071085487553,76.9130019346873,Risco por distracao,Atencao: foco visual fora da direcao,27.86543302586694
1777746211.1809564,1006,False,0.0,0.0,0.0,0.0,False,False,0.13801169590643275,0,0,0.0,False,False,19.586071085487553,77.3322872320811,Risco por distracao,Atencao: foco visual fora da direcao,27.911101029534418
1777746211.216414,1007,False,0.0,0.0,0.0,0.0,False,False,0.13801169590643275,0,0,0.0,False,False,19.586071085487553,77.74595936139424,Risco por distracao,Atencao: foco visual fora da direcao,27.928348598572835
1777746211.2487183,1008,False,0.0,0.0,0.0,0.0,False,False,0.13801169590643275,0,0,0.0,False,False,19.586071085487553,78.12284270922343,Risco por distracao,Atencao: foco visual fora da direcao,28.16875809826335
1777746211.2818837,1009,False,0.0,0.0,0.0,0.0,False,False,0.13801169590643275,0,0,0.0,False,False,19.586071085487553,78.50977301597595,Risco por distracao,Atencao: foco visual fora da direcao,28.4411433959644
1777746211.315778,1010,False,0.0,0.0,0.0,0.0,False,False,0.13801169590643275,0,0,0.0,False,False,19.586071085487553,78.90520652135213,Risco por distracao,Atencao: foco visual fora da direcao,28.5297351836699
1777746211.3494184,1011,False,0.0,0.0,0.0,0.0,False,False,0.13801169590643275,0,0,0.0,False,False,19.586071085487553,79.29767767588298,Risco por distracao,Atencao: foco visual fora da direcao,28.660865346235333
1777746211.3864691,1012,False,0.0,0.0,0.0,0.0,False,False,0.13801169590643275,0,0,0.0,False,False,19.586071085487553,79.72993612289429,Risco por distracao,Atencao: foco visual fora da direcao,28.454784819586134
1777746211.4245203,1013,False,0.0,0.0,0.0,0.0,False,False,0.13801169590643275,0,0,0.0,False,False,19.586071085487553,80.17386595408122,Risco por distracao,Atencao: foco visual fora da direcao,28.275816569491667
1777746211.457441,1014,False,0.0,0.0,0.0,0.0,False,False,0.13801169590643275,0,0,0.0,False,False,19.586071085487553,80.5579423904419,Risco por distracao,Atencao: foco visual fora da direcao,28.414880913835525
1777746211.4947069,1015,False,0.0,0.0,0.0,0.0,False,False,0.13801169590643275,0,0,0.0,False,False,19.586071085487553,80.99270979563396,Risco por distracao,Atencao: foco visual fora da direcao,28.282597614201887
1777746211.531759,1016,False,0.0,0.0,0.0,0.0,False,False,0.13801169590643275,0,0,0.0,False,False,19.586071085487553,81.4249849319458,Risco por distracao,Atencao: foco visual fora da direcao,28.137101102417454
1777746211.5734286,1017,False,0.0,0.0,0.0,0.0,False,False,0.13801169590643275,0,0,0.0,False,False,19.586071085487553,81.91113034884135,Risco por distracao,Atencao: foco visual fora da direcao,27.75701392539631
1777746211.6117246,1018,False,0.0,0.0,0.0,0.0,False,False,0.13801169590643275,0,0,0.0,False,False,19.586071085487553,82.35791683197021,Risco por distracao,Atencao: foco visual fora da direcao,27.575608711524747
1777746211.6511502,1019,False,0.0,0.0,0.0,0.0,False,False,0.13801169590643275,0,0,0.0,False,False,19.586071085487553,82.81788229942322,Risco por distracao,Atencao: foco visual fora da direcao,27.33193707940688
1777746211.6908395,1020,False,0.0,0.0,0.0,0.0,False,False,0.13801169590643275,0,0,0.0,False,False,19.586071085487553,83.28092416127522,Risco por distracao,Atencao: foco visual fora da direcao,27.15979893653294
1777746211.7281141,1021,False,0.0,0.0,0.0,0.0,False,False,0.13801169590643275,0,0,0.0,False,False,19.586071085487553,83.7157944838206,Risco por distracao,Atencao: foco visual fora da direcao,27.105170102718184
1777746211.7687616,1022,False,0.0,0.0,0.0,0.0,False,False,0.13801169590643275,0,0,0.0,False,False,19.586071085487553,84.19001539548238,Risco por distracao,Atencao: foco visual fora da direcao,26.839419703294467
1777746211.8057294,1023,False,0.0,0.0,0.0,0.0,False,False,0.13801169590643275,0,0,0.0,False,False,19.586071085487553,84.62130586306255,Risco por distracao,Atencao: foco visual fora da direcao,26.84923280367808
1777746211.842081,1024,False,0.0,0.0,0.0,0.0,False,False,0.13801169590643275,0,0,0.0,False,False,19.586071085487553,85.0,Risco por distracao,Atencao: foco visual fora da direcao,26.958471955692147
1777746211.8806813,1025,False,0.0,0.0,0.0,0.0,False,False,0.13801169590643275,0,0,0.0,False,False,19.586071085487553,85.0,Risco por distracao,Atencao: foco visual fora da direcao,26.82473676109801
1777746211.91669,1026,False,0.0,0.0,0.0,0.0,False,False,0.13801169590643275,0,0,0.0,False,False,19.586071085487553,85.0,Risco por distracao,Atencao: foco visual fora da direcao,26.955709107726022
1777746211.953765,1027,False,0.0,0.0,0.0,0.0,False,False,0.13801169590643275,0,0,0.0,False,False,19.586071085487553,85.0,Risco por distracao,Atencao: foco visual fora da direcao,26.959055121670637
1777746211.9903922,1028,False,0.0,0.0,0.0,0.0,False,False,0.13801169590643275,0,0,0.0,False,False,19.586071085487553,85.0,Risco por distracao,Atencao: foco visual fora da direcao,26.968235712703464
1777746212.0298536,1029,False,0.0,0.0,0.0,0.0,False,False,0.13801169590643275,0,0,0.0,False,False,19.586071085487553,85.0,Risco por distracao,Atencao: foco visual fora da direcao,26.74624923584161
1777746212.0661857,1030,False,0.0,0.0,0.0,0.0,False,False,0.13801169590643275,0,0,0.0,False,False,19.586071085487553,85.0,Risco por distracao,Atencao: foco visual fora da direcao,26.903843635347194
1777746212.0990465,1031,False,0.0,0.0,0.0,0.0,False,False,0.13801169590643275,0,0,0.0,False,False,19.586071085487553,85.0,Risco por distracao,Atencao: foco visual fora da direcao,27.22449169695093
1777746212.1319463,1032,False,0.0,0.0,0.0,0.0,False,False,0.13801169590643275,0,0,0.0,False,False,19.586071085487553,85.0,Risco por distracao,Atencao: foco visual fora da direcao,27.60762294308957
1777746212.1670206,1033,False,0.0,0.0,0.0,0.0,False,False,0.13801169590643275,0,0,0.0,False,False,19.586071085487553,85.0,Risco por distracao,Atencao: foco visual fora da direcao,27.688092606018206
1777746212.200015,1034,False,0.0,0.0,0.0,0.0,False,False,0.13801169590643275,0,0,0.0,False,False,19.586071085487553,85.0,Risco por distracao,Atencao: foco visual fora da direcao,27.892527125811178
1777746212.2331288,1035,False,0.0,0.0,0.0,0.0,False,False,0.13801169590643275,0,0,0.0,False,False,19.586071085487553,85.0,Risco por distracao,Atencao: foco visual fora da direcao,28.129066266345692
1777746212.2691426,1036,False,0.0,0.0,0.0,0.0,False,False,0.13801169590643275,0,0,0.0,False,False,19.586071085487553,85.0,Risco por distracao,Atencao: foco visual fora da direcao,28.111821889030193
1777746212.303467,1037,False,0.0,0.0,0.0,0.0,False,False,0.13801169590643275,0,0,0.0,False,False,19.586071085487553,85.0,Risco por distracao,Atencao: foco visual fora da direcao,28.238394550740647
1777746212.3346138,1038,False,0.0,0.0,0.0,0.0,False,False,0.13801169590643275,0,0,0.0,False,False,19.586071085487553,85.0,Risco por distracao,Atencao: foco visual fora da direcao,28.54691614256198
1777746212.3697698,1039,False,0.0,0.0,0.0,0.0,False,False,0.13801169590643275,0,0,0.0,False,False,19.586071085487553,85.0,Risco por distracao,Atencao: foco visual fora da direcao,28.606920131313508
1777746212.4030035,1040,False,0.0,0.0,0.0,0.0,False,False,0.13801169590643275,0,0,0.0,False,False,19.586071085487553,85.0,Risco por distracao,Atencao: foco visual fora da direcao,28.737785942843285
1777746212.4393344,1041,False,0.0,0.0,0.0,0.0,False,False,0.13801169590643275,0,0,0.0,False,False,19.586071085487553,85.0,Risco por distracao,Atencao: foco visual fora da direcao,28.61706875435935
1777746212.4734752,1042,False,0.0,0.0,0.0,0.0,False,False,0.13801169590643275,0,0,0.0,False,False,19.586071085487553,85.0,Risco por distracao,Atencao: foco visual fora da direcao,28.676502758462643
1777746212.507331,1043,False,0.0,0.0,0.0,0.0,False,False,0.13801169590643275,0,0,0.0,False,False,19.586071085487553,85.0,Risco por distracao,Atencao: foco visual fora da direcao,28.76276553343425
1777746212.5433834,1044,False,0.0,0.0,0.0,0.0,False,False,0.13801169590643275,0,0,0.0,False,False,19.586071085487553,85.0,Risco por distracao,Atencao: foco visual fora da direcao,28.608377317019443
1777746212.5823011,1045,False,0.0,0.0,0.0,0.0,False,False,0.13801169590643275,0,0,0.0,False,False,19.586071085487553,85.0,Risco por distracao,Atencao: foco visual fora da direcao,28.381752745697035
1777746212.622431,1046,False,0.0,0.0,0.0,0.0,False,False,0.13801169590643275,0,0,0.0,False,False,19.586071085487553,85.0,Risco por distracao,Atencao: foco visual fora da direcao,28.028031001773748
1777746212.6591566,1047,False,0.0,0.0,0.0,0.0,False,False,0.13801169590643275,0,0,0.0,False,False,19.586071085487553,85.0,Risco por distracao,Atencao: foco visual fora da direcao,27.908387051308633
1777746212.700605,1048,False,0.0,0.0,0.0,0.0,False,False,0.13801169590643275,0,0,0.0,False,False,19.586071085487553,85.0,Risco por distracao,Atencao: foco visual fora da direcao,27.53621464656716
1777746212.7394814,1049,False,0.0,0.0,0.0,0.0,False,False,0.13801169590643275,0,0,0.0,False,False,19.586071085487553,85.0,Risco por distracao,Atencao: foco visual fora da direcao,27.364111061217933
1777746212.7760768,1050,False,0.0,0.0,0.0,0.0,False,False,0.13801169590643275,0,0,0.0,False,False,19.586071085487553,85.0,Risco por distracao,Atencao: foco visual fora da direcao,27.34799635907585
1777746212.8148658,1051,False,0.0,0.0,0.0,0.0,False,False,0.13801169590643275,0,0,0.0,False,False,19.586071085487553,85.0,Risco por distracao,Atencao: foco visual fora da direcao,27.218754379017792
1777746212.8550286,1052,False,0.0,0.0,0.0,0.0,False,False,0.13801169590643275,0,0,0.0,False,False,19.586071085487553,85.0,Risco por distracao,Atencao: foco visual fora da direcao,26.935344269665446
1777746212.894207,1053,False,0.0,0.0,0.0,0.0,False,False,0.13801169590643275,0,0,0.0,False,False,19.586071085487553,85.0,Risco por distracao,Atencao: foco visual fora da direcao,26.862114582556043
1777746212.9319205,1054,False,0.0,0.0,0.0,0.0,False,False,0.13801169590643275,0,0,0.0,False,False,19.586071085487553,85.0,Risco por distracao,Atencao: foco visual fora da direcao,26.78888178776488
1777746212.9690304,1055,False,0.0,0.0,0.0,0.0,False,False,0.13801169590643275,0,0,0.0,False,False,19.586071085487553,85.0,Risco por distracao,Atencao: foco visual fora da direcao,26.81200985596777
1777746213.0056355,1056,False,0.0,0.0,0.0,0.0,False,False,0.13801169590643275,0,0,0.0,False,False,19.586071085487553,85.0,Risco por distracao,Atencao: foco visual fora da direcao,26.90001748616092
1777746213.0391593,1057,False,0.0,0.0,0.0,0.0,False,False,0.13801169590643275,0,0,0.0,False,False,19.586071085487553,85.0,Risco por distracao,Atencao: foco visual fora da direcao,27.17438403093295
1777746213.0709233,1058,False,0.0,0.0,0.0,0.0,False,False,0.13801169590643275,0,0,0.0,False,False,19.586071085487553,85.0,Risco por distracao,Atencao: foco visual fora da direcao,27.632980539717188
1777746213.1063297,1059,False,0.0,0.0,0.0,0.0,False,False,0.13801169590643275,0,0,0.0,False,False,19.586071085487553,85.0,Risco por distracao,Atencao: foco visual fora da direcao,27.675282460209417
1777746213.1395783,1060,False,0.0,0.0,0.0,0.0,False,False,0.13801169590643275,0,0,0.0,False,False,19.586071085487553,85.0,Risco por distracao,Atencao: foco visual fora da direcao,27.886267221405276
1777746213.175779,1061,False,0.0,0.0,0.0,0.0,False,False,0.13801169590643275,0,0,0.0,False,False,19.586071085487553,85.0,Risco por distracao,Atencao: foco visual fora da direcao,27.890273536386267
1777746213.208964,1062,False,0.0,0.0,0.0,0.0,False,False,0.13801169590643275,0,0,0.0,False,False,19.586071085487553,85.0,Risco por distracao,Atencao: foco visual fora da direcao,28.12071572012799
1777746213.2415087,1063,False,0.0,0.0,0.0,0.0,False,False,0.13801169590643275,0,0,0.0,False,False,19.586071085487553,85.0,Risco por distracao,Atencao: foco visual fora da direcao,28.376768789188308
1777746213.2718751,1064,False,0.0,0.0,0.0,0.0,False,False,0.13801169590643275,0,0,0.0,False,False,19.586071085487553,85.0,Risco por distracao,Atencao: foco visual fora da direcao,28.76957735275164
1777746213.3055806,1065,False,0.0,0.0,0.0,0.0,False,False,0.13801169590643275,0,0,0.0,False,False,19.586071085487553,85.0,Risco por distracao,Atencao: foco visual fora da direcao,28.83990737833631
1777746213.342554,1066,False,0.0,0.0,0.0,0.0,False,False,0.13801169590643275,0,0,0.0,False,False,19.586071085487553,85.0,Risco por distracao,Atencao: foco visual fora da direcao,28.73478280514022
1777746213.3757277,1067,False,0.0,0.0,0.0,0.0,False,False,0.13801169590643275,0,0,0.0,False,False,19.586071085487553,85.0,Risco por distracao,Atencao: foco visual fora da direcao,28.874559838163556
1777746213.4076426,1068,False,0.0,0.0,0.0,0.0,False,False,0.13801169590643275,0,0,0.0,False,False,19.586071085487553,85.0,Risco por distracao,Atencao: foco visual fora da direcao,29.051017081195635
1777746213.442446,1069,False,0.0,0.0,0.0,0.0,False,False,0.13801169590643275,0,0,0.0,False,False,19.586071085487553,85.0,Risco por distracao,Atencao: foco visual fora da direcao,29.04911121139325
1777746213.4747515,1070,False,0.0,0.0,0.0,0.0,False,False,0.13801169590643275,0,0,0.0,False,False,19.586071085487553,85.0,Risco por distracao,Atencao: foco visual fora da direcao,29.2783085933984
1777746213.5079358,1071,False,0.0,0.0,0.0,0.0,False,False,0.13801169590643275,0,0,0.0,False,False,19.586071085487553,85.0,Risco por distracao,Atencao: foco visual fora da direcao,29.32918592942591
1777746213.543801,1072,False,0.0,0.0,0.0,0.0,False,False,0.13801169590643275,0,0,0.0,False,False,19.586071085487553,85.0,Risco por distracao,Atencao: foco visual fora da direcao,29.20714317764023
1777746213.5808885,1073,False,0.0,0.0,0.0,0.0,False,False,0.13801169590643275,0,0,0.0,False,False,19.586071085487553,85.0,Risco por distracao,Atencao: foco visual fora da direcao,28.983605993830633
1777746213.6176374,1074,False,0.0,0.0,0.0,0.0,False,False,0.13801169590643275,0,0,0.0,False,False,19.586071085487553,85.0,Risco por distracao,Atencao: foco visual fora da direcao,28.756185566421543
1777746213.6604607,1075,False,0.0,0.0,0.0,0.0,False,False,0.13801169590643275,0,0,0.0,False,False,19.586071085487553,85.0,Risco por distracao,Atencao: foco visual fora da direcao,28.228194262066125
1777746213.6987414,1076,False,0.0,0.0,0.0,0.0,False,False,0.13801169590643275,0,0,0.0,False,False,19.586071085487553,85.0,Risco por distracao,Atencao: foco visual fora da direcao,28.044837440622665
1777746213.7409365,1077,False,0.0,0.0,0.0,0.0,False,False,0.13801169590643275,0,0,0.0,False,False,19.586071085487553,85.0,Risco por distracao,Atencao: foco visual fora da direcao,27.585827985429056
1777746213.7803154,1078,False,0.0,0.0,0.0,0.0,False,False,0.13801169590643275,0,0,0.0,False,False,19.586071085487553,85.0,Risco por distracao,Atencao: foco visual fora da direcao,27.376379756528898
1777746213.8179562,1079,False,0.0,0.0,0.0,0.0,False,False,0.13801169590643275,0,0,0.0,False,False,19.586071085487553,85.0,Risco por distracao,Atencao: foco visual fora da direcao,27.27706233030741
1777746213.85935,1080,False,0.0,0.0,0.0,0.0,False,False,0.13801169590643275,0,0,0.0,False,False,19.586071085487553,85.0,Risco por distracao,Atencao: foco visual fora da direcao,26.984899445673776
1777746213.8985512,1081,False,0.0,0.0,0.0,0.0,False,False,0.13801169590643275,0,0,0.0,False,False,19.586071085487553,85.0,Risco por distracao,Atencao: foco visual fora da direcao,26.839683562688588
1777746213.936421,1082,False,0.0,0.0,0.0,0.0,False,False,0.13801169590643275,0,0,0.0,False,False,19.586071085487553,85.0,Risco por distracao,Atencao: foco visual fora da direcao,26.81767552611275
1777746213.9760208,1083,False,0.0,0.0,0.0,0.0,False,False,0.13801169590643275,0,0,0.0,False,False,19.586071085487553,85.0,Risco por distracao,Atencao: foco visual fora da direcao,26.615193544866404
1777746214.026537,1084,False,0.0,0.0,0.0,0.0,False,False,0.13801169590643275,0,0,0.0,False,False,19.586071085487553,85.0,Risco por distracao,Atencao: foco visual fora da direcao,25.960235645376166
1777746214.066346,1085,False,0.0,0.0,0.0,0.0,False,False,0.13801169590643275,0,0,0.0,False,False,19.586071085487553,85.0,Risco por distracao,Atencao: foco visual fora da direcao,25.86606345169818
1777746214.1104414,1086,False,0.0,0.0,0.0,0.0,False,False,0.13801169590643275,0,0,0.0,False,False,19.586071085487553,85.0,Risco por distracao,Atencao: foco visual fora da direcao,25.53689536592667
1777746214.1457257,1087,False,0.0,0.0,0.0,0.0,False,False,0.13801169590643275,0,0,0.0,False,False,19.586071085487553,85.0,Risco por distracao,Atencao: foco visual fora da direcao,25.84314325349327
1777746214.178952,1088,False,0.0,0.0,0.0,0.0,False,False,0.13801169590643275,0,0,0.0,False,False,19.586071085487553,85.0,Risco por distracao,Atencao: foco visual fora da direcao,26.254320712506654
1777746214.2120676,1089,False,0.0,0.0,0.0,0.0,False,False,0.13801169590643275,0,0,0.0,False,False,19.586071085487553,85.0,Risco por distracao,Atencao: foco visual fora da direcao,26.646863697730588
1777746214.2482002,1090,False,0.0,0.0,0.0,0.0,False,False,0.13801169590643275,0,0,0.0,False,False,19.586071085487553,85.0,Risco por distracao,Atencao: foco visual fora da direcao,26.779951420179998
1777746214.2813475,1091,False,0.0,0.0,0.0,0.0,False,False,0.13801169590643275,0,0,0.0,False,False,19.586071085487553,85.0,Risco por distracao,Atencao: foco visual fora da direcao,27.0554592794777
1777746214.3145456,1092,False,0.0,0.0,0.0,0.0,False,False,0.13801169590643275,0,0,0.0,False,False,19.586071085487553,85.0,Risco por distracao,Atencao: foco visual fora da direcao,27.42250643842256
1777746214.350487,1093,False,0.0,0.0,0.0,0.0,False,False,0.13801169590643275,0,0,0.0,False,False,19.586071085487553,85.0,Risco por distracao,Atencao: foco visual fora da direcao,27.40729548393085
1777746214.386612,1094,False,0.0,0.0,0.0,0.0,False,False,0.13801169590643275,0,0,0.0,False,False,19.586071085487553,85.0,Risco por distracao,Atencao: foco visual fora da direcao,27.472378455283536
1777746214.4202025,1095,False,0.0,0.0,0.0,0.0,False,False,0.13801169590643275,0,0,0.0,False,False,19.586071085487553,85.0,Risco por distracao,Atencao: foco visual fora da direcao,27.677536184322484
1777746214.4590297,1096,False,0.0,0.0,0.0,0.0,False,False,0.13801169590643275,0,0,0.0,False,False,19.586071085487553,85.0,Risco por distracao,Atencao: foco visual fora da direcao,27.520251065847987
1777746214.49393,1097,False,0.0,0.0,0.0,0.0,False,False,0.13801169590643275,0,0,0.0,False,False,19.586071085487553,85.0,Risco por distracao,Atencao: foco visual fora da direcao,27.632135827525897
1777746214.5308905,1098,False,0.0,0.0,0.0,0.0,False,False,0.13801169590643275,0,0,0.0,False,False,19.586071085487553,85.0,Risco por distracao,Atencao: foco visual fora da direcao,27.55710151263338
1777746214.5722432,1099,False,0.0,0.0,0.0,0.0,False,False,0.13801169590643275,0,0,0.0,False,False,19.586071085487553,85.0,Risco por distracao,Atencao: foco visual fora da direcao,27.21784840193356
1777746214.622549,1100,False,0.0,0.0,0.0,0.0,False,False,0.13801169590643275,0,0,0.0,False,False,19.586071085487553,85.0,Risco por distracao,Atencao: foco visual fora da direcao,26.489187284049564
1777746214.6682112,1101,False,0.0,0.0,0.0,0.0,False,False,0.13801169590643275,0,0,0.0,False,False,19.586071085487553,85.0,Risco por distracao,Atencao: foco visual fora da direcao,26.017347830226996
1777746214.7143946,1102,False,0.0,0.0,0.0,0.0,False,False,0.13801169590643275,0,0,0.0,False,False,19.586071085487553,85.0,Risco por distracao,Atencao: foco visual fora da direcao,25.580705691379613
1777746214.752927,1103,False,0.0,0.0,0.0,0.0,False,False,0.13801169590643275,0,0,0.0,False,False,19.586071085487553,85.0,Risco por distracao,Atencao: foco visual fora da direcao,25.630183453863292
1777746214.7908974,1104,False,0.0,0.0,0.0,0.0,False,False,0.13801169590643275,0,0,0.0,False,False,19.586071085487553,85.0,Risco por distracao,Atencao: foco visual fora da direcao,25.66652566333228
1777746214.8329375,1105,False,0.0,0.0,0.0,0.0,False,False,0.13801169590643275,0,0,0.0,False,False,19.586071085487553,85.0,Risco por distracao,Atencao: foco visual fora da direcao,25.485050651141698
1777746214.877308,1106,False,0.0,0.0,0.0,0.0,False,False,0.13801169590643275,0,0,0.0,False,False,19.586071085487553,85.0,Risco por distracao,Atencao: foco visual fora da direcao,25.217016091612432
1777746214.9167435,1107,False,0.0,0.0,0.0,0.0,False,False,0.13801169590643275,0,0,0.0,False,False,19.586071085487553,85.0,Risco por distracao,Atencao: foco visual fora da direcao,25.199120268388466
1777746214.9596083,1108,False,0.0,0.0,0.0,0.0,False,False,0.13801169590643275,0,0,0.0,False,False,19.586071085487553,85.0,Risco por distracao,Atencao: foco visual fora da direcao,25.031142236678047
1777746214.9967306,1109,False,0.0,0.0,0.0,0.0,False,False,0.13801169590643275,0,0,0.0,False,False,19.586071085487553,85.0,Risco por distracao,Atencao: foco visual fora da direcao,25.20988471681872
1777746215.041701,1110,False,0.0,0.0,0.0,0.0,False,False,0.13801169590643275,0,0,0.0,False,False,19.586071085487553,85.0,Risco por distracao,Atencao: foco visual fora da direcao,24.89551521843243
1777746215.2643597,1111,False,0.0,0.0,0.0,0.0,False,False,0.13801169590643275,0,0,0.0,False,False,19.586071085487553,85.0,Risco por distracao,Atencao: foco visual fora da direcao,22.85519938948064
1777746215.2996488,1112,False,0.0,0.0,0.0,0.0,False,False,0.13801169590643275,0,0,0.0,False,False,19.586071085487553,85.0,Risco por distracao,Atencao: foco visual fora da direcao,23.362764890193795
1777746215.3364565,1113,False,0.0,0.0,0.0,0.0,False,False,0.13801169590643275,0,0,0.0,False,False,19.586071085487553,85.0,Risco por distracao,Atencao: foco visual fora da direcao,23.813447657510302
1777746215.3734818,1114,False,0.0,0.0,0.0,0.0,False,False,0.13801169590643275,0,0,0.0,False,False,19.586071085487553,85.0,Risco por distracao,Atencao: foco visual fora da direcao,24.134447717073456
1777746215.410271,1115,False,0.0,0.0,0.0,0.0,False,False,0.13801169590643275,0,0,0.0,False,False,19.586071085487553,85.0,Risco por distracao,Atencao: foco visual fora da direcao,24.440958993074847
1777746215.4439056,1116,False,0.0,0.0,0.0,0.0,False,False,0.13801169590643275,0,0,0.0,False,False,19.586071085487553,85.0,Risco por distracao,Atencao: foco visual fora da direcao,24.97092038901927
1777746215.4758148,1117,False,0.0,0.0,0.0,0.0,False,False,0.13801169590643275,0,0,0.0,False,False,19.586071085487553,85.0,Risco por distracao,Atencao: foco visual fora da direcao,25.578271119105644
1777746215.5102813,1118,False,0.0,0.0,0.0,0.0,False,False,0.13801169590643275,0,0,0.0,False,False,19.586071085487553,85.0,Risco por distracao,Atencao: foco visual fora da direcao,25.926094625342962
1777746215.5457788,1119,False,0.0,0.0,0.0,0.0,False,False,0.13801169590643275,0,0,0.0,False,False,19.586071085487553,85.0,Risco por distracao,Atencao: foco visual fora da direcao,26.183056303647756
1777746215.5821326,1120,False,0.0,0.0,0.0,0.0,False,False,0.13801169590643275,0,0,0.0,False,False,19.586071085487553,85.0,Risco por distracao,Atencao: foco visual fora da direcao,26.268096333698885
1777746215.6232018,1121,False,0.0,0.0,0.0,0.0,False,False,0.13801169590643275,0,0,0.0,False,False,19.586071085487553,85.0,Risco por distracao,Atencao: foco visual fora da direcao,26.123939165495006
1777746215.6612918,1122,False,0.0,0.0,0.0,0.0,False,False,0.13801169590643275,0,0,0.0,False,False,19.586071085487553,85.0,Risco por distracao,Atencao: foco visual fora da direcao,26.10805761297711
1777746215.7035427,1123,False,0.0,0.0,0.0,0.0,False,False,0.13801169590643275,0,0,0.0,False,False,19.586071085487553,85.0,Risco por distracao,Atencao: foco visual fora da direcao,25.879179688721106
1777746215.7411556,1124,False,0.0,0.0,0.0,0.0,False,False,0.13801169590643275,0,0,0.0,False,False,19.586071085487553,85.0,Risco por distracao,Atencao: foco visual fora da direcao,25.92153937410298
1777746215.7763567,1125,False,0.0,0.0,0.0,0.0,False,False,0.13801169590643275,0,0,0.0,False,False,19.586071085487553,85.0,Risco por distracao,Atencao: foco visual fora da direcao,26.191426473952433
1777746215.8147862,1126,False,0.0,0.0,0.0,0.0,False,False,0.13801169590643275,0,0,0.0,False,False,19.586071085487553,85.0,Risco por distracao,Atencao: foco visual fora da direcao,26.185344425104603
1777746215.857732,1127,False,0.0,0.0,0.0,0.0,False,False,0.13801169590643275,0,0,0.0,False,False,19.586071085487553,85.0,Risco por distracao,Atencao: foco visual fora da direcao,25.852519043182586
1777746215.9016237,1128,False,0.0,0.0,0.0,0.0,False,False,0.13801169590643275,0,0,0.0,False,False,19.586071085487553,85.0,Risco por distracao,Atencao: foco visual fora da direcao,25.591951097263635
1777746215.9420872,1129,False,0.0,0.0,0.0,0.0,False,False,0.13801169590643275,0,0,0.0,False,False,19.586071085487553,85.0,Risco por distracao,Atencao: foco visual fora da direcao,25.46028219316127
1777746215.9820735,1130,False,0.0,0.0,0.0,0.0,False,False,0.13801169590643275,0,0,0.0,False,False,19.586071085487553,85.0,Risco por distracao,Atencao: foco visual fora da direcao,25.41330433605885
1777746216.0164704,1131,False,0.0,0.0,0.0,0.0,False,False,0.13801169590643275,0,0,0.0,False,False,19.586071085487553,85.0,Risco por distracao,Atencao: foco visual fora da direcao,25.83382232924002
1777746216.0531101,1132,False,0.0,0.0,0.0,0.0,False,False,0.13801169590643275,0,0,0.0,False,False,19.586071085487553,85.0,Risco por distracao,Atencao: foco visual fora da direcao,25.965308345893458
1777746216.0885906,1133,False,0.0,0.0,0.0,0.0,False,False,0.13801169590643275,0,0,0.0,False,False,19.586071085487553,85.0,Risco por distracao,Atencao: foco visual fora da direcao,26.183276685563413
1777746216.123311,1134,False,0.0,0.0,0.0,0.0,False,False,0.13801169590643275,0,0,0.0,False,False,19.586071085487553,85.0,Risco por distracao,Atencao: foco visual fora da direcao,26.43244764048876
1777746216.154588,1135,False,0.0,0.0,0.0,0.0,False,False,0.13801169590643275,0,0,0.0,False,False,19.586071085487553,85.0,Risco por distracao,Atencao: foco visual fora da direcao,26.89918748019724
1777746216.190401,1136,False,0.0,0.0,0.0,0.0,False,False,0.13801169590643275,0,0,0.0,False,False,19.586071085487553,85.0,Risco por distracao,Atencao: foco visual fora da direcao,27.06957427240844
1777746216.225922,1137,False,0.0,0.0,0.0,0.0,False,False,0.13801169590643275,0,0,0.0,False,False,19.586071085487553,85.0,Risco por distracao,Atencao: foco visual fora da direcao,27.15341057294446
1777746216.2611601,1138,False,0.0,0.0,0.0,0.0,False,False,0.13801169590643275,0,0,0.0,False,False,19.586071085487553,85.0,Risco por distracao,Atencao: foco visual fora da direcao,27.31393011808978
1777746216.2947013,1139,False,0.0,0.0,0.0,0.0,False,False,0.13801169590643275,0,0,0.0,False,False,19.586071085487553,85.0,Risco por distracao,Atencao: foco visual fora da direcao,27.56326076775232
1777746216.3303018,1140,False,0.0,0.0,0.0,0.0,False,False,0.13801169590643275,0,0,0.0,False,False,19.586071085487553,85.0,Risco por distracao,Atencao: foco visual fora da direcao,27.604779228812312
1777746216.3650339,1141,False,0.0,0.0,0.0,0.0,False,False,0.13801169590643275,0,0,0.0,False,False,19.586071085487553,85.0,Risco por distracao,Atencao: foco visual fora da direcao,27.678439063317416
1777746216.4003582,1142,False,0.0,0.0,0.0,0.0,False,False,0.13801169590643275,0,0,0.0,False,False,19.586071085487553,85.0,Risco por distracao,Atencao: foco visual fora da direcao,27.76861174986801
1777746216.4356513,1143,False,0.0,0.0,0.0,0.0,False,False,0.13801169590643275,0,0,0.0,False,False,19.586071085487553,85.0,Risco por distracao,Atencao: foco visual fora da direcao,27.880029073260914
1777746216.4677792,1144,False,0.0,0.0,0.0,0.0,False,False,0.13801169590643275,0,0,0.0,False,False,19.586071085487553,85.0,Risco por distracao,Atencao: foco visual fora da direcao,28.183493409882267
1777746216.501562,1145,False,0.0,0.0,0.0,0.0,False,False,0.13801169590643275,0,0,0.0,False,False,19.586071085487553,85.0,Risco por distracao,Atencao: foco visual fora da direcao,28.328361650805807
1777746216.5379791,1146,False,0.0,0.0,0.0,0.0,False,False,0.13801169590643275,0,0,0.0,False,False,19.586071085487553,85.0,Risco por distracao,Atencao: foco visual fora da direcao,28.234306069170025
1777746216.5714664,1147,False,0.0,0.0,0.0,0.0,False,False,0.13801169590643275,0,0,0.0,False,False,19.586071085487553,85.0,Risco por distracao,Atencao: foco visual fora da direcao,28.39424022115101
1777746216.6068392,1148,False,0.0,0.0,0.0,0.0,False,False,0.13801169590643275,0,0,0.0,False,False,19.586071085487553,85.0,Risco por distracao,Atencao: foco visual fora da direcao,28.36389176079255
1777746216.642921,1149,False,0.0,0.0,0.0,0.0,False,False,0.13801169590643275,0,0,0.0,False,False,19.586071085487553,85.0,Risco por distracao,Atencao: foco visual fora da direcao,28.346635474467515
1777746216.6771438,1150,False,0.0,0.0,0.0,0.0,False,False,0.13801169590643275,0,0,0.0,False,False,19.586071085487553,85.0,Risco por distracao,Atencao: foco visual fora da direcao,28.393052449784562
1777746216.716506,1151,False,0.0,0.0,0.0,0.0,False,False,0.13801169590643275,0,0,0.0,False,False,19.586071085487553,85.0,Risco por distracao,Atencao: foco visual fora da direcao,28.1137930773627
1777746216.7529187,1152,False,0.0,0.0,0.0,0.0,False,False,0.13801169590643275,0,0,0.0,False,False,19.586071085487553,85.0,Risco por distracao,Atencao: foco visual fora da direcao,27.991916104332617
1777746216.7921362,1153,False,0.0,0.0,0.0,0.0,False,False,0.13801169590643275,0,0,0.0,False,False,19.586071085487553,85.0,Risco por distracao,Atencao: foco visual fora da direcao,27.781580504150277
1777746216.8310497,1154,False,0.0,0.0,0.0,0.0,False,False,0.13801169590643275,0,0,0.0,False,False,19.586071085487553,85.0,Risco por distracao,Atencao: foco visual fora da direcao,27.56941332367306
1777746216.8687813,1155,False,0.0,0.0,0.0,0.0,False,False,0.13801169590643275,0,0,0.0,False,False,19.586071085487553,85.0,Risco por distracao,Atencao: foco visual fora da direcao,27.473858469955367
1777746216.9099836,1156,False,0.0,0.0,0.0,0.0,False,False,0.13801169590643275,0,0,0.0,False,False,19.586071085487553,85.0,Risco por distracao,Atencao: foco visual fora da direcao,27.159621846600018
1777746216.948818,1157,False,0.0,0.0,0.0,0.0,False,False,0.13801169590643275,0,0,0.0,False,False,19.586071085487553,85.0,Risco por distracao,Atencao: foco visual fora da direcao,26.991164253573977
1777746216.990881,1158,False,0.0,0.0,0.0,0.0,False,False,0.13801169590643275,0,0,0.0,False,False,19.586071085487553,85.0,Risco por distracao,Atencao: foco visual fora da direcao,26.67750417828045
1777746217.027734,1159,False,0.0,0.0,0.0,0.0,False,False,0.13801169590643275,0,0,0.0,False,False,19.586071085487553,85.0,Risco por distracao,Atencao: foco visual fora da direcao,26.713340610787558
1777746217.0660965,1160,False,0.0,0.0,0.0,0.0,False,False,0.13801169590643275,0,0,0.0,False,False,19.586071085487553,85.0,Risco por distracao,Atencao: foco visual fora da direcao,26.692529761034912
1777746217.100913,1161,False,0.0,0.0,0.0,0.0,False,False,0.13801169590643275,0,0,0.0,False,False,19.586071085487553,85.0,Risco por distracao,Atencao: foco visual fora da direcao,26.81626081026124
1777746217.135306,1162,False,0.0,0.0,0.0,0.0,False,False,0.13801169590643275,0,0,0.0,False,False,19.586071085487553,85.0,Risco por distracao,Atencao: foco visual fora da direcao,27.125360488367
1777746217.1687655,1163,False,0.0,0.0,0.0,0.0,False,False,0.13801169590643275,0,0,0.0,False,False,19.586071085487553,85.0,Risco por distracao,Atencao: foco visual fora da direcao,27.327477565581336
1777746217.2091026,1164,False,0.0,0.0,0.0,0.0,False,False,0.13801169590643275,0,0,0.0,False,False,19.586071085487553,85.0,Risco por distracao,Atencao: foco visual fora da direcao,27.129455551874244
1777746217.2486987,1165,False,0.0,0.0,0.0,0.0,False,False,0.13801169590643275,0,0,0.0,False,False,19.586071085487553,85.0,Risco por distracao,Atencao: foco visual fora da direcao,26.878169647135422
1777746217.287329,1166,False,0.0,0.0,0.0,0.0,False,False,0.13801169590643275,0,0,0.0,False,False,19.586071085487553,85.0,Risco por distracao,Atencao: foco visual fora da direcao,26.82403164204528
1777746217.3242397,1167,False,0.0,0.0,0.0,0.0,False,False,0.13801169590643275,0,0,0.0,False,False,19.586071085487553,85.0,Risco por distracao,Atencao: foco visual fora da direcao,26.855236954098615
1777746217.3612034,1168,False,0.0,0.0,0.0,0.0,False,False,0.13801169590643275,0,0,0.0,False,False,19.586071085487553,85.0,Risco por distracao,Atencao: foco visual fora da direcao,26.86922032902973
1777746217.3978114,1169,False,0.0,0.0,0.0,0.0,False,False,0.13801169590643275,0,0,0.0,False,False,19.586071085487553,85.0,Risco por distracao,Atencao: foco visual fora da direcao,26.904542298685204
1777746217.4369874,1170,False,0.0,0.0,0.0,0.0,False,False,0.13801169590643275,0,0,0.0,False,False,19.586071085487553,85.0,Risco por distracao,Atencao: foco visual fora da direcao,26.75025379194526
1777746217.4703667,1171,False,0.0,0.0,0.0,0.0,False,False,0.13801169590643275,0,0,0.0,False,False,19.586071085487553,85.0,Risco por distracao,Atencao: foco visual fora da direcao,27.10722200639245
1777746217.5065587,1172,False,0.0,0.0,0.0,0.0,False,False,0.13801169590643275,0,0,0.0,False,False,19.586071085487553,85.0,Risco por distracao,Atencao: foco visual fora da direcao,27.16788799305182
1777746217.5403209,1173,False,0.0,0.0,0.0,0.0,False,False,0.13801169590643275,0,0,0.0,False,False,19.586071085487553,85.0,Risco por distracao,Atencao: foco visual fora da direcao,27.40737003528137
1777746217.5761802,1174,False,0.0,0.0,0.0,0.0,False,False,0.13801169590643275,0,0,0.0,False,False,19.586071085487553,85.0,Risco por distracao,Atencao: foco visual fora da direcao,27.38645591807127
1777746217.616935,1175,False,0.0,0.0,0.0,0.0,False,False,0.13801169590643275,0,0,0.0,False,False,19.586071085487553,85.0,Risco por distracao,Atencao: foco visual fora da direcao,27.140370034593786
1777746217.6561942,1176,False,0.0,0.0,0.0,0.0,False,False,0.13801169590643275,0,0,0.0,False,False,19.586071085487553,85.0,Risco por distracao,Atencao: foco visual fora da direcao,26.995178080685662
1777746217.693835,1177,False,0.0,0.0,0.0,0.0,False,False,0.13801169590643275,0,0,0.0,False,False,19.586071085487553,85.0,Risco por distracao,Atencao: foco visual fora da direcao,26.956678484572347
1777746217.734266,1178,False,0.0,0.0,0.0,0.0,False,False,0.13801169590643275,0,0,0.0,False,False,19.586071085487553,85.0,Risco por distracao,Atencao: foco visual fora da direcao,26.71987989990049
1777746217.7763796,1179,False,0.0,0.0,0.0,0.0,False,False,0.13801169590643275,0,0,0.0,False,False,19.586071085487553,85.0,Risco por distracao,Atencao: foco visual fora da direcao,26.424820488452955
1777746217.8141901,1180,False,0.0,0.0,0.0,0.0,False,False,0.13801169590643275,0,0,0.0,False,False,19.586071085487553,85.0,Risco por distracao,Atencao: foco visual fora da direcao,26.44941050183076
1777746217.8492596,1181,False,0.0,0.0,0.0,0.0,False,False,0.13801169590643275,0,0,0.0,False,False,19.586071085487553,85.0,Risco por distracao,Atencao: foco visual fora da direcao,26.57782526816775
1777746217.8928561,1182,False,0.0,0.0,0.0,0.0,False,False,0.13801169590643275,0,0,0.0,False,False,19.586071085487553,85.0,Risco por distracao,Atencao: foco visual fora da direcao,26.26196311655881
1777746217.9330683,1183,False,0.0,0.0,0.0,0.0,False,False,0.13801169590643275,0,0,0.0,False,False,19.586071085487553,85.0,Risco por distracao,Atencao: foco visual fora da direcao,26.106403290878564
1777746217.9709837,1184,False,0.0,0.0,0.0,0.0,False,False,0.13801169590643275,0,0,0.0,False,False,19.586071085487553,85.0,Risco por distracao,Atencao: foco visual fora da direcao,26.116335504934597
1777746218.0085962,1185,False,0.0,0.0,0.0,0.0,False,False,0.13801169590643275,0,0,0.0,False,False,19.586071085487553,85.0,Risco por distracao,Atencao: foco visual fora da direcao,26.206178039319347
1777746218.0461552,1186,False,0.0,0.0,0.0,0.0,False,False,0.13801169590643275,0,0,0.0,False,False,19.586071085487553,85.0,Risco por distracao,Atencao: foco visual fora da direcao,26.227798528477404
1777746218.0788393,1187,False,0.0,0.0,0.0,0.0,False,False,0.13801169590643275,0,0,0.0,False,False,19.586071085487553,85.0,Risco por distracao,Atencao: foco visual fora da direcao,26.6635996774723
1777746218.1142457,1188,False,0.0,0.0,0.0,0.0,False,False,0.13801169590643275,0,0,0.0,False,False,19.586071085487553,85.0,Risco por distracao,Atencao: foco visual fora da direcao,26.8086608267772
1777746218.1491458,1189,False,0.0,0.0,0.0,0.0,False,False,0.13801169590643275,0,0,0.0,False,False,19.586071085487553,85.0,Risco por distracao,Atencao: foco visual fora da direcao,26.988059377865028
1777746218.1884294,1190,False,0.0,0.0,0.0,0.0,False,False,0.13801169590643275,0,0,0.0,False,False,19.586071085487553,85.0,Risco por distracao,Atencao: foco visual fora da direcao,26.865344736441592
1777746218.2321796,1191,False,0.0,0.0,0.0,0.0,False,False,0.13801169590643275,0,0,0.0,False,False,19.586071085487553,85.0,Risco por distracao,Atencao: foco visual fora da direcao,26.431925194170795
1777746218.2809992,1192,False,0.0,0.0,0.0,0.0,False,False,0.13801169590643275,0,0,0.0,False,False,19.586071085487553,85.0,Risco por distracao,Atencao: foco visual fora da direcao,25.867354464353724
1777746218.320256,1193,False,0.0,0.0,0.0,0.0,False,False,0.13801169590643275,0,0,0.0,False,False,19.586071085487553,85.0,Risco por distracao,Atencao: foco visual fora da direcao,25.746394059377522
1777746218.3660011,1194,False,0.0,0.0,0.0,0.0,False,False,0.13801169590643275,0,0,0.0,False,False,19.586071085487553,85.0,Risco por distracao,Atencao: foco visual fora da direcao,25.384080407829924
1777746218.4087193,1195,False,0.0,0.0,0.0,0.0,False,False,0.13801169590643275,0,0,0.0,False,False,19.586071085487553,85.0,Risco por distracao,Atencao: foco visual fora da direcao,25.218202264310285
1777746218.4496505,1196,False,0.0,0.0,0.0,0.0,False,False,0.13801169590643275,0,0,0.0,False,False,19.586071085487553,85.0,Risco por distracao,Atencao: foco visual fora da direcao,25.152913712641286
1777746218.4860625,1197,False,0.0,0.0,0.0,0.0,False,False,0.13801169590643275,0,0,0.0,False,False,19.586071085487553,85.0,Risco por distracao,Atencao: foco visual fora da direcao,25.366947024655325
1777746218.5198252,1198,False,0.0,0.0,0.0,0.0,False,False,0.13801169590643275,0,0,0.0,False,False,19.586071085487553,85.0,Risco por distracao,Atencao: foco visual fora da direcao,25.785483521698303
1777746218.5530376,1199,False,0.0,0.0,0.0,0.0,False,False,0.13801169590643275,0,0,0.0,False,False,19.586071085487553,85.0,Risco por distracao,Atencao: foco visual fora da direcao,26.20032874907759
1777746218.5935934,1200,False,0.0,0.0,0.0,0.0,False,False,0.13801169590643275,0,0,0.0,False,False,19.586071085487553,85.0,Risco por distracao,Atencao: foco visual fora da direcao,26.078965334767766
1777746218.6319814,1201,False,0.0,0.0,0.0,0.0,False,False,0.13801169590643275,0,0,0.0,False,False,19.586071085487553,85.0,Risco por distracao,Atencao: foco visual fora da direcao,26.01921604052382
1777746218.6719286,1202,False,0.0,0.0,0.0,0.0,False,False,0.13801169590643275,0,0,0.0,False,False,19.586071085487553,85.0,Risco por distracao,Atencao: foco visual fora da direcao,25.96601319699532
1777746218.708933,1203,False,0.0,0.0,0.0,0.0,False,False,0.13801169590643275,0,0,0.0,False,False,19.586071085487553,85.0,Risco por distracao,Atencao: foco visual fora da direcao,26.032208613823517
1777746218.7478435,1204,False,0.0,0.0,0.0,0.0,False,False,0.13801169590643275,0,0,0.0,False,False,19.586071085487553,85.0,Risco por distracao,Atencao: foco visual fora da direcao,26.015125535312528
1777746218.7864466,1205,False,0.0,0.0,0.0,0.0,False,False,0.13801169590643275,0,0,0.0,False,False,19.586071085487553,85.0,Risco por distracao,Atencao: foco visual fora da direcao,26.028115104225304
1777746218.8234265,1206,False,0.0,0.0,0.0,0.0,False,False,0.13801169590643275,0,0,0.0,False,False,19.586071085487553,85.0,Risco por distracao,Atencao: foco visual fora da direcao,26.134038721084078
1777746218.8580403,1207,False,0.0,0.0,0.0,0.0,False,False,0.13801169590643275,0,0,0.0,False,False,19.586071085487553,85.0,Risco por distracao,Atencao: foco visual fora da direcao,26.320861108980324
1777746218.8972235,1208,False,0.0,0.0,0.0,0.0,False,False,0.13801169590643275,0,0,0.0,False,False,19.586071085487553,85.0,Risco por distracao,Atencao: foco visual fora da direcao,26.279636510839605
1777746218.9359074,1209,False,0.0,0.0,0.0,0.0,False,False,0.13801169590643275,0,0,0.0,False,False,19.586071085487553,85.0,Risco por distracao,Atencao: foco visual fora da direcao,26.25573780304093
1777746218.9784484,1210,False,0.0,0.0,0.0,0.0,False,False,0.13801169590643275,0,0,0.0,False,False,19.586071085487553,85.0,Risco por distracao,Atencao: foco visual fora da direcao,25.99136105764837
1777746219.0131438,1211,False,0.0,0.0,0.0,0.0,False,False,0.13801169590643275,0,0,0.0,False,False,19.586071085487553,85.0,Risco por distracao,Atencao: foco visual fora da direcao,26.25087063917468
1777746219.0496664,1212,False,0.0,0.0,0.0,0.0,False,False,0.13801169590643275,0,0,0.0,False,False,19.586071085487553,85.0,Risco por distracao,Atencao: foco visual fora da direcao,26.347494114219856
1777746219.082073,1213,False,0.0,0.0,0.0,0.0,False,False,0.13801169590643275,0,0,0.0,False,False,19.586071085487553,85.0,Risco por distracao,Atencao: foco visual fora da direcao,26.79755540533239
1777746219.1172748,1214,False,0.0,0.0,0.0,0.0,False,False,0.13801169590643275,0,0,0.0,False,False,19.586071085487553,85.0,Risco por distracao,Atencao: foco visual fora da direcao,26.943792211877934
1777746219.152694,1215,True,0.15065620496716636,0.32148452748968676,0.23607036622842656,0.018127184884250414,False,False,0.1378504672897196,0,0,48.94668350219726,False,True,22.01123632579936,50.0,Atencao,Atencao: sinais iniciais de risco,27.114143288585943
1777746219.1932163,1216,False,0.0,0.0,0.0,0.0,False,False,0.1378504672897196,0,0,0.0,False,False,19.563902150689497,50.0,Atencao,Atencao: sinais iniciais de risco,26.878423825342942
1777746219.2307062,1217,False,0.0,0.0,0.0,0.0,False,False,0.1378504672897196,0,0,0.0,False,False,19.563902150689497,50.43738206227621,Atencao,Atencao: sinais iniciais de risco,26.835062675923815
1777746219.269114,1218,False,0.0,0.0,0.0,0.0,False,False,0.1378504672897196,0,0,0.0,False,False,19.563902150689497,50.885473092397056,Atencao,Atencao: sinais iniciais de risco,26.73282773651112
1777746219.3044605,1219,False,0.0,0.0,0.0,0.0,False,False,0.1378504672897196,0,0,0.0,False,False,19.563902150689497,51.29784901936849,Atencao,Atencao: sinais iniciais de risco,26.916973562377418
1777746219.3428805,1220,True,0.12629088343532807,0.4157033345127449,0.2709971089740365,0.06629197563092791,False,False,0.13768961493582263,0,0,80.0,False,True,23.54178495202866,50.0,Atencao,Atencao: cabeca inclinada,26.830603057034793
1777746219.382656,1221,True,0.12860904210221832,0.23608574661526519,0.18234739435874175,0.014543901726215412,True,False,0.1386946386946387,0,0,80.0,False,True,23.67997571886587,50.0,Atencao,Atencao: cabeca inclinada,26.68217212459374
1777746219.416686,1222,True,0.07610681405850798,0.2139729728651552,0.1450398934618316,0.1609325495384435,True,False,0.13969732246798602,0,0,76.52286491394042,False,True,23.643987983398148,50.0,Atencao,Atencao: cabeca inclinada,26.95723496448047
1777746219.4530506,1223,True,0.09761792306392023,0.27468334031920466,0.18615063169156243,0.3541434195194219,True,False,0.14069767441860465,0,0,42.0263288974762,False,True,22.056709575785,50.0,Atencao,Atencao: sinais iniciais de risco,26.97756688472433
1777746219.4958258,1224,True,0.14188998242679218,0.20640897431387156,0.17414947837033187,0.26856100469197475,True,False,0.14169570267131243,0,0,41.54172368049621,False,True,22.16970819968332,50.0,Atencao,Atencao: sinais iniciais de risco,26.63993169606701
1777746219.5341642,1225,True,0.14215037320033563,0.2916217414353737,0.21688605731785468,0.177589209589382,False,False,0.14153132250580047,0,0,46.7486496925354,False,True,22.404812741751645,50.0,Atencao,Atencao: sinais iniciais de risco,26.58121107624973
1777746219.574573,1226,True,0.2426844979902497,0.30118908615748125,0.27193679207386545,0.003919326464999458,False,False,0.1413673232908459,0,0,45.13746183352036,False,True,22.30170345674464,50.0,Atencao,Atencao: sinais iniciais de risco,26.399115846958715
1777746219.6146092,1227,True,0.2542771544231738,0.3051899053090412,0.2797335298661075,0.005079356056843572,False,False,0.1412037037037037,0,0,46.49318729422309,False,True,22.34699203654772,50.0,Atencao,Atencao: sinais iniciais de risco,26.259891954285607
1777746219.6548922,1228,True,0.3107958559389029,0.32219701208281687,0.3164964340108599,0.11549499122970058,False,False,0.14104046242774568,0,0,31.438770082051104,False,False,21.571825500494892,50.0,Atencao,Atencao: sinais iniciais de risco,26.08852899163906
1777746219.6944182,1229,True,0.3025134276891286,0.302041405801034,0.3022774167450813,0.17081867106960177,False,False,0.14087759815242495,0,0,28.81439930634065,False,False,21.418213123852773,50.0,Atencao,Atencao: sinais iniciais de risco,25.967535338718903
1777746219.7363322,1230,True,0.31088956229490206,0.31048298234352184,0.310686272319212,0.19036645279821446,False,False,0.14071510957324107,0,0,30.105414253202355,False,False,21.460421691558075,50.0,Atencao,Atencao: sinais iniciais de risco,25.81514205553716
1777746219.7765706,1231,True,0.3114634933346972,0.3162721475880636,0.3138678204613804,0.18674924587409986,False,False,0.14055299539170507,0,0,30.226570427146825,False,False,21.4441888002941,50.0,Atencao,Atencao: sinais iniciais de risco,25.702995347786988
1777746219.8172753,1232,True,0.30490962351966555,0.30715992896547417,0.30603477624256986,0.17439103546822615,False,False,0.14039125431530494,0,0,31.84301674067974,False,False,21.502771717965725,50.0,Atencao,Atencao: sinais iniciais de risco,25.544461369844246
1777746219.8593292,1233,True,0.31517829274869263,0.3103063521295062,0.3127423224390994,0.20581865397397534,False,False,0.14022988505747128,0,0,29.70041160746054,False,False,21.373453188352638,50.0,Atencao,Atencao: sinais iniciais de risco,25.38879281431535
1777746219.901382,1234,True,0.2942421169872384,0.3194364690326462,0.3068392930099423,0.22875246462891746,False,False,0.14006888633754305,0,0,29.083438434384085,False,False,21.32046720570868,50.0,Atencao,Atencao: sinais iniciais de risco,25.256455477010448
1777746219.9430425,1235,True,0.31463703463080633,0.31194134936674706,0.3132891919987767,0.18907581819059083,False,False,0.13990825688073394,0,0,26.8861390104348,False,False,21.188515684199967,50.0,Atencao,Atencao: sinais iniciais de risco,25.114583109283128
1777746219.98552,1236,True,0.3020635987964413,0.2920517555408162,0.29705767716862874,0.12805067665672612,False,False,0.13974799541809851,0,0,23.229634004966776,False,False,20.98365448281419,50.0,Atencao,Atencao: sinais iniciais de risco,24.99022680838171
1777746220.0242455,1237,True,0.2775965381748028,0.3194798276274333,0.29853818290111805,0.004494555212047522,False,False,0.13958810068649885,0,0,18.548583439602094,False,False,20.727616428951006,50.0,Atencao,Atencao: sinais iniciais de risco,24.999940801487
1777746220.06523,1238,True,0.28955173701208436,0.3341201421855203,0.3118359395988023,0.004508448365981034,False,False,0.13942857142857143,0,0,18.72043067596175,False,False,20.714273517803967,50.0,Atencao,Atencao: sinais iniciais de risco,24.978058796945124
1777746220.2931578,1239,True,0.2939807755281325,0.34074558673011784,0.3173631811291252,0.13773305087858217,False,False,0.13926940639269406,0,0,45.0678390129046,False,False,22.009758742217972,50.0,Atencao,Atencao: sinais iniciais de risco,22.91940007594217
1777746220.3270926,1240,True,0.30110774799053897,0.3311143955260046,0.3161110717582718,0.1154094993426369,False,False,0.13911060433295325,0,0,45.134355901588094,False,False,21.991249303437783,50.0,Atencao,Atencao: sinais iniciais de risco,23.57177136444998
1777746220.367583,1241,True,0.319284092636318,0.30354206926284466,0.3114130809495813,0.12796730632551528,False,False,0.13895216400911162,0,0,44.332807555794716,False,False,21.929386341619892,50.0,Atencao,Atencao: sinais iniciais de risco,23.696729061450707
1777746220.4098206,1242,True,0.2973091054982478,0.3249952308149988,0.3111521681566233,0.10901355711596085,False,False,0.13879408418657566,0,0,41.38245314576409,False,False,21.760132645519665,50.0,Atencao,Atencao: sinais iniciais de risco,23.680988751708224
1777746220.4487524,1243,True,0.30239756643991705,0.3589196001615257,0.3306585833007214,0.1619383809266216,False,False,0.13863636363636364,0,0,40.38424919843674,False,False,21.688535872499145,50.0,Atencao,Atencao: sinais iniciais de risco,23.851914690836065
1777746220.4917502,1244,True,0.3082769843415702,0.35367616020682857,0.3309765722741994,0.18409132287544147,False,False,0.13847900113507378,0,0,41.635529001734476,False,False,21.72946251873668,50.0,Atencao,Atencao: sinais iniciais de risco,23.831477036101532
1777746220.5326195,1245,True,0.3196404316784016,0.34488465590398787,0.33226254379119474,0.21216726779217493,False,False,0.1383219954648526,0,0,42.54543828205629,False,False,21.753369703097356,50.0,Atencao,Atencao: sinais iniciais de risco,23.904082794773842
1777746220.5681188,1246,True,0.3147647219710591,0.32702174437069814,0.3208932331708786,0.2150134100215843,False,False,0.13816534541336353,0,0,41.44003063927998,False,False,21.676559938878793,50.0,Atencao,Atencao: sinais iniciais de risco,24.305621426011953
1777746220.6082225,1247,True,0.27531713670906033,0.32272218324458635,0.29901965997682334,0.22693896464359667,False,False,0.13800904977375567,0,0,42.170649635791776,False,False,21.6916002382583,50.0,Atencao,Atencao: sinais iniciais de risco,24.390225736805647
1777746220.6469023,1248,True,0.20939257351043516,0.21641535447173216,0.21290396399108366,0.27620650565694216,False,False,0.13785310734463277,0,0,41.025968747247354,False,False,21.61292410982668,50.0,Atencao,Atencao: sinais iniciais de risco,24.531375570056248
1777746220.687409,1249,True,0.21711785613344756,0.2342051576911004,0.225661506912274,0.2619028385715387,False,False,0.13769751693002258,0,0,39.522607421875,False,False,21.516362361549163,50.0,Atencao,Atencao: sinais iniciais de risco,24.54642310687257
1777746220.7341144,1250,True,0.227960677631103,0.25486668062822965,0.24141367912966633,0.25055893697832615,False,False,0.1375422773393461,0,0,38.84470989704132,False,False,21.461122041589466,50.0,Atencao,Atencao: sinais iniciais de risco,24.22171078591967
1777746220.774881,1251,True,0.23908145210496815,0.22558500552277302,0.23233322881387058,0.2526017002853803,False,False,0.1373873873873874,0,0,36.06457903601906,False,False,21.300818130144027,50.0,Atencao,Atencao: sinais iniciais de risco,24.25470832764894
1777746220.815679,1252,True,0.24152858912556496,0.26832030323580996,0.25492444618068744,0.22695345957767657,False,False,0.1372328458942632,0,0,38.464337442137975,False,False,21.3995565951454,50.0,Atencao,Atencao: sinais iniciais de risco,24.268154811777457
1777746220.8554215,1253,True,0.2723279696167311,0.2715568800728785,0.2719424248448048,0.21841025297862773,False,False,0.13707865168539327,0,0,35.86833259978078,False,False,21.248554649307923,50.0,Atencao,Atencao: sinais iniciais de risco,24.35291770501428
1777746220.894557,1254,True,0.2559492869658532,0.30507354469213727,0.2805114158289952,0.21570405327490114,False,False,0.13692480359147025,0,0,35.37891403951428,False,False,21.20292960838018,50.0,Atencao,Atencao: sinais iniciais de risco,24.491708016670202
1777746220.935901,1255,True,0.2669421167367057,0.32765911244456336,0.2973006145906345,0.13540481931063836,False,False,0.1367713004484305,0,0,33.160291068662296,False,False,21.07089177766962,50.0,Atencao,Atencao: sinais iniciais de risco,24.406067005671968
1777746220.9822495,1256,True,0.2704167634833698,0.3155439231996414,0.2929803433415056,0.020732498943869616,False,False,0.1366181410974244,0,0,34.886816138570964,False,False,21.136158620401712,50.0,Atencao,Atencao: sinais iniciais de risco,24.15965534295698
1777746221.0255957,1257,True,0.2793075131331421,0.30627960448444613,0.2927935588087941,0.002012036266042027,False,False,0.13646532438478748,0,0,33.304874304207885,False,False,21.03604923069598,50.0,Atencao,Atencao: sinais iniciais de risco,24.061133205602694
1777746221.0673552,1258,True,0.26385828158583835,0.3126328933817717,0.288245587483805,0.002796367916361234,False,False,0.13631284916201117,0,0,32.24157138493928,False,False,20.961918741600808,50.0,Atencao,Atencao: sinais iniciais de risco,24.027043292320027
1777746221.1089768,1259,True,0.26390356992259906,0.2915801768787957,0.2777418734006974,0.002597478108990987,False,False,0.13616071428571427,0,0,30.813732520829547,False,False,20.8696082529045,50.0,Atencao,Atencao: sinais iniciais de risco,24.023818756377104
1777746221.1448188,1260,True,0.2864812114154588,0.3130115925661437,0.29974640199080127,0.0013220800054435477,False,False,0.13600891861761427,0,0,29.958437366377222,False,False,20.80597159081813,50.0,Atencao,Atencao: sinais iniciais de risco,24.394369725919848
1777746221.1814098,1261,True,0.28459119629933416,0.3228705272830465,0.30373086179119035,0.002437420257160819,False,False,0.1358574610244989,0,0,30.03518825471401,False,False,20.788983716181605,50.0,Atencao,Atencao: sinais iniciais de risco,24.750579375709783
1777746221.2187526,1262,True,0.2866193154597594,0.3272200716498158,0.3069196935547876,0.0027500101447693356,False,False,0.135706340378198,0,0,30.123684358596805,False,False,20.772629432509373,50.0,Atencao,Atencao: sinais iniciais de risco,24.959033400540537
1777746221.2557597,1263,True,0.2673382021589474,0.31746690083340084,0.2924025514961741,0.00970642137318042,False,False,0.13555555555555557,0,0,30.316559914567254,False,False,20.76154029719456,50.0,Atencao,Atencao: sinais iniciais de risco,25.1684723020663
1777746221.2917492,1264,True,0.26849891851194935,0.32234062373218636,0.29541977112206785,0.004804482218729125,False,False,0.13540510543840178,0,0,32.36131442893635,False,False,20.843091131804375,50.0,Atencao,Atencao: sinais iniciais de risco,25.407182340428946
1777746221.331951,1265,True,0.27870508123083215,0.31894220525199996,0.2988236432414161,0.005094415065885777,False,False,0.1352549889135255,0,0,31.105085634643377,False,False,20.759638669919234,50.0,Atencao,Atencao: sinais iniciais de risco,25.348210858568468
1777746221.3685093,1266,True,0.2837836272848046,0.3279510283643773,0.3058673278245909,0.005939780513318497,False,False,0.13510520487264674,0,0,30.535337449474763,False,False,20.710555955039975,50.0,Atencao,Atencao: sinais iniciais de risco,25.57284781674317
1777746221.4059956,1267,True,0.2735881675717424,0.3153240180808913,0.29445609282631685,0.0028918425174158,False,False,0.13495575221238937,0,0,29.377554843913423,False,False,20.632117083976517,50.0,Atencao,Atencao: sinais iniciais de risco,25.662550233947155
1777746221.4429245,1268,True,0.2852226746516154,0.3079442415248019,0.29658345808820863,0.002700723506864225,False,False,0.13480662983425415,0,0,28.88583418591456,False,False,20.587026724082982,50.0,Atencao,Atencao: sinais iniciais de risco,25.82219012180371
1777746221.4808538,1269,True,0.2761898903947649,0.32034452394808893,0.2982672071714269,0.00502602832224425,False,False,0.1346578366445916,0,0,29.21563586159186,False,False,20.583057744288247,50.0,Atencao,Atencao: sinais iniciais de risco,25.826028640963386
1777746221.5208752,1270,True,0.2825745758749049,0.3157424818566529,0.29915852886577887,0.002675642452014389,False,False,0.1345093715545755,0,0,28.504064899412068,False,False,20.527065246302044,50.0,Atencao,Atencao: sinais iniciais de risco,25.798213191387568
1777746221.5547116,1271,True,0.2850518642514231,0.3182523625595797,0.3016521134055014,0.002676989842457346,False,False,0.1343612334801762,0,0,28.204262373664164,False,False,20.491706134784746,50.0,Atencao,Atencao: sinais iniciais de risco,26.09821124752943
1777746221.5982296,1272,True,0.2745128040581102,0.32504419912399185,0.299778501591051,0.006214687924575322,False,False,0.1342134213421342,0,0,27.743858221986073,False,False,20.44836175822007,50.0,Atencao,Atencao: sinais iniciais de risco,25.79087704040992
1777746222.1276681,1273,True,0.24963610158000327,0.3177424205139577,0.28368926104698045,0.005722618865941136,False,False,0.13406593406593406,0,0,32.394710658897054,False,False,20.660624879588095,50.0,Atencao,Atencao: sinais iniciais de risco,23.4007482408333
1777746222.164915,1274,True,0.26713470143081114,0.3038385526106865,0.2854866270207488,0.005029784278483187,False,False,0.13391877058177826,0,0,32.92849627624859,False,False,20.66707918138425,50.0,Atencao,Atencao: sinais iniciais de risco,23.73339825772886
1777746222.206335,1275,True,0.2599492115675531,0.32114972359564703,0.29054946758160005,0.0055716205865521526,False,False,0.1337719298245614,0,0,34.072194865616886,False,False,20.704073506735345,50.0,Atencao,Atencao: sinais iniciais de risco,23.75873819972861
1777746222.2466245,1276,True,0.2598530328003407,0.3224172229044325,0.2911351278523866,0.006317059529907085,False,False,0.13362541073384446,0,0,34.345862090045756,False,False,20.69761049298321,50.0,Atencao,Atencao: sinais iniciais de risco,23.914061382267633
1777746222.2863138,1277,True,0.2568190061297671,0.3435619162430399,0.30019046118640347,0.010665880673653831,False,False,0.13347921225382933,0,0,35.140005972168666,False,False,20.717215396087273,50.0,Atencao,Atencao: sinais iniciais de risco,24.045467775164635
1777746222.3249838,1278,True,0.26068603249500305,0.35221743170353187,0.30645173209926746,0.007267600197334765,False,False,0.13333333333333333,0,0,35.37614193612879,False,False,20.708963842717083,50.0,Atencao,Atencao: sinais iniciais de risco,24.210300674827835
1777746222.360633,1279,True,0.27148136878437534,0.3559686496103094,0.31372500919734236,0.005889214600924606,False,False,0.1331877729257642,0,0,35.962635125897144,False,False,20.718273946164743,50.0,Atencao,Atencao: sinais iniciais de risco,24.555178029809287
1777746222.3990173,1280,True,0.2775499868008801,0.3589370293240333,0.3182435080624567,0.004372507807466494,False,False,0.13304252998909488,0,0,36.289174678650774,False,True,20.714630020010393,50.0,Atencao,Atencao: sinais iniciais de risco,24.673033535368884
1777746222.438414,1281,True,0.2776120754292635,0.3767957049848242,0.3272038902070439,0.004747174866824575,False,False,0.1328976034858388,0,0,37.12679778337479,False,True,20.736583781048882,50.0,Atencao,Atencao: sinais iniciais de risco,24.809347646384722
1777746222.4747403,1282,True,0.2736912782814,0.3621446655239008,0.31791797190265036,0.0048501430606478135,False,False,0.13275299238302501,0,0,41.74748893163421,False,True,20.947734311824956,50.0,Atencao,Atencao: sinais iniciais de risco,25.075084603563752
1777746222.5099397,1283,True,0.27522142532206634,0.37755680048022655,0.32638911290114647,0.04483513292549443,False,False,0.13260869565217392,0,0,45.81542806625366,False,True,21.131290468063906,50.0,Atencao,Atencao: sinais iniciais de risco,25.448955516910416
1777746222.5487454,1284,True,0.2773837771794268,0.3560125840311506,0.3166981806052887,0.08200701310826587,False,False,0.13246471226927253,0,0,46.10187768936157,False,True,21.12581523407036,50.0,Atencao,Atencao: sinais iniciais de risco,25.428120573853214
1777746222.590862,1285,True,0.2703108632262502,0.35756578126164906,0.31393832224394963,0.07244222000931448,False,False,0.13232104121475055,0,0,45.79274129867553,False,True,21.090603644539286,50.0,Atencao,Atencao: sinais iniciais de risco,25.3036998985223
1777746222.6343732,1286,True,0.24593734437168133,0.30203163833839364,0.2739844913550375,0.12301532345227308,False,False,0.13217768147345613,0,0,45.23330438462171,False,True,21.042919834408615,50.0,Atencao,Atencao: sinais iniciais de risco,25.05801543380837
1777746222.6809175,1287,True,0.2440754095450104,0.34151423467304565,0.292794822109028,0.11155059704565408,False,False,0.13203463203463203,0,0,44.91865763989362,False,True,21.00751819933389,50.0,Atencao,Atencao: sinais iniciais de risco,24.70595666491339
1777746222.7237334,1288,True,0.2636713518225943,0.3341885254994504,0.29892993866102235,0.10551177049056154,False,False,0.1318918918918919,0,0,43.03194957158782,False,True,20.893556026291837,50.0,Atencao,Atencao: sinais iniciais de risco,24.557265145585816
1777746222.7676528,1289,True,0.25503009710090835,0.29575354210757426,0.2753918196042413,0.1457091407023293,False,False,0.13174946004319654,0,0,38.69459376768633,False,False,20.65710385690115,50.0,Atencao,Atencao: sinais iniciais de risco,24.342379750789494
1777746222.809919,1290,True,0.26465851442178095,0.29612604228213113,0.280392278351956,0.1475663409763037,False,False,0.13160733549083065,0,0,32.84606779895045,False,False,20.345135432514045,50.0,Atencao,Atencao: sinais iniciais de risco,24.320570610466373
1777746222.850674,1291,True,0.2522170374451417,0.31739627349835703,0.2848066554717493,0.15174855089578482,False,False,0.1314655172413793,0,0,29.045529934492976,False,False,20.13560852999161,50.0,Atencao,Atencao: sinais iniciais de risco,24.31334381180848
1777746222.8933063,1292,True,0.24296068918224034,0.3180522589707947,0.2805064740765175,0.16021786886638278,False,False,0.13132400430570507,0,0,26.732581931623546,False,False,20.000503101192933,50.0,Atencao,Atencao: sinais iniciais de risco,24.25222810650173
1777746222.9345899,1293,True,0.2639298052505371,0.3278952886384985,0.2959125469445178,0.12263914169808211,False,False,0.13118279569892474,0,0,25.116336915235628,False,False,19.90027466694124,50.0,Atencao,Atencao: sinais iniciais de risco,24.204442464828965
1777746222.9743276,1294,True,0.26190227008390793,0.30851929725247484,0.2852107836681914,0.12463613815197724,False,False,0.1310418904403867,0,0,26.048470536348496,False,False,19.927506874947902,50.0,Atencao,Atencao: sinais iniciais de risco,24.36841830142874
1777746223.015849,1295,True,0.27803705078830177,0.30487136928364234,0.29145421003597205,0.14905769134706293,False,False,0.13090128755364808,0,0,26.85394862477075,False,False,19.94844788244246,50.0,Atencao,Atencao: sinais iniciais de risco,24.27344200145008
1777746223.060254,1296,True,0.284581426329122,0.287287775664757,0.28593460099693946,0.1332461232276297,False,False,0.1307609860664523,0,0,26.10897651302882,False,False,19.891907822365944,50.0,Atencao,Atencao: sinais iniciais de risco,24.117906023643574
1777746223.100796,1297,True,0.27512720954124475,0.325494151281305,0.30031068041127484,0.12439147697488642,False,False,0.13062098501070663,0,0,25.790530040159037,False,False,19.856735353557422,50.0,Atencao,Atencao: sinais iniciais de risco,24.173003614948026
1777746223.1657517,1298,True,0.29602103199991875,0.302756968876024,0.29938900043797134,0.05387386004428735,False,False,0.1304812834224599,0,0,29.173598977855665,False,False,20.006679832058328,50.0,Atencao,Atencao: sinais iniciais de risco,23.310270104563955
1777746223.2134295,1299,True,0.2761779673986638,0.2971248620548107,0.2866514147267373,0.02304364426428978,False,False,0.13034188034188035,0,0,29.275137636065484,False,False,19.992588841389132,50.0,Atencao,Atencao: sinais iniciais de risco,23.080211431795462
1777746223.2541187,1300,True,0.2681928917651171,0.30772967321221395,0.28796128248866554,0.005153329402985289,False,False,0.13020277481323372,0,0,28.75692833045667,False,False,19.947551365919782,50.0,Atencao,Atencao: sinais iniciais de risco,23.234037804119044
1777746223.2947094,1301,True,0.2668891516795879,0.3108766050391443,0.2888828783593661,0.0038026914414345902,False,False,0.1300639658848614,0,0,28.762360908294266,False,False,19.928736767160466,50.0,Atencao,Atencao: sinais iniciais de risco,23.347269323741003
1777746223.3399377,1302,True,0.2697327056592454,0.3079548270240957,0.2888437663416705,0.002666057727797031,False,False,0.1299254526091587,0,0,29.712913889844312,False,False,19.957218840828844,50.0,Atencao,Atencao: sinais iniciais de risco,23.231761271603904
1777746223.3830662,1303,True,0.2716077702792303,0.29314152758843015,0.28237464893383024,0.0028744008971202844,False,False,0.12978723404255318,0,0,30.32301604957743,False,False,19.96871889590724,50.0,Atencao,Atencao: sinais iniciais de risco,23.23637523443071
1777746223.4244258,1304,True,0.25939774628613016,0.3196764593741357,0.2895371028301329,0.0020111881922107427,False,False,0.12964930924548354,0,0,30.44921841377562,False,False,19.956064354520073,50.0,Atencao,Atencao: sinais iniciais de risco,23.27115040237782
1777746223.4648802,1305,True,0.2762094236904104,0.29645223360697676,0.2863308286486936,0.00319842445996068,False,False,0.12951167728237792,0,0,31.316715941781347,False,False,19.98051483599334,50.0,Atencao,Atencao: sinais iniciais de risco,23.442461353995807
1777746223.505892,1306,True,0.2645594564561043,0.3248739026915531,0.2947166795738287,0.002426250607109564,False,False,0.12937433722163308,0,0,30.481829473918136,False,False,19.919886254247764,50.0,Atencao,Atencao: sinais iniciais de risco,23.56556599981139
1777746223.550374,1307,True,0.2541318793319479,0.3138694305704134,0.28400065495118065,0.0015551507527343954,False,False,0.1292372881355932,0,0,29.884210773896086,False,False,19.87116106991618,50.0,Atencao,Atencao: sinais iniciais de risco,23.475596284142
1777746223.593153,1308,True,0.25174325724846053,0.32299216672782055,0.28736771198814054,0.0013121137235592392,False,False,0.1291005291005291,0,0,29.43688811165365,False,False,19.829990569482742,50.0,Atencao,Atencao: sinais iniciais de risco,23.4475280349734
1777746223.6325526,1309,True,0.25301890115616976,0.3154918356223355,0.28425536838925264,0.001045392848258833,False,False,0.12896405919661733,0,0,29.798889045620502,False,False,19.829326004393216,50.0,Atencao,Atencao: sinais iniciais de risco,23.648600080792125
1777746223.671695,1310,True,0.2509573166589105,0.2881199705578223,0.26953864360836643,0.0014082404277125482,False,False,0.12882787750791974,0,0,29.581307636878705,False,False,19.79972195176021,50.0,Atencao,Atencao: sinais iniciais de risco,23.767483969315794
1777746223.7186038,1311,True,0.25228734929399527,0.2917043972104635,0.2719958732522294,0.000992817372028956,False,False,0.12869198312236288,0,0,28.80168022757227,False,False,19.742055103280816,50.0,Atencao,Atencao: sinais iniciais de risco,23.561538703988948
1777746223.7731948,1312,True,0.24868866948907403,0.3026819048414568,0.2756852871652654,0.0014341251082422787,False,False,0.1285563751317176,0,0,28.33971490081061,False,False,19.70031073822901,50.0,Atencao,Atencao: sinais iniciais de risco,23.025867079745364
1777746223.850139,1313,True,0.25320404784410244,0.29588773684496505,0.27454589234453375,0.0017926149979507558,False,False,0.12842105263157894,0,0,28.87683766518127,False,False,19.708560032678477,50.0,Atencao,Atencao: sinais iniciais de risco,22.03576962575008
1777746223.8929968,1314,True,0.25389055851332987,0.31117493032497484,0.2825327444191523,0.0025046187394952213,False,False,0.12828601472134596,0,0,28.761570250039753,False,False,19.684228949264366,50.0,Atencao,Atencao: sinais iniciais de risco,22.151861598691916
1777746223.9346073,1315,True,0.24758301581287545,0.29512918315386294,0.2713560994833692,0.002313170009345731,False,False,0.12815126050420167,0,0,28.890710948068985,False,False,19.67215727930849,50.0,Atencao,Atencao: sinais iniciais de risco,22.325722138658456
1777746223.9759803,1316,True,0.2507712743229668,0.30635140931753474,0.2785613418202508,0.0021667025525141485,False,False,0.12801678908709338,0,0,28.66718556454235,False,False,19.642491190279767,50.0,Atencao,Atencao: sinais iniciais de risco,22.50172638297704
1777746224.0199811,1317,True,0.23790454046442946,0.29980562306335756,0.2688550817638935,0.0024307775760389174,False,False,0.1278825995807128,0,0,28.341919258711012,False,False,19.60777681786087,50.0,Atencao,Atencao: sinais iniciais de risco,22.533778183341838
1777746224.0597987,1318,True,0.2423986621445215,0.29672469992968853,0.269561681037105,0.00195516951262653,False,False,0.12774869109947645,0,0,28.745520419356495,False,False,19.609544459723146,50.0,Atencao,Atencao: sinais iniciais de risco,22.805888858252025
1777746224.1005278,1319,True,0.2458907813076667,0.2958867905627834,0.27088878593522503,0.002447827502674225,False,False,0.12761506276150628,0,0,28.031627121499998,False,False,19.555475898359422,50.0,Atencao,Atencao: sinais iniciais de risco,22.991214863952933
1777746224.1399524,1320,True,0.2469439309428682,0.3107569548633718,0.27885044290312,0.0025006988417095267,False,False,0.12748171368861025,0,0,27.40347789275375,False,False,19.505732939398904,50.0,Atencao,Atencao: sinais iniciais de risco,23.147135418529253
1777746224.2773113,1321,True,0.24815365441848444,0.3089622744961288,0.27855796445730663,0.003683534533908226,False,False,0.12734864300626306,0,0,26.334143569726837,False,False,19.43396900442482,50.0,Atencao,Atencao: sinais iniciais de risco,21.562871928879733
1777746224.4148011,1322,True,0.2581646489876847,0.28777812850117396,0.27297138874442933,0.004241626296462177,False,False,0.12721584984358708,0,0,25.755139130658726,False,False,19.386759722603465,50.0,Atencao,Atencao: sinais iniciais de risco,20.136736651625327
1777746224.52906,1323,True,0.2367194333573304,0.2767349956870877,0.25672721452220904,0.004460115224883167,False,False,0.12721584984358708,0,0,24.66052824309604,False,False,19.332029178225334,50.0,Atencao,Atencao: sinais iniciais de risco,19.00112324585029
1777746224.618641,1324,True,0.25449489672000813,0.2911032403677459,0.27279906854387703,0.005475800534900525,False,False,0.12708333333333333,0,0,32.869619116458026,False,False,19.724262701733544,50.0,Atencao,Atencao: sinais iniciais de risco,18.214001749819953
1777746224.7415736,1325,True,0.06522111032209484,0.17826984031523546,0.12174547531866514,0.005237327604097768,True,False,0.1279916753381894,0,0,44.534048843383786,False,True,20.43238121374754,50.0,Atencao,Atencao: sinais iniciais de risco,17.2051103095921
1777746224.8346944,1326,False,0.0,0.0,0.0,0.0,False,False,0.12825860271115747,0,0,0.0,False,False,18.23331997678781,50.0,Atencao,Atencao: sinais iniciais de risco,16.563117566909508
1777746224.9563513,1327,True,0.23695986515188266,0.21325996900342298,0.22510991707765282,0.006484385346486668,False,False,0.12852664576802508,0,0,60.88042106628417,False,True,21.31419695042132,50.0,Atencao,Atencao: sinais iniciais de risco,15.72434697335719
1777746225.0805304,1328,False,0.0,0.0,0.0,0.0,False,False,0.1289308176100629,0,0,0.0,False,False,18.32574952538731,50.0,Atencao,Atencao: sinais iniciais de risco,14.959472982414338
1777746225.3608792,1329,False,0.0,0.0,0.0,0.0,False,False,0.12974683544303797,0,0,0.0,False,False,18.437951977421378,53.27073574066162,Atencao,Atencao: sinais iniciais de risco,13.819683637392806
1777746225.4540813,1330,False,0.0,0.0,0.0,0.0,False,False,0.12988384371700107,0,0,0.0,False,False,18.456790615091304,54.35809373855591,Atencao,Atencao: sinais iniciais de risco,13.516845753239206
1777746225.5466123,1331,False,0.0,0.0,0.0,0.0,False,False,0.13015873015873017,0,0,0.0,False,False,18.49458750082906,55.437621672948204,Atencao,Atencao: sinais iniciais de risco,13.244326594575803
1777746225.6384141,1332,False,0.0,0.0,0.0,0.0,False,False,0.13043478260869565,0,0,0.0,False,False,18.53254471269931,56.50864362716675,Atencao,Atencao: sinais iniciais de risco,13.005107038136588
1777746225.731272,1333,False,0.0,0.0,0.0,0.0,False,False,0.13071200850159406,0,0,0.0,False,False,18.570663272972844,57.59198506673177,Atencao,Atencao: sinais iniciais de risco,12.785064177341921
1777746225.852914,1334,False,0.0,0.0,0.0,0.0,False,False,0.13099041533546327,0,0,0.0,False,False,18.608944212629858,59.01114304860433,Atencao,Atencao: sinais iniciais de risco,12.328060765083102
1777746225.9764938,1335,False,0.0,0.0,0.0,0.0,False,False,0.13141025641025642,0,0,0.0,False,False,18.666672360413916,60.452906688054405,Risco por distracao,Atencao: foco visual fora da direcao,11.907568059527934
1777746226.067004,1336,False,0.0,0.0,0.0,0.0,False,False,0.13155080213903744,0,0,0.0,False,False,18.685997398121305,61.50885820388794,Risco por distracao,Atencao: foco visual fora da direcao,11.814876133610982
1777746226.1584654,1337,False,0.0,0.0,0.0,0.0,False,False,0.13183279742765272,0,0,0.0,False,False,18.72477175030591,62.57590810457865,Risco por distracao,Atencao: foco visual fora da direcao,11.728629588259228
1777746226.2505326,1338,False,0.0,0.0,0.0,0.0,False,False,0.13211600429645542,0,0,0.0,False,False,18.76371269476628,63.65002592404684,Risco por distracao,Atencao: foco visual fora da direcao,11.643071797791897
1777746226.34329,1339,False,0.0,0.0,0.0,0.0,False,False,0.13240043057050593,0,0,0.0,False,False,18.802821307448223,64.73219633102417,Risco por distracao,Atencao: foco visual fora da direcao,11.559458985887028
1777746226.4365637,1340,False,0.0,0.0,0.0,0.0,False,False,0.13268608414239483,0,0,0.0,False,False,18.84209867358295,65.82038879394531,Risco por distracao,Atencao: foco visual fora da direcao,11.476848746326583
1777746226.5280545,1341,False,0.0,0.0,0.0,0.0,False,False,0.1331168831168831,0,0,0.0,False,False,18.901333532575087,66.88778082529703,Risco por distracao,Atencao: foco visual fora da direcao,11.407683323182352
1777746226.6541266,1342,False,0.0,0.0,0.0,0.0,False,False,0.1334056399132321,0,0,0.0,False,False,18.941037592073073,68.35862278938293,Risco por distracao,Atencao: foco visual fora da direcao,11.067971745147572
1777746226.7779787,1343,False,0.0,0.0,0.0,0.0,False,False,0.1338411316648531,0,0,0.0,False,False,19.00091770792096,69.80356295903523,Risco por distracao,Atencao: foco visual fora da direcao,10.768682455960356
1777746226.8986328,1344,False,0.0,0.0,0.0,0.0,False,False,0.1338411316648531,0,0,0.0,False,False,19.00091770792096,71.21119419733684,Risco por distracao,Atencao: foco visual fora da direcao,10.520331098781757
1777746227.0227213,1345,False,0.0,0.0,0.0,0.0,False,False,0.1338411316648531,0,0,0.0,False,False,19.00091770792096,72.65889366467793,Risco por distracao,Atencao: foco visual fora da direcao,10.273820003453821
1777746227.1472523,1346,False,0.0,0.0,0.0,0.0,False,False,0.1338411316648531,0,0,0.0,False,False,19.00091770792096,74.11175568898518,Risco por distracao,Atencao: foco visual fora da direcao,10.049969685510407
1777746227.270223,1347,False,0.0,0.0,0.0,0.0,False,False,0.1338411316648531,0,0,0.0,False,False,19.00091770792096,75.54641246795654,Risco por distracao,Atencao: foco visual fora da direcao,9.85193584039575
1777746227.362872,1348,False,0.0,0.0,0.0,0.0,False,False,0.1338411316648531,0,0,0.0,False,False,19.00091770792096,76.62731726964314,Risco por distracao,Atencao: foco visual fora da direcao,9.954287470664758
1777746227.4866426,1349,False,0.0,0.0,0.0,0.0,False,False,0.1338411316648531,0,0,0.0,False,False,19.00091770792096,78.07130893071492,Risco por distracao,Atencao: foco visual fora da direcao,9.767882903055083
1777746227.58159,1350,False,0.0,0.0,0.0,0.0,False,False,0.13398692810457516,0,0,0.0,False,False,19.020964718382743,79.17902787526448,Risco por distracao,Atencao: foco visual fora da direcao,9.831873365011772
1777746227.6772623,1351,False,0.0,0.0,0.0,0.0,False,False,0.13427947598253276,0,0,0.0,False,False,19.061190051601915,80.29520551363628,Risco por distracao,Atencao: foco visual fora da direcao,9.903425977311054
1777746227.799125,1352,False,0.0,0.0,0.0,0.0,False,False,0.13457330415754923,0,0,0.0,False,False,19.10159142566668,81.71693642934163,Risco por distracao,Atencao: foco visual fora da direcao,9.735959330866937
1777746227.9211638,1353,False,0.0,0.0,0.0,0.0,False,False,0.1350164654226125,0,0,0.0,False,False,19.16252609961288,83.14072291056316,Risco por distracao,Atencao: foco visual fora da direcao,9.580272331816426
1777746228.0155811,1354,False,0.0,0.0,0.0,0.0,False,False,0.1353135313531353,0,0,0.0,False,False,19.203372665059764,84.24225846926372,Risco por distracao,Atencao: foco visual fora da direcao,9.680075636661757
1777746228.1070867,1355,False,0.0,0.0,0.0,0.0,False,False,0.1354625550660793,0,0,0.0,False,False,19.223863425589563,85.0,Risco por distracao,Atencao: foco visual fora da direcao,9.804767203181814
1777746228.2020388,1356,True,0.2702429939684208,0.20898533385586765,0.2396141639121442,0.04808606504988254,False,False,0.13561190738699008,0,0,35.64211091399193,False,True,21.026504915414392,50.0,Atencao,Atencao: sinais iniciais de risco,9.874052344710616
1777746228.295687,1357,True,0.29384637614428116,0.6239121381497603,0.4588792571470207,0.21881143259779598,False,False,0.1357615894039735,0,0,44.67045097351074,False,True,21.498503195725554,50.0,Atencao,Atencao: sinais iniciais de risco,9.951630251300982
1777746228.389172,1358,True,0.32398341765073546,0.7578638865937442,0.5409236521222398,0.28064594934744047,False,False,0.13591160220994475,0,0,54.44747276306152,False,True,22.00798104602414,50.0,Atencao,Atencao: sinais iniciais de risco,10.028365901640187
1777746228.4809759,1359,True,0.32764450244382487,0.6460678380015016,0.48685617022266325,0.1587434945954564,False,False,0.13591160220994475,0,0,59.370817184448235,False,True,22.254148267093473,50.0,Atencao,Atencao: sinais iniciais de risco,10.118259487251933
1777746228.5756102,1360,True,0.3208543049299012,0.52362456822821,0.4222394365790556,0.0812721349000904,False,False,0.13606194690265486,0,0,63.45877494812011,False,True,22.479218550524706,50.0,Atencao,Atencao: sinais iniciais de risco,10.166620343469528
1777746228.6680768,1361,True,0.32663831468416643,0.5171605080667508,0.4218994113754586,0.03685875090126203,False,False,0.1362126245847176,0,0,67.70176010131837,False,True,22.71208598946825,50.0,Atencao,Atencao: cabeca inclinada,10.229003785285848
1777746228.7616694,1362,True,0.33599308303442355,0.574915239041898,0.4554541610381608,0.0017960429832325417,False,False,0.13636363636363635,0,0,73.32117767333985,False,True,23.013820987670652,50.0,Atencao,Atencao: cabeca inclinada,10.278495216145526
1777746228.8532329,1363,True,0.3179314467477376,0.5612602341980035,0.4395958404728706,0.005733400473466539,False,False,0.13636363636363635,0,0,74.36731986999511,False,True,23.066128097503416,50.0,Atencao,Atencao: cabeca inclinada,10.340796832528646
1777746228.9460354,1364,True,0.3487810124852892,0.7089948232325265,0.5288879178589079,0.1279539174359309,False,False,0.1362126245847176,0,0,56.80732059478759,False,True,22.16736401414171,50.0,Atencao,Atencao: sinais iniciais de risco,10.384513573366444
1777746229.0403705,1365,True,0.36708982303382465,0.738479528639932,0.5527846758368784,0.1716624551532439,False,False,0.13606194690265486,0,0,39.64324584007263,False,True,21.288442095122335,50.0,Atencao,Atencao: sinais iniciais de risco,10.403231834553736
1777746229.1330786,1366,False,0.0,0.0,0.0,0.0,False,False,0.1362126245847176,0,0,0.0,False,False,19.326997984402333,50.0,Atencao,Atencao: sinais iniciais de risco,10.445344825023266
1777746229.2256932,1367,True,0.3181814996349548,0.37196141987611375,0.34507145975553427,0.06755069936968387,False,False,0.13636363636363635,0,0,79.69589500427246,False,True,23.332556854217284,50.0,Atencao,Atencao: cabeca inclinada,10.48209248415663
1777746229.3170214,1368,True,0.33980437652488227,0.17255511864116516,0.2561797475830237,0.0812809610701016,False,False,0.1365149833518313,0,0,80.0,False,True,23.36857231488046,50.0,Atencao,Atencao: cabeca inclinada,10.52448140641302
1777746229.410223,1369,False,0.0,0.0,0.0,0.0,False,False,0.13681868743047831,0,0,0.0,False,False,19.41033162569443,50.0,Atencao,Atencao: sinais iniciais de risco,10.54174189911749
1777746229.5031664,1370,False,0.0,0.0,0.0,0.0,False,False,0.13697104677060135,0,0,0.0,False,False,19.431281034961344,51.08434001604716,Atencao,Atencao: sinais iniciais de risco,10.569509664603192
1777746229.5960772,1371,True,0.3163787572309018,0.9531966179277783,0.6347876875793401,0.04501678353167248,False,False,0.13712374581939799,0,0,39.595391798019406,False,True,21.43204674407185,50.0,Atencao,Atencao: sinais iniciais de risco,10.585070123629162
1777746229.7199159,1372,True,0.33009997066978763,1.0030030326519352,0.6665515016608614,0.006240820014495158,False,False,0.13697104677060135,0,0,53.63034229278565,False,True,22.11279814960063,50.0,Atencao,Atencao: sinais iniciais de risco,10.336077167760983
1777746229.8119888,1373,False,0.0,0.0,0.0,0.0,False,False,0.13712374581939799,0,0,0.0,False,False,19.45227715417088,50.0,Atencao,Atencao: sinais iniciais de risco,10.38534048898053
1777746229.9055068,1374,True,0.2484457783224219,0.6687452457160141,0.458595512019218,0.037016141095110124,False,False,0.13616071428571427,0,0,41.06251077651977,False,True,21.387395530201136,50.0,Atencao,Atencao: sinais iniciais de risco,10.420072980069493
1777746230.029612,1375,False,0.0,0.0,0.0,0.0,False,False,0.13646532438478748,0,0,0.0,False,False,19.376153879997712,50.0,Atencao,Atencao: sinais iniciais de risco,10.18295101416803
1777746230.1211483,1376,False,0.0,0.0,0.0,0.0,False,False,0.1367713004484305,0,0,0.0,False,False,19.41822558874863,51.06792330741882,Atencao,Atencao: sinais iniciais de risco,10.258045606496818
1777746230.430833,1377,False,0.0,0.0,0.0,0.0,False,False,0.13785310734463277,0,0,0.0,False,False,19.56697403697644,54.68091209729513,Atencao,Atencao: sinais iniciais de risco,9.555134376762572
1777746230.554254,1378,False,0.0,0.0,0.0,0.0,False,False,0.13816534541336353,0,0,0.0,False,False,19.60990677142692,56.12082322438558,Atencao,Atencao: sinais iniciais de risco,9.409211674667858
1777746230.6782212,1379,False,0.0,0.0,0.0,0.0,False,False,0.13863636363636364,0,0,0.0,False,False,19.674671777089436,57.56710688273112,Atencao,Atencao: sinais iniciais de risco,9.275898823647045
1777746230.8012078,1380,False,0.0,0.0,0.0,0.0,False,False,0.13895216400911162,0,0,0.0,False,False,19.718094328342282,59.00195002555847,Atencao,Atencao: sinais iniciais de risco,9.158579279979332
1777746230.9242163,1381,False,0.0,0.0,0.0,0.0,False,False,0.13926940639269406,0,0,0.0,False,False,19.76171515608487,60.43704907099406,Risco por distracao,Atencao: foco visual fora da direcao,9.059147186629733
1777746231.0461314,1382,False,0.0,0.0,0.0,0.0,False,False,0.13974799541809851,0,0,0.0,False,False,19.82752114707798,61.859391927719116,Risco por distracao,Atencao: foco visual fora da direcao,8.971004953993793
1777746231.1673203,1383,False,0.0,0.0,0.0,0.0,False,False,0.14006888633754305,0,0,0.0,False,False,19.871643648501603,63.2732621828715,Risco por distracao,Atencao: foco visual fora da direcao,8.901102053622452
1777746231.2930794,1384,False,0.0,0.0,0.0,0.0,False,False,0.14055299539170507,0,0,0.0,False,False,19.938208643448885,64.74045197168986,Risco por distracao,Atencao: foco visual fora da direcao,8.802830212045386
1777746231.4160411,1385,False,0.0,0.0,0.0,0.0,False,False,0.14087759815242495,0,0,0.0,False,False,19.982841523047867,66.17500583330789,Risco por distracao,Atencao: foco visual fora da direcao,8.735320739933863
1777746231.5400283,1386,False,0.0,0.0,0.0,0.0,False,False,0.14104046242774568,0,0,0.0,False,False,20.005235360904464,67.62152314186096,Risco por distracao,Atencao: foco visual fora da direcao,8.669659916856897
1777746231.6319568,1387,False,0.0,0.0,0.0,0.0,False,False,0.14104046242774568,0,0,0.0,False,False,20.005235360904464,68.69402209917705,Risco por distracao,Atencao: foco visual fora da direcao,8.893603809844798
1777746231.7543397,1388,False,0.0,0.0,0.0,0.0,False,False,0.14104046242774568,0,0,0.0,False,False,20.005235360904464,70.12182235717773,Risco por distracao,Atencao: foco visual fora da direcao,8.822021264588532
1777746231.8774967,1389,False,0.0,0.0,0.0,0.0,False,False,0.14104046242774568,0,0,0.0,False,False,20.005235360904464,71.55865430831909,Risco por distracao,Atencao: foco visual fora da direcao,8.752236779267122
1777746231.9970825,1390,False,0.0,0.0,0.0,0.0,False,False,0.14104046242774568,0,0,0.0,False,False,20.005235360904464,72.95382142066956,Risco por distracao,Atencao: foco visual fora da direcao,8.71038602022115
1777746232.1195614,1391,False,0.0,0.0,0.0,0.0,False,False,0.14104046242774568,0,0,0.0,False,False,20.005235360904464,74.38274264335632,Risco por distracao,Atencao: foco visual fora da direcao,8.657087136449487
1777746232.21333,1392,False,0.0,0.0,0.0,0.0,False,False,0.14104046242774568,0,0,0.0,False,False,20.005235360904464,75.4767096042633,Risco por distracao,Atencao: foco visual fora da direcao,8.857195846299073
1777746232.3363724,1393,False,0.0,0.0,0.0,0.0,False,False,0.1413673232908459,0,0,0.0,False,False,20.050178729580747,76.9122036298116,Risco por distracao,Atencao: foco visual fora da direcao,8.783190268841526
1777746232.4274273,1394,False,0.0,0.0,0.0,0.0,False,False,0.14169570267131243,0,0,0.0,False,False,20.095330894394895,77.97451098759969,Risco por distracao,Atencao: foco visual fora da direcao,8.991389613404605
1777746232.5530307,1395,False,0.0,0.0,0.0,0.0,False,False,0.14219114219114218,0,0,0.0,False,False,20.163453828371484,79.4398844242096,Risco por distracao,Atencao: foco visual fora da direcao,8.895953471445443
1777746232.6451488,1396,False,0.0,0.0,0.0,0.0,False,False,0.1425233644859813,0,0,0.0,False,False,20.209134393911864,80.51459471384685,Risco por distracao,Atencao: foco visual fora da direcao,9.089627996053418
1777746232.7398932,1397,True,0.06997729903847834,0.7051556625442631,0.38756648079137074,0.11990992756770479,False,False,0.14269005847953217,0,0,76.53102226257325,False,True,24.05860593115377,50.0,Atencao,Atencao: cabeca inclinada,9.23666374346169
1777746232.8311844,1398,True,0.17810608726465532,0.6676043629192682,0.4228552250919617,0.11755288764924457,False,False,0.14285714285714285,0,0,59.22133960723877,False,True,23.216095900308513,50.0,Atencao,Atencao: sinais iniciais de risco,9.40946575432685
1777746232.923038,1399,True,0.22802278454346947,0.18808009287661548,0.20805143871004247,0.023123497121165324,True,False,0.14419695193434937,0,0,40.6048357963562,False,True,22.469494457880284,50.0,Atencao,Atencao: sinais iniciais de risco,9.559000800891573
1777746233.0177846,1400,True,0.22103298315716907,0.40786430182056216,0.3144486424888656,0.002107158257853213,False,False,0.1443661971830986,0,0,35.52824786901474,False,True,22.229886002142774,50.0,Atencao,Atencao: sinais iniciais de risco,9.65324842413186
1777746233.1097753,1401,True,0.2761606359021966,0.41522988730316635,0.3456952616026815,0.002596073171488833,False,False,0.1445358401880141,0,0,39.72519011497497,False,True,22.463059027616666,50.0,Atencao,Atencao: sinais iniciais de risco,9.782599951458172
1777746233.201291,1402,True,0.3161160953964047,0.483282780371898,0.3996994378841513,0.002638619620966302,False,False,0.14470588235294118,0,0,35.630948525667186,False,True,22.281727745828753,50.0,Atencao,Atencao: sinais iniciais de risco,9.897177607417362
1777746233.2936418,1403,True,0.307713587018804,0.5025942971033031,0.40515394206105354,0.003451052791602555,False,False,0.14487632508833923,0,0,41.07079858779907,False,True,22.577156125052575,50.0,Atencao,Atencao: sinais iniciais de risco,9.988566641116506
1777746233.3861191,1404,True,0.30750106359202406,0.4188911146659249,0.3631960891289745,0.003884118729806511,False,False,0.14487632508833923,0,0,46.151031208038326,False,True,22.831167756064538,50.0,Atencao,Atencao: sinais iniciais de risco,10.070544510801872
1777746233.4790225,1405,True,0.3218287822526201,0.5563056522957832,0.43906721727420167,0.003907627143575007,False,False,0.14470588235294118,0,0,42.97252082824707,False,True,22.648806360957746,50.0,Atencao,Atencao: sinais iniciais de risco,10.138050591390764
1777746233.5731676,1406,True,0.3276902345124589,0.4864230828889972,0.40705665870072805,0.004536353144796323,False,False,0.1445358401880141,0,0,41.433140993118286,False,True,22.548456571523833,50.0,Atencao,Atencao: sinais iniciais de risco,10.186867999047289
1777746233.6668048,1407,True,0.21734711773497117,0.30144758714893743,0.2593973524419543,0.007539484696969059,False,False,0.1443661971830986,0,0,47.48093481063842,False,True,22.827520349223956,50.0,Atencao,Atencao: sinais iniciais de risco,10.23902386720603
1777746233.7913802,1408,True,0.09753062664520476,0.09801333028417294,0.09777197846468885,0.003780403717321342,True,False,0.14588235294117646,0,0,46.90202226638794,False,True,23.007046138747143,50.0,Atencao,Atencao: sinais iniciais de risco,10.01526678686171
1777746233.883018,1409,True,0.2264589347866589,0.4105824473166749,0.3185206910516669,0.0037118182980432992,False,False,0.14605418138987045,0,0,45.17751636505127,False,True,22.93562259844795,50.0,Atencao,Atencao: sinais iniciais de risco,10.10400772490365
1777746233.9755948,1410,True,0.3016353167559784,0.46256554066649286,0.3821004287112356,0.005622072683595157,False,False,0.14622641509433962,0,0,45.594312763214106,False,True,22.980144552720603,50.0,Atencao,Atencao: sinais iniciais de risco,10.172864380182522
1777746234.0347798,1411,True,0.31104498992829976,0.47953371212731116,0.3952893510278055,0.007305689843491482,False,False,0.14622641509433962,0,0,43.188971233367916,False,True,22.85987747622829,50.0,Atencao,Atencao: sinais iniciais de risco,10.832614282842332
1777746234.1275084,1412,True,0.3108794467929191,0.5312262155369776,0.42105283116494835,0.007578748500851812,False,False,0.14657210401891252,0,0,43.126795482635494,False,True,22.90430091582045,50.0,Atencao,Atencao: sinais iniciais de risco,10.836028258654913
1777746234.2186358,1413,True,0.31458029837939855,0.5317970565294016,0.42318867745440003,0.007098292192360012,False,False,0.1467455621301775,0,0,42.174973487854004,False,True,22.880560306380307,50.0,Atencao,Atencao: sinais iniciais de risco,10.8458761002556
1777746234.310288,1414,True,0.32323147328648727,0.518766594028589,0.42099903365753816,0.008835035368945155,False,False,0.1457345971563981,0,0,42.40719614028931,False,True,22.76729135652617,50.0,Atencao,Atencao: sinais iniciais de risco,10.855978041708536
1777746234.4041023,1415,True,0.314693252434087,0.4829458458498892,0.39881954914198814,0.010386226925377643,False,False,0.14590747330960854,0,0,45.06742992401123,False,True,22.9240735167787,50.0,Atencao,Atencao: sinais iniciais de risco,10.839243918008968
1777746234.4964292,1416,True,0.31375019036080615,0.587257291758936,0.4505037410598711,0.008195030232664834,False,False,0.14608076009501186,0,0,42.47292613983154,False,True,22.818175260562672,50.0,Atencao,Atencao: sinais iniciais de risco,10.836774732133364
1777746234.5896251,1417,True,0.330702473149731,0.4879179275335963,0.40931020034166365,0.006250495206666376,False,False,0.14590747330960854,0,0,43.13455629348755,False,True,22.827429835252516,50.0,Atencao,Atencao: sinais iniciais de risco,10.825617886131845
1777746234.6806343,1418,True,0.3213442750706261,0.4208476511822005,0.3710959631264133,0.007718459010427963,False,False,0.1457345971563981,0,0,43.65849514007568,False,True,22.829856306515488,50.0,Atencao,Atencao: sinais iniciais de risco,10.838304362948088
1777746234.8060322,1419,True,0.23008591678784532,0.33845423123277807,0.2842700740103117,0.009409748155483398,False,False,0.1455621301775148,0,0,45.054939842224115,False,True,22.875964332026452,50.0,Atencao,Atencao: sinais iniciais de risco,10.553058834206116
1777746234.9298515,1420,True,0.05640024529162111,0.36534450744541025,0.2108723763685157,0.009847146132899004,False,False,0.1455621301775148,0,0,37.53356893062592,False,True,22.499895786446544,50.0,Atencao,Atencao: sinais iniciais de risco,10.307892003300202
1777746235.0513432,1421,True,0.06458718613119062,0.29256606641283783,0.17857662627201423,0.006819740610536012,True,False,0.1467455621301775,0,0,41.25682973861694,False,True,22.848780720337217,50.0,Atencao,Atencao: sinais iniciais de risco,10.10004444071482
1777746235.1449292,1422,True,0.07787180579681749,0.8104698444286146,0.44417082511271605,0.005187909840602633,False,False,0.14691943127962084,0,0,48.6631212234497,False,True,23.234225004113398,50.0,Atencao,Atencao: sinais iniciais de risco,10.156069887906053
1777746235.423182,1423,True,0.052133163994077435,0.6624632821218607,0.35729822305796904,0.00719698544150407,False,False,0.14779499404052443,0,0,36.15865775346756,False,True,22.72939171023853,50.0,Atencao,Atencao: sinais iniciais de risco,9.500113678204299
1777746235.518147,1424,True,0.06779662085935155,0.7858115627308617,0.42680409179510664,0.004293709498983911,False,False,0.14797136038186157,0,0,35.83168048858643,False,True,22.737293218928333,50.0,Atencao,Atencao: sinais iniciais de risco,9.599185778899374
1777746235.6117783,1425,True,0.0879948268872871,0.3906535927057364,0.23932420979651176,0.006901698296462865,False,False,0.14797136038186157,0,0,48.15345258712768,False,True,23.353381823855393,50.0,Atencao,Atencao: sinais iniciais de risco,9.710535464580223
1777746235.705478,1426,True,0.055870441789631214,0.4148259471441848,0.23534819446690802,0.005881927109528586,False,False,0.14779499404052443,0,0,49.119680404663086,False,True,23.377442842798306,50.0,Atencao,Atencao: sinais iniciais de risco,9.805500445883709
1777746235.8267107,1427,True,0.05099006934851828,0.7813051746934487,0.4161476220209835,0.004259018048753624,False,False,0.14761904761904762,0,0,38.066225171089165,False,True,22.80057744816655,50.0,Atencao,Atencao: foco visual fora da direcao,9.642329849963962
1777746235.9540148,1428,True,0.08178349007686626,0.5695904888748665,0.3256869894758664,0.005024050208972573,False,False,0.14779499404052443,0,0,41.29267134666443,False,True,22.986092389898374,50.0,Atencao,Atencao: foco visual fora da direcao,9.47051814767564
1777746236.0478892,1429,True,0.09782323055533625,0.6923032602443041,0.3950632453998202,0.005668281186018202,False,False,0.14797136038186157,0,0,38.270364665985106,False,True,22.859227427798267,50.0,Atencao,Atencao: foco visual fora da direcao,9.589737200125159
1777746236.1401658,1430,True,0.08377593398133029,0.6600049095909538,0.37189042178614207,0.008979666569528274,False,False,0.14814814814814814,0,0,43.03320913314819,False,True,23.121677969020826,50.0,Atencao,Atencao: foco visual fora da direcao,9.71094654917267
1777746236.2339816,1431,True,0.07668613357690941,0.5883314893160193,0.3325088114464644,0.0035867634277354098,False,False,0.14832535885167464,0,0,44.3064001083374,False,True,23.20970398951518,50.0,Atencao,Atencao: foco visual fora da direcao,9.806701774678507
1777746236.3260522,1432,True,0.2781892571622229,0.27922268585206056,0.2787059715071417,0.0026006703358212343,False,False,0.1486810551558753,0,0,40.44489588737488,False,True,23.06553702029464,50.0,Atencao,Atencao: foco visual fora da direcao,9.90197490410364
1777746236.4203613,1433,True,0.2864693203440691,0.24380929795780257,0.2651393091509358,0.0021697833119672942,False,False,0.148859543817527,0,0,38.60405807495117,False,True,22.998037320650567,50.0,Atencao,Atencao: foco visual fora da direcao,9.982637282056817
1777746236.5129614,1434,True,0.05093898696247154,0.11196068581078812,0.08144983638662984,0.0027409766718959954,True,False,0.15006002400960383,0,0,50.630822372436526,False,True,23.7644415619354,50.0,Atencao,Atencao: foco visual fora da direcao,10.068525421703724
1777746236.6052866,1435,True,0.07779361182479833,0.06843613922361166,0.073114875524205,0.005487851963710332,True,False,0.1510791366906475,0,0,54.005463600158684,False,True,24.073301616965008,50.0,Atencao,Atencao: foco visual fora da direcao,10.138118842090332
1777746236.7000713,1436,True,0.2868712377111895,0.3746448367014618,0.3307580372063257,0.0016481986035223786,False,False,0.15089820359281436,0,0,56.26175327301025,False,True,24.16291166854108,50.0,Atencao,Atencao: foco visual fora da direcao,10.181278797313096
1777746236.7921798,1437,True,0.2968831210469906,0.40298053765461167,0.34993182935080114,0.0018070197304753545,False,False,0.15089820359281436,0,0,60.29520168304443,False,True,24.36458408904279,50.0,Atencao,Atencao: foco visual fora da direcao,10.247891973173811
1777746236.8856826,1438,True,0.2662455874728521,0.39120943081044485,0.3287275091416485,0.0013627310503680167,False,False,0.1510791366906475,0,0,58.71353092193603,False,True,24.310378851939422,50.0,Atencao,Atencao: foco visual fora da direcao,10.298002891394745
1777746236.9775069,1439,True,0.049696079056745,0.1278724308963433,0.08878425497654414,0.004049016475936498,True,False,0.1524609843937575,0,0,49.585704994201656,False,True,24.04399161473033,50.0,Atencao,Atencao: foco visual fora da direcao,10.356169040046273
1777746237.0699368,1440,True,0.10993531359463557,0.21150288621783722,0.1607190999062364,0.03224566539850418,True,False,0.15403128760529483,0,0,48.01330652236938,False,True,24.1812883827251,50.0,Atencao,Atencao: foco visual fora da direcao,10.398178986687757
1777746237.1639159,1441,False,0.0,0.0,0.0,0.0,False,False,0.15440289505428226,0,0,0.0,False,False,21.833222330170592,50.0,Atencao,Atencao: sinais iniciais de risco,10.42637316473396
1777746237.2576153,1442,True,0.10718925770643885,0.5205312960936657,0.31386027690005225,0.13352919215938633,False,False,0.154776299879081,0,0,57.19450969696045,False,True,24.744290978428445,50.0,Atencao,Atencao: sinais iniciais de risco,10.449210320208262
1777746237.3503716,1443,False,0.0,0.0,0.0,0.0,False,False,0.15515151515151515,0,0,0.0,False,False,21.936157593540116,50.0,Atencao,Atencao: sinais iniciais de risco,10.475310871325618
1777746237.4446976,1444,True,0.34265754817275507,0.9215341635612392,0.6320958558669971,0.3274895948291083,False,False,0.1553398058252427,0,0,52.67652645111084,False,True,24.595873883733198,50.0,Atencao,Atencao: sinais iniciais de risco,10.497166971998036
1777746237.537331,1445,True,0.3393951148890962,0.3511246994180916,0.3452599071535939,0.20111414469878497,False,False,0.15552855407047386,0,0,42.027831363677976,False,True,24.08939201308084,50.0,Atencao,Atencao: sinais iniciais de risco,10.525269931793066
1777746237.6299071,1446,True,0.36978066807448645,0.7459284173547138,0.5578545427146001,0.34292191512596343,False,False,0.15571776155717762,0,0,65.62142677307128,False,True,25.29508781297227,50.0,Atencao,Atencao: cabeca inclinada,10.55267753755304
1777746237.7224467,1447,True,0.32459861773682624,0.15539220659755684,0.23999541216719156,0.20077678930356144,False,False,0.1559074299634592,0,0,80.0,False,True,26.040095880182424,50.0,Atencao,Atencao: cabeca inclinada,10.575447884066463
1777746237.847147,1448,True,0.3398162929064512,0.1967709304437283,0.26829361167508975,0.34559289844095104,False,False,0.1562881562881563,0,0,80.0,False,True,26.092445749828272,50.0,Atencao,Atencao: cabeca inclinada,10.321580078522075
1777746237.9396572,1449,False,0.0,0.0,0.0,0.0,False,False,0.15667074663402691,0,0,0.0,False,False,22.145051922385484,50.0,Atencao,Atencao: sinais iniciais de risco,10.368230074146917
1777746238.0641701,1450,False,0.0,0.0,0.0,0.0,False,False,0.15724815724815724,0,0,0.0,False,False,22.224445881828405,51.45265062650045,Atencao,Atencao: sinais iniciais de risco,10.136824627408643
1777746238.1896791,1451,False,0.0,0.0,0.0,0.0,False,False,0.15782983970406905,0,0,0.0,False,False,22.304427219516278,52.9169225692749,Atencao,Atencao: sinais iniciais de risco,9.918182385748768
1777746238.2808466,1452,False,0.0,0.0,0.0,0.0,False,False,0.15822002472187885,0,0,0.0,False,False,22.358077659465124,53.98054281870524,Atencao,Atencao: sinais iniciais de risco,10.016217071461265
1777746238.4043438,1453,False,0.0,0.0,0.0,0.0,False,False,0.1588089330024814,0,0,0.0,False,False,22.439052548047975,55.42134404182434,Atencao,Atencao: sinais iniciais de risco,9.821283128769668
1777746238.4983122,1454,False,0.0,0.0,0.0,0.0,False,False,0.15920398009950248,0,0,0.0,False,False,22.493371523888374,56.51764194170634,Atencao,Atencao: sinais iniciais de risco,9.908181894401093
1777746238.5901442,1455,False,0.0,0.0,0.0,0.0,False,False,0.1596009975062344,0,0,0.0,False,False,22.547961417314013,57.58901437123617,Atencao,Atencao: sinais iniciais de risco,10.005668778529637
1777746238.6837397,1456,False,0.0,0.0,0.0,0.0,False,False,0.16,0,0,0.0,False,False,22.60282426020678,58.68096192677815,Atencao,Atencao: sinais iniciais de risco,10.084027463000568
1777746238.804493,1457,False,0.0,0.0,0.0,0.0,False,False,0.16040100250626566,0,0,0.0,False,False,22.657962104818314,60.08975028991699,Risco por distracao,Atencao: foco visual fora da direcao,9.900889028463201
1777746238.9273038,1458,False,0.0,0.0,0.0,0.0,False,False,0.1610062893081761,0,0,0.0,False,False,22.741189040080997,61.52254343032837,Risco por distracao,Atencao: foco visual fora da direcao,9.727134653051923
1777746239.0201972,1459,False,0.0,0.0,0.0,0.0,False,False,0.1614123581336696,0,0,0.0,False,False,22.797023503586356,62.60629932085673,Risco por distracao,Atencao: foco visual fora da direcao,9.828404688911519
1777746239.1459758,1460,False,0.0,0.0,0.0,0.0,False,False,0.15822784810126583,0,0,0.0,False,False,22.359153374130834,64.07371719678243,Risco por distracao,Atencao: foco visual fora da direcao,9.640053641240337
1777746239.23844,1461,False,0.0,0.0,0.0,0.0,False,False,0.15609137055837563,0,0,0.0,False,False,22.065387711983433,65.15246629714966,Risco por distracao,Atencao: foco visual fora da direcao,9.762407301604151
1777746239.3334782,1462,False,0.0,0.0,0.0,0.0,False,False,0.15394402035623408,0,0,0.0,False,False,21.77012705918897,66.26124501228333,Risco por distracao,Atencao: foco visual fora da direcao,9.83877709832984
1777746239.4236498,1463,False,0.0,0.0,0.0,0.0,False,False,0.15178571428571427,0,0,0.0,False,False,21.473359974492496,67.31324672698975,Risco por distracao,Atencao: foco visual fora da direcao,9.961004758505032
1777746239.5165992,1464,False,0.0,0.0,0.0,0.0,False,False,0.149616368286445,0,0,0.0,False,False,21.17507489959297,68.39765628178914,Risco por distracao,Atencao: foco visual fora da direcao,10.041066429625737
1777746239.6096733,1465,False,0.0,0.0,0.0,0.0,False,False,0.15,0,0,0.0,False,False,21.192552613489553,69.48352058728535,Risco por distracao,Atencao: foco visual fora da direcao,10.111802134353422
1777746239.7321234,1466,False,0.0,0.0,0.0,0.0,False,False,0.15057915057915058,0,0,0.0,False,False,21.27218581812276,70.9121052424113,Risco por distracao,Atencao: foco visual fora da direcao,9.91782502703275
1777746239.8554895,1467,False,0.0,0.0,0.0,0.0,False,False,0.1511627906976744,0,0,0.0,False,False,21.352436334419785,72.35137661298116,Risco por distracao,Atencao: foco visual fora da direcao,9.735794529653754
1777746239.9759817,1468,False,0.0,0.0,0.0,0.0,False,False,0.1511627906976744,0,0,0.0,False,False,21.352436334419785,73.75711917877197,Risco por distracao,Atencao: foco visual fora da direcao,9.590604993355798
1777746240.070008,1469,False,0.0,0.0,0.0,0.0,False,False,0.1511627906976744,0,0,0.0,False,False,21.352436334419785,74.85409299532573,Risco por distracao,Atencao: foco visual fora da direcao,9.698415999588498
1777746240.1614816,1470,False,0.0,0.0,0.0,0.0,False,False,0.15155440414507773,0,0,0.0,False,False,21.406283183437743,75.921284755071,Risco por distracao,Atencao: foco visual fora da direcao,9.820886814045636
1777746240.4402761,1471,False,0.0,0.0,0.0,0.0,False,False,0.15294117647058825,0,0,0.0,False,False,21.59696437819544,79.17388757069905,Risco por distracao,Atencao: foco visual fora da direcao,9.196829931627896
1777746240.5617836,1472,False,0.0,0.0,0.0,0.0,False,False,0.15091863517060367,0,0,0.0,False,False,21.318864949447562,80.59147397677104,Risco por distracao,Atencao: foco visual fora da direcao,9.105032097457457
1777746240.6554496,1473,False,0.0,0.0,0.0,0.0,False,False,0.14868421052631578,0,0,0.0,False,False,21.011631560857975,81.68424487113953,Risco por distracao,Atencao: foco visual fora da direcao,9.259838775956432
1777746240.745944,1474,False,0.0,0.0,0.0,0.0,False,False,0.14888010540184454,0,0,0.0,False,False,21.03687372857678,82.74001280466716,Risco por distracao,Atencao: foco visual fora da direcao,9.427874984313686
1777746240.8703256,1475,False,0.0,0.0,0.0,0.0,False,False,0.14682539682539683,0,0,0.0,False,False,20.754351299315218,84.19113079706828,Risco por distracao,Atencao: foco visual fora da direcao,9.293759032743827
1777746240.9915712,1476,False,0.0,0.0,0.0,0.0,False,False,0.14475431606905712,0,0,0.0,False,False,20.470121421626235,85.0,Risco por distracao,Atencao: foco visual fora da direcao,9.189244449600297
1777746241.082967,1477,False,0.0,0.0,0.0,0.0,False,False,0.14513981358189082,0,0,0.0,False,False,20.523127329640868,85.0,Risco por distracao,Atencao: foco visual fora da direcao,9.362050473546573
1777746241.1759539,1478,False,0.0,0.0,0.0,0.0,False,False,0.14552736982643524,0,0,0.0,False,False,20.576416313265728,85.0,Risco por distracao,Atencao: foco visual fora da direcao,9.505228666938113
1777746241.2678156,1479,True,0.19722669607735854,0.3113707891252032,0.2542987426012809,0.03413063671278263,False,False,0.1459170013386881,0,0,76.70351104736328,False,True,24.465166198568657,50.0,Atencao,Atencao: cabeca inclinada,9.639459799384062
1777746241.3604047,1480,True,0.17056639680672295,0.2490932306126158,0.20982981370966935,0.07644565402497176,True,False,0.14745308310991956,0,0,65.2079288482666,False,True,24.101598332158154,50.0,Atencao,Atencao: cabeca inclinada,9.758958566958292
1777746241.4540014,1481,True,0.08325233330617775,0.2819703273259937,0.18261133031608573,0.1881455788166326,True,False,0.14899328859060404,0,0,44.26098966598511,False,True,23.266029626638193,50.0,Atencao,Atencao: sinais iniciais de risco,9.853441164324648
1777746241.547265,1482,True,0.1426071976103725,0.2744344615238205,0.2085208295670965,0.14227227366924122,True,False,0.15053763440860216,0,0,46.30773229598999,False,True,23.58071430811318,50.0,Atencao,Atencao: sinais iniciais de risco,9.937699273293385
1777746241.6405354,1483,True,0.18823612787233632,0.26148994945698073,0.2248630386646585,0.18337672214667047,False,False,0.15074024226110364,0,0,50.63283767700195,False,True,23.83776735140048,50.0,Atencao,Atencao: sinais iniciais de risco,10.016426968153787
1777746241.7336526,1484,True,0.2069306643568615,0.2652210224526102,0.23607584340473586,0.18101091290148283,False,False,0.1509433962264151,0,0,53.62532927610657,False,True,24.01532560158604,50.0,Atencao,Atencao: sinais iniciais de risco,10.089379444125937
1777746241.8267083,1485,True,0.20453812859969256,0.26110287405548155,0.23282050132758705,0.1849185142132979,False,False,0.15114709851551958,0,0,48.60177156112411,False,True,23.792156780588783,50.0,Atencao,Atencao: sinais iniciais de risco,10.15491890086895
1777746241.9178014,1486,True,0.16721393053061595,0.23212548710300895,0.19966970881681245,0.15365433715738736,True,False,0.1527027027027027,0,0,32.87232904569669,False,False,23.219580230555092,50.0,Atencao,Atencao: sinais iniciais de risco,10.237772901678001
1777746242.04129,1487,True,0.2306520220318161,0.24274245567219352,0.2366972388520048,0.1791681430396652,False,False,0.15311653116531165,0,0,21.066127225079317,False,False,22.68171301281617,50.0,Atencao,Atencao: sinais iniciais de risco,10.024951956078423
1777746242.134079,1488,True,0.21518358975234284,0.2448177163715501,0.23000065306194645,0.1332148345398456,False,False,0.15353260869565216,0,0,16.19728138236837,False,False,22.495481381102444,50.0,Atencao,Atencao: sinais iniciais de risco,10.089494471892733
1777746242.2271647,1489,True,0.22657048262998722,0.2623851974708353,0.24447784005041123,0.09436405633549116,False,False,0.15374149659863945,0,0,15.78389876403592,False,False,22.503534336846574,50.0,Atencao,Atencao: sinais iniciais de risco,10.159994678249475
1777746242.3200214,1490,True,0.2035557721106878,0.2181449222561397,0.21085034718341375,0.0986319050781439,False,False,0.1539509536784741,0,0,18.043018667806276,False,False,22.645290680512357,50.0,Atencao,Atencao: sinais iniciais de risco,10.222358815239655
1777746242.413158,1491,True,0.20621620719783418,0.2336556117490246,0.2199359094734294,0.10394368350045917,False,False,0.15416098226466576,0,0,16.846153353831983,False,False,22.614326345414995,50.0,Atencao,Atencao: sinais iniciais de risco,10.27877035314592
1777746242.535574,1492,True,0.2168355512305337,0.24830412809576363,0.23256983966314865,0.09978199471366256,False,False,0.15437158469945356,0,0,11.752632155811243,False,False,22.38860812029728,50.0,Atencao,Atencao: sinais iniciais de risco,10.065184452963335
1777746242.6556907,1493,True,0.21828106520208024,0.25683856970084273,0.23755981745146149,0.09919800360601028,False,False,0.1547945205479452,0,0,10.485853741047057,False,False,22.38342287872667,50.0,Atencao,Atencao: sinais iniciais de risco,9.884182388576708
1777746242.7518425,1494,True,0.22867051835384095,0.2895961656574993,0.2591333420056701,0.10698596054273583,False,False,0.1550068587105624,0,0,16.510900726643477,False,False,22.713871725366356,50.0,Atencao,Atencao: sinais iniciais de risco,9.950922555530635
1777746242.873718,1495,True,0.22669758460493292,0.3357044153545717,0.2812009999797523,0.11625471422069056,False,False,0.15543328748280605,0,0,32.20092471187764,False,False,23.557006880811567,50.0,Atencao,Atencao: sinais iniciais de risco,9.776462974995045
1777746242.997493,1496,True,0.2420178448597117,0.2911012535508407,0.2665595492052762,0.11703158202227423,False,False,0.15586206896551724,0,0,25.867320550029927,False,False,23.299284126591967,50.0,Atencao,Atencao: sinais iniciais de risco,9.605643725001801
1777746243.1207159,1497,True,0.2374967992182629,0.3118320835338541,0.2746644413760585,0.047848879806125,False,False,0.15629322268326418,0,0,21.54200801876458,False,False,23.142302136218905,50.0,Atencao,Atencao: sinais iniciais de risco,9.456264624154612
1777746243.2461364,1498,True,0.20496313838686148,0.25888301404724895,0.2319230762170552,0.01502873084381158,False,False,0.15672676837725383,0,0,30.56165772541003,False,False,23.65289715447475,50.0,Atencao,Atencao: sinais iniciais de risco,9.306447113432899
1777746243.3675761,1499,True,0.2326473770696245,0.2765147253814375,0.254581051225531,0.16442287512553955,False,False,0.1571627260083449,0,0,36.437925003875385,False,False,24.00665469267305,50.0,Atencao,Atencao: sinais iniciais de risco,9.199888799282297
1777746243.4900365,1500,True,0.22605668796153341,0.26979152012805396,0.2479241040447937,0.20021938356191737,False,False,0.15760111576011157,0,0,36.785956615751445,False,False,24.084334864134764,50.0,Atencao,Atencao: sinais iniciais de risco,9.08914669667181
1777746243.5856125,1501,True,0.19392172920929618,0.26839815483849117,0.23115994202389367,0.1753191004705014,False,False,0.15782122905027932,0,0,47.252360820770264,False,True,24.63792065178377,50.0,Atencao,Atencao: sinais iniciais de risco,9.240500889981194
1777746243.7089694,1502,True,0.2426096754267328,0.2950253900356718,0.2688175327312023,0.1732158653240706,False,False,0.15826330532212884,0,0,46.850555610656734,False,True,24.678615878657407,50.0,Atencao,Atencao: sinais iniciais de risco,9.127092253708918
1777746243.8318427,1503,True,0.2382711470541041,0.30829079892318373,0.2732809729886439,0.1723714582962827,False,False,0.15870786516853932,0,0,46.941500949859616,False,True,24.744290124498992,50.0,Atencao,Atencao: sinais iniciais de risco,9.02723057125538
1777746243.9550586,1504,True,0.24861492175807987,0.31143746609884354,0.28002619392846173,0.16470759834953955,False,False,0.1589310829817159,0,0,47.451238250732416,False,True,24.80046943885441,50.0,Atencao,Atencao: sinais iniciais de risco,8.935383633466415
1777746244.0789645,1505,True,0.245074913931601,0.3157943830890577,0.28043464851032934,0.15714904930019064,False,False,0.15937940761636107,0,0,47.254089450836176,False,True,24.852256636123307,50.0,Atencao,Atencao: sinais iniciais de risco,8.8490148734969
1777746244.2008383,1506,True,0.24403225537190243,0.30401595759940014,0.2740241064856513,0.16859707323913142,False,False,0.15983026874115983,0,0,46.71105585098266,False,True,24.88709836079046,50.0,Atencao,Atencao: sinais iniciais de risco,8.786016107291024
1777746244.3223777,1507,True,0.24733260406994387,0.3266047371674417,0.2869686706186928,0.15671165305454932,False,False,0.16028368794326242,0,0,45.85761728286743,False,True,24.906771572673808,50.0,Atencao,Atencao: sinais iniciais de risco,8.731065130137415
1777746244.415724,1508,True,0.2432640164143648,0.3335018359975514,0.28838292620595807,0.11539762750641408,False,False,0.16051136363636365,0,0,45.451711940765385,False,True,24.917781713370122,50.0,Atencao,Atencao: sinais iniciais de risco,8.929027233261785
1777746244.508297,1509,True,0.255869062304293,0.32555466969637514,0.29071186600033405,0.07756902391760055,False,False,0.16073968705547653,0,0,44.93416318893432,False,True,24.92329874590659,50.0,Atencao,Atencao: sinais iniciais de risco,9.117476805559871
1777746244.6317623,1510,True,0.22354862192139277,0.3051383174288082,0.2643434696751005,0.09703539829302466,False,False,0.16119828815977175,0,0,44.14272012710571,False,True,24.94678424465575,50.0,Atencao,Atencao: sinais iniciais de risco,9.016038857815168
1777746244.7530682,1511,True,0.09386456355027895,0.08666746357429801,0.09026601356228847,0.006064532329281056,True,False,0.16165951359084407,0,0,41.10061917304992,False,True,24.87048589442208,50.0,Atencao,Atencao: sinais iniciais de risco,8.937437565327382
1777746244.8775725,1512,True,0.10182726457598133,0.3472599633997208,0.22454361398785108,0.009921800074901933,False,False,0.15781922525107603,0,0,42.50544738769531,False,True,24.408096547229594,50.0,Atencao,Atencao: sinais iniciais de risco,8.84517494601778
1777746244.9705715,1513,True,0.10128446952835173,0.337958841673826,0.21962165560108887,0.01708033247352469,False,False,0.15759312320916904,0,0,41.23005571365356,False,True,24.313237932765293,50.0,Atencao,Atencao: sinais iniciais de risco,9.036937740327465
1777746245.0622606,1514,True,0.07990769966249002,0.16572714069742173,0.12281742017995587,0.007512147636833859,True,False,0.15879828326180256,0,0,41.917187452316284,False,True,24.51330402693554,50.0,Atencao,Atencao: sinais iniciais de risco,9.22282733136817
