timestamp,frame_id,face_detected,ear_left,ear_right,ear_avg,mar,eye_closed,mouth_open,perclos,yawn_count_window,long_eye_closure_count,head_tilt_score,looking_down,looking_side,fatigue_score,distraction_score,final_state,alert_message,fps
1777740812.3102272,1,False,0.0,0.0,0.0,0.0,False,False,0.0,0,0,0.0,False,False,0.0,15.0,Normal,,1.1206716857819736
1777740812.4460804,2,True,0.3228062854897222,0.3266112904551928,0.3247087879724575,0.010787445995898596,False,False,0.0,0,0,32.90137221759016,False,True,1.6450686108795078,50.0,Atencao,Atencao: sinais iniciais de risco,1.7432056252046504
1777740812.7030647,3,True,0.2870115870110343,0.29972072422707813,0.2933661556190562,0.00707514119025297,False,False,0.0,0,0,29.820958223126148,False,False,1.4910479111563073,50.0,Atencao,Atencao: sinais iniciais de risco,1.957882654789096
1777740812.7435138,4,True,0.30266295130819354,0.3191453965216802,0.31090417391493685,0.006243485626788985,False,False,0.0,0,0,31.112576392022046,False,False,1.5556288196011023,44.44444444444445,Atencao,Atencao: sinais iniciais de risco,4.2109800243968785
1777740812.7844381,5,True,0.30091761223524666,0.2955161231834831,0.29821686770936484,0.007251042616068074,False,False,0.0,0,0,30.378513361107217,False,False,1.518925668055361,33.333333333333336,Atencao,Atencao: sinais iniciais de risco,6.2595971410097295
1777740812.8308926,6,True,0.3220992033715206,0.3367623947990612,0.32943079908529094,0.00667264406715534,False,False,0.0,0,0,31.673624788089228,False,False,1.5836812394044615,26.666666666666668,Normal,,7.768829229429901
1777740812.8857946,7,True,0.31418880109170594,0.31829678967857666,0.31624279538514133,0.004508379386688133,False,False,0.0,0,0,33.25319543372501,False,False,1.6626597716862506,22.22222222222222,Normal,,8.803694771669333
1777740812.933942,8,True,0.29238581524014146,0.32933648921013153,0.3108611522251365,0.004967175944788465,False,False,0.0,0,0,34.72693417126482,False,True,1.7363467085632411,38.095238095238095,Atencao,Atencao: sinais iniciais de risco,10.02469980290377
1777740812.9780064,9,True,0.3041421166539273,0.346127721776356,0.32513491921514165,0.004958640954397697,False,False,0.0,0,0,35.32658024267717,False,True,1.7663290121338584,47.5,Atencao,Atencao: sinais iniciais de risco,11.302154403514148
1777740813.0184278,10,True,0.2888437446555366,0.34158197421615283,0.3152128594358447,0.004979732757510847,False,False,0.0,0,0,35.32503490718928,False,True,1.766251745359464,49.81481481481481,Atencao,Atencao: sinais iniciais de risco,12.644787090386172
1777740813.0551903,11,True,0.2889610713536427,0.3489594103879008,0.31896024087077174,0.004677644297587356,False,False,0.0,0,0,35.812137386473744,False,True,1.7906068693236872,50.0,Atencao,Atencao: sinais iniciais de risco,14.02562907282185
1777740813.093297,12,True,0.2851347695358316,0.32783837849617775,0.30648657401600465,0.003512472694456102,False,False,0.0,0,0,35.358027534051374,False,True,1.7679013767025686,50.0,Atencao,Atencao: sinais iniciais de risco,15.31079747777169
1777740813.1293182,13,True,0.30708335612048604,0.3136442381675342,0.3103637971440101,0.0044082005577772785,False,False,0.0,0,0,34.888213079625906,False,True,1.7444106539812954,50.0,Atencao,Atencao: sinais iniciais de risco,16.55701719424679
1777740813.164753,14,True,0.2862511497846063,0.2749588754371642,0.2806050126108852,0.007316380494374937,False,False,0.0,0,0,30.48114428466016,False,False,1.524057214233008,50.0,Atencao,Atencao: sinais iniciais de risco,17.73495531570051
1777740813.1995072,15,True,0.3018823762260832,0.2802092944161095,0.29104583532109635,0.007556418045373631,False,False,0.0,0,0,30.89580974470485,False,False,1.5447904872352425,50.0,Atencao,Atencao: sinais iniciais de risco,18.82697814122534
1777740813.2350814,16,True,0.2941842702212829,0.2926709025433341,0.2934275863823085,0.008005439954249842,False,False,0.0,0,0,27.506402148983693,False,False,1.3753201074491848,50.0,Atencao,Atencao: sinais iniciais de risco,19.749943279171365
1777740813.2715979,17,True,0.3056803912124759,0.3260147782202253,0.3158475847163506,0.007866552888025598,False,False,0.0,0,0,23.22520513453267,False,False,1.1612602567266332,49.583333333333336,Atencao,Atencao: sinais iniciais de risco,20.530384734720844
1777740813.3073223,18,True,0.3036036724731666,0.292629529917592,0.2981166011953793,0.0050279972383961875,False,False,0.0,0,0,22.52229791906747,False,False,1.1261148959533736,48.72549019607843,Atencao,Atencao: sinais iniciais de risco,21.26617088448376
1777740813.3413875,19,True,0.30672107416448774,0.3044318500289728,0.3055764620967303,0.005880419050569918,False,False,0.0,0,0,22.259008783102036,False,False,1.1129504391551017,47.96296296296296,Atencao,Atencao: sinais iniciais de risco,22.085018515375232
1777740813.3763769,20,True,0.31506262036737503,0.326768813041873,0.32091571670462404,0.005757245570453607,False,False,0.0,0,0,21.17257372980768,False,False,1.058628686490384,47.280701754385966,Atencao,Atencao: sinais iniciais de risco,22.756385805342397
1777740813.4104302,21,True,0.30844821592729454,0.30484509182102737,0.30664665387416096,0.00814336285081905,False,False,0.0,0,0,20.395837968858807,False,False,1.0197918984429404,46.666666666666664,Atencao,Atencao: sinais iniciais de risco,23.40469818456918
1777740813.4457467,22,True,0.2645086544431277,0.24981518354561338,0.2571619189943706,0.0073072644699957,False,False,0.0,0,0,19.04087151126428,False,False,0.9520435755632141,44.44444444444445,Atencao,Atencao: sinais iniciais de risco,23.91261446754288
1777740813.486595,23,True,0.19751365962479367,0.15289032108805217,0.17520199035642292,0.0073476691159271475,True,False,0.045454545454545456,0,0,16.85593980848789,False,False,7.092796990424395,42.42424242424243,Atencao,Atencao: sinais iniciais de risco,23.93172920751488
1777740813.533934,24,True,0.2591554018251136,0.21778691264715772,0.23847115723613566,0.007084755640477296,False,False,0.043478260869565216,0,0,18.15022979243235,False,False,7.051459562594122,40.57971014492754,Atencao,Atencao: sinais iniciais de risco,23.64527862848409
1777740813.571373,25,True,0.3056860752036312,0.22401852232423428,0.26485229876393274,0.00505475582923102,False,False,0.041666666666666664,0,0,19.595697365023874,False,False,6.874638738325148,38.88888888888889,Atencao,Atencao: sinais iniciais de risco,23.974085032539918
1777740813.6109772,26,True,0.3056965547593939,0.30020139414005326,0.3029489744497236,0.005899616409998458,False,False,0.04,0,0,19.481935132362626,False,False,6.639783960025418,37.33333333333334,Atencao,Atencao: sinais iniciais de risco,24.09200747230949
1777740813.6496453,27,True,0.3175812387011407,0.32228337192481976,0.3199323053129802,0.004591937564099529,False,False,0.038461538461538464,0,0,21.050161651860584,False,False,6.506656824461855,35.8974358974359,Atencao,Atencao: sinais iniciais de risco,24.306466362910573
1777740813.6939268,28,True,0.3137170969810559,0.3299883066147502,0.32185270179790304,0.0045680362093616,False,False,0.037037037037037035,0,0,20.98463952297514,False,False,6.307511772148637,34.5679012345679,Atencao,Atencao: sinais iniciais de risco,24.076863020116562
1777740813.7356448,29,True,0.3071068563024773,0.32977423847143417,0.3184405473869557,0.004467405039852625,False,False,0.03571428571428571,0,0,21.483645008368924,False,False,6.150583739540019,33.333333333333336,Atencao,Atencao: sinais iniciais de risco,24.096750068071266
1777740813.7788584,30,True,0.29305946743692324,0.33335256367892974,0.3132060155579265,0.00521650424637731,False,False,0.034482758620689655,0,0,21.964277990026908,False,False,6.005280413253461,32.18390804597702,Atencao,Atencao: sinais iniciais de risco,24.030361894103134
1777740813.8275774,31,True,0.31316681295871385,0.32852940818020593,0.3208481105694599,0.004348309853505018,False,False,0.03333333333333333,0,0,20.926973404667592,False,False,5.795369206974,31.11111111111111,Atencao,Atencao: sinais iniciais de risco,23.676174354550373
1777740813.8804848,32,True,0.3238434504492683,0.35069041764599207,0.3372669340476302,0.007588048764754691,False,False,0.03225806451612903,0,0,20.463593392480504,False,False,5.624350743999055,30.10752688172043,Atencao,Atencao: sinais iniciais de risco,23.202313393893064
1777740813.9213789,33,True,0.30088687293646965,0.33484171571566734,0.3178642943260685,0.006878161950720093,False,False,0.03125,0,0,20.719734742695636,False,False,5.4985489405420696,29.166666666666668,Normal,,23.299806879732973
1777740813.96174,34,True,0.3123731363931463,0.3316928810960851,0.3220330087446157,0.007661110907679842,False,False,0.030303030303030304,0,0,20.479647089676423,False,False,5.356336224557776,28.282828282828284,Normal,,23.44144581681178
1777740814.00806,35,True,0.3159402136710863,0.3246528766043308,0.32029654513770855,0.008110596639691284,False,False,0.029411764705882353,0,0,19.88214980133555,False,False,5.203912340532888,27.450980392156865,Normal,,23.255767171304264
1777740814.0522137,36,True,0.31076296231539274,0.34054127217995717,0.32565211724767495,0.00784691878248463,False,False,0.02857142857142857,0,0,20.062783587927168,False,False,5.097397811375075,26.666666666666668,Normal,,23.18673726007299
1777740814.0883653,37,True,0.31853227591584876,0.33364497817094413,0.3260886270433965,0.006860052642339329,False,False,0.027777777777777776,0,0,20.139204061031343,False,False,4.992091850903298,25.925925925925927,Normal,,23.686560770768963
1777740814.127849,38,True,0.30955622259979554,0.3359337088746315,0.3227449657372135,0.008913796896193905,False,False,0.02702702702702703,0,0,19.754930306564678,False,False,4.869649934951738,25.225225225225223,Normal,,23.84207998057603
1777740814.167378,39,True,0.3116420278866172,0.3475718902664738,0.32960695907654547,0.009419506071266456,False,False,0.02631578947368421,0,0,20.020121643218125,False,False,4.785114338199772,24.561403508771928,Normal,,23.9768842268953
1777740814.205585,40,True,0.2999183042945189,0.3436265599858687,0.3217724321401938,0.10595470880680304,False,False,0.02564102564102564,0,0,20.321665589375932,False,False,4.70741150851711,23.931623931623935,Normal,,24.19867688513863
1777740814.244181,41,True,0.29600210211325495,0.3350281560869679,0.3155151291001114,0.11313700966113072,False,False,0.025,0,0,19.85981712449681,False,False,4.596178059632129,23.333333333333336,Normal,,24.392054167897733
1777740814.288166,42,True,0.2940637436336435,0.3424636227116634,0.31826368317265347,0.024455583274379362,False,False,0.024390243902439025,0,0,21.039826802367518,False,False,4.571337080111029,22.764227642276424,Normal,,24.2243009127838
1777740814.3258672,43,True,0.29755374697458353,0.3237615263773897,0.3106576366759866,0.008092520917791774,False,False,0.023809523809523808,0,0,20.333515937626363,False,False,4.456172524098129,22.22222222222222,Normal,,24.39996849411982
1777740814.3657393,44,True,0.3084513054650584,0.32923477212561947,0.31884303879533893,0.007449483858250077,False,False,0.023255813953488372,0,0,21.03592928675088,False,False,4.415158086349482,21.705426356589147,Normal,,24.504080125798232
1777740814.401863,45,True,0.2955589744635505,0.325002025544345,0.31028050000394775,0.006827767777574457,False,False,0.022727272727272728,0,0,21.050047642669895,False,False,4.343189585540783,21.21212121212121,Normal,,24.810688030178245
1777740815.7078545,46,True,0.3055016475772151,0.32267270505003864,0.31408717631362687,0.0045662771945497345,False,False,0.022222222222222223,0,0,25.43447275297208,False,False,4.492966396611447,20.74074074074074,Normal,,22.406183553101194
1777740815.775978,47,True,0.2979697809718633,0.31795745306786666,0.30796361701986497,0.004429297930157027,False,False,0.021739130434782608,0,0,25.435240599242125,False,False,4.426579668152002,20.28985507246377,Normal,,21.624594913900626
1777740815.8300781,48,True,0.2977705218130861,0.3232905973277699,0.31053055957042797,0.004442434742147402,False,False,0.02127659574468085,0,0,25.035726074468002,False,False,4.343005422024304,19.858156028368793,Normal,,21.320729841015986
1777740815.8786812,49,True,0.2979279647167809,0.31964410952855804,0.3087860371226695,0.00676401664495827,False,False,0.020833333333333332,0,0,24.496786722540858,False,False,4.2551098728676635,19.444444444444446,Normal,,21.24007777398392
1777740815.9314435,50,True,0.2860375241789789,0.3171476745255533,0.3015925993522661,0.006411486225914393,False,False,0.02040816326530612,0,0,23.945822709798815,False,False,4.16910078787682,19.04761904761905,Normal,,21.037949441640293
1777740815.977897,51,True,0.29619451707376665,0.32509513627273323,0.31064482667324994,0.00457211325165443,False,False,0.02,0,0,23.35323453057896,False,False,4.0833489299362355,18.66666666666667,Normal,,21.052996081948447
1777740816.0279682,52,True,0.2920638727496383,0.31111298787895036,0.30158843031429433,0.003429706915109199,False,False,0.0196078431372549,0,0,23.72615605728193,False,False,4.048073437643933,18.30065359477124,Normal,,20.9636385458296
1777740816.0806684,53,True,0.2877988853323574,0.30415516551430666,0.29597702542333204,0.006492763492990208,False,False,0.019230769230769232,0,0,23.242814539779317,False,False,3.9720586996270226,17.94871794871795,Normal,,20.777213439033478
1777740816.1283095,54,True,0.2902309180745079,0.3029806677956922,0.29660579293510003,0.003796627358921264,False,False,0.018867924528301886,0,0,22.913573816689578,False,False,3.905705516883276,17.61006289308176,Normal,,20.78256070524687
1777740816.1726148,55,True,0.29383467014826004,0.2974057563647561,0.29562021325650806,0.00312715000047607,False,False,0.018518518518518517,0,0,22.948552604967897,False,False,3.8594111299519787,17.28395061728395,Normal,,20.985248488775394
1777740816.2163165,56,True,0.29833741982030243,0.3013094989389374,0.2998234593796199,0.0032669730674029745,False,False,0.01818181818181818,0,0,23.413940173387527,False,False,3.8363842120766636,16.969696969696972,Normal,,21.139721816314065
1777740816.2578623,57,True,0.28855019072649496,0.29494546967495155,0.29174783020072326,0.003587211487900341,False,False,0.017857142857142856,0,0,22.644866582480343,False,False,3.753287675388447,16.666666666666668,Normal,,21.394306567602854
1777740816.302975,58,True,0.3081359381485532,0.3069385364597998,0.3075372373041765,0.004319001128574207,False,False,0.017543859649122806,0,0,22.40692799037153,False,False,3.69831430468025,16.374269005847953,Normal,,21.481977961627937
1777740816.3442454,59,True,0.29352897705408554,0.2993060718964079,0.2964175244752467,0.004301212271312395,False,False,0.017241379310344827,0,0,22.22188773561608,False,False,3.647471245360505,16.09195402298851,Normal,,21.745092111742455
1777740816.3848093,60,True,0.31415517803580095,0.3125887540906293,0.31337196606321516,0.00357059695379117,False,False,0.01694915254237288,0,0,22.05688472606919,False,False,3.599039914287018,15.819209039548024,Normal,,22.102831081139197
1777740816.4304156,61,True,0.3101374191149585,0.310825593797777,0.31048150645636774,0.005302959590602049,False,False,0.016666666666666666,0,0,20.576896860653704,False,False,3.4861987131066394,15.555555555555557,Normal,,22.07399174042594
1777740816.4723,62,True,0.054963846521805075,0.08919079365122301,0.07207732008651405,0.006014476300075542,True,False,0.03278688524590164,0,0,18.0611931941726,False,False,5.576943584427393,15.300546448087433,Normal,,22.256312944825353
1777740816.5119479,63,True,0.15272120460933594,0.14370194231842953,0.14821157346388275,0.010514285048599298,True,False,0.04838709677419355,0,0,17.908180614899504,False,False,7.714322040603875,15.053763440860214,Normal,,22.575372789429288
1777740816.5453014,64,True,0.24482241391007412,0.2324532577138627,0.2386378358119684,0.005679234587268007,False,False,0.047619047619047616,0,0,17.213524574989624,False,False,7.618891301358611,14.814814814814817,Normal,,23.243523045608185
1777740816.5835922,65,True,0.2529684726207416,0.24222122479191766,0.24759484870632964,0.006189517993344014,False,False,0.046875,0,0,18.485856591165067,False,False,7.580201354548335,14.583333333333334,Normal,,23.518193507399975
1777740816.6239324,66,True,0.26250204217918777,0.2526859408063657,0.25759399149277673,0.006625025800140263,False,False,0.046153846153846156,0,0,18.724508364769544,False,False,7.4929752893824055,14.358974358974358,Normal,,23.69378391589603
1777740816.6612997,67,True,0.28167274531864805,0.289158290340395,0.2854155178295215,0.0030352860333929753,False,False,0.045454545454545456,0,0,17.607831540026446,False,False,7.340987601991404,14.141414141414142,Normal,,23.981337195087733
1777740816.7009954,68,True,0.2933006398139614,0.2991521337761768,0.2962263867950691,0.0076970613893385265,False,False,0.04477611940298507,0,0,17.80251889689402,False,False,7.25743838774523,13.930348258706466,Normal,,24.08330972857538
1777740816.7586284,69,True,0.3034950157700152,0.30930261154773114,0.30639881365887317,0.009991814761084222,False,False,0.04411764705882353,0,0,19.841605283997275,False,False,7.268852759778181,13.72549019607843,Normal,,23.433279252948743
1777740816.797451,70,True,0.30573902064807135,0.288351805714598,0.2970454131813347,0.10349803637359528,False,False,0.043478260869565216,0,0,16.01493184891614,False,False,6.989603487001106,13.526570048309178,Normal,,23.63797520766634
1777740816.845324,71,True,0.3068672372257689,0.29109721350748397,0.29898222536662644,0.041631014322764406,False,False,0.04285714285714286,0,0,15.484489898654546,False,False,6.877677662779951,13.333333333333334,Normal,,23.38793592846801
1777740816.8832178,72,True,0.28174209578244175,0.29384406322819967,0.28779307950532074,0.025299726063216173,False,False,0.04225352112676056,0,0,16.223749152096836,False,False,6.8316426375245,13.145539906103286,Normal,,23.640225383597787
1777740816.9216516,73,True,0.27860237876141747,0.3093752592654199,0.29398881901341867,0.059096445633012695,False,False,0.041666666666666664,0,0,16.384196174415674,False,False,6.758972500377531,12.962962962962964,Normal,,23.898383342352517
1777740816.9557602,74,True,0.2861279965722753,0.31657879412774753,0.3013533953500114,0.08403200599045711,False,False,0.0410958904109589,0,0,18.44524795277552,False,False,6.783543354135706,12.785388127853881,Normal,,24.45611076547728
1777740816.999999,75,True,0.2922928582123503,0.3018595301702365,0.2970761941912934,0.13659823746464939,False,False,0.04054054054054054,0,0,21.228822247548536,False,False,6.846361461691833,12.612612612612613,Normal,,24.26544873751501
1777740817.0343661,76,True,0.2813969749353279,0.2812376398154988,0.2813173073754134,0.159905360838834,False,False,0.04,0,0,23.098139529336585,False,False,6.86550300145691,12.444444444444448,Normal,,24.759080827835014
1777740817.0692937,77,True,0.28848519904959496,0.3106131639364938,0.2995491814930444,0.15013088980717285,False,False,0.039473684210526314,0,0,24.717248408360916,False,False,6.874090024355496,12.280701754385962,Normal,,25.13878988672038
1777740817.1028821,78,True,0.3189849620487498,0.30066148322581143,0.3098232226372806,0.16827985181478516,False,False,0.03896103896103896,0,0,23.986544873497703,False,False,6.7670661258078235,12.121212121212123,Normal,,25.591926584612203
1777740817.1365292,79,True,0.2891175840744938,0.304797634409881,0.2969576092421874,0.1376001687808147,False,False,0.038461538461538464,0,0,25.9774076776071,False,False,6.797927947331975,11.965811965811968,Normal,,26.009261033793337
1777740817.167952,80,True,0.2991795968809605,0.2950313910489371,0.2971054939649488,0.025924659308360146,False,False,0.0379746835443038,0,0,25.668698960000814,False,False,6.715549960331894,11.814345991561183,Normal,,26.59080840942684
1777740817.2034955,81,True,0.31625094793953373,0.2878798641923084,0.302065406065921,0.04915447254404238,False,False,0.0375,0,0,25.55989775657654,False,False,6.644840912818908,11.666666666666668,Normal,,26.70264731973554
1777740817.2399247,82,True,0.301007816819473,0.29159640754655897,0.29630211218301594,0.05239784277374933,False,False,0.037037037037037035,0,0,26.506082584641195,False,False,6.628492746814734,11.52263374485597,Normal,,26.803432872092703
1777740817.2777512,83,True,0.3081162210337649,0.2902889787248799,0.2992025998793224,0.008082320565095415,False,False,0.036585365853658534,0,0,25.534147162599997,False,False,6.51779118799813,11.38211382113821,Normal,,26.7528415448205
1777740817.3166008,84,True,0.3002597060695281,0.29413553540551796,0.29719762073752304,0.005609861886539494,False,False,0.03614457831325301,0,0,23.940168208696623,False,False,6.377483953497202,11.244979919678716,Normal,,26.691075554219587
1777740817.3503697,85,True,0.3008705669924939,0.2883778703333067,0.29462421866290034,0.0041333842039902565,False,False,0.03571428571428571,0,0,23.613474909012965,False,False,6.301984056155015,11.111111111111112,Normal,,26.937946979541426
1777740817.382262,86,True,0.29315736399473113,0.2897990817041468,0.291478222849439,0.0024021414455978533,False,False,0.03529411764705882,0,0,22.41211370636116,False,False,6.184142886778728,10.980392156862747,Normal,,27.369513653610852
1777740817.4159222,87,True,0.3049650780452663,0.29584436292908683,0.3004047204871766,0.003821237583727892,False,False,0.03488372093023256,0,0,23.226017169518904,False,False,6.168408511373003,10.852713178294575,Normal,,27.648262016652346
1777740817.4487486,88,True,0.297942004315701,0.312656826530894,0.3052994154232975,0.004895647452626302,False,False,0.034482758620689655,0,0,23.353720241785048,False,False,6.119661347424161,10.727969348659006,Normal,,27.943842117443452
1777740817.4822183,89,True,0.2880326026956013,0.2991495214529611,0.2935910620742812,0.006182266025761713,False,False,0.03409090909090909,0,0,23.798544594916432,False,False,6.088023254735903,10.606060606060607,Normal,,28.138422644582274
1777740817.5164256,90,True,0.2980945889262778,0.2914567139933127,0.29477565145979523,0.005382956238626822,False,False,0.033707865168539325,0,0,24.15842584723776,False,False,6.053348778026127,10.48689138576779,Normal,,28.21681848072154
1777740817.5511584,91,True,0.30052883787781254,0.29408740736852496,0.29730812262316875,0.003953590920186261,False,False,0.03333333333333333,0,0,22.929586356607352,False,False,5.940408676153782,10.37037037037037,Normal,,28.28749184945807
1777740817.5918663,92,True,0.30689498011512223,0.311882731410418,0.3093888557627701,0.005157248737415735,False,False,0.03296703296703297,0,0,22.82189245088534,False,False,5.884657680501382,10.256410256410255,Normal,,27.92494338594578
1777740817.6253357,93,True,0.2966130160878504,0.30258048932572734,0.29959675270678887,0.005578651805812986,False,False,0.03260869565217391,0,0,22.35495235730301,False,False,5.812039295029145,10.144927536231885,Normal,,28.1050387934518
1777740817.6575031,94,True,0.30108856745660156,0.297608840840419,0.2993487041485103,0.0048991142181928835,False,False,0.03225806451612903,0,0,21.546971528638494,False,False,5.723428472389749,10.035842293906812,Normal,,28.42102976883053
1777740817.689459,95,True,0.2976929829995902,0.3014307954962253,0.2995618892479077,0.0064596161028788925,False,False,0.031914893617021274,0,0,21.885309042984787,False,False,5.693159349479746,9.929078014184398,Normal,,28.67614858591974
1777740817.7241814,96,True,0.2964942353288609,0.2997654826459199,0.2981298589873904,0.005555771630781753,False,False,0.031578947368421054,0,0,22.089785251021386,False,False,5.657190550699045,9.824561403508772,Normal,,28.700679814698457
1777740817.771233,97,True,0.32005054809955785,0.30287569599759073,0.3114631220485743,0.005500052274925092,False,False,0.03125,0,0,23.083561439134854,False,False,5.6616490969468245,9.722222222222221,Normal,,27.960392127127218
1777740817.8124561,98,True,0.32050939607467965,0.29554192766424875,0.30802566186946423,0.004820813831643648,False,False,0.030927835051546393,0,0,22.736330326849764,False,False,5.599989860920199,9.621993127147764,Normal,,27.57051268102049
1777740817.8518982,99,True,0.34059256448455894,0.3483090757214384,0.34445082010299866,0.005771365369375531,False,False,0.030612244897959183,0,0,27.360355468229812,False,False,5.7877974718709595,9.523809523809524,Normal,,27.354686436779584
1777740817.8905065,100,True,0.32983875122231116,0.34438102956656275,0.33710989039443695,0.004755436537069571,False,False,0.030303030303030304,0,0,30.077048171108423,False,False,5.88111510021217,9.427609427609429,Normal,,27.196351401911738
1777740817.9360566,101,True,0.3074961066885535,0.3422810893546602,0.32488859802160686,0.006349802164809653,False,False,0.03,0,0,29.99418094700033,False,True,5.835305072340098,10.666666666666664,Normal,,26.68330602017673
1777740817.9719274,102,True,0.2961300066793553,0.33125978247948296,0.3136948945794191,0.006421405036976404,False,False,0.0297029702970297,0,0,32.48121503374793,False,True,5.918815192519062,11.881188118811881,Normal,,26.806984690482704
1777740818.005388,103,True,0.2878956514527415,0.3381351987606073,0.3130154251066744,0.005992986920310435,False,False,0.029411764705882353,0,0,32.5091557632793,False,True,5.880171460212869,13.071895424836601,Normal,,27.146758985950267
1777740818.0363715,104,True,0.2940459072510153,0.33500576097411144,0.3145258341125634,0.0059172007057365405,False,False,0.02912621359223301,0,0,32.17151249918071,False,True,5.824026018881156,14.239482200647245,Normal,,27.643789112878498
1777740818.0687027,105,True,0.2930157847789299,0.35673786717522327,0.32487682597707657,0.007197833233978511,False,False,0.028846153846153848,0,0,36.80778426798907,False,True,6.017331392235689,15.384615384615387,Normal,,27.96947317462176
1777740818.1010656,106,True,0.29268825932778836,0.37789027191369123,0.3352892656207398,0.007939775484325116,False,False,0.02857142857142857,0,0,37.675264024734496,False,True,6.022930654798236,16.50793650793651,Normal,,28.225485549523253
1777740818.1444168,107,True,0.29231284734397517,0.3493798671579605,0.32084635725096783,0.006636762424883104,False,False,0.02830188679245283,0,0,37.4721081495285,False,True,5.975710866428772,17.61006289308176,Normal,,27.713435670096395
1777740818.1764083,108,True,0.2930543253682377,0.3491136183863719,0.3210839718773048,0.006636916259106567,False,False,0.028037383177570093,0,0,37.77755081653595,False,True,5.954613752732767,18.69158878504673,Normal,,28.048309194213115
1777740818.2106168,109,True,0.31776510748496833,0.36059817468732736,0.33918164108614784,0.0035967626323056725,False,False,0.027777777777777776,0,0,39.214747714996335,False,True,5.9907778551843425,19.753086419753085,Normal,,28.208734371050067
1777740818.2448833,110,True,0.292572681838605,0.3857759097595592,0.3391742957990821,0.003506237372377445,False,False,0.027522935779816515,0,0,39.52039122581482,False,True,5.971019256005594,20.795107033639145,Normal,,28.317929001394248
1777740818.2791362,111,True,0.29266815096567805,0.41588202878698843,0.35427508987633327,0.003792038323183291,False,False,0.02727272727272727,0,0,38.626135444641115,False,True,5.891902797222137,21.818181818181824,Normal,,28.36370973091837
1777740818.3105931,112,True,0.2967359558819191,0.3877519710773333,0.34224396347962616,0.0035882664109843647,False,False,0.02702702702702703,0,0,39.06603488922119,False,True,5.880113985667357,22.822822822822825,Normal,,28.748375994423576
1777740818.3451834,113,True,0.29934667277630334,0.40926162030700225,0.35430414654165276,0.003991714959402199,False,False,0.026785714285714284,0,0,38.40224995613098,False,True,5.813744237082345,23.80952380952381,Normal,,28.753075826320508
1777740818.378507,114,True,0.3038452054656651,0.4042732686350608,0.35405923705036296,0.004081625856826171,False,False,0.02654867256637168,0,0,36.3069452881813,False,True,5.676385767275253,24.778761061946902,Normal,,28.883659791191437
1777740818.417851,115,True,0.288872418095278,0.397835541586187,0.3433539798407325,0.004224622677296144,False,False,0.02631578947368421,0,0,35.72088063359261,False,True,5.6150611093012905,25.730994152046783,Normal,,28.552367701859904
1777740818.452193,116,True,0.29015968458882213,0.37752935156477724,0.3338445180767997,0.004484200098312673,False,False,0.02608695652173913,0,0,35.82561773061752,False,True,5.588833433260088,26.666666666666668,Normal,,28.6017434576731
1777740818.4850292,117,True,0.22579578985295337,0.28498710621139595,0.2553914480321747,0.004149090402695407,False,False,0.02586206896551724,0,0,36.13591154813766,False,True,5.573426085155585,27.586206896551722,Normal,,28.728810602678827
1777740818.519753,118,True,0.05506278038619123,0.06624675714860394,0.06065476876739759,0.0045135630709464865,True,False,0.03418803418803419,0,0,37.95680499076843,False,True,6.809290975383204,28.490028490028493,Normal,,28.799460837098604
1777740818.5550556,119,True,0.06648190000093979,0.0841630064250391,0.07532245321298944,0.0036025775012174435,True,False,0.0423728813559322,0,0,36.83737261295318,False,True,7.878735842078418,29.37853107344633,Normal,,28.750900092619602
1777740818.588991,120,True,0.06909985252935222,0.07594340683882236,0.07252162968408729,0.00366900255758618,True,False,0.05042016806722689,0,0,37.87727620601654,False,True,9.037232944534606,30.252100840336134,Atencao,Atencao: sinais iniciais de risco,28.77190961664394
1777740818.825157,121,True,0.2694864465554865,0.2807793637124954,0.2751329051339909,0.005635920970789379,False,False,0.05,0,0,34.18664156957106,False,True,9.081034034273841,31.11111111111111,Atencao,Atencao: sinais iniciais de risco,26.31883816166336
1777740818.861255,122,True,0.26364823069046633,0.2658344490760623,0.2647413398832643,0.005570250026841896,False,False,0.049586776859504134,0,0,31.1623872838237,False,True,8.873003138168292,31.955922865013775,Atencao,Atencao: sinais iniciais de risco,26.469563040247806
1777740818.8959486,123,True,0.2817432418168711,0.2711960246708545,0.2764696332438628,0.004904140904324343,False,False,0.04918032786885246,0,0,30.51528251279484,False,True,8.784761163402244,32.786885245901644,Atencao,Atencao: sinais iniciais de risco,26.682863188835903
1777740818.9417052,124,True,0.28082548964099757,0.2794520252958385,0.28013875746841804,0.004750976117284149,False,False,0.04878048780487805,0,0,27.78688730665228,False,True,8.593363394298633,33.60433604336043,Atencao,Atencao: sinais iniciais de risco,26.19571136632112
1777740818.9772618,125,True,0.2967941769927147,0.28146204234240507,0.28912810966755986,0.004319017108689482,False,False,0.04838709677419355,0,0,27.164700652252538,False,True,8.508162794859526,34.40860215053763,Atencao,Atencao: sinais iniciais de risco,26.40467447919255
1777740819.0105886,126,True,0.31174726636855776,0.2864035296185138,0.2990753979935358,0.004542699603192245,False,False,0.048,0,0,27.547268257899717,False,True,8.474065368690272,35.2,Atencao,Atencao: sinais iniciais de risco,26.735639680607896
1777740819.0461626,127,True,0.2994080036326193,0.2840905242003771,0.29174926391649825,0.0033413594280187896,False,False,0.047619047619047616,0,0,27.643717170303518,False,True,8.42650686192951,35.97883597883598,Atencao,Atencao: sinais iniciais de risco,26.875379262801758
1777740819.078815,128,True,0.29177280728931215,0.29642646403017264,0.2940996356597424,0.004599649440582085,False,False,0.047244094488188976,0,0,28.651411091739476,False,False,8.425335502508247,35.69553805774279,Atencao,Atencao: sinais iniciais de risco,27.237412105901182
1777740819.1163404,129,True,0.3053640667135417,0.2793284292408173,0.2923462479771795,0.00436370017307283,False,False,0.046875,0,0,27.96510403806513,False,False,8.340269657698546,35.41666666666667,Atencao,Atencao: sinais iniciais de risco,27.22207588852039
1777740819.1515372,130,True,0.2997160230914824,0.27266524992919355,0.28619063651033794,0.004288034530879189,False,False,0.046511627906976744,0,0,28.447377470406614,False,False,8.314419666524921,35.1421188630491,Atencao,Atencao: sinais iniciais de risco,27.29645311163852
1777740819.1897783,131,True,0.3137388642216752,0.2988888309551535,0.30631384758841435,0.003991123799564367,False,False,0.046153846153846156,0,0,29.29385165572166,False,False,8.307548384735217,34.871794871794876,Atencao,Atencao: sinais iniciais de risco,27.220658138046616
1777740819.2232275,132,True,0.30835491621547445,0.2892439227058351,0.2987994194606548,0.006622842007317902,False,False,0.04580152671755725,0,0,28.792239031466572,False,False,8.234023831032738,34.605597964376585,Atencao,Atencao: sinais iniciais de risco,27.433631115568062
1777740819.256401,133,True,0.3220202055191339,0.2956701895600739,0.30884519753960393,0.004590670227867772,False,False,0.045454545454545456,0,0,29.18467583547939,False,False,8.205935747569258,34.343434343434346,Atencao,Atencao: sinais iniciais de risco,27.735362807866405
1777740819.2918997,134,True,0.3212409673733417,0.29683702207221535,0.3090389947227785,0.0065479124369407365,False,False,0.045112781954887216,0,0,29.345841935006057,False,False,8.167001571342583,34.08521303258145,Atencao,Atencao: sinais iniciais de risco,27.789073269501017
1777740819.3270717,135,True,0.3196711424381379,0.29500380988145314,0.3073374761597955,0.004515981601339206,False,False,0.04477611940298507,0,0,29.14443442767316,False,False,8.110640095089392,33.83084577114428,Atencao,Atencao: sinais iniciais de risco,27.86379476343681
1777740819.3610458,136,True,0.3201408850352453,0.30573538443767,0.31293813473645765,0.005253625946399549,False,False,0.044444444444444446,0,0,31.065174792571497,False,False,8.161071806534974,33.58024691358025,Atencao,Atencao: sinais iniciais de risco,28.018462005921215
1777740819.3965168,137,True,0.31814553123533945,0.30612427567889755,0.3121349034571185,0.005405377669148467,False,False,0.04411764705882353,0,0,31.206817337599666,False,False,8.123219293263507,33.333333333333336,Atencao,Atencao: sinais iniciais de risco,28.02111421847043
1777740819.4308002,138,True,0.29135692451843515,0.3191006594712535,0.3052287919948443,0.0029934724918094756,False,False,0.043795620437956206,0,0,31.0990778234872,False,False,8.073553657188626,33.09002433090025,Atencao,Atencao: sinais iniciais de risco,28.14366353667132
1777740819.469184,139,True,0.29984539561152485,0.3087685978528196,0.3043069967321722,0.0041231421757249,False,False,0.043478260869565216,0,0,32.02486371235414,False,False,8.076206010978211,32.850241545893724,Atencao,Atencao: sinais iniciais de risco,27.951546444753358
1777740819.502196,140,True,0.3026961152452232,0.3481189650487679,0.3254075401469956,0.002572394980625551,False,False,0.04316546762589928,0,0,31.85310572710904,False,False,8.02460904071189,32.61390887290168,Atencao,Atencao: sinais iniciais de risco,28.14108331801253
1777740819.5364456,141,True,0.30989497530625304,0.3332885050417753,0.32159174017401415,0.0030971936180702294,False,False,0.04285714285714286,0,0,32.68837129852989,False,True,8.023977663578926,33.333333333333336,Atencao,Atencao: sinais iniciais de risco,28.258709546622182
1777740819.5701108,142,True,0.29265504393877745,0.34138363947422706,0.31701934170650226,0.0033330055343605666,False,False,0.0425531914893617,0,0,33.55881053371863,False,True,8.025706312268452,34.04255319148936,Atencao,Atencao: sinais iniciais de risco,28.404960090049524
1777740819.6040106,143,True,0.301398709954872,0.3477583138738757,0.3245785119143738,0.0035071133438129044,False,False,0.04225352112676056,0,0,33.46656904816627,False,True,7.979889563133179,34.74178403755868,Atencao,Atencao: sinais iniciais de risco,28.55129514414474
1777740819.6374743,144,True,0.30257467259979287,0.34312411034164536,0.3228493914707191,0.00390762051913559,False,False,0.04195804195804196,0,0,32.819365117766644,False,True,7.906900980914389,35.43123543123543,Atencao,Atencao: sinais iniciais de risco,28.619979803021607
1777740819.6696265,145,True,0.31089557759773123,0.3368554935412203,0.3238755355694758,0.004471275141895826,False,False,0.041666666666666664,0,0,33.77916968139735,False,True,7.914827106531821,36.111111111111114,Atencao,Atencao: sinais iniciais de risco,28.902665578118253
1777740819.7046862,146,True,0.30954588272142913,0.35368891641605993,0.33161739956874453,0.003557143334390264,False,False,0.041379310344827586,0,0,34.4477308744734,False,True,7.908743671932751,36.7816091954023,Atencao,Atencao: sinais iniciais de risco,28.87137162167472
1777740819.7475228,147,True,0.31722248402011566,0.32749479141848864,0.3223586377193022,0.002854880651735395,False,False,0.0410958904109589,0,0,33.61081662557341,False,True,7.827927718580807,37.44292237442922,Atencao,Atencao: sinais iniciais de risco,28.311564055532614
1777740819.7829964,148,True,0.29556644305640434,0.3197909318178354,0.3076786874371199,0.0031297945465366805,False,False,0.04081632653061224,0,0,35.16691646088253,False,True,7.867292676798598,38.095238095238095,Atencao,Atencao: sinais iniciais de risco,28.297166240546503
1777740819.825133,149,True,0.30215587448747766,0.33476488099102264,0.3184603777392502,0.003987415027340784,False,False,0.04054054054054054,0,0,35.97144911939448,False,True,7.869598736089337,38.73873873873874,Atencao,Atencao: sinais iniciais de risco,27.852814922905395
1777740819.8616662,150,True,0.3102771981540067,0.34732608266992654,0.3288016404119666,0.003972280353157579,False,False,0.040268456375838924,0,0,36.362648117542264,False,True,7.851747113350253,39.37360178970917,Atencao,Atencao: sinais iniciais de risco,27.788037047998515
1777740819.8970392,151,True,0.2834065070114181,0.35299541730059036,0.31820096215600424,0.0041646169177290285,False,False,0.04,0,0,35.53122115135193,False,True,7.773263013362883,40.00000000000001,Atencao,Atencao: sinais iniciais de risco,27.845597804212503
1777740819.94174,152,True,0.30220157480524584,0.35036443104027565,0.32628300292276075,0.0030160551925145613,False,False,0.039735099337748346,0,0,35.631859993934626,False,True,7.741871114432416,40.618101545253865,Atencao,Atencao: sinais iniciais de risco,27.293599487780952
1777740819.9775333,153,True,0.2931650799345269,0.35984216244149525,0.3265036211880111,0.003875461238104232,False,False,0.039473684210526314,0,0,35.89053764939308,False,True,7.71886041721231,41.2280701754386,Atencao,Atencao: sinais iniciais de risco,27.39082299077006
1777740820.0114317,154,True,0.2825508952568083,0.3610906785420942,0.32182078689945126,0.0034497220277396445,False,False,0.0392156862745098,0,0,35.07291019931436,False,True,7.642504328506103,41.830065359477125,Atencao,Atencao: sinais iniciais de risco,27.57322293628013
1777740820.0458834,155,True,0.2893015988021406,0.34649864234143063,0.3179001205717856,0.003662474563218531,False,False,0.03896103896103896,0,0,35.240012779831886,False,True,7.615845451929739,42.42424242424243,Atencao,Atencao: sinais iniciais de risco,27.724416191089396
1777740820.0805795,156,True,0.29424240747805497,0.3383336642485235,0.31628803586328924,0.004052328881578913,False,False,0.03870967741935484,0,0,35.16053922176361,False,True,7.577309562044759,43.01075268817205,Atencao,Atencao: sinais iniciais de risco,27.842289992047732
1777740820.117585,157,True,0.2848887403670299,0.35195492164275793,0.3184218310048939,0.003423483602785383,False,False,0.038461538461538464,0,0,35.24799272716045,False,True,7.547563130614849,43.58974358974359,Atencao,Atencao: sinais iniciais de risco,27.7301288005483
1777740820.1514823,158,True,0.2894266702642202,0.34475512526556434,0.3170908977648923,0.0033487750408612866,False,False,0.03821656050955414,0,0,35.240659889578815,False,True,7.513512020337923,44.161358811040344,Atencao,Atencao: sinais iniciais de risco,27.923973157035533
1777740820.1844397,159,True,0.29014829749628834,0.34309615774498814,0.31662222762063824,0.003031383556180235,False,False,0.0379746835443038,0,0,35.475304228067394,False,True,7.491986154540429,44.72573839662448,Atencao,Atencao: sinais iniciais de risco,28.15672694613896
1777740820.2193024,160,True,0.2931787156291207,0.34497711695291494,0.3190779162910178,0.00368873042406095,False,False,0.03773584905660377,0,0,35.575310605764386,False,True,7.464146731366526,45.28301886792453,Atencao,Atencao: sinais iniciais de risco,28.246569794949966
1777740820.251189,161,True,0.29233599345293065,0.35324500641357554,0.3227904999332531,0.003638711936737576,False,False,0.0375,0,0,35.64821208119392,False,True,7.435362559854983,45.83333333333333,Atencao,Atencao: sinais iniciais de risco,28.547987399766313
1777740820.2836103,162,True,0.2993115291884893,0.3410842840638819,0.32019790662618564,0.0038048070863102752,False,False,0.037267080745341616,0,0,35.760800164937976,False,True,7.408965566526659,46.3768115942029,Atencao,Atencao: sinais iniciais de risco,28.776021293207613
1777740820.3188386,163,True,0.2973594913014457,0.35215350664331835,0.324756498972382,0.004193371113698771,False,False,0.037037037037037035,0,0,36.110427236557,False,True,7.394815910215731,46.72839506172839,Atencao,Atencao: sinais iniciais de risco,28.725066534178207
1777740820.3516736,164,True,0.29439486659444514,0.35766770690823085,0.32603128675133797,0.0034154209112494277,False,False,0.03680981595092025,0,0,36.012764036655426,False,True,7.358689850879593,46.86094069529652,Atencao,Atencao: sinais iniciais de risco,28.8565732441474
1777740820.3911257,165,True,0.301827793343497,0.3513796817905379,0.32660373756701744,0.004176684087689116,False,False,0.036585365853658534,0,0,36.05344295501709,False,True,7.32986190842419,46.99186991869919,Atencao,Atencao: sinais iniciais de risco,28.534032666694046
1777740820.4255345,166,True,0.29647162457647314,0.35816305920150965,0.3273173418889914,0.00413379210706907,False,False,0.03636363636363636,0,0,36.156997036933895,False,True,7.304551807641982,47.121212121212125,Atencao,Atencao: sinais iniciais de risco,28.507324711106246
1777740820.4596684,167,True,0.29827901027296505,0.3425468870902022,0.32041294868158365,0.004237300340942447,False,False,0.03614457831325301,0,0,36.47739666700363,False,True,7.290451307217758,47.24899598393574,Atencao,Atencao: sinais iniciais de risco,28.683235782318814
1777740820.4943607,168,True,0.29562594626084376,0.3490956909647335,0.32236081861278865,0.004536111797747775,False,False,0.03592814371257485,0,0,37.01242516040802,False,True,7.28744297429473,47.375249500998,Atencao,Atencao: sinais iniciais de risco,28.7114982915718
1777740820.527768,169,True,0.297646609007253,0.3568922273974368,0.3272694182023449,0.004246893802580842,False,False,0.03571428571428571,0,0,36.8203262090683,False,True,7.2484325519629875,47.5,Atencao,Atencao: sinais iniciais de risco,28.79894584773892
1777740820.5608783,170,True,0.3066554269701679,0.3612799357136517,0.3339676813419098,0.004626686739418858,False,False,0.03550295857988166,0,0,36.85504236221313,False,True,7.221110878639672,47.6232741617357,Atencao,Atencao: sinais iniciais de risco,28.971908431799328
1777740820.594751,171,True,0.29871454830676886,0.3503934079536325,0.3245539781302007,0.0047021951467671385,False,False,0.03529411764705882,0,0,37.11326313018798,False,True,7.205306288775275,47.745098039215684,Atencao,Atencao: sinais iniciais de risco,29.003867315007277
1777740820.6295764,172,True,0.2959250019572571,0.35483280164074743,0.3253789017990023,0.004490334919921608,False,False,0.03508771929824561,0,0,37.287460803985596,False,True,7.185636399503339,47.86549707602339,Atencao,Atencao: sinais iniciais de risco,28.934585367066767
1777740820.6679978,173,True,0.298958097867795,0.35080002602760474,0.3248790619476999,0.0037314648958507927,False,False,0.03488372093023256,0,0,36.85302448272705,False,True,7.135864807838616,47.98449612403101,Atencao,Atencao: sinais iniciais de risco,28.687175486618276
1777740820.7076917,174,True,0.2928057918074237,0.34351919382124746,0.3181624928143356,0.004370034634364426,False,False,0.03468208092485549,0,0,37.15361256599426,False,True,7.12316871126263,48.102119460500965,Atencao,Atencao: sinais iniciais de risco,28.34609128795841
1777740820.7434716,175,True,0.2955289231594925,0.35461253932398196,0.32507073124173724,0.005002556848428239,False,False,0.034482758620689655,0,0,38.01178019046783,False,True,7.138670275663507,48.2183908045977,Atencao,Atencao: sinais iniciais de risco,28.257723929693913
1777740820.7830954,176,True,0.2952081624972394,0.35156057178290806,0.32338436714007374,0.0031808021117964115,False,False,0.03428571428571429,0,0,37.94689476490021,False,True,7.108332408326013,48.333333333333336,Atencao,Atencao: sinais iniciais de risco,27.995442806599748
1777740820.8269632,177,True,0.2933416071629257,0.3540761096945578,0.32370885842874175,0.002660410337055397,False,False,0.03409090909090909,0,0,38.01266617774963,False,True,7.08483526468277,48.446969696969695,Atencao,Atencao: sinais iniciais de risco,27.46334882253278
1777740820.8651514,178,True,0.2940727126535616,0.3722761400215523,0.33317442633755695,0.003933321823737673,False,False,0.03389830508474576,0,0,38.06945390701294,False,True,7.061191600298478,48.559322033898304,Atencao,Atencao: sinais iniciais de risco,27.297505935252254
1777740820.900207,179,True,0.28495542919824046,0.36900308541716265,0.32697925730770155,0.004288113218847165,False,False,0.033707865168539325,0,0,37.871425771713255,False,True,7.025104705055107,48.67041198501873,Atencao,Atencao: sinais iniciais de risco,27.454166406425557
1777740820.943501,180,True,0.23589204648488296,0.2397496053190339,0.2378208259019584,0.0050039101347648714,False,False,0.0335195530726257,0,0,36.495993602275846,False,True,6.930440183395114,48.78026070763501,Atencao,Atencao: sinais iniciais de risco,27.02796142080614
1777740820.9783607,181,True,0.10708946062103383,0.16677703029858412,0.13693324545980898,0.004796776366520215,True,False,0.03888888888888889,0,0,35.75632624030113,False,True,7.631740490032566,48.888888888888886,Atencao,Atencao: sinais iniciais de risco,27.187296423576086
1777740821.0105336,182,True,0.25214429223182655,0.24405638503173918,0.24810033863178288,0.005592408613418873,False,False,0.03867403314917127,0,0,37.282563948631285,False,True,7.582485525818819,48.996316758747696,Atencao,Atencao: sinais iniciais de risco,27.571169863354122
1777740821.0441558,183,True,0.2654894990841257,0.2600344440632529,0.2627619715736893,0.004701457368217571,False,False,0.038461538461538464,0,0,36.859630810672584,False,True,7.532120849371373,49.1025641025641,Atencao,Atencao: sinais iniciais de risco,27.817010789313194
1777740821.0771878,184,True,0.2833118114703471,0.28167857140863073,0.2824951914394889,0.004484938419691134,False,False,0.03825136612021858,0,0,35.67516947497021,False,True,7.44399908565477,49.20765027322405,Atencao,Atencao: sinais iniciais de risco,28.004924609950038
1777740821.1106806,185,True,0.2962520329986202,0.29371937515001134,0.2949857040743158,0.003291696374171355,False,False,0.03804347826086957,0,0,34.936368483846834,False,True,7.378474455438113,49.31159420289855,Atencao,Atencao: sinais iniciais de risco,28.194067086447156
1777740821.1441784,186,True,0.29683930030408123,0.2952643884363144,0.2960518443701978,0.0037545536918971605,False,False,0.03783783783783784,0,0,34.974139125780624,False,True,7.3520874293679395,49.414414414414416,Atencao,Atencao: sinais iniciais de risco,28.39409344656042
1777740821.1773078,187,True,0.29832366148315853,0.29367037038155763,0.29599701593235805,0.0035033039849256473,False,False,0.03763440860215054,0,0,34.98507725217125,False,True,7.324662815780467,49.516129032258064,Atencao,Atencao: sinais iniciais de risco,28.538271390726116
1777740821.2173197,188,True,0.2967205134064221,0.29912879202942777,0.2979246527179249,0.0027945002891225715,False,False,0.0374331550802139,0,0,34.237841831012204,False,True,7.259628685456227,49.61675579322638,Atencao,Atencao: sinais iniciais de risco,28.22194856428053
1777740821.2517095,189,True,0.2975063313511861,0.29985320907135576,0.2986797702112709,0.002542553013445775,False,False,0.03723404255319149,0,0,34.480644138292824,False,True,7.2443908283546765,49.71631205673759,Atencao,Atencao: sinais iniciais de risco,28.286989815256835
1777740821.2848225,190,True,0.2952249888818126,0.3016491923956623,0.29843709063873747,0.002552812723190616,False,False,0.037037037037037035,0,0,34.602765360745515,False,True,7.223408631006073,49.81481481481481,Atencao,Atencao: sinais iniciais de risco,28.469540862564354
1777740821.3173327,191,True,0.2985839490109813,0.3012371567482124,0.29991055287959684,0.002963701744868584,False,False,0.03684210526315789,0,0,34.474319253184575,False,True,7.190183206719644,49.91228070175438,Atencao,Atencao: sinais iniciais de risco,28.706988339544086
1777740821.3515253,192,True,0.30450784426452443,0.30424397745702064,0.30437591086077254,0.002925178993712614,False,False,0.03664921465968586,0,0,35.03171630176631,False,True,7.191530601171326,50.0,Atencao,Atencao: sinais iniciais de risco,28.74811647528321
1777740821.3859684,193,True,0.30314305875767106,0.3046612800105752,0.3039021693841231,0.0028148449107032215,False,False,0.036458333333333336,0,0,35.03291703354229,False,True,7.165344455386653,50.0,Atencao,Atencao: sinais iniciais de risco,28.79446277365185
1777740821.4208004,194,True,0.3059548364156941,0.306543182667487,0.3062490095415905,0.003044191293043348,False,False,0.03626943005181347,0,0,36.38855069821531,False,True,7.207151937411322,50.0,Atencao,Atencao: sinais iniciais de risco,28.78603869778464
1777740821.455005,195,True,0.2924317527188748,0.33437667837678403,0.3134042155478294,0.0035707788376124826,False,False,0.03608247422680412,0,0,36.637948074665935,False,True,7.193915380295069,50.0,Atencao,Atencao: sinais iniciais de risco,28.827739705193324
1777740821.489582,196,True,0.29844462624220097,0.3237143986131789,0.31107951242768994,0.004029866886773174,False,False,0.035897435897435895,0,0,38.66819595477797,False,True,7.26998500401254,50.0,Atencao,Atencao: sinais iniciais de risco,28.802084104135055
1777740821.5276659,197,True,0.30036699422199437,0.3430989053468285,0.32173294978441147,0.004458252252270395,False,False,0.03571428571428571,0,0,38.766482041098854,False,True,7.249716158145433,50.0,Atencao,Atencao: sinais iniciais de risco,28.550846425632727
1777740821.561947,198,True,0.2970576942441728,0.318429378091912,0.3077435361680424,0.00449191754043503,False,False,0.03553299492385787,0,0,38.77812228202819,False,True,7.225370686508072,50.0,Atencao,Atencao: sinais iniciais de risco,28.65164813204902
1777740821.5967505,199,True,0.30261411959630247,0.3312319223948615,0.316923020995582,0.0040688632603059285,False,False,0.03535353535353535,0,0,38.894748059727924,False,True,7.206526284473712,50.0,Atencao,Atencao: sinais iniciais de risco,28.661930453692463
1777740821.62864,200,True,0.29669232740394036,0.3269159405383475,0.3118041339711439,0.0033872381966303,False,False,0.035175879396984924,0,0,38.81708340644836,False,True,7.17821535778405,50.0,Atencao,Atencao: sinais iniciais de risco,28.848445464315333
1777740821.6623886,201,True,0.2988738526265852,0.3270087229701523,0.3129412877983688,0.0037332416379894304,False,False,0.035,0,0,38.86050472259521,False,True,7.156203006505967,50.0,Atencao,Atencao: sinais iniciais de risco,29.002227944098575
1777740821.6960669,202,True,0.301794717458759,0.3324970056615333,0.3171458615601461,0.004128046496697404,False,False,0.03482587064676617,0,0,38.85766544342041,False,True,7.132118256477574,50.0,Atencao,Atencao: sinais iniciais de risco,29.074444690452587
1777740821.730079,203,True,0.3098051455574097,0.32957901018105046,0.31969207786923004,0.0045536826248567044,False,False,0.034653465346534656,0,0,38.85717234611511,False,True,7.108387872830476,50.0,Atencao,Atencao: sinais iniciais de risco,29.073884011859967
1777740821.7703743,204,True,0.3106336332313597,0.3345757003282406,0.32260466677980015,0.0049754839498705695,False,False,0.034482758620689655,0,0,39.040321302413936,False,True,7.09407314584173,50.0,Atencao,Atencao: sinais iniciais de risco,28.646808133008953
1777740821.8065681,205,True,0.3116301954292444,0.33637596538139103,0.3240030804053177,0.005462889341100644,False,False,0.03431372549019608,0,0,38.86174755096435,False,True,7.061902402826384,50.0,Atencao,Atencao: sinais iniciais de risco,28.531812478600106
1777740821.8464792,206,True,0.313472018017691,0.342771873047539,0.328121945532615,0.005753437587266359,False,False,0.03414634146341464,0,0,38.86577730178833,False,True,7.039088586685134,50.0,Atencao,Atencao: sinais iniciais de risco,28.16969453962563
1777740821.8835003,207,True,0.3097181021947743,0.3369613747669313,0.3233397384808528,0.005188493598645914,False,False,0.03398058252427184,0,0,38.945403289794925,False,True,7.020278031953329,50.0,Atencao,Atencao: sinais iniciais de risco,28.124866176771942
1777740821.9268,208,True,0.3074116088915497,0.34100085786245193,0.32420623337700083,0.004836095690680023,False,False,0.033816425120772944,0,0,38.75599684715271,False,True,6.98823606684012,50.0,Atencao,Atencao: sinais iniciais de risco,27.60756838558371
1777740821.9626148,209,True,0.3030891623333025,0.33702657467958086,0.3200578685064417,0.0047882016566562985,False,False,0.03365384615384615,0,0,38.62569513320923,False,True,6.959366373190512,50.0,Atencao,Atencao: sinais iniciais de risco,27.59697312048819
1777740821.999933,210,True,0.30370116095296257,0.33321305298589754,0.3184571069694301,0.004972344727859075,False,False,0.03349282296650718,0,0,38.69590721130371,False,True,6.940736288836128,50.0,Atencao,Atencao: sinais iniciais de risco,27.57275996096001
1777740822.0376446,211,True,0.30429782659426097,0.33026036946031445,0.3172790980272877,0.0049972115620579545,False,False,0.03333333333333333,0,0,38.64316554069519,False,True,6.916169380744298,50.0,Atencao,Atencao: sinais iniciais de risco,27.457820002238723
1777740822.0769632,212,True,0.30995856974622293,0.34088673033693295,0.32542265004157794,0.004537108596619109,False,False,0.03317535545023697,0,0,38.7593493938446,False,True,6.900256614476017,50.0,Atencao,Atencao: sinais iniciais de risco,27.243805352911195
1777740822.117507,213,True,0.31275570244634227,0.3355585367059924,0.32415711957616733,0.004719717835715343,False,False,0.0330188679245283,0,0,38.859583330154415,False,True,6.883751276506567,50.0,Atencao,Atencao: sinais iniciais de risco,27.00881379368944
1777740822.1509793,214,True,0.30573546587112116,0.32639495005832914,0.31606520796472515,0.004455361792327703,False,False,0.03286384976525822,0,0,38.69593296051025,False,True,6.854253761124722,50.0,Atencao,Atencao: sinais iniciais de risco,27.290709858860737
1777740822.1887605,215,True,0.3045127127194958,0.319832625662374,0.3121726691909349,0.004816091818555721,False,False,0.03271028037383177,0,0,38.953916406631464,False,True,6.846037142109647,50.0,Atencao,Atencao: sinais iniciais de risco,27.21852818839325
1777740822.2280176,216,True,0.3102735046313738,0.3392243347534664,0.32474891969242015,0.004385054057032252,False,False,0.03255813953488372,0,0,39.03499507904053,False,True,6.829171710374744,50.0,Atencao,Atencao: sinais iniciais de risco,27.021392347250238
1777740822.2629962,217,True,0.28808741903828994,0.32038670461817453,0.30423706182823224,0.002977449278863308,False,False,0.032407407407407406,0,0,39.203182888031,False,True,6.816855433296273,50.0,Atencao,Atencao: sinais iniciais de risco,27.195907910584182
1777740822.2952404,218,True,0.3064975845150734,0.3605256473952243,0.3335116159551489,0.006094733907334265,False,False,0.03225806451612903,0,0,40.73657603263855,False,True,6.872990442975875,50.0,Atencao,Atencao: sinais iniciais de risco,27.54164852456421
1777740822.3279557,219,True,0.29972321608168473,0.36465611747612714,0.33218966677890593,0.0051649730784355955,False,False,0.03211009174311927,0,0,40.879952335357665,False,True,6.859813001822989,50.0,Atencao,Atencao: sinais iniciais de risco,27.89102077299681
1777740822.3638794,220,True,0.2850983807929126,0.3552558273194951,0.32017710405620387,0.005683193100018489,False,False,0.0319634703196347,0,0,40.32567276954651,False,True,6.811938577803302,50.0,Atencao,Atencao: sinais iniciais de risco,27.8700924496988
1777740822.3981264,221,True,0.3032050734138919,0.35179844024934154,0.32750175683161675,0.004191080721683884,False,False,0.031818181818181815,0,0,40.04899625778198,False,True,6.778127583265303,50.0,Atencao,Atencao: sinais iniciais de risco,27.977347063984087
1777740822.4371881,222,True,0.2908955735184521,0.3534777858516367,0.3221866796850444,0.005006280064029647,False,False,0.03167420814479638,0,0,38.404245090484615,False,True,6.676093644809938,50.0,Atencao,Atencao: sinais iniciais de risco,27.777419809546547
1777740822.4696722,223,True,0.2857138243245599,0.36590004757175726,0.32580693594815857,0.005221037259146144,False,False,0.03153153153153153,0,0,37.90028827190399,False,True,6.6312777695569896,50.0,Atencao,Atencao: sinais iniciais de risco,28.046331228051915
1777740822.5057967,224,True,0.3002186015101239,0.34234764036976584,0.3212831209399449,0.005669491584912797,False,False,0.03139013452914798,0,0,38.56674511432647,False,True,6.645158523850376,50.0,Atencao,Atencao: sinais iniciais de risco,27.997445215736054
1777740822.5403075,225,True,0.2881407802439411,0.3563137893802891,0.3222272848121151,0.006469119455461545,False,False,0.03125,0,0,36.51419206857681,False,True,6.523262373805046,50.0,Atencao,Atencao: foco visual fora da direcao,28.078059242851726
1777740822.5771165,226,True,0.2922441521261842,0.3799969596294435,0.33612055587781386,0.006548201135631021,False,False,0.03111111111111111,0,0,36.083480262756346,False,True,6.4826295612918,50.0,Atencao,Atencao: foco visual fora da direcao,28.018457366982844
1777740822.610759,227,True,0.2784658997704315,0.3819720667493809,0.3302189832599062,0.0036815558931090394,False,False,0.030973451327433628,0,0,35.968714118003845,False,True,6.457963033798521,50.0,Atencao,Atencao: foco visual fora da direcao,28.20082217435472
1777740822.642069,228,True,0.28695553211126396,0.3675599181213749,0.32725772511631945,0.005258966102925349,False,False,0.030837004405286344,0,0,35.26533527374268,False,True,6.404032639790212,50.0,Atencao,Atencao: foco visual fora da direcao,28.497480593070122
1777740822.6750069,229,True,0.28082560175263743,0.3572816812093019,0.3190536414809697,0.005662058926694799,False,False,0.03070175438596491,0,0,35.75249143242836,False,True,6.409793570067798,50.0,Atencao,Atencao: foco visual fora da direcao,28.722593086790837
1777740822.709284,230,True,0.2610430254169342,0.3320378001765455,0.2965404127967398,0.004154875877068222,False,False,0.03056768558951965,0,0,35.736722189188,False,True,6.390570648394557,50.0,Atencao,Atencao: foco visual fora da direcao,28.79204667903729
1777740822.7497606,231,True,0.2675722784621916,0.31231644322652036,0.289944360844356,0.004545262847783539,False,False,0.030434782608695653,0,0,36.5587260723114,False,True,6.413396682687428,50.0,Atencao,Atencao: foco visual fora da direcao,28.3823680589461
1777740822.787469,232,True,0.2659671460880556,0.3296748875518204,0.297821016819938,0.005526366336790554,False,False,0.030303030303030304,0,0,36.053160572052,False,True,6.370002465645472,50.0,Atencao,Atencao: foco visual fora da direcao,28.194204927897317
1777740822.830488,233,True,0.2799313712310386,0.3149411656985526,0.29743626846479565,0.004749052455965163,False,False,0.03017241379310345,0,0,33.30060296546329,False,True,6.214414815201094,50.0,Atencao,Atencao: foco visual fora da direcao,27.675263853580525
1777740822.8756378,234,True,0.2845207851545886,0.3183838805361371,0.3014523328453629,0.004694792449114566,False,False,0.030042918454935622,0,0,34.09573578509417,False,True,6.236365847184562,50.0,Atencao,Atencao: foco visual fora da direcao,27.103310314652184
1777740822.9195333,235,True,0.30461058467979235,0.31731705215456496,0.3109638184171787,0.004020716736843842,False,False,0.029914529914529916,0,0,28.37259136167439,False,True,5.932555201707788,50.0,Atencao,Atencao: foco visual fora da direcao,26.712723556951843
1777740822.9678502,236,True,0.29694719551649534,0.35176665737735147,0.3243569264469234,0.008506292154152216,False,False,0.029787234042553193,0,0,23.968114056370474,False,False,5.694828154045792,50.0,Atencao,Atencao: sinais iniciais de risco,26.108707311544897
1777740823.0066354,237,True,0.3150796279753931,0.32085940452693906,0.3179695162511661,0.00653601432554411,False,False,0.029661016949152543,0,0,20.587460913441397,False,False,5.50844064655675,50.0,Atencao,Atencao: sinais iniciais de risco,26.07625930574638
1777740823.0428474,238,True,0.3082757992153571,0.32288737596172784,0.3155815875885425,0.007711491572012113,False,False,0.029535864978902954,0,0,17.611373415860264,False,False,5.342427875768375,50.0,Atencao,Atencao: sinais iniciais de risco,26.22634117000422
1777740823.075903,239,True,0.31170958058346315,0.3217691569015195,0.3167393687424913,0.007853813279917913,False,False,0.029411764705882353,0,0,16.438140394199976,False,False,5.266702437145026,50.0,Atencao,Atencao: sinais iniciais de risco,26.665659535951598
1777740823.1077623,240,True,0.3208740182344358,0.3281822785360624,0.3245281483852491,0.009627549621404803,False,False,0.029288702928870293,0,0,15.3636936285279,False,False,5.1960591045222655,50.0,Atencao,Atencao: sinais iniciais de risco,27.04698200514548
1777740823.1502604,241,True,0.3232458267311642,0.3382511884893984,0.3307485076102813,0.010645476161100887,False,False,0.029166666666666667,0,0,15.167198115045375,False,False,5.16945434279514,50.0,Atencao,Atencao: sinais iniciais de risco,26.736507023457165
1777740823.1849058,242,True,0.28952322606924935,0.33263328029504496,0.31107825318214716,0.01659295057096767,False,False,0.029045643153526972,0,0,16.243358233571055,False,False,5.206621615664717,50.0,Atencao,Atencao: sinais iniciais de risco,26.95738825878521
1777740823.2186189,243,True,0.31130377506932444,0.33954562655939097,0.3254247008143577,0.013173660444936747,False,False,0.028925619834710745,0,0,15.19354125965725,False,False,5.1376275606317945,50.0,Atencao,Atencao: sinais iniciais de risco,27.22375229242894
1777740823.251977,244,True,0.30455979876525363,0.3236489390022244,0.31410436888373905,0.012709404684706733,False,False,0.02880658436213992,0,0,14.810368715633043,False,False,5.102101555952096,50.0,Atencao,Atencao: sinais iniciais de risco,27.509040587626302
1777740823.2869506,245,True,0.29849016871604234,0.32503473276470524,0.3117624507403738,0.0072569136126424474,False,False,0.028688524590163935,0,0,13.226984108578074,False,False,5.00669910695265,50.0,Atencao,Atencao: sinais iniciais de risco,27.626177942608578
1777740823.3177688,246,True,0.29289953936382845,0.30736078470979417,0.3001301620368113,0.009087851300295983,False,False,0.02857142857142857,0,0,13.205545858090574,False,False,4.989526491852163,50.0,Atencao,Atencao: sinais iniciais de risco,27.99923122976017
1777740823.352134,247,True,0.3101022964950514,0.3347563721466108,0.3224293343208311,0.005057846414823532,False,False,0.028455284552845527,0,0,12.236852408268234,False,False,4.925122016805877,50.0,Atencao,Atencao: sinais iniciais de risco,28.191429850157476
1777740823.3872304,248,True,0.31704237280071557,0.3019589405685391,0.30950065668462734,0.00623146234696544,False,False,0.02834008097165992,0,0,9.81499055380171,False,False,4.788188431669529,50.0,Atencao,Atencao: sinais iniciais de risco,28.206288078341025
1777740823.4206412,249,True,0.31968524145638366,0.3169510500789187,0.31831814576765116,0.003116550859945107,False,False,0.028225806451612902,0,0,9.328036993877454,False,False,4.748128007166852,50.0,Atencao,Atencao: sinais iniciais de risco,28.34932473198301
1777740823.46042,250,True,0.2978018502953597,0.3004309729684747,0.2991164116319172,0.004717566518518601,False,False,0.028112449799196786,0,0,10.142393120920119,False,False,4.773259273811769,50.0,Atencao,Atencao: sinais iniciais de risco,28.05491357308459
1777740823.4941318,251,True,0.2967504924366771,0.3124448230784281,0.3045976577575526,0.0053793902985967,False,False,0.028,0,0,10.496337304264307,False,False,4.77549463558942,50.0,Atencao,Atencao: sinais iniciais de risco,28.222993121256206
1777740823.5290804,252,True,0.3136105456393199,0.29051959484678996,0.30206507024305496,0.004453209937408366,False,False,0.027888446215139442,0,0,8.983217822026662,False,False,4.684500016059212,50.0,Atencao,Atencao: sinais iniciais de risco,28.251605385423517
1777740823.5613742,253,True,0.30158225386856685,0.3007479316954993,0.3011650927820331,0.004396342796355826,False,False,0.027777777777777776,0,0,10.077926744469865,False,False,4.724018552044143,50.0,Atencao,Atencao: sinais iniciais de risco,28.466984358090365
1777740823.5958517,254,True,0.30975645420555564,0.30922619931762,0.30949132676158786,0.004726911952317366,False,False,0.02766798418972332,0,0,9.881797272949058,False,False,4.699115460110614,50.0,Atencao,Atencao: sinais iniciais de risco,28.557065863549624
1777740823.8307493,255,True,0.36301151438257745,0.322065847211956,0.34253868079726674,0.06022014877277249,False,False,0.027559055118110236,0,0,15.14121387472207,False,False,4.947108542852466,50.0,Atencao,Atencao: sinais iniciais de risco,26.12713306780619
1777740823.8691838,256,True,0.3048852265969263,0.330271583923259,0.3175784052600926,0.07079476658350274,False,False,0.027450980392156862,0,0,14.977496282214467,False,False,4.924062388408497,50.0,Atencao,Atencao: sinais iniciais de risco,26.09247023839577
1777740823.9046543,257,True,0.32424592374910766,0.3164578818677808,0.3203519028084442,0.07448062478768158,False,False,0.02734375,0,0,15.53991093527187,False,False,4.937438942139799,50.0,Atencao,Atencao: sinais iniciais de risco,26.35371797656679
1777740823.9398632,258,True,0.3314286906031498,0.31213556986870344,0.3217821302359266,0.06974117649791983,False,False,0.027237354085603113,0,0,15.549631632390348,False,False,4.92329553876615,50.0,Atencao,Atencao: sinais iniciais de risco,26.537836750098336
1777740823.974763,259,True,0.301455847797534,0.3271614674158816,0.3143086576067078,0.03793350935970027,False,False,0.027131782945736434,0,0,16.218262436918234,False,False,4.9422110472608765,50.0,Atencao,Atencao: sinais iniciais de risco,26.762512985574855
1777740824.0076945,260,True,0.3280189202140077,0.3010800818100416,0.3145495010120246,0.06288510027181407,False,False,0.02702702702702703,0,0,18.221594586291097,False,False,5.027973715906976,50.0,Atencao,Atencao: sinais iniciais de risco,27.091629274865312
1777740824.0467312,261,True,0.316053663459544,0.30574348552824215,0.3108985744938931,0.058743806809192604,False,False,0.026923076923076925,0,0,17.79403586218303,False,False,4.992302640408433,50.0,Atencao,Atencao: sinais iniciais de risco,26.96602509464588
1777740824.0805864,262,True,0.3075922669773651,0.31826166850144955,0.3129269677394073,0.059900217676082175,False,False,0.02681992337164751,0,0,17.12256583693353,False,False,4.944545525824415,50.0,Atencao,Atencao: sinais iniciais de risco,27.213187838409386
1777740824.11331,263,True,0.3198836767828847,0.31823261816617604,0.3190581474745304,0.07668373126847422,False,False,0.026717557251908396,0,0,18.37085469995032,False,False,4.992884627511126,50.0,Atencao,Atencao: sinais iniciais de risco,27.5343975196756
1777740824.1498613,264,True,0.30732264863170566,0.3230753996020217,0.3151990241168637,0.06311872550744156,False,False,0.026615969581749048,0,0,17.62310810095885,False,False,4.941528992914642,50.0,Atencao,Atencao: sinais iniciais de risco,27.51870361624898
1777740824.182496,265,True,0.3063438486175875,0.3295164555520879,0.3179301520848377,0.07464116666326934,False,False,0.026515151515151516,0,0,16.50948297909715,False,False,4.8719852526643965,50.0,Atencao,Atencao: sinais iniciais de risco,27.828317033566456
1777740824.214818,266,True,0.3343966902841293,0.30951350827088486,0.3219550992775071,0.15510907726730294,False,False,0.026415094339622643,0,0,16.90134424878792,False,False,4.8778204545137145,50.0,Atencao,Atencao: sinais iniciais de risco,28.07767199030271
1777740824.2496495,267,True,0.326022880865591,0.32008443233582945,0.3230536566007102,0.13375987424764504,False,False,0.02631578947368421,0,0,16.37894586358558,False,False,4.838046116187063,50.0,Atencao,Atencao: sinais iniciais de risco,28.22830086799196
1777740824.2841303,268,True,0.3375736222123711,0.3245571541126681,0.3310653881625196,0.17469804157824445,False,False,0.026217228464419477,0,0,15.514947682077235,False,False,4.781294068337744,50.0,Atencao,Atencao: sinais iniciais de risco,28.272393942202537
1777740824.3187602,269,True,0.33573197189435955,0.3199379838203239,0.3278349778573417,0.19686895422393022,False,False,0.026119402985074626,0,0,16.357093231312252,False,False,4.809950342389579,50.0,Atencao,Atencao: sinais iniciais de risco,28.359569825953425
1777740824.3594763,270,True,0.33135882102044856,0.324363241869737,0.32786103144509277,0.1918824366862581,False,False,0.026022304832713755,0,0,14.063578889112582,False,False,4.681923629329976,50.0,Atencao,Atencao: sinais iniciais de risco,27.977407885672832
1777740824.394869,271,True,0.30822444502730156,0.2959541251176656,0.30208928507248356,0.21972905285935324,False,False,0.025925925925925925,0,0,14.243108055300333,False,False,4.677647987956036,50.0,Atencao,Atencao: sinais iniciais de risco,27.996036961428704
1777740824.429024,272,True,0.3245746679371454,0.3165719836527794,0.3205733257949624,0.2326677156996337,False,False,0.025830258302583026,0,0,14.230046405507757,False,False,4.663840607256759,50.0,Atencao,Atencao: sinais iniciais de risco,28.12381659591609
1777740824.4646292,273,True,0.3265932543310438,0.3270662374418643,0.3268297458864541,0.21776377055425222,False,False,0.025735294117647058,0,0,14.176470143635841,False,False,4.648104218734468,50.0,Atencao,Atencao: sinais iniciais de risco,28.1481212348371
1777740824.4977257,274,True,0.258522778689872,0.3038875936283142,0.28120518615909307,0.22658027973028108,False,False,0.02564102564102564,0,0,14.199656241522593,False,False,4.636301608093361,50.0,Atencao,Atencao: sinais iniciais de risco,28.34831782564608
1777740824.5319438,275,True,0.28405477130378354,0.2959668345587027,0.29001080293124315,0.19201119225232463,False,False,0.025547445255474453,0,0,13.536508663946933,False,False,4.590276926201289,50.0,Atencao,Atencao: sinais iniciais de risco,28.403567570446082
1777740824.568071,276,True,0.31171695149918677,0.32069852379171754,0.3162077376454522,0.17808349620862177,False,False,0.025454545454545455,0,0,12.759625889970499,False,False,4.5386590648747305,50.0,Atencao,Atencao: sinais iniciais de risco,28.333224854803085
1777740824.5998912,277,True,0.3237913818705421,0.3167028592618798,0.32024712056621096,0.13652978866078005,False,False,0.025362318840579712,0,0,12.503440816463392,False,False,4.513168651779085,50.0,Atencao,Atencao: sinais iniciais de risco,28.602361070492965
1777740824.6346426,278,True,0.30802873359622696,0.31134283826282194,0.30968578592952445,0.16399712796245844,False,False,0.02527075812274368,0,0,12.47907724918967,False,False,4.499360874712945,50.0,Atencao,Atencao: sinais iniciais de risco,28.658877917448038
1777740824.6693265,279,True,0.3135331397891618,0.32248207418162256,0.3180076069853922,0.00520171958087642,False,False,0.025179856115107913,0,0,13.033511767705733,False,False,4.51458357458883,50.0,Atencao,Atencao: sinais iniciais de risco,28.686717972188774
1777740824.7101555,280,True,0.2951548680592782,0.3087878435557773,0.30197135580752776,0.004522292147135703,False,False,0.025089605734767026,0,0,13.438155478340658,False,False,4.522406332823704,50.0,Atencao,Atencao: sinais iniciais de risco,28.256862373885326
1777740824.7450538,281,True,0.293223927353841,0.2775085486918408,0.2853662380228409,0.004178026005358021,False,False,0.025,0,0,12.0958228262988,False,False,4.442968911691145,50.0,Atencao,Atencao: sinais iniciais de risco,28.300147348835083
1777740824.7778673,282,True,0.3055287835490211,0.28696087065816295,0.296244827103592,0.01149152062260981,False,False,0.02491103202846975,0,0,12.875718148289755,False,False,4.469730581705283,50.0,Atencao,Atencao: sinais iniciais de risco,28.49400304655896
1777740824.8202212,283,True,0.31440731484753404,0.2997854969897934,0.3070964059186637,0.004288055489255688,False,False,0.024822695035460994,0,0,13.687497950209812,False,False,4.498173235262582,50.0,Atencao,Atencao: sinais iniciais de risco,28.024336925316057
1777740824.8555758,284,True,0.30701546268446006,0.2862623417527033,0.2966389022185817,0.010795666141633917,False,False,0.024734982332155476,0,0,12.916432573646308,False,False,4.447559469729899,50.0,Atencao,Atencao: sinais iniciais de risco,28.04202196131075
1777740824.8915858,285,True,0.30616334731605394,0.28917728088540745,0.2976703141007307,0.004359558405730121,False,False,0.02464788732394366,0,0,11.745570383051579,False,False,4.377040796571038,50.0,Atencao,Atencao: sinais iniciais de risco,28.017489261707343
1777740824.933968,286,True,0.265352269957123,0.2703023686514315,0.2678273193042773,0.0048102107267539735,False,False,0.02456140350877193,0,0,11.178331665254452,False,False,4.336787336095068,50.0,Atencao,Atencao: sinais iniciais de risco,27.59383334315504
1777740824.970241,287,True,0.28638464986717344,0.2705946801298923,0.2784896649985329,0.0040082044379840375,False,False,0.024475524475524476,0,0,11.482274999198589,False,False,4.34017613572075,50.0,Atencao,Atencao: sinais iniciais de risco,27.583742065385216
1777740825.0059752,288,True,0.3150163440036403,0.29339630252284365,0.304206323263242,0.0055947761124701114,False,False,0.024390243902439025,0,0,12.86915872408585,False,False,4.397794243165864,49.98257839721254,Atencao,Atencao: sinais iniciais de risco,27.604303529121186
1777740825.050476,289,True,0.3063695794238722,0.28824468404276343,0.2973071317333178,0.0056206915576074955,False,False,0.024305555555555556,0,0,14.55413977415724,False,False,4.4703986479729565,49.93055555555556,Atencao,Atencao: sinais iniciais de risco,27.09400199398688
1777740825.0859401,290,True,0.3076372430165515,0.2971166299472513,0.3023769364819014,0.006804776405496833,False,False,0.02422145328719723,0,0,13.835923628170383,False,False,4.422923778774344,49.878892733564015,Atencao,Atencao: sinais iniciais de risco,27.201169977482493
1777740825.1222897,291,True,0.2697643990027409,0.27961031967516964,0.2746873593389553,0.007098504890500842,False,False,0.02413793103448276,0,0,13.660308638485997,False,False,4.4026587195418845,49.827586206896555,Atencao,Atencao: sinais iniciais de risco,27.23629137717262
1777740825.155412,292,True,0.2900607117214405,0.3140401053269907,0.3020504085242156,0.011548730963891432,False,False,0.024054982817869417,0,0,14.94765500521118,False,False,4.455620658093809,49.776632302405496,Atencao,Atencao: sinais iniciais de risco,27.54068966035246
1777740825.188155,293,True,0.2837151030662967,0.29247146315928574,0.28809328311279125,0.006793599440628415,False,False,0.023972602739726026,0,0,13.876652661440048,False,False,4.390743280160537,49.726027397260275,Atencao,Atencao: sinais iniciais de risco,27.848273192134545
1777740825.2204204,294,True,0.3043626572348368,0.3075730708257964,0.3059678640303166,0.004854956964899501,False,False,0.023890784982935155,0,0,14.59551068205725,False,False,4.415436239632651,49.67576791808874,Atencao,Atencao: sinais iniciais de risco,28.145328406299917
1777740825.2545915,295,True,0.2735132506740977,0.30944036041728945,0.29147680554569355,0.016095933491132895,False,False,0.023809523809523808,0,0,15.104830322279172,False,False,4.429728810299688,49.625850340136054,Atencao,Atencao: sinais iniciais de risco,28.273555937026504
1777740825.2879121,296,True,0.2765527289050904,0.29409438517247266,0.28532355703878154,0.004136733753314344,False,False,0.023728813559322035,0,0,15.206259875744582,False,False,4.423702628570214,49.57627118644068,Atencao,Atencao: sinais iniciais de risco,28.454397677640795
1777740825.324396,297,True,0.27888436202122596,0.2960617788018299,0.2874730704115279,0.004607165132460061,False,False,0.02364864864864865,0,0,14.924708217450164,False,False,4.398602370437903,49.52702702702703,Atencao,Atencao: sinais iniciais de risco,28.3216315235534
1777740825.3675866,298,True,0.2712531769997305,0.29340376460770573,0.28232847080371815,0.00454676952215387,False,False,0.02356902356902357,0,0,15.353062892637471,False,False,4.40907165574882,49.47811447811448,Atencao,Atencao: sinais iniciais de risco,27.79782299889548
1777740825.4020276,299,True,0.27533389520260215,0.2826378825160755,0.27898588885933884,0.005150396259296334,False,False,0.02348993288590604,0,0,14.789106953753667,False,False,4.369998889875969,49.42953020134228,Atencao,Atencao: sinais iniciais de risco,27.953906707139055
1777740825.4337738,300,True,0.28170388897803467,0.2859306359291184,0.2838172624535765,0.0029922979958834296,False,False,0.023411371237458192,0,0,15.293519414656542,False,False,4.384417286259534,49.381270903010034,Atencao,Atencao: sinais iniciais de risco,28.300680106254205
1777740825.4669652,301,True,0.2971364792959105,0.27787723661450825,0.28750685795520936,0.003241784434963092,False,False,0.023333333333333334,0,0,16.027878720821302,False,False,4.410405039750604,49.333333333333336,Atencao,Atencao: sinais iniciais de risco,28.494107681688476
1777740825.5010996,302,True,0.2836124900640144,0.2835507285043045,0.28358160928415943,0.001700924663364679,False,False,0.023255813953488372,0,0,15.439425350285388,False,False,4.370323456495126,49.285714285714285,Atencao,Atencao: sinais iniciais de risco,28.526973216985073
1777740825.5352407,303,True,0.29872926762866453,0.28486731008118826,0.2917982888549264,0.002407137181636047,False,False,0.023178807947019868,0,0,14.848502928966825,False,False,4.330189009539779,49.23841059602649,Atencao,Atencao: sinais iniciais de risco,28.638477234698573
1777740825.5692577,304,True,0.3009967169758024,0.28354384458977816,0.29227028078279027,0.003320307967399928,False,False,0.0231023102310231,0,0,14.885622373739768,False,False,4.32152654582887,49.191419141914196,Atencao,Atencao: sinais iniciais de risco,28.667202254738225
1777740825.603279,305,True,0.2987100790916492,0.283334903975245,0.2910224915334471,0.0029716274041194715,False,False,0.023026315789473683,0,0,14.732570065930487,False,False,4.3034246947253605,49.14473684210526,Atencao,Atencao: sinais iniciais de risco,28.74813466622845
1777740825.6366823,306,True,0.28374701759048454,0.27382888751247436,0.2787879525514795,0.0023381530607929388,False,False,0.022950819672131147,0,0,14.590103823937136,False,False,4.285920666491095,49.09836065573771,Atencao,Atencao: sinais iniciais de risco,28.89748426411399
1777740825.6834798,307,True,0.2932024953336303,0.2870114726351048,0.2901069839843675,0.0024072591030660263,False,False,0.02287581699346405,0,0,14.67069472293793,False,False,4.279637343124408,49.052287581699346,Atencao,Atencao: sinais iniciais de risco,28.163916637710926
1777740825.7214265,308,True,0.2839575291885407,0.28510152419704216,0.2845295266927914,0.0018386936963900734,False,False,0.02280130293159609,0,0,15.10966406789693,False,False,4.2913401268655145,49.00651465798045,Atencao,Atencao: sinais iniciais de risco,27.966237770129347
1777740825.7555656,309,True,0.30392946966121376,0.2878964759197424,0.29591297279047807,0.0016798703226669944,False,False,0.022727272727272728,0,0,14.060573137280615,False,False,4.228706427240236,48.96103896103896,Atencao,Atencao: sinais iniciais de risco,28.095592587423937
1777740825.7917643,310,True,0.2923185541546247,0.28427565799633175,0.2882971060754782,0.0034250509660211717,False,False,0.022653721682847898,0,0,14.807423026300967,False,False,4.255935653082839,48.91585760517799,Atencao,Atencao: sinais iniciais de risco,28.07175816061974
1777740825.83553,311,True,0.2811908383065316,0.29316281784754317,0.28717682807703737,0.001921526994026555,False,False,0.02258064516129032,0,0,14.997317994013429,False,False,4.255382379754296,48.87096774193549,Atencao,Atencao: sinais iniciais de risco,27.522882161918677
1777740825.8763916,312,True,0.2767774068292941,0.3048251404637194,0.29080127364650676,0.0019056174468647757,False,False,0.022508038585209004,0,0,15.099993017519061,False,False,4.250532726718396,48.82636655948553,Atencao,Atencao: sinais iniciais de risco,27.221069826774237
1777740825.9167178,313,True,0.3039791293040817,0.29399172876024166,0.2989854290321617,0.003328660183380519,False,False,0.022435897435897436,0,0,13.26511616943912,False,False,4.148869476284059,48.782051282051285,Atencao,Atencao: sinais iniciais de risco,26.973371275761615
1777740825.9615746,314,True,0.31567359895733854,0.286620445749992,0.3011470223536653,0.0036186621824230553,False,False,0.022364217252396165,0,0,13.35525368272581,False,False,4.143520326716969,48.73801916932907,Atencao,Atencao: sinais iniciais de risco,26.4959378047444
1777740825.9983675,315,True,0.30182771320528357,0.29094928635033296,0.29638849977780823,0.002705937274753156,False,False,0.022292993630573247,0,0,12.840291908857498,False,False,4.107978990022902,48.69426751592357,Atencao,Atencao: sinais iniciais de risco,26.601574825914106
1777740826.0347126,316,True,0.3026286121367019,0.2957236865887732,0.2991761493627375,0.0021464278718121023,False,False,0.022222222222222223,0,0,12.717609841004013,False,False,4.092113817981962,48.65079365079365,Atencao,Atencao: sinais iniciais de risco,26.688496511382848
1777740826.0688913,317,True,0.30511851684037583,0.2926459691153834,0.2988822429778796,0.001439199000096669,False,False,0.022151898734177215,0,0,11.65183142670007,False,False,4.029155417660576,48.60759493670886,Atencao,Atencao: sinais iniciais de risco,26.954771794267604
1777740826.103459,318,True,0.3081666096233021,0.2917305570748431,0.2999485833490726,0.00322922008060431,False,False,0.022082018927444796,0,0,13.23901278369806,False,False,4.098906012084768,48.56466876971609,Atencao,Atencao: sinais iniciais de risco,27.130778484316167
1777740826.1403959,319,True,0.3075837166636282,0.29390205990771034,0.3007428882856693,0.0018559646333081163,False,False,0.0220125786163522,0,0,12.605839520252562,False,False,4.057699306137261,48.522012578616355,Atencao,Atencao: sinais iniciais de risco,27.117674175785222
1777740826.1792164,320,True,0.31326845961113176,0.3591320250016612,0.33620024230639645,0.024080337647639335,False,False,0.0219435736677116,0,0,14.675975891338153,False,False,4.151717944253458,48.47962382445141,Atencao,Atencao: sinais iniciais de risco,26.99348328757021
1777740826.2143316,321,True,0.36662834166703834,0.4025575774275243,0.38459295954728134,0.009512321225713532,False,False,0.021875,0,0,11.410010820051486,False,False,3.9789908113787793,48.4375,Atencao,Atencao: sinais iniciais de risco,27.144437088245162
1777740826.2489686,322,True,0.3301356792996501,0.36729305002645507,0.3487143646630526,0.004476369426257016,False,False,0.021806853582554516,0,0,12.49640795572407,False,False,4.023940535763654,48.39563862928349,Atencao,Atencao: sinais iniciais de risco,27.31755463507449
1777740826.284111,323,True,0.30732413526665353,0.36396858916681873,0.33564636221673616,0.003764838871902144,False,False,0.021739130434782608,0,0,15.912252679534934,False,False,4.185420839135561,48.35403726708075,Atencao,Atencao: sinais iniciais de risco,27.428008247249792
1777740826.3172321,324,True,0.30691536408846254,0.2940356769770386,0.30047552053275056,0.001299066210364907,False,False,0.021671826625386997,0,0,14.312807356362992,False,False,4.0961942991850675,48.312693498452006,Atencao,Atencao: sinais iniciais de risco,27.704020670065237
1777740826.3514366,325,True,0.3018529313555262,0.2994067888154245,0.3006298600854753,0.0008343074851566738,False,False,0.021604938271604937,0,0,14.359307757561856,False,False,4.089322170599977,48.27160493827161,Atencao,Atencao: sinais iniciais de risco,27.82821756931609
1777740826.3855422,326,True,0.2962169733527401,0.30252082903576705,0.2993689011942536,0.001820286772817191,False,False,0.021538461538461538,0,0,15.804434271901846,False,False,4.152437945509759,48.230769230769226,Atencao,Atencao: sinais iniciais de risco,28.015010711952648
1777740826.4192905,327,True,0.2986897212420311,0.2920968786331327,0.2953932999375819,0.0017641013889306038,False,False,0.02147239263803681,0,0,15.489631038971922,False,False,4.127613310054863,48.190184049079754,Atencao,Atencao: sinais iniciais de risco,28.1660708420297
1777740826.4547486,328,True,0.29242627466921367,0.2970651463780596,0.29474571052363663,0.002763055869858593,False,False,0.021406727828746176,0,0,16.407177614962514,False,False,4.16446172757693,48.14984709480122,Atencao,Atencao: sinais iniciais de risco,28.150082134508438
1777740826.4951665,329,True,0.2876093949337053,0.28474153283349685,0.28617546388360104,0.0022294423756245934,False,False,0.021341463414634148,0,0,14.498092163015494,False,False,4.060033598039175,48.109756097560975,Atencao,Atencao: sinais iniciais de risco,27.824159279640824
1777740826.5287268,330,True,0.28594124911598656,0.30003926582813156,0.2929902574720591,0.0024520181175705443,False,False,0.02127659574468085,0,0,16.662079055539586,False,False,4.159313638046801,48.06990881458967,Atencao,Atencao: sinais iniciais de risco,28.020185387726375
1777740826.5627398,331,True,0.3150915950472915,0.2952979990834921,0.30519479706539177,0.0033930224784325786,False,False,0.021212121212121213,0,0,16.09078436744484,False,False,4.121883655415115,48.03030303030303,Atencao,Atencao: sinais iniciais de risco,28.163700976556914
1777740826.5948386,332,True,0.3027388501500499,0.2929269666057194,0.2978329083778847,0.001600800848663085,False,False,0.021148036253776436,0,0,15.688796467063101,False,False,4.092972578623621,47.99093655589124,Atencao,Atencao: sinais iniciais de risco,28.317933794085686
1777740826.6297681,333,True,0.31986653434576906,0.29539696770415785,0.30763175102496343,0.003691459272219256,False,False,0.02108433734939759,0,0,16.36808129928329,False,False,4.118178220882538,47.95180722891566,Atencao,Atencao: sinais iniciais de risco,28.499286774833493
1777740826.6659002,334,True,0.3041567435073238,0.29579057325651387,0.2999736583819188,0.0029737260189179266,False,False,0.021021021021021023,0,0,15.301759374243293,False,False,4.056156129478761,47.912912912912915,Atencao,Atencao: sinais iniciais de risco,28.409905455263818
1777740826.700091,335,True,0.29451990731541744,0.3070079304137295,0.30076391886457343,0.0018819979657077222,False,False,0.020958083832335328,0,0,15.852181966060943,False,False,4.07502339562536,47.874251497005986,Atencao,Atencao: sinais iniciais de risco,28.510870135362094
1777740826.7333739,336,True,0.30618911157494993,0.2959552318718429,0.3010721717233964,0.004049738979155735,False,False,0.020895522388059702,0,0,13.242198408259586,False,False,3.9359220191473936,47.83582089552239,Atencao,Atencao: sinais iniciais de risco,28.553435606752625
1777740826.7689939,337,True,0.299800212233721,0.2979097984432272,0.2988550053384741,0.004582560758308667,False,False,0.020833333333333332,0,0,13.175099246771158,False,False,3.9240160660480963,47.797619047619044,Atencao,Atencao: sinais iniciais de risco,28.595542580009464
1777740826.8146281,338,True,0.30489140832456596,0.3148166760639502,0.30985404219425805,0.002332227198622641,False,False,0.020771513353115726,0,0,12.863225630273387,False,False,3.899922137943287,47.759643916913944,Atencao,Atencao: sinais iniciais de risco,27.893090038965827
1777740826.8548284,339,True,0.3032532975542754,0.30910823019334854,0.306180763873812,0.0027406920337906073,False,False,0.020710059171597635,0,0,15.082489871436898,False,False,4.002435400042725,47.72189349112426,Atencao,Atencao: sinais iniciais de risco,27.64119520896597
1777740826.8954985,340,True,0.2907000070336444,0.31358361823331216,0.3021418126334783,0.003510492799339371,False,False,0.02064896755162242,0,0,15.450964931432495,False,False,4.0124590552959125,47.684365781710916,Atencao,Atencao: sinais iniciais de risco,27.32467862583643
1777740826.9413435,341,True,0.30953489898659553,0.29972295358277623,0.30462892628468585,0.004310708134952248,False,False,0.020588235294117647,0,0,14.196622310274028,False,False,3.941391238831083,47.647058823529406,Atencao,Atencao: sinais iniciais de risco,26.769346915844217
1777740826.9827468,342,True,0.28997018309042716,0.2971738436171175,0.29357201335377237,0.0030595647089364875,False,False,0.020527859237536656,0,0,14.548394189131534,False,False,3.950678124994072,47.6099706744868,Atencao,Atencao: sinais iniciais de risco,26.53465918784206
1777740827.020378,343,True,0.3025857262712739,0.30127852998775606,0.301932128129515,0.0034851111350798466,False,False,0.02046783625730994,0,0,13.469338561272759,False,False,3.8884721838199603,47.57309941520468,Atencao,Atencao: sinais iniciais de risco,26.482007324605913
1777740827.0635834,344,True,0.31645170436996,0.30602509422065877,0.3112383992953094,0.0044064169122436814,False,False,0.02040816326530612,0,0,14.406607519327242,False,False,3.927130595322159,47.53644314868805,Atencao,Atencao: sinais iniciais de risco,26.18248698681763
1777740827.0992656,345,True,0.32317179700450527,0.3064540915006907,0.314812944252598,0.004061330350619178,False,False,0.020348837209302327,0,0,14.87793137038296,False,False,3.9425394551744235,47.5,Atencao,Atencao: sinais iniciais de risco,26.343119897171167
1777740827.1350133,346,True,0.2920917599829234,0.31039975870941505,0.30124575934616926,0.0033018033083021163,False,False,0.020289855072463767,0,0,14.997869094799867,False,False,3.940426297579967,47.46376811594203,Atencao,Atencao: sinais iniciais de risco,26.507928985866965
1777740827.1697972,347,True,0.2949183890957822,0.2973645412901087,0.2961414651929455,0.004189831821326388,False,False,0.02023121387283237,0,0,16.298384933580053,False,False,3.997388924569659,47.42774566473988,Atencao,Atencao: sinais iniciais de risco,26.733617116514047
1777740827.2063274,348,True,0.3086809134591537,0.3171072814884168,0.31289409747378527,0.0039188424170698835,False,False,0.020172910662824207,0,0,17.34274476658214,False,False,4.041590224843641,47.39193083573487,Atencao,Atencao: sinais iniciais de risco,26.804198833773647
1777740827.2418797,349,True,0.3041217876359633,0.30761964377213874,0.305870715704051,0.004522717467306037,False,False,0.020114942528735632,0,0,14.82350433292714,False,False,3.9076575847237116,47.356321839080465,Atencao,Atencao: sinais iniciais de risco,26.95092977545165
1777740827.2768102,350,True,0.289455228571985,0.3129057386095477,0.3011804835907663,0.0070997305364465324,False,False,0.02005730659025788,0,0,14.701849443905735,False,False,3.893649898731951,47.32091690544413,Atencao,Atencao: sinais iniciais de risco,27.112849049871095
1777740827.311267,351,True,0.28270962071486716,0.2953239243295882,0.2890167725222277,0.007760763617287047,False,False,0.02,0,0,14.718458604067564,False,False,3.8866007005795833,47.285714285714285,Atencao,Atencao: sinais iniciais de risco,27.3228500948206
1777740827.3443003,352,True,0.3506324259833377,0.3593273817272351,0.35497990385528644,0.006267962793195214,False,False,0.019943019943019943,0,0,12.532395472783934,False,False,3.769462786180644,47.250712250712255,Atencao,Atencao: sinais iniciais de risco,27.53438233440413
1777740827.386805,353,True,0.3186449578220333,0.36200868587885426,0.3403268218504438,0.005551175605803249,False,False,0.019886363636363636,0,0,13.384737719459968,False,False,3.804289656349204,47.21590909090909,Atencao,Atencao: sinais iniciais de risco,27.167550465194775
1777740827.425204,354,True,0.31252945662975656,0.3535464157223114,0.33303793617603394,0.0052967625779841805,False,False,0.019830028328611898,0,0,13.740971195359123,False,False,3.8143552253282973,47.18130311614731,Atencao,Atencao: sinais iniciais de risco,27.077107918442646
1777740827.4602795,355,True,0.3111226078485039,0.35180160909651725,0.33146210847251056,0.0045670775145055026,False,False,0.01977401129943503,0,0,13.973547197302635,False,False,3.818281683913654,47.14689265536723,Atencao,Atencao: sinais iniciais de risco,27.16974100688133
1777740827.495009,356,True,0.30933266236030565,0.357450760316167,0.3333917113382363,0.005532525920688253,False,False,0.01971830985915493,0,0,15.488682197508485,False,False,3.8863794858854326,47.112676056338024,Atencao,Atencao: sinais iniciais de risco,27.336797166045127
1777740827.5303192,357,True,0.3083907426264842,0.33725814170126983,0.322824442163877,0.003143251551320581,False,False,0.019662921348314606,0,0,15.524919377538293,False,False,3.880575424646378,47.07865168539326,Atencao,Atencao: sinais iniciais de risco,27.465420628861214
1777740827.5665646,358,True,0.29575997224844847,0.33076976519066503,0.3132648687195567,0.002048811286993,False,False,0.0196078431372549,0,0,13.91503594632853,False,False,3.7925079990651804,47.04481792717087,Atencao,Atencao: sinais iniciais de risco,27.457794178014513
1777740827.602487,359,True,0.2930759059532733,0.33330130354552784,0.3131886047494006,0.003699417686544146,False,False,0.019553072625698324,0,0,15.532310910048807,False,False,3.8658408019121655,47.01117318435754,Atencao,Atencao: sinais iniciais de risco,27.50187417927946
1777740827.6376874,360,True,0.2984858000107101,0.30796923910705637,0.3032275195588833,0.002336501956748005,False,False,0.019498607242339833,0,0,14.304386700215662,False,False,3.7969556012087153,46.977715877437326,Atencao,Atencao: sinais iniciais de risco,27.563700809992596
1777740827.6718314,361,True,0.2953166559728946,0.3113271780576275,0.303321917015261,0.004011147198233774,False,False,0.019444444444444445,0,0,13.845964733341878,False,False,3.7665871181544106,46.94444444444444,Atencao,Atencao: sinais iniciais de risco,27.73691809492032
1777740827.7071383,362,True,0.3153806799660176,0.31646262990005397,0.3159216549330358,0.004195532546669188,False,False,0.019390581717451522,0,0,15.878735521571203,False,False,3.8608195326043497,46.91135734072022,Atencao,Atencao: sinais iniciais de risco,27.823572728532348
1777740827.7501464,363,True,0.2958405195859038,0.31578695528126766,0.30581373743358575,0.003559657824166669,False,False,0.019337016574585635,0,0,13.560579272664405,False,False,3.73754651301495,46.87845303867404,Atencao,Atencao: sinais iniciais de risco,27.349612712497056
1777740827.7871478,364,True,0.3115390902826529,0.3113337612994805,0.3114364257910667,0.003408804931645993,False,False,0.01928374655647383,0,0,14.138948555222965,False,False,3.759140349652505,46.845730027548214,Atencao,Atencao: sinais iniciais de risco,27.333062152950685
1777740827.8292398,365,True,0.29793983753483627,0.31559891152105995,0.3067693745279481,0.0028074330459444655,False,False,0.019230769230769232,0,0,13.814976824887774,False,False,3.735657380851363,46.81318681318681,Atencao,Atencao: sinais iniciais de risco,26.994248603843666
1777740827.868004,366,True,0.3077699535369157,0.3133704070769064,0.3105701803069111,0.003166747024651117,False,False,0.019178082191780823,0,0,13.502231885221871,False,False,3.7127756660071616,46.78082191780822,Atencao,Atencao: sinais iniciais de risco,26.889503613028975
1777740827.90923,367,True,0.3169210453304666,0.307185427330796,0.3120532363306313,0.003981918111385543,False,False,0.01912568306010929,0,0,13.714763329279695,False,False,3.7161973576052176,46.74863387978142,Atencao,Atencao: sinais iniciais de risco,26.61531808870133
1777740827.9550328,368,True,0.30940566899552324,0.3068684681184442,0.30813706855698375,0.005211691063334998,False,False,0.01907356948228883,0,0,13.63850422637029,False,False,3.705218785509434,46.71662125340599,Atencao,Atencao: sinais iniciais de risco,26.123901621278797
1777740827.9930844,369,True,0.3021279557715315,0.3330808804265172,0.31760441809902434,0.0039442113521249746,False,False,0.019021739130434784,0,0,14.745540336384016,False,False,3.753443917630189,46.68478260869565,Atencao,Atencao: sinais iniciais de risco,26.12632121911316
1777740828.0319946,370,True,0.3089487749597541,0.31685020381572854,0.3128994893877413,0.004509754578809099,False,False,0.018970189701897018,0,0,13.579850616035136,False,False,3.688071385188802,46.612466124661246,Atencao,Atencao: sinais iniciais de risco,26.038814088754076
1777740828.077952,371,True,0.30669053296170357,0.31359844400763875,0.31014448848467113,0.0042309280938309605,False,False,0.01891891891891892,0,0,14.749762397124009,False,False,3.739517241583757,46.486486486486484,Atencao,Atencao: sinais iniciais de risco,25.66845653299064
1777740828.1120956,372,True,0.3170160824524051,0.32094999613978065,0.31898303929609284,0.0036365448216157683,False,False,0.018867924528301886,0,0,13.409329241141677,False,False,3.6654838550747986,46.3611859838275,Atencao,Atencao: sinais iniciais de risco,25.969751005524053
1777740828.1477501,373,True,0.29743067097936404,0.3197222076458679,0.30857643931261597,0.004237247451784949,False,False,0.01881720430107527,0,0,14.801850289241832,False,False,3.7281358762361467,46.23655913978495,Atencao,Atencao: sinais iniciais de risco,26.222680009530176
1777740828.1844766,374,True,0.3090970532452528,0.32152777628885176,0.3153124147670523,0.004428296356539429,False,False,0.01876675603217158,0,0,13.068325425311922,False,False,3.6345229960653938,46.11260053619303,Atencao,Atencao: sinais iniciais de risco,26.325333868310075
1777740828.2197738,375,True,0.31349320620802207,0.32105910742223753,0.3172761568151298,0.0039775926062954395,False,False,0.01871657754010695,0,0,12.934776772863488,False,False,3.6209460207840856,45.98930481283423,Atencao,Atencao: sinais iniciais de risco,26.54163288791279
1777740828.2545693,376,True,0.3039675629354252,0.3235060303124062,0.31373679662391574,0.004189492342191801,False,False,0.018666666666666668,0,0,12.661677138219504,False,False,3.6004282939538474,45.86666666666666,Atencao,Atencao: sinais iniciais de risco,26.766120090899882
1777740828.2880886,377,True,0.3035695412500858,0.3245188307144754,0.31404418598228057,0.0036568074145013427,False,False,0.018617021276595744,0,0,13.31131718163802,False,False,3.626084054990021,45.74468085106383,Atencao,Atencao: sinais iniciais de risco,27.052901283524378
1777740828.321694,378,True,0.3112691783707965,0.3252607584329998,0.3182649684018981,0.0042610126983617285,False,False,0.01856763925729443,0,0,13.18203350742432,False,False,3.612829843625405,45.62334217506631,Atencao,Atencao: sinais iniciais de risco,27.32789952594179
1777740828.3567495,379,True,0.30847043065837476,0.3191114438934167,0.31379093727589574,0.005033700387668381,False,False,0.018518518518518517,0,0,13.042140410518781,False,False,3.599081087198441,45.50264550264551,Atencao,Atencao: sinais iniciais de risco,27.435687804929422
1777740828.394277,380,True,0.30914285027760097,0.3189194419421136,0.3140311461098573,0.004192072416421405,False,False,0.018469656992084433,0,0,12.871322172355246,False,False,3.583821715405577,45.3825857519789,Atencao,Atencao: sinais iniciais de risco,27.349283669744096
1777740828.4419844,381,True,0.2992623616764805,0.3067878075786673,0.30302508462757394,0.005323295138275959,False,False,0.018421052631578946,0,0,12.466518360901286,False,False,3.5568984252633746,45.26315789473685,Atencao,Atencao: sinais iniciais de risco,26.707697427768238
1777740828.4779413,382,True,0.29688422047433866,0.30529643400189255,0.3010903272381156,0.006241058701350436,False,False,0.01837270341207349,0,0,12.909475177010012,False,False,3.572398248386811,45.14435695538058,Atencao,Atencao: sinais iniciais de risco,26.8310120500675
1777740828.5128891,383,True,0.2771418251267539,0.2985415182982003,0.2878416717124771,0.0060719935043740455,False,False,0.01832460732984293,0,0,12.018926577892323,False,False,3.521257607124224,45.026178010471206,Atencao,Atencao: sinais iniciais de risco,26.939499230584108
1777740828.5475829,384,True,0.19519977125944782,0.1856870661338939,0.19044341869667086,0.007431687121966364,True,False,0.020887728459530026,0,0,11.171218326213687,False,False,3.831301349872268,44.908616187989566,Atencao,Atencao: sinais iniciais de risco,27.20285177200937
1777740828.582133,385,True,0.19905770573441575,0.19233339443972672,0.19569555008707124,0.006164903279318906,True,False,0.0234375,0,0,12.098773236809807,False,False,4.228272682216696,44.791666666666664,Atencao,Atencao: sinais iniciais de risco,27.368194726998542
1777740828.617471,386,True,0.12555522255805063,0.08669000392511324,0.10612261324158193,0.006877847441882083,True,False,0.025974025974025976,0,0,12.231376131217589,False,False,4.583675148365656,44.675324675324674,Atencao,Atencao: sinais iniciais de risco,27.475031056903642
1777740828.8497183,387,True,0.2566017791342686,0.291996089610048,0.27429893437215835,0.0053141388611473795,False,False,0.025906735751295335,0,0,25.313114735755054,False,False,5.359868946162333,44.55958549222798,Atencao,Atencao: sinais iniciais de risco,25.157576843486172
1777740828.888864,388,False,0.0,0.0,0.0,0.0,False,False,0.025906735751295335,0,0,0.0,False,False,4.094213209374581,44.55958549222798,Atencao,Atencao: sinais iniciais de risco,25.18156620127396
1777740828.9306886,389,False,0.0,0.0,0.0,0.0,False,False,0.025906735751295335,0,0,0.0,False,False,4.094213209374581,45.04753891668172,Atencao,Atencao: sinais iniciais de risco,25.043081471233265
1777740828.9790645,390,False,0.0,0.0,0.0,0.0,False,False,0.025906735751295335,0,0,0.0,False,False,4.094213209374581,45.61192377449523,Atencao,Atencao: sinais iniciais de risco,24.615185283995483
1777740829.024794,391,False,0.0,0.0,0.0,0.0,False,False,0.025906735751295335,0,0,0.0,False,False,4.094213209374581,46.14543620786519,Atencao,Atencao: sinais iniciais de risco,24.364036483327364
1777740829.0631661,392,True,0.20944478629761346,0.22689976792325312,0.2181722771104333,0.09610190468069246,False,False,0.025839793281653745,0,0,49.59045523100279,False,False,6.564531381349002,44.530577088716626,Atencao,Atencao: sinais iniciais de risco,24.496590068861096
1777740829.1013803,393,True,0.2194390054801596,0.1763788250944831,0.19790891528732135,0.040298914090540004,True,False,0.028350515463917526,0,0,80.0,False,True,8.430232919860131,44.75945017182131,Atencao,Atencao: cabeca inclinada,24.704159254001734
1777740829.135735,394,False,0.0,0.0,0.0,0.0,False,False,0.028350515463917526,0,0,0.0,False,False,4.361600313194838,44.75945017182131,Atencao,Atencao: sinais iniciais de risco,25.09829309432421
1777740829.1778371,395,True,0.30400940429478723,0.3158613818230812,0.30993539305893425,0.0055672606767137554,False,False,0.028277634961439587,0,0,15.398999031243676,False,False,5.121529195666306,44.64438731790918,Atencao,Atencao: sinais iniciais de risco,25.008652026453486
1777740829.217397,396,True,0.30385301489329924,0.33694081911312845,0.3203969170032138,0.005881129821018521,False,False,0.028205128205128206,0,0,15.462261568348518,False,False,5.114722643528733,44.529914529914535,Atencao,Atencao: sinais iniciais de risco,25.036641050774904
1777740829.2511523,397,True,0.2876684726997653,0.2959573012862381,0.2918128869930017,0.005247943614996582,False,False,0.028132992327365727,0,0,20.21137137683955,False,False,5.3422594507609436,44.41602728047741,Atencao,Atencao: sinais iniciais de risco,25.4321411157029
1777740829.2873752,398,True,0.27857811521991493,0.32975482623786384,0.30416647072888936,0.005474461115963051,False,False,0.02806122448979592,0,0,21.021635068817574,False,False,5.372904557693996,44.30272108843537,Atencao,Atencao: sinais iniciais de risco,25.669152928759292
1777740829.3240614,399,True,0.28501916374883235,0.3127583305649744,0.2988887471569034,0.004820333990970245,False,False,0.027989821882951654,0,0,16.853772415898064,False,False,5.154693566606935,44.1899915182358,Atencao,Atencao: sinais iniciais de risco,25.8453079546544
1777740829.3599126,400,True,0.28455399518871677,0.30680608950348315,0.29568004234609996,0.004771331696216334,False,False,0.027918781725888325,0,0,18.34344798136841,False,False,5.2194093232842445,44.077834179357026,Atencao,Atencao: sinais iniciais de risco,26.033602359536747
1777740829.3945518,401,True,0.29921166493331114,0.3168097854652841,0.3080107251992976,0.0031818606508856825,False,False,0.027848101265822784,0,0,18.907550652325153,False,False,5.237895893573069,43.96624472573839,Atencao,Atencao: sinais iniciais de risco,26.33942612825623
1777740829.4297028,402,True,0.30841737631073884,0.30910661966455005,0.3087619979876445,0.004927694286018913,False,False,0.027777777777777776,0,0,16.864972005378114,False,False,5.126097481619528,43.85521885521885,Atencao,Atencao: sinais iniciais de risco,26.512745340711568
1777740829.4672933,403,True,0.2974138876972447,0.32106498053206645,0.3092394341146556,0.009042763591698519,False,False,0.027707808564231738,0,0,17.400792720642954,False,False,5.14326775052019,43.74475230898405,Atencao,Atencao: sinais iniciais de risco,26.55030060033218
1777740829.502054,404,True,0.32847728998583653,0.339261211884617,0.3338692509352268,0.010104361451555726,False,False,0.02763819095477387,0,0,18.01009228134697,False,False,5.164160307254934,43.63484087102178,Atencao,Atencao: sinais iniciais de risco,26.74846783369953
1777740829.5448678,405,True,0.34319744898828264,0.3467766681047422,0.34498705854651246,0.005655910503473692,False,False,0.02756892230576441,0,0,19.496243491768837,False,False,5.228943428537226,43.52548036758563,Atencao,Atencao: sinais iniciais de risco,26.380809326333186
1777740829.5815735,406,True,0.36983766108775,0.35806028201682405,0.363948971552287,0.005027567607555777,False,False,0.0275,0,0,21.543176925995134,False,False,5.321813283205936,43.41666666666667,Atencao,Atencao: sinais iniciais de risco,26.540721671321624
1777740829.6157532,407,True,0.35299520841017257,0.40077047941002114,0.37688284391009685,0.004997034688192344,False,False,0.02743142144638404,0,0,21.652793250571595,False,False,5.3178645483125635,43.30839567747299,Atencao,Atencao: sinais iniciais de risco,26.78727691028497
1777740829.6527987,408,True,0.36467842192481975,0.3863981259716888,0.3755382739482543,0.0037412252083764024,False,False,0.02736318407960199,0,0,21.592000740766526,False,False,5.305442284889779,43.200663349917086,Atencao,Atencao: sinais iniciais de risco,26.79776225018069
1777740829.6883814,409,True,0.3559855460966029,0.3696696301861122,0.3628275881413575,0.0038161400252912933,False,False,0.02729528535980149,0,0,23.345408516851336,False,False,5.3837765997214495,43.09346567411083,Atencao,Atencao: sinais iniciais de risco,26.93902760943026
1777740829.724995,410,True,0.3404055301278669,0.36322651368976466,0.3518160219088158,0.004041120532378568,False,False,0.027227722772277228,0,0,24.784227628599513,False,False,5.446427699524273,42.98679867986799,Atencao,Atencao: sinais iniciais de risco,26.987924312291078
1777740829.7588072,411,True,0.3450000714916461,0.3768906873775625,0.36094537943460425,0.0034455784387597893,False,False,0.027160493827160494,0,0,24.540934138677336,False,False,5.425019045074613,42.88065843621399,Atencao,Atencao: sinais iniciais de risco,27.240342469562595
1777740829.7936914,412,True,0.3435337289551348,0.37732516019327755,0.36042944457420617,0.003169257944352528,False,False,0.027093596059113302,0,0,24.961201983419333,False,False,5.436833994205224,42.77504105090312,Atencao,Atencao: sinais iniciais de risco,27.345138527770132
1777740829.8428736,413,True,0.33784806238999265,0.3916631406626442,0.3647556015263184,0.004200201046656961,False,False,0.02702702702702703,0,0,27.1745947715911,False,False,5.53835039170195,42.66994266994267,Atencao,Atencao: sinais iniciais de risco,26.673522429024064
1777740829.8859107,414,True,0.34242542816624627,0.3943784880561709,0.36840195811120857,0.005359676453935743,False,False,0.02696078431372549,0,0,27.25531591068615,False,False,5.533278075577741,42.56535947712418,Atencao,Atencao: sinais iniciais de risco,26.306723698422864
1777740829.9260302,415,True,0.3416568314108711,0.41755872059147425,0.3796077760011727,0.0058478120508892355,False,False,0.02689486552567237,0,0,28.45771321437575,False,False,5.584334107404917,42.46128769356154,Atencao,Atencao: sinais iniciais de risco,26.152733367525197
1777740829.976585,416,True,0.33368010890966443,0.4109283463261877,0.37230422761792603,0.00517804066154891,False,False,0.026829268292682926,0,0,28.389617523821915,False,False,5.571909703341176,42.357723577235774,Atencao,Atencao: sinais iniciais de risco,25.52727615122927
1777740830.0161045,417,True,0.3329512965779004,0.41203204657517695,0.3724916715765387,0.005157084378023119,False,False,0.0267639902676399,0,0,29.150265278057617,False,False,5.600966362609546,42.25466342254664,Atencao,Atencao: sinais iniciais de risco,25.486631657855746
1777740830.0563056,418,True,0.3187081221100175,0.4013606745327418,0.3600343983213796,0.006564992624114611,False,False,0.02669902912621359,0,0,28.740823210369452,False,False,5.571562102279021,42.152103559870554,Atencao,Atencao: sinais iniciais de risco,25.47455237244913
1777740830.1026359,419,True,0.32833316670200174,0.410342820331767,0.36933799351688434,0.007699941942173188,False,False,0.026634382566585957,0,0,28.61601618853482,False,False,5.556432849238489,42.050040355125105,Atencao,Atencao: sinais iniciais de risco,25.072867927034068
1777740830.1421888,420,True,0.3244176938712517,0.41377815702866905,0.36909792544996034,0.007481919201357047,False,False,0.026570048309178744,0,0,28.75976768894629,False,False,5.55477446386557,41.948470209339774,Atencao,Atencao: sinais iniciais de risco,25.08343270364035
1777740830.1779914,421,True,0.3150976194419087,0.39330693543453094,0.35420227743821986,0.0067119017714735415,False,False,0.02650602409638554,0,0,27.86701351783492,False,False,5.501333426050937,41.84738955823293,Atencao,Atencao: sinais iniciais de risco,25.38971535669814
1777740830.211798,422,True,0.31927713744164427,0.36724139608554046,0.34325926676359236,0.005108711441987579,False,False,0.026442307692307692,0,0,27.620802677761425,False,False,5.480261878486559,41.74679487179487,Atencao,Atencao: sinais iniciais de risco,25.77915585966234
1777740830.245424,423,True,0.32120583493140875,0.38472348777484827,0.35296466135312854,0.007094706154909082,False,False,0.026378896882494004,0,0,28.330931827155027,False,False,5.507049349606856,41.6466826538769,Atencao,Atencao: sinais iniciais de risco,26.1774041746392
1777740830.2779815,424,True,0.31362690978447316,0.384366457985816,0.3489966838851446,0.006793984472383961,False,False,0.02631578947368421,0,0,27.957068582014603,False,False,5.479678918638488,41.547049441786285,Atencao,Atencao: sinais iniciais de risco,26.641128437564433
1777740830.3125744,425,True,0.3201937160189329,0.3966064761995237,0.3584000961092283,0.006377031036661652,False,False,0.026252983293556086,0,0,27.183390041914855,False,False,5.432359141865884,41.44789180588704,Atencao,Atencao: sinais iniciais de risco,26.896757725181967
1777740830.346561,426,True,0.32260619561190684,0.39346015303971443,0.3580331743258106,0.006723804191568999,False,False,0.02619047619047619,0,0,27.176888792623178,False,False,5.423439352727813,41.349206349206355,Atencao,Atencao: sinais iniciais de risco,27.119884301200603
1777740830.3795936,427,True,0.3234384799807617,0.3983993573828549,0.3609189186818083,0.006329643529858,False,False,0.026128266033254157,0,0,27.34186274571852,False,False,5.423134153764551,41.25098970704671,Atencao,Atencao: sinais iniciais de risco,27.454382206087942
1777740830.4167585,428,True,0.32783617059469394,0.363344020388917,0.34559009549180547,0.0057070796412743855,False,False,0.026066350710900472,0,0,28.215775031935088,False,False,5.458316411251747,41.153238546603475,Atencao,Atencao: sinais iniciais de risco,27.353271374191493
1777740830.4536266,429,True,0.3188358753709777,0.36355120064529883,0.34119353800813823,0.005952227282040945,False,False,0.026004728132387706,0,0,28.56869998249141,False,False,5.467489554234058,41.05594956658787,Atencao,Atencao: sinais iniciais de risco,27.371339172374732
1777740830.4903533,430,True,0.2761434569656418,0.2648404616054798,0.2704919592855608,0.0059846660570802585,False,False,0.025943396226415096,0,0,28.473919926990167,False,False,5.454317414387762,40.95911949685535,Atencao,Atencao: sinais iniciais de risco,27.363835388327637
1777740830.5239334,431,True,0.15911512754425555,0.19220765364777279,0.17566139059601416,0.005945200791151093,True,False,0.02823529411764706,0,0,28.13113389611244,False,False,5.752314072888272,40.86274509803922,Atencao,Atencao: sinais iniciais de risco,27.5989904563583
1777740830.5583808,432,True,0.14409307964108514,0.17353463114767226,0.1588138553943787,0.007423779042582392,True,False,0.03051643192488263,0,0,26.943441493131893,False,False,6.006585901234134,40.766823161189365,Atencao,Atencao: sinais iniciais de risco,27.749528525723175
1777740830.5935698,433,True,0.12838214239391404,0.14661706922789222,0.13749960581090315,0.005485775374818162,True,False,0.03278688524590164,0,0,26.720978982882066,False,False,6.3076501073617575,40.671350507416086,Atencao,Atencao: sinais iniciais de risco,27.79158817604611
1777740830.6294549,434,True,0.20766998974563616,0.1959696403148216,0.2018198150302289,0.004085241068027608,True,False,0.035046728971962614,0,0,25.82931496202946,False,False,6.5737954186525105,40.57632398753894,Atencao,Atencao: sinais iniciais de risco,27.837192360624123
1777740830.662993,435,True,0.19864275667409134,0.1836065271553936,0.1911246419147425,0.0053794444562194075,True,False,0.037296037296037296,0,0,25.301701602881604,False,False,6.856694645255386,40.48174048174049,Atencao,Atencao: sinais iniciais de risco,28.001742784879113
1777740830.6990483,436,True,0.2620453004416204,0.2456169021346885,0.25383110128815445,0.0047443903130401175,False,False,0.037209302325581395,0,0,23.97987667267973,False,False,6.800034141499573,40.3875968992248,Atencao,Atencao: sinais iniciais de risco,27.96916767082442
1777740830.740597,437,True,0.2694840359055787,0.25144784533564224,0.26046594062061046,0.005817159951262148,False,False,0.037122969837587005,0,0,23.67362063364549,False,False,6.772850622448632,40.2938901778809,Atencao,Atencao: sinais iniciais de risco,27.59046684208699
1777740830.7776155,438,True,0.2681914282030066,0.2719686437968049,0.27008003599990577,0.004517356934514426,False,False,0.037037037037037035,0,0,22.48704360994426,False,False,6.70170601118795,40.20061728395062,Atencao,Atencao: sinais iniciais de risco,27.51306110674124
1777740830.8124514,439,True,0.2753514079061093,0.26970365759612547,0.2725275327511174,0.00345254505956638,False,False,0.03695150115473441,0,0,22.72986446456476,False,False,6.702085870102364,40.10777521170131,Atencao,Atencao: sinais iniciais de risco,27.629426304777844
1777740830.850534,440,True,0.27778213739809493,0.2877065855309302,0.28274436146451254,0.003824587802934478,False,False,0.03686635944700461,0,0,22.156211788275026,False,False,6.661696251475029,40.015360983102916,Atencao,Atencao: sinais iniciais de risco,27.53303656469366
1777740830.8861187,441,True,0.2762531932892642,0.28525868113814173,0.28075593721370296,0.00347495082408413,False,False,0.0367816091954023,0,0,21.322284554893322,False,False,6.608346730210627,39.92337164750958,Atencao,Atencao: sinais iniciais de risco,27.514865412576167
1777740830.9291387,442,True,0.27838859874771954,0.28640791118635306,0.2823982549670363,0.00323774450136199,False,False,0.03669724770642202,0,0,22.562056939710267,False,False,6.658735644716685,39.83180428134556,Atencao,Atencao: sinais iniciais de risco,27.09522371043021
1777740830.9667816,443,True,0.2794880273497124,0.29072145111225967,0.285104739230986,0.0034910459369173977,False,False,0.036613272311212815,0,0,22.32481529956514,False,False,6.635326945868163,39.74065598779558,Atencao,Atencao: sinais iniciais de risco,27.006493659449205
1777740831.0079904,444,True,0.28527985607453943,0.301690229533526,0.2934850428040327,0.004275331846650702,False,False,0.0365296803652968,0,0,22.45873398889195,False,False,6.6305289877710525,39.64992389649923,Atencao,Atencao: sinais iniciais de risco,26.77692645140515
1777740831.050121,445,True,0.2861736347127656,0.2986084725567807,0.29239105363477313,0.003997583863897146,False,False,0.03644646924829157,0,0,23.11110581836917,False,False,6.651706050656694,39.55960516324981,Atencao,Atencao: sinais iniciais de risco,26.458525642151987
1777740831.0955634,446,True,0.28611583884045577,0.2937354473964849,0.28992564311847036,0.0030475078898333863,False,False,0.03636363636363636,0,0,23.25958732583306,False,False,6.647740604389797,39.46969696969697,Atencao,Atencao: sinais iniciais de risco,26.03317810881941
1777740831.1306593,447,True,0.2873206466806293,0.294449839707019,0.29088524319382414,0.005176895961704387,False,False,0.036281179138321996,0,0,23.790858622572635,False,False,6.662966300746051,39.38019652305366,Atencao,Atencao: sinais iniciais de risco,26.30257326055981
1777740831.1646729,448,True,0.28628911692741044,0.2923518927224725,0.2893205048249414,0.004273391835840256,False,False,0.03619909502262444,0,0,24.71751091561534,False,False,6.698012349489772,39.29110105580694,Atencao,Atencao: sinais iniciais de risco,26.599347952124834
1777740831.201798,449,True,0.28635217073777813,0.29717640043647214,0.29176428558712514,0.004054318132492566,False,False,0.03611738148984198,0,0,24.62283573367379,False,False,6.682042979635106,39.20240782543266,Atencao,Atencao: sinais iniciais de risco,26.6345621592497
1777740831.2375176,450,True,0.2880111033960682,0.2994002939120483,0.29370569865405827,0.0042738180633831255,False,False,0.036036036036036036,0,0,24.639209876548158,False,False,6.671676686880508,39.114114114114116,Atencao,Atencao: sinais iniciais de risco,26.761518086958205
1777740831.2712152,451,True,0.2916148539602545,0.31830317461413177,0.30495901428719313,0.003352413740046291,False,False,0.035955056179775284,0,0,24.92012820812789,False,False,6.67458787322364,39.02621722846442,Atencao,Atencao: sinais iniciais de risco,27.062238957482872
1777740831.3042266,452,True,0.29225519374916276,0.3178592553428024,0.3050572245459826,0.0034394864365403306,False,False,0.03587443946188341,0,0,24.10357461111112,False,False,6.622675394662669,38.93871449925262,Atencao,Atencao: sinais iniciais de risco,27.380562286252214
1777740831.3379354,453,True,0.296335777383464,0.3102177002051765,0.30327673879432027,0.0032196498086612528,False,False,0.035794183445190156,0,0,24.50419217646122,False,False,6.631671070634852,38.851603281133485,Atencao,Atencao: sinais iniciais de risco,27.601208487062404
1777740831.3791728,454,True,0.2958047794245908,0.31088880198294927,0.30334679070377,0.0034970452528121677,False,False,0.03571428571428571,0,0,24.514452446590766,False,False,6.6211981461419676,38.764880952380956,Atencao,Atencao: sinais iniciais de risco,27.274651350808483
1777740831.4123719,455,True,0.29458785033214524,0.3061260882813992,0.30035696930677225,0.0043413095138104315,False,False,0.035634743875278395,0,0,24.11059506914832,False,False,6.590068274406339,38.67854491462509,Atencao,Atencao: sinais iniciais de risco,27.512213716532592
1777740831.4466138,456,True,0.2997492108264357,0.31130076974627985,0.30552499028635777,0.003988455936101432,False,False,0.035555555555555556,0,0,24.212767751650375,False,False,6.584288514569551,38.59259259259259,Atencao,Atencao: sinais iniciais de risco,27.73416540498916
1777740831.4829764,457,True,0.2912363501649585,0.32442298552105236,0.3078296678430055,0.004113783590273987,False,False,0.03547671840354767,0,0,24.523943567276003,False,False,6.5890071969497495,38.5070214338507,Atencao,Atencao: sinais iniciais de risco,27.719209752081472
1777740831.5177612,458,True,0.3039212327566289,0.3243141165694024,0.31411767466301566,0.004709650716649759,False,False,0.035398230088495575,0,0,24.436714893308555,False,False,6.573853619931714,38.421828908554566,Atencao,Atencao: sinais iniciais de risco,27.82380290331238
1777740831.550337,459,True,0.2969827308121201,0.327487601593946,0.31223516620303304,0.004948419691406432,False,False,0.03532008830022075,0,0,24.10187537236647,False,False,6.546367147996821,38.33701250919795,Atencao,Atencao: sinais iniciais de risco,28.08407141910901
1777740831.5858343,460,True,0.2994825335104541,0.31360370687906824,0.30654312019476115,0.00608084734775929,False,False,0.03524229074889868,0,0,25.13493012244051,False,False,6.587322722193739,38.252569750367115,Atencao,Atencao: sinais iniciais de risco,28.08653221729407
1777740831.6212063,461,True,0.2941926046413142,0.3309281350252722,0.31256036983329316,0.0066487286665663494,False,False,0.035164835164835165,0,0,23.621164908192373,False,False,6.500984318672598,38.16849816849817,Atencao,Atencao: sinais iniciais de risco,28.11965999509457
1777740831.6535492,462,True,0.2974879688714808,0.33212902396007604,0.31480849641577846,0.009393034698503765,False,False,0.03508771929824561,0,0,23.588171515139663,False,False,6.488731217363899,38.08479532163742,Atencao,Atencao: sinais iniciais de risco,28.365040648119802
1777740831.691056,463,True,0.30549798085843194,0.3219258282119641,0.31371190453519804,0.007490857424147969,False,False,0.0350109409190372,0,0,23.471985749764873,False,False,6.472364901954004,38.00145878920496,Atencao,Atencao: sinais iniciais de risco,28.21275445790074
1777740831.725902,464,True,0.30002583381065956,0.3166975234112254,0.3083616786109425,0.014370034134182029,False,False,0.034934497816593885,0,0,24.001479670676314,False,False,6.48832867141362,37.91848617176128,Atencao,Atencao: sinais iniciais de risco,28.27086719880441
1777740831.7612867,465,True,0.2885644118081747,0.3056906167687145,0.29712751428844464,0.007566075621496486,False,False,0.034858387799564274,0,0,23.20674648230726,False,False,6.438126884653595,37.835875090777044,Atencao,Atencao: sinais iniciais de risco,28.277878074889472
1777740831.7951066,466,True,0.28416630266227305,0.3095985145796695,0.29688240862097126,0.01831100843540183,False,False,0.034782608695652174,0,0,23.07277465950359,False,False,6.4210086667254975,37.7536231884058,Atencao,Atencao: sinais iniciais de risco,28.37981496052432
1777740831.8360634,467,True,0.2910671432118388,0.31009717926402564,0.30058216123793224,0.01160309476247515,False,False,0.03470715835140998,0,0,23.271737244996153,False,False,6.420582373666823,37.67172812725958,Atencao,Atencao: sinais iniciais de risco,27.977038740558076
1777740831.8759665,468,True,0.2786362461516703,0.31091542506573183,0.2947758356087011,0.024216581884632406,False,False,0.03463203463203463,0,0,23.446730610999193,False,False,6.419002530552866,37.5901875901876,Atencao,Atencao: sinais iniciais de risco,27.662468182791176
1777740831.9178321,469,True,0.28692910183471565,0.31019182427224457,0.2985604630534801,0.018885204711021713,False,False,0.03455723542116631,0,0,24.39394407597455,False,False,6.4560783123072385,37.508999280057594,Atencao,Atencao: sinais iniciais de risco,27.336584976913514
1777740831.961933,470,True,0.2863417536123085,0.28390049643486887,0.28512112502358866,0.01018545342507,False,False,0.034482758620689655,0,0,24.23994042060592,False,False,6.438137569473268,37.42816091954023,Atencao,Atencao: sinais iniciais de risco,26.863482712003094
1777740832.002687,471,True,0.3011874584046775,0.326682686912067,0.3139350726583722,0.02954018075444694,False,False,0.034408602150537634,0,0,26.324633208188143,False,False,6.532175694206476,37.34767025089606,Atencao,Atencao: sinais iniciais de risco,26.609301308359047
1777740832.043996,472,True,0.32060376511409894,0.34651075558730804,0.3335572603507035,0.10410858303290703,False,False,0.034334763948497854,0,0,28.282946177504275,False,True,6.619938589891813,37.55364806866953,Atencao,Atencao: sinais iniciais de risco,26.392635832871534
1777740832.0855355,473,True,0.3281075643300004,0.3430631754678483,0.33558536989892435,0.15927610594295347,False,False,0.034261241970021415,0,0,29.03059581789103,False,True,6.64721179987064,37.75874375446111,Atencao,Atencao: sinais iniciais de risco,26.118181986287723
1777740832.1223476,474,True,0.3186033472072157,0.35139319435422617,0.334998270780721,0.16438797192284582,False,False,0.03418803418803419,0,0,28.62570552500811,False,True,6.616901215203251,37.96296296296296,Atencao,Atencao: sinais iniciais de risco,26.288477025064246
1777740832.159271,475,True,0.3528682783962745,0.36116568714009817,0.35701698276818633,0.26595749933237156,False,False,0.03411513859275053,0,0,30.281775007464667,False,True,6.689681544974576,38.16631130063966,Atencao,Atencao: sinais iniciais de risco,26.350528435107574
1777740832.1942713,476,True,0.3232119102055344,0.37081967260036863,0.3470157914029515,0.3517198162950938,False,False,0.03404255319148936,0,0,29.114650935476476,False,True,6.621344848701756,38.368794326241144,Atencao,Atencao: sinais iniciais de risco,26.577336430694842
1777740832.231193,477,True,0.3297791415207689,0.34436892977789835,0.33707403564933364,0.4195422220750921,False,False,0.03397027600849257,0,0,28.662696802616118,False,True,6.588809029396678,38.570417551309276,Atencao,Atencao: sinais iniciais de risco,26.615703686319527
1777740832.265554,478,True,0.32790595514952037,0.3482141754552262,0.3380600653023733,0.4187247600609305,False,False,0.03389830508474576,0,0,27.998347606442188,False,True,6.545695567572796,38.77118644067797,Atencao,Atencao: sinais iniciais de risco,26.863774413706302
1777740832.3022866,479,True,0.32974081531389066,0.3434680266565239,0.33660442098520726,0.49452382566181774,False,False,0.03382663847780127,0,0,28.43896460858258,False,True,6.557872259224948,38.971106412966876,Atencao,Atencao: sinais iniciais de risco,26.928625396613306
1777740832.3389957,480,True,0.33068736474099203,0.3324143730633482,0.3315508689021701,0.5587969566044716,False,False,0.03375527426160337,0,0,28.174844114076002,False,True,6.534853654772408,39.17018284106892,Atencao,Atencao: sinais iniciais de risco,26.948554209922122
1777740832.3773053,481,True,0.33214120080648135,0.3293420216570326,0.33074161123175694,0.555972907421174,False,False,0.03368421052631579,0,0,28.407041018659417,False,True,6.536692236399537,39.368421052631575,Atencao,Atencao: sinais iniciais de risco,26.844244851125758
1777740832.4221153,482,True,0.32965593803526827,0.3349013465399135,0.33227864228759085,0.627535727145593,False,False,0.03361344537815126,0,0,28.596858009425073,False,True,6.536452878065196,39.56582633053222,Atencao,Atencao: sinais iniciais de risco,26.39738231745109
1777740832.4601123,483,True,0.3278784915481369,0.34017456358715925,0.33402652756764806,0.6301790134249454,False,False,0.033542976939203356,0,0,29.359390654347155,False,True,6.564890099955964,39.76240391334731,Atencao,Atencao: sinais iniciais de risco,26.35944609417128
1777740832.4937673,484,True,0.3260011988378749,0.3252701339751722,0.3256356664065235,0.6641606446005466,False,True,0.03347280334728033,0,0,27.44087440441786,False,True,6.459315418570082,39.9581589958159,Atencao,Atencao: sinais iniciais de risco,26.725729136110125
1777740832.5288856,485,True,0.32122334220118937,0.2792953500352228,0.3002593461182061,0.643057813560534,False,False,0.033402922755741124,0,0,28.59852262356064,False,True,6.50758924819058,40.15309672929715,Atencao,Atencao: sinais iniciais de risco,26.922094515772226
1777740832.562541,486,True,0.3217253297652712,0.3029756806930194,0.3123505052291453,0.6671329576154856,False,True,0.03333333333333333,0,0,27.852768605270168,False,True,6.460733001694986,40.34722222222223,Atencao,Atencao: sinais iniciais de risco,27.184531242939116
1777740832.5959601,487,True,0.32218568946527526,0.31289525179332456,0.3175404706292999,0.6817834956795078,False,True,0.033264033264033266,0,0,27.593032813614066,False,True,6.438217452583422,40.54054054054055,Atencao,Atencao: sinais iniciais de risco,27.40640708251887
1777740832.6293023,488,True,0.31600640023334725,0.30277048960280883,0.30938844491807804,0.6347171162926593,False,False,0.03319502074688797,0,0,27.97008451934565,False,True,6.447580816762523,40.73305670816045,Atencao,Atencao: sinais iniciais de risco,27.719043001079953
1777740832.6661358,489,True,0.31527811697745,0.2870102270138957,0.3011441719956729,0.6546937914886267,False,True,0.033126293995859216,0,0,27.169637274742126,False,True,6.398108526265893,40.924775707384406,Atencao,Atencao: sinais iniciais de risco,27.659106072049575
1777740832.7021728,490,True,0.31739362696205065,0.2786688878153354,0.298031257388693,0.6290674232896981,False,False,0.03305785123966942,0,0,26.58980223482305,False,True,6.359705895293843,41.11570247933884,Atencao,Atencao: sinais iniciais de risco,27.67060292161057
1777740832.744529,491,True,0.3133571747578945,0.26907695730502246,0.29121706603145847,0.658013879006523,False,True,0.032989690721649485,0,0,26.43994378305294,False,True,6.3428409014775955,41.30584192439863,Atencao,Atencao: sinais iniciais de risco,27.260337857393957
1777740832.7795618,492,True,0.3095704154410653,0.27780933074710973,0.2936898730940875,0.6655211107765686,False,True,0.03292181069958848,0,0,26.622892034324728,False,True,6.342654811007797,41.49519890260631,Atencao,Atencao: sinais iniciais de risco,27.39860768729538
1777740832.8164227,493,True,0.31050448888216053,0.2736693645409151,0.2920869267115378,0.6633798027034535,False,True,0.03285420944558522,0,0,27.37926221381534,False,True,6.371178147556879,41.68377823408625,Atencao,Atencao: sinais iniciais de risco,27.307592156098956
1777740832.8523126,494,True,0.3126917021750889,0.27200776659268694,0.2923497343838879,0.645630057467272,False,False,0.03278688524590164,0,0,26.033829136328258,False,True,6.294649416226033,41.87158469945355,Atencao,Atencao: sinais iniciais de risco,27.402362163099564
1777740832.886215,495,True,0.2999470943895467,0.2605267719746636,0.2802369331821052,0.6973829968867548,False,True,0.032719836400818,0,0,26.41595578302036,False,True,6.304536532361637,42.05862304021813,Atencao,Atencao: sinais iniciais de risco,27.59395505671245
1777740832.9282973,496,True,0.3106472547032595,0.2736056759349682,0.29212646531911385,0.6934965916218285,False,True,0.0326530612244898,0,0,26.994996872273365,False,True,6.32430700007916,42.244897959183675,Atencao,Atencao: sinais iniciais de risco,27.265295721239468
1777740832.9671822,497,True,0.30949323587075805,0.2825930002069603,0.2960431180388592,0.6913834500708949,False,True,0.032586558044806514,0,0,26.93767973076213,False,True,6.312296955797146,42.43041412084182,Atencao,Atencao: sinais iniciais de risco,27.1051126237287
1777740833.0059133,498,True,0.3095043777663632,0.2862008278615677,0.2978526028139654,0.7099379052603234,False,True,0.032520325203252036,0,0,27.535387054898518,False,True,6.333075306290225,42.61517615176152,Atencao,Atencao: sinais iniciais de risco,26.963677393363103
1777740833.0474617,499,True,0.3077092786353261,0.2907479083446519,0.299228593489989,0.7920750308083786,False,True,0.032454361054766734,0,0,27.87997621406208,False,True,6.341234693831675,42.79918864097364,Atencao,Atencao: sinais iniciais de risco,26.687685342079117
1777740833.0848095,500,True,0.305636193322674,0.29201555675621443,0.29882587503944424,0.7885003641040185,False,True,0.032388663967611336,0,0,27.824795676903285,False,True,6.3294423174898675,42.98245614035088,Atencao,Atencao: sinais iniciais de risco,26.67277419253663
1777740833.118474,501,True,0.30241896071827823,0.27385457810676833,0.2881367694125233,0.7921156516468889,False,True,0.03232323232323232,0,0,28.128424315019085,False,True,6.335626898293542,43.16498316498317,Atencao,Atencao: sinais iniciais de risco,26.97449449869195
1777740833.1550508,502,True,0.26008352836989346,0.32973898294125076,0.2949112556555721,0.8785657988709477,False,True,0.03225806451612903,0,0,27.175574483654714,False,True,6.279023833248623,43.34677419354839,Atencao,Atencao: sinais iniciais de risco,26.977302921012217
1777740833.191623,503,True,0.23749695543551944,0.2995145049688107,0.26850573020216506,0.8909829677296182,False,True,0.03219315895372234,0,0,27.122174223444674,False,True,6.267429305407199,43.527833668678745,Atencao,Atencao: sinais iniciais de risco,27.060424792485165
1777740833.2269533,504,True,0.23916902405051446,0.30386375867440873,0.2715163913624616,0.8857692201280383,False,True,0.0321285140562249,0,0,27.543667375499552,False,True,6.279615289604045,43.708165997322624,Atencao,Atencao: sinais iniciais de risco,27.200668625779095
1777740833.2600996,505,True,0.2340814946197811,0.30562537580776306,0.2698534352137721,0.869274013681262,False,True,0.03206412825651302,0,0,27.832460649447004,False,True,6.285201905841035,43.88777555110221,Atencao,Atencao: sinais iniciais de risco,27.469235986641753
1777740833.2974489,506,True,0.23605462898463245,0.309960957873402,0.2730077934290172,0.8551355071367872,False,True,0.032,0,0,28.80678421854973,False,True,6.325100449025632,44.06666666666666,Atencao,Atencao: sinais iniciais de risco,27.394880080922512
1777740833.3339665,507,True,0.20280773793762694,0.3057614248485519,0.2542845813930894,0.8675544929112391,False,True,0.031936127744510975,0,0,28.718911306424573,False,True,6.311924368289632,44.244843646041254,Atencao,Atencao: sinais iniciais de risco,27.35148570252862
1777740833.3723214,508,True,0.17027998330935334,0.18701202617273338,0.17864600474104336,0.8417385694165349,True,True,0.03386454183266932,0,0,28.79339089989662,False,True,6.580805285085007,44.42231075697212,Atencao,Atencao: sinais iniciais de risco,27.26876556339893
1777740833.4132833,509,True,0.20212778719303662,0.18472805406289297,0.1934279206279648,0.8171510478243129,True,True,0.03578528827037773,0,0,29.075506115772505,False,True,6.859013681063708,44.599072233267066,Atencao,Atencao: sinais iniciais de risco,26.990744657080292
1777740833.4459162,510,True,0.23829516486292426,0.20563885985804695,0.2219670123604856,0.8143007891005531,False,True,0.03571428571428571,0,0,29.078690932555627,False,True,6.821012644431033,44.77513227513228,Atencao,Atencao: sinais iniciais de risco,27.339038485448693
1777740833.4791055,511,True,0.24020266266393844,0.20508671329003617,0.2226446879769873,0.8244288017395053,False,True,0.03564356435643564,0,0,28.898560924421652,False,True,6.8022819573199484,44.95049504950495,Atencao,Atencao: sinais iniciais de risco,27.64442660258508
1777740833.5124357,512,True,0.26683905536424696,0.22923203706402287,0.24803554621413493,0.8325804943137086,False,True,0.03557312252964427,0,0,29.017797269062555,False,True,6.798558023368181,45.12516469038208,Atencao,Atencao: sinais iniciais de risco,27.86765383115135
1777740833.5467114,513,True,0.2678291299655903,0.23613407868364666,0.25198160432461847,0.8037859164524586,False,True,0.03550295857988166,0,0,29.53220157081431,False,True,6.814630695363409,45.299145299145295,Atencao,Atencao: sinais iniciais de risco,27.982239608271485
1777740833.5830376,514,True,0.2693672831798294,0.2348655238265879,0.25211640350320863,0.8027982550293398,False,True,0.03543307086614173,0,0,29.338834117759355,False,True,6.795352762071422,45.47244094488189,Atencao,Atencao: sinais iniciais de risco,27.964411631704348
1777740833.6188388,515,True,0.27514983446273067,0.2628702608527289,0.2690100476577298,0.7402772418026495,False,True,0.03536345776031434,0,0,28.626732578060842,False,True,6.750175883035229,45.645055664702035,Atencao,Atencao: sinais iniciais de risco,27.95318321337669
1777740833.8381886,516,True,0.29643592549221565,0.2739843202393508,0.28521012286578323,0.7243240407520485,False,True,0.03529411764705882,0,0,27.738570782271292,False,True,6.696233527673119,45.81699346405229,Atencao,Atencao: sinais iniciais de risco,25.61280055733179
1777740833.8761523,517,True,0.30064027125234477,0.2782175231819378,0.28942889721714127,0.7460810676812315,False,True,0.03522504892367906,0,0,28.43616824800318,False,True,6.721616451494996,45.98825831702544,Atencao,Atencao: sinais iniciais de risco,25.664724498906352
1777740833.9130638,518,True,0.3003463008899968,0.2799364604394709,0.29014138066473383,0.757979428869336,False,True,0.03515625,0,0,28.651211844249204,False,True,6.722908779301426,46.158854166666664,Atencao,Atencao: sinais iniciais de risco,25.847423172251258
1777740833.9577339,519,True,0.29712668549731663,0.2843952268674508,0.29076095618238373,0.7372703499217044,False,True,0.03508771929824561,0,0,28.606088909235865,False,True,6.711229661059531,46.32878492527615,Atencao,Atencao: sinais iniciais de risco,25.495601248352777
1777740833.9952083,520,True,0.3006326939385646,0.26326947952844176,0.2819510867335032,0.7455715539594374,False,True,0.03501945525291829,0,0,28.642067594419824,False,True,6.703642289086222,46.49805447470817,Atencao,Atencao: sinais iniciais de risco,25.60802270164039
1777740834.0336244,521,True,0.3012822839231536,0.28026707816305785,0.2907746810431057,0.7233731958537992,False,True,0.03495145631067961,0,0,28.610298669338224,False,True,6.6927039882743244,46.66666666666667,Atencao,Atencao: sinais iniciais de risco,25.686494949669548
1777740834.0776563,522,True,0.2933782524021892,0.28325773248995356,0.28831799244607137,0.639956846569868,False,False,0.03488372093023256,0,0,28.757750696485694,False,True,6.6907629748202275,46.75710594315245,Atencao,Atencao: sinais iniciais de risco,25.35573288746931
1777740834.115513,523,True,0.29545223756162603,0.29182842532141245,0.29364033144151924,0.630833649154458,False,False,0.03481624758220503,0,0,28.907583556933837,False,True,6.68897703248885,46.79883945841392,Atencao,Atencao: sinais iniciais de risco,25.50177897818584
1777740834.1490395,524,True,0.29435088061665216,0.3057102110423304,0.3000305458294913,0.6698483655039514,False,True,0.03474903474903475,0,0,28.57165808135813,False,True,6.66293899414915,46.84041184041184,Atencao,Atencao: sinais iniciais de risco,25.91626817532977
1777740834.1847374,525,True,0.30155806823314346,0.2804281084369483,0.2909930883350459,0.6241102195587537,False,False,0.03468208092485549,0,0,28.386112278699876,False,True,6.644455553191589,46.881824020552344,Atencao,Atencao: sinais iniciais de risco,26.129312817582264
1777740834.218009,526,True,0.290718419650807,0.28392001222151236,0.2873192159361597,0.6503777591154917,False,True,0.03461538461538462,0,0,28.661449306119568,False,True,6.649051662010329,46.92307692307692,Atencao,Atencao: sinais iniciais de risco,26.52590064613124
1777740834.2523222,527,True,0.29211371753453097,0.2949507217409491,0.29353221963774,0.674699384086274,False,True,0.0345489443378119,0,0,29.48224684108387,False,True,6.680956000592296,46.96417146513116,Atencao,Atencao: sinais iniciais de risco,26.802640498642482
1777740834.2845285,528,True,0.2960084598550827,0.30342961883208086,0.2997190393435818,0.6497069792596758,False,False,0.034482758620689655,0,0,28.439224551482635,False,True,6.619704350007925,47.005108556832695,Atencao,Atencao: sinais iniciais de risco,27.21523966351527
1777740834.3246896,529,True,0.287178696922283,0.2842455641811805,0.2857121305517317,0.6344302960545825,False,False,0.03441682600382409,0,0,28.899141000617632,False,True,6.633634437645661,47.04588910133843,Atencao,Atencao: sinais iniciais de risco,26.997057659942925
1777740834.360022,530,True,0.28059380482662566,0.2781344042948477,0.2793641045607367,0.6088582373105004,False,False,0.03435114503816794,0,0,28.66302842199802,False,True,6.612797675936959,47.086513994910945,Atencao,Atencao: sinais iniciais de risco,27.11477710491303
1777740834.394633,531,True,0.2716713520237534,0.2749185467481371,0.27329494938594523,0.5984405638291885,False,False,0.03428571428571429,0,0,29.137294886328956,False,True,6.627514270691129,47.12698412698413,Atencao,Atencao: sinais iniciais de risco,27.30523992264021
1777740834.4276311,532,True,0.26376626141283316,0.27528251872848997,0.26952439007066153,0.5950128146928657,False,False,0.034220532319391636,0,0,29.260512471740896,False,True,6.624712629592361,47.167300380228134,Atencao,Atencao: sinais iniciais de risco,27.581357602349804
1777740834.4644613,533,True,0.2681806872378547,0.28547083022872677,0.27682575873329074,0.592046730541151,False,False,0.03415559772296015,0,0,30.141873628984793,False,True,6.659852180445227,47.20746363061353,Atencao,Atencao: sinais iniciais de risco,27.550254094683556
1777740834.4979293,534,True,0.2685663902570957,0.27584228381619014,0.27220433703664293,0.5827016725789332,False,False,0.03409090909090909,0,0,29.84960600787943,False,True,6.636344112482938,47.24747474747475,Atencao,Atencao: sinais iniciais de risco,27.773032138086407
1777740834.532481,535,True,0.26227890598854714,0.2766394843843507,0.2694591951864489,0.6008280376351189,False,False,0.034026465028355386,0,0,29.807053908976638,False,True,6.625355448936665,47.28733459357278,Atencao,Atencao: sinais iniciais de risco,27.868351111799967
1777740834.567177,536,True,0.2632130931772664,0.27710344563203976,0.27015826940465304,0.6051523822179479,False,False,0.033962264150943396,0,0,29.857415882023897,False,True,6.619045926944878,47.327044025157235,Atencao,Atencao: sinais iniciais de risco,27.999409397141022
1777740834.6015167,537,True,0.2665844141540114,0.27921130983813386,0.27289786199607263,0.6174488470826301,False,False,0.03389830508474576,0,0,30.534345602989198,False,True,6.6440980413909685,47.36660389202762,Atencao,Atencao: sinais iniciais de risco,28.09468758040114
1777740834.642321,538,True,0.26908826165544614,0.2734135185128064,0.2712508900841263,0.615235324960093,False,False,0.03383458646616541,0,0,30.15814620418982,False,True,6.6165267613962016,47.40601503759398,Atencao,Atencao: sinais iniciais de risco,27.753373460184537
1777740834.6831326,539,True,0.27594340544602725,0.2681851002144115,0.2720642528302194,0.6549032568574522,False,True,0.03377110694183865,0,0,29.652086205238643,False,True,6.582495326853712,47.445278298936834,Atencao,Atencao: sinais iniciais de risco,27.407018732634235
1777740834.7194762,540,True,0.28464796913053203,0.27129446066916635,0.2779712148998492,0.7227441992783459,False,True,0.033707865168539325,0,0,28.712044653431935,False,True,6.52679750543472,47.484394506866415,Atencao,Atencao: sinais iniciais de risco,27.441165628557563
1777740834.7540886,541,True,0.28797052310767707,0.2897877343130683,0.2888791287103727,0.7450370752268174,False,True,0.03364485981308411,0,0,29.421665465831758,False,True,6.5536153096796195,47.523364485981304,Atencao,Atencao: sinais iniciais de risco,27.5556947577496
1777740834.7865021,542,True,0.28439333519779353,0.2886951840132405,0.286544259605517,0.7615825319950604,False,True,0.033582089552238806,0,0,30.009408049691803,False,True,6.574371528006393,47.56218905472637,Atencao,Atencao: sinais iniciais de risco,27.887288238639535
1777740834.821375,543,True,0.2875063514625285,0.28151363905184074,0.2845099952571846,0.7678943026552667,False,True,0.0335195530726257,0,0,29.643750779059797,False,True,6.54748989852799,47.60086902545003,Atencao,Atencao: sinais iniciais de risco,27.972073092349053
1777740834.8559062,544,True,0.2859029721877208,0.2788992997453646,0.2824011359665427,0.794318001081255,False,True,0.03345724907063197,0,0,30.25768040635369,False,True,6.5696195796185455,47.63940520446097,Atencao,Atencao: sinais iniciais de risco,28.098209850510926
1777740834.8914936,545,True,0.288898946895547,0.2854449131577181,0.28717193002663255,0.8100291287344967,False,True,0.03339517625231911,0,0,30.114599246870384,False,True,6.553930509126363,47.67779839208411,Atencao,Atencao: sinais iniciais de risco,28.07391194815717
1777740834.9263308,546,True,0.27407228456105664,0.28041203126114184,0.27724215791109924,0.8015040090016692,False,True,0.03333333333333333,0,0,29.920213163440877,False,True,6.5357078035943434,47.71604938271605,Atencao,Atencao: sinais iniciais de risco,28.10829367711357
1777740834.9721673,547,True,0.2211266287791098,0.31656213646497844,0.26884438262204413,0.7505485851702836,False,True,0.033271719038817,0,0,30.987874611941248,False,True,6.580618910523366,47.75415896487985,Atencao,Atencao: sinais iniciais de risco,27.47579557603753
1777740835.010684,548,True,0.24505603230315123,0.3160690823095498,0.2805625573063505,0.7060480187097894,False,True,0.033210332103321034,0,0,30.63407743898305,False,True,6.55448834824476,47.79212792127922,Atencao,Atencao: sinais iniciais de risco,27.317098837868226
1777740835.047763,549,True,0.23746197277299247,0.3402083737954064,0.28883517328419944,0.6971274209931505,False,True,0.03314917127071823,0,0,30.088085236332628,False,True,6.518779123629355,47.82995702885206,Atencao,Atencao: foco visual fora da direcao,27.314713637359567
1777740835.092715,550,True,0.24594097685261737,0.33862824845273687,0.29228461265267713,0.7087218109854216,False,True,0.03308823529411765,0,0,30.30606177801436,False,True,6.521299253930861,47.86764705882353,Atencao,Atencao: foco visual fora da direcao,26.8173998642789
1777740835.1276178,551,True,0.23787409727680978,0.34325944615101256,0.29056677171391115,0.727701719464855,False,True,0.03302752293577982,0,0,31.576464377750046,False,True,6.576471434646194,47.90519877675841,Atencao,Atencao: foco visual fora da direcao,27.017570698984663
1777740835.1612613,552,True,0.250113989232339,0.3175848065384721,0.28384939788540553,0.7015543588858062,False,True,0.03296703296703297,0,0,29.98873604434457,False,True,6.488767647273228,47.94261294261294,Atencao,Atencao: foco visual fora da direcao,27.206672155468862
1777740835.197509,553,True,0.25416809824334835,0.3312332403333698,0.2927006692883591,0.686086250874005,False,True,0.03290676416819013,0,0,32.77252657359296,False,True,6.619670213894756,47.979890310786104,Atencao,Atencao: foco visual fora da direcao,27.290558411042863
1777740835.2328534,554,True,0.25999240561416204,0.343130374968776,0.301561390291469,0.6118493259583073,False,False,0.032846715328467155,0,0,33.55573818846182,False,True,6.65057407917629,48.017031630170315,Atencao,Atencao: foco visual fora da direcao,27.398792505974228
1777740835.266824,555,True,0.2679603994774202,0.3326580543872445,0.3003092269323323,0.6093018860180158,False,False,0.03278688524590164,0,0,34.36912345452742,False,True,6.683016706126812,48.05403764420158,Atencao,Atencao: foco visual fora da direcao,27.584986028290732
1777740835.3003962,556,True,0.2584369176039041,0.3317923018528831,0.2951146097283936,0.4974438869489338,False,False,0.03272727272727273,0,0,35.22053936394778,False,True,6.7173907802863555,48.09090909090909,Atencao,Atencao: foco visual fora da direcao,27.830239110860244
1777740835.3411875,557,True,0.25821319886044314,0.3019420993858796,0.28007764912316135,0.440354233542139,False,False,0.032667876588021776,0,0,35.142704709009685,False,True,6.705332078392445,48.127646702964306,Atencao,Atencao: foco visual fora da direcao,27.48881816167321
1777740835.3766658,558,True,0.2448800896092618,0.29662816234409234,0.2707541259766771,0.3075249168587926,False,False,0.03260869565217391,0,0,34.689993837306446,False,True,6.6745591561282005,48.164251207729464,Atencao,Atencao: foco visual fora da direcao,27.554895035189205
1777740835.4125254,559,True,0.23738470452594915,0.31667746056210216,0.27703108254402564,0.29530466956691986,False,False,0.0325497287522604,0,0,33.79127846739509,False,True,6.621515438894526,48.2007233273056,Atencao,Atencao: foco visual fora da direcao,27.612487486740974
1777740835.4467103,560,True,0.24533464383800083,0.3299500807283475,0.28764236228317414,0.30230004466042515,False,False,0.032490974729241874,0,0,34.1891434897076,False,True,6.6333300118451035,48.23706377858002,Atencao,Atencao: foco visual fora da direcao,27.744656789911144
1777740835.4841948,561,True,0.2508055872997123,0.33083797531872344,0.2908217813092179,0.2000641833359738,False,False,0.032432432432432434,0,0,34.53802476091818,False,True,6.642724509594335,48.273273273273276,Atencao,Atencao: foco visual fora da direcao,27.63929912124527
1777740835.5213325,562,True,0.25286312233414765,0.303725970767407,0.27829454655077734,0.1575850682159572,False,False,0.03237410071942446,0,0,35.439815402030945,False,True,6.679793431111376,48.30935251798561,Atencao,Atencao: foco visual fora da direcao,27.589169155790533
1777740835.5565069,563,True,0.2584706564785483,0.31235030746038556,0.28541048196946694,0.1394225239619065,False,False,0.03231597845601436,0,0,35.91643261909485,False,True,6.695632480745684,48.34530221424296,Atencao,Atencao: foco visual fora da direcao,27.684084652367872
1777740835.5921395,564,True,0.26213497031117544,0.3090968670907063,0.28561591870094083,0.08696934632457734,False,False,0.03225806451612903,0,0,34.51602701057087,False,True,6.617649033585252,48.381123058542414,Atencao,Atencao: foco visual fora da direcao,27.706984051944268
1777740835.6263146,565,True,0.25365450896868286,0.3102978849812699,0.2819761969749764,0.08870541900156959,False,False,0.03220035778175313,0,0,35.08333990573883,False,True,6.638080002366963,48.416815742397134,Atencao,Atencao: foco visual fora da direcao,27.85647966591782
1777740835.6670578,566,True,0.2565136955234723,0.310991175073185,0.28375243529832866,0.007235012842602559,False,False,0.03214285714285714,0,0,33.999013768542895,False,True,6.575957357658968,48.45238095238095,Atencao,Atencao: foco visual fora da direcao,27.51447517063894
1777740835.7033813,567,True,0.25584749906650417,0.3034408915632758,0.27964419531489,0.0059459831794748605,False,False,0.03208556149732621,0,0,35.557927384159775,False,True,6.646024887179308,48.48781937017231,Atencao,Atencao: foco visual fora da direcao,27.52506183553564
1777740835.7372909,568,True,0.25895347098481325,0.3057360560344441,0.28234476350962867,0.0053401788421572165,False,False,0.03202846975088968,0,0,34.04838385473598,False,True,6.562697595573096,48.52313167259786,Atencao,Atencao: foco visual fora da direcao,27.726521057740385
1777740835.7718754,569,True,0.2567707677923146,0.306743729614323,0.2817572487033188,0.00562273912513978,False,False,0.03197158081705151,0,0,36.01541809168729,False,True,6.653227079017913,48.558318531675546,Atencao,Atencao: foco visual fora da direcao,27.857722365884875
1777740835.8089886,570,True,0.2603691380194462,0.30671167884223394,0.28354040843084005,0.0053955442304028,False,False,0.031914893617021274,0,0,34.30099433768879,False,True,6.559711401313831,48.59338061465721,Atencao,Atencao: foco visual fora da direcao,27.71121071186251
1777740835.844912,571,True,0.2556394055872335,0.2980721588287044,0.27685578220796897,0.005272343336849109,False,False,0.03185840707964602,0,0,35.6944560809569,False,True,6.621617589588139,48.6283185840708,Atencao,Atencao: foco visual fora da direcao,27.771402835175955
1777740835.882053,572,True,0.25898244532534753,0.2878811878304151,0.2734318165778813,0.004309403497041585,False,False,0.03180212014134275,0,0,34.47094591097398,False,True,6.552702627072294,48.66313309776207,Atencao,Atencao: foco visual fora da direcao,27.672915293762962
1777740835.920915,573,True,0.25521638522632073,0.2910317696538337,0.2731240774400772,0.004977947753479232,False,False,0.031746031746031744,0,0,34.678446962616654,False,True,6.555365525299164,48.69782480893592,Atencao,Atencao: foco visual fora da direcao,27.50622814399704
1777740835.9650764,574,True,0.14301815740864168,0.18926653704074986,0.16614234722469579,0.004733560504413019,True,False,0.03345070422535211,0,0,34.843195446512915,False,True,6.797995415400527,48.732394366197184,Atencao,Atencao: foco visual fora da direcao,27.00222080396395
1777740836.0040956,575,True,0.159360854687331,0.21580800352430646,0.18758442910581874,0.005123836801082172,True,False,0.0351493848857645,0,0,35.00572510632601,False,True,7.039690489197886,48.76684241359109,Atencao,Atencao: foco visual fora da direcao,26.877194439032827
1777740836.0441425,576,True,0.20145238837683743,0.1627155900673471,0.18208398922209226,0.004569283107802272,True,False,0.03684210526315789,0,0,34.88838355595416,False,True,7.266572463570884,48.80116959064327,Atencao,Atencao: foco visual fora da direcao,26.673403976445147
1777740836.088596,577,True,0.2580358428153424,0.2738693974923965,0.26595262015386945,0.004325335419414152,False,False,0.03677758318739054,0,0,35.913862076672636,False,True,7.306302936917607,48.835376532399295,Atencao,Atencao: foco visual fora da direcao,26.27865656120865
1777740836.1249793,578,True,0.2778587621467006,0.29065097539675117,0.2842548687717259,0.004678700931601205,False,False,0.03671328671328671,0,0,35.200150838765225,False,True,7.26177660983296,48.86946386946387,Atencao,Atencao: foco visual fora da direcao,26.383979742949762
1777740836.1599777,579,True,0.2743423676728095,0.27381855236358227,0.27408046001819586,0.005481009615536249,False,False,0.03664921465968586,0,0,35.317757526852866,False,True,7.258847036867224,48.903432228039556,Atencao,Atencao: foco visual fora da direcao,26.598836048771002
1777740836.193602,580,True,0.28104494524024276,0.2971253265439455,0.28908513589209417,0.0053929824121513,False,False,0.036585365853658534,0,0,35.20182206197218,False,True,7.244271052794432,48.937282229965156,Atencao,Atencao: foco visual fora da direcao,26.883645221911312
1777740836.2296138,581,True,0.28984550209103194,0.31330528417113984,0.3015753931310859,0.005196720302687557,False,False,0.036521739130434785,0,0,35.21422096111557,False,True,7.2361423233083375,48.971014492753625,Atencao,Atencao: foco visual fora da direcao,26.985350285738573
1777740836.2632384,582,True,0.2932612505977528,0.3129075196045928,0.3030843851011728,0.004992532274618213,False,False,0.036458333333333336,0,0,35.1048248518597,False,True,7.221954220744095,49.004629629629626,Atencao,Atencao: foco visual fora da direcao,27.281427946959457
1777740836.2955742,583,True,0.2901302702907125,0.3242336076294044,0.3071819389600584,0.004689684563114653,False,False,0.036395147313691506,0,0,35.53613857681101,False,True,7.234831829290909,49.038128249566725,Atencao,Atencao: foco visual fora da direcao,27.628722558694676
1777740836.334077,584,True,0.29212231135629785,0.32572120180756875,0.3089217565819333,0.005648030522290022,False,False,0.03633217993079585,0,0,35.266590713370924,False,True,7.212696420970753,49.07151095732411,Atencao,Atencao: foco visual fora da direcao,27.47773699724735
1777740836.3686628,585,True,0.29890866735099053,0.3285255130736625,0.3137170902123265,0.004716858865585899,False,False,0.03626943005181347,0,0,35.66855780482292,False,True,7.224166667183274,49.10477835348301,Atencao,Atencao: foco visual fora da direcao,27.62123974064537
1777740836.4037259,586,True,0.29333986543058804,0.3248117630534212,0.3090758142420046,0.00502434972999364,False,False,0.03620689655172414,0,0,35.15786659500815,False,True,7.190033750430253,49.137931034482754,Atencao,Atencao: foco visual fora da direcao,27.678542747129637
1777740836.4392157,587,True,0.2965700437469607,0.32997354333364054,0.31327179354030066,0.004079339003137939,False,False,0.03614457831325301,0,0,35.63425280451774,False,True,7.205284303115953,49.170969592656334,Atencao,Atencao: foco visual fora da direcao,27.750411653167554
1777740836.4749546,588,True,0.2944053972260066,0.3243263459714365,0.30936587159872153,0.0049076268317886414,False,False,0.03608247422680412,0,0,35.273247608271504,False,True,7.178694731416917,49.20389461626575,Atencao,Atencao: foco visual fora da direcao,27.73928263966088
1777740836.5103455,589,True,0.2971647152621211,0.32604424602966003,0.3116044806458906,0.004396166203145167,False,False,0.036020583190394515,0,0,35.080931629375975,False,True,7.16056891496582,49.23670668953688,Atencao,Atencao: foco visual fora da direcao,27.77561407205321
1777740836.5537884,590,True,0.2990561471214931,0.33023966467718713,0.3146479058993401,0.004657379456608029,False,False,0.03595890410958904,0,0,34.63206459554758,False,True,7.129644689663648,49.269406392694066,Atencao,Atencao: foco visual fora da direcao,27.344666267811856
1777740836.5926876,591,True,0.2986168160369919,0.32661175607702136,0.31261428605700664,0.0048338948903880255,False,False,0.035897435897435895,0,0,33.38848089738325,False,True,7.059013625584375,49.3019943019943,Atencao,Atencao: foco visual fora da direcao,27.164523727214682
1777740836.6286645,592,True,0.30414745594947723,0.32447358485927896,0.3143105204043781,0.0043271150978046805,False,False,0.03583617747440273,0,0,33.25038713867014,False,True,7.043685904481658,49.33447098976109,Atencao,Atencao: foco visual fora da direcao,27.236584912875266
1777740836.670949,593,True,0.2988140020611384,0.33108280438576426,0.3149484032234513,0.005748979384598461,False,False,0.03577512776831346,0,0,26.10477212559093,False,False,6.6780108192404235,49.31005110732538,Atencao,Atencao: sinais iniciais de risco,26.868050935323136
1777740836.7092485,594,True,0.29859380816139186,0.3517813574940253,0.32518758282770854,0.005211373766503987,False,False,0.03571428571428571,0,0,26.495566761493684,False,True,6.6891847686067445,49.342403628117914,Atencao,Atencao: sinais iniciais de risco,26.80137208052575
1777740836.7434962,595,True,0.31247673466790876,0.3394286944124427,0.3259527145401757,0.004467457942394094,False,False,0.035653650254668934,0,0,18.52267445109107,False,False,6.282202777389308,49.318053197509904,Atencao,Atencao: sinais iniciais de risco,27.060751379511984
1777740836.777817,596,True,0.3101914082686649,0.3332638546328134,0.3217276314507391,0.003916278575473335,False,False,0.03559322033898305,0,0,15.100301274115388,False,False,6.102775005133715,49.293785310734464,Atencao,Atencao: sinais iniciais de risco,27.238215845804316
1777740836.8127327,597,True,0.3108875645756422,0.3198170183033276,0.3153522914394849,0.00390383344813866,False,False,0.03553299492385787,0,0,15.699728165431454,False,False,6.124465355119806,49.26959954878737,Atencao,Atencao: sinais iniciais de risco,27.355077388282066
1777740836.8480587,598,True,0.3038802483137955,0.3366628802755887,0.3202715642946921,0.0040056123257651835,False,False,0.03547297297297297,0,0,14.359924245422533,False,False,6.049222140872686,49.2454954954955,Atencao,Atencao: sinais iniciais de risco,27.49479355863497
1777740836.8847306,599,True,0.3172578361206571,0.33486108469493425,0.32605946040779565,0.004303011532006004,False,False,0.03541315345699832,0,0,15.365636266090652,False,False,6.091282558459577,49.221472737492974,Atencao,Atencao: sinais iniciais de risco,27.429078234043445
1777740836.9215624,600,True,0.31828788721979573,0.32314252839203295,0.32071520780591434,0.003552348078092965,False,False,0.03535353535353535,0,0,15.22894253737547,False,False,6.07625038279766,49.19753086419753,Atencao,Atencao: sinais iniciais de risco,27.387040899179276
1777740836.9634624,601,True,0.30888366803931655,0.3306625166646652,0.31977309235199086,0.004390678751283124,False,False,0.03529411764705882,0,0,17.659444601969284,False,False,6.189605551386829,49.173669467787114,Atencao,Atencao: sinais iniciais de risco,27.073037725347994
1777740837.0045545,602,True,0.3135349990049219,0.3326018642859262,0.32306843164542404,0.00481290666153869,False,False,0.03523489932885906,0,0,17.297810464013704,False,False,6.163381325736582,49.14988814317673,Atencao,Atencao: sinais iniciais de risco,26.815969662291494
1777740837.0433583,603,True,0.30167659469582936,0.3510912830577797,0.3263839388768045,0.003291281526704813,False,False,0.035175879396984924,0,0,20.31963138553229,False,False,6.3063571311798166,49.12618648799553,Atencao,Atencao: sinais iniciais de risco,26.70911091052094
1777740837.084594,604,True,0.3005840730018667,0.32411414259711596,0.3123491077994913,0.005666675432280087,False,False,0.03511705685618729,0,0,22.748875017599623,False,False,6.419731213423509,49.1025641025641,Atencao,Atencao: sinais iniciais de risco,26.425620976925117
1777740837.118743,605,True,0.2797351012163313,0.3064636535902076,0.29309937740326947,0.0055776353657099875,False,False,0.035058430717863104,0,0,21.997184854204,False,False,6.374085611234153,49.07902058987201,Atencao,Atencao: sinais iniciais de risco,26.747040571009602
1777740837.1531181,606,True,0.2836625646223453,0.320502942367342,0.30208275349484365,0.0048086244246105594,False,False,0.035,0,0,22.27769591970877,False,False,6.380076940803216,49.05555555555556,Atencao,Atencao: sinais iniciais de risco,26.994561498053283
1777740837.186345,607,True,0.27314312170751265,0.30970114818097205,0.29142213494424235,0.005973151000664993,False,False,0.03494176372712146,0,0,22.39546243060719,False,False,6.377957778827337,49.03216860787576,Atencao,Atencao: sinais iniciais de risco,27.292078405787073
1777740837.2207873,608,True,0.28319308111780106,0.31462327662104317,0.2989081788694221,0.0036917852693409813,False,False,0.03488372093023256,0,0,22.286445770480416,False,False,6.364526061248773,49.008859357696565,Atencao,Atencao: sinais iniciais de risco,27.475503233987624
1777740837.254603,609,True,0.27515556750510917,0.31021240981106,0.2926839886580846,0.004183490079141158,False,False,0.03482587064676617,0,0,22.09157681790265,False,False,6.346828199643256,48.98562741846324,Atencao,Atencao: sinais iniciais de risco,27.689994347436517
1777740837.2876325,610,True,0.2748245539930881,0.310895392879712,0.2928599734364,0.00463089549044778,False,False,0.0347682119205298,0,0,21.96410725170916,False,False,6.33252664647608,48.962472406181014,Atencao,Atencao: sinais iniciais de risco,27.89788531569573
1777740837.3235564,611,True,0.2822824888465436,0.3123618990436515,0.29732219394509757,0.0035344712486878433,False,False,0.03471074380165289,0,0,22.02653839371421,False,False,6.32774633723076,48.93939393939394,Atencao,Atencao: sinais iniciais de risco,27.88282236127323
1777740837.358251,612,True,0.2722548972724601,0.3302556598944126,0.30125527858343637,0.004063356088995168,False,False,0.034653465346534656,0,0,22.358875572952357,False,False,6.336487408613909,48.91639163916392,Atencao,Atencao: sinais iniciais de risco,28.019457498878285
1777740837.3951232,613,True,0.27738728453065187,0.3216697873879121,0.29952853595928197,0.003701454975174482,False,False,0.03459637561779242,0,0,23.302877444570715,False,False,6.37583766449277,48.89346512904997,Atencao,Atencao: sinais iniciais de risco,27.9106356632882
1777740837.4327412,614,True,0.2771215781094645,0.3175495228395659,0.2973355504745152,0.004388534273000602,False,False,0.03453947368421053,0,0,22.873207919435067,False,False,6.346530172368476,48.87061403508772,Atencao,Atencao: sinais iniciais de risco,27.79301862335553
1777740837.4672122,615,True,0.27445142420951973,0.3148803317291872,0.2946658779693535,0.004619069192393269,False,False,0.034482758620689655,0,0,22.4418760410764,False,False,6.317165257216423,48.84783798576902,Atencao,Atencao: sinais iniciais de risco,27.92460289284458
1777740837.5012124,616,True,0.27879256306207795,0.31487598199052746,0.2968342725263027,0.004942026085590161,False,False,0.03442622950819672,0,0,23.734198348088697,False,False,6.37400861959926,48.82513661202186,Atencao,Atencao: sinais iniciais de risco,28.02681698556215
1777740837.5344288,617,True,0.2752572891081636,0.30463833315529304,0.2899478111317283,0.004753715353573208,False,False,0.03436988543371522,0,0,23.370986943895165,False,False,6.348100739148376,48.8025095471904,Atencao,Atencao: sinais iniciais de risco,28.272070158975712
1777740837.5719395,618,True,0.27459457644716007,0.3048984606571469,0.2897465185521535,0.00472900729446525,False,False,0.03431372549019608,0,0,23.277014312419023,False,False,6.335680115340688,48.77995642701525,Atencao,Atencao: sinais iniciais de risco,28.108752258404497
1777740837.6093116,619,True,0.2874377859520955,0.3287289136440365,0.308083349798066,0.004300448419462616,False,False,0.03425774877650897,0,0,24.411999584328044,False,False,6.384732580804162,48.75747688961392,Atencao,Atencao: sinais iniciais de risco,27.959624790755388
1777740837.6478355,620,True,0.29263273152669195,0.32764894400747124,0.31014083776708157,0.004630836757714167,False,False,0.03420195439739414,0,0,24.769281298463998,False,False,6.394924939382669,48.73507057546145,Atencao,Atencao: sinais iniciais de risco,27.742384245899817
1777740837.6851091,621,True,0.29025140432906527,0.3281141043529337,0.3091827543409995,0.005169927690041427,False,False,0.03414634146341464,0,0,24.60814532475038,False,False,6.379221362274807,48.71273712737127,Atencao,Atencao: sinais iniciais de risco,27.693156787024627
1777740837.7261038,622,True,0.29359074372729643,0.3327115711056723,0.31315115741648436,0.004403126817849276,False,False,0.03409090909090909,0,0,25.25500891750509,False,False,6.40394259069303,48.69047619047619,Atencao,Atencao: sinais iniciais de risco,27.358257920785483
1777740837.7632694,623,True,0.2889981338816619,0.335381555567521,0.31218984472459144,0.004788762061160972,False,False,0.03403565640194489,0,0,25.13668038790876,False,False,6.390428919480636,48.668287412209615,Atencao,Atencao: sinais iniciais de risco,27.315541537139524
1777740837.7964833,624,True,0.2955516527315899,0.3373775646993454,0.31646460871546767,0.0045988663938140205,False,False,0.03398058252427184,0,0,25.381543310122055,False,False,6.395099407411257,48.646170442286945,Atencao,Atencao: sinais iniciais de risco,27.600296567415533
1777740837.833074,625,True,0.28785506000942285,0.34309920169251606,0.31547713085096946,0.0050323407548952676,False,False,0.033925686591276254,0,0,24.83770203590393,False,False,6.360359152913457,48.624124932687124,Atencao,Atencao: sinais iniciais de risco,27.579250035453633
1777740837.8684137,626,True,0.30217876395089793,0.34323550904455613,0.32270713649772703,0.004537942385796972,False,False,0.03387096774193549,0,0,25.65695366209203,False,False,6.393797892438507,48.60215053763441,Atencao,Atencao: sinais iniciais de risco,27.636909861002795
1777740837.903119,627,True,0.29355663245559227,0.3457154082888618,0.31963602037222705,0.004563768181360133,False,False,0.033816425120772944,0,0,25.149882611903273,False,False,6.360944729519219,48.58024691358025,Atencao,Atencao: sinais iniciais de risco,27.708658464445644
1777740837.9434388,628,True,0.2955782496447732,0.34697676716450665,0.3212775084046399,0.0048598120523191115,False,False,0.03376205787781351,0,0,25.209466671401803,False,False,6.356448436587224,48.558413719185424,Atencao,Atencao: sinais iniciais de risco,27.452541621085068
1777740837.9883022,629,True,0.29261710135789365,0.3516515097195405,0.3221343055387171,0.005035217675676735,False,False,0.033707865168539325,0,0,25.646868810328566,False,False,6.37086704600836,48.5366506153023,Atencao,Atencao: sinais iniciais de risco,26.93817544205397
1777740838.0257576,630,True,0.2920582713598595,0.3463773863476518,0.31921782885375566,0.005441839525640461,False,False,0.03365384615384615,0,0,25.6220052681186,False,False,6.362196254377553,48.51495726495726,Atencao,Atencao: sinais iniciais de risco,26.89522539490195
1777740838.0666337,631,True,0.2954979061694871,0.34977968587627173,0.3226387960228794,0.005003878386608204,False,False,0.0336,0,0,25.481826071847568,False,False,6.347783448410153,48.49333333333334,Atencao,Atencao: sinais iniciais de risco,26.66093175620152
1777740838.113499,632,True,0.29806569494818186,0.35064857503552405,0.3243571349918529,0.004921659217053843,False,False,0.03354632587859425,0,0,25.858980199423705,False,False,6.35926096309567,48.47177848775293,Atencao,Atencao: sinais iniciais de risco,26.116534835264474
1777740838.1521716,633,True,0.2891935911150855,0.34747510843320245,0.318334349774144,0.005888190292725094,False,False,0.03349282296650718,0,0,25.805058123306797,False,False,6.349208208877852,48.45029239766082,Atencao,Atencao: sinais iniciais de risco,26.111457741245147
1777740838.1867845,634,True,0.30167708517582575,0.3477855167867825,0.3247313009813041,0.005006632052454003,False,False,0.03343949044585987,0,0,25.798130546916614,False,False,6.341528608469339,48.42887473460722,Atencao,Atencao: sinais iniciais de risco,26.400140296482732
1777740838.221366,635,True,0.29906880516818984,0.34829269551647957,0.3236807503423347,0.006258498488976305,False,False,0.033386327503974564,0,0,26.002346426248547,False,False,6.344429497926706,48.407525172231054,Atencao,Atencao: sinais iniciais de risco,26.63650800902205
1777740838.2621627,636,True,0.3027641548104725,0.34968009076171636,0.3262221227860944,0.0059528338667375075,False,False,0.03333333333333333,0,0,26.03154901807958,False,False,6.338602929055089,48.386243386243386,Atencao,Atencao: sinais iniciais de risco,26.425117826296834
1777740838.2965667,637,True,0.30058441731344326,0.34616918006764685,0.32337679869054503,0.006504783349272616,False,False,0.03328050713153724,0,0,25.991169067404485,False,False,6.3293203287743705,48.36502905441099,Atencao,Atencao: sinais iniciais de risco,26.660833976203044
1777740838.3317606,638,True,0.30363849045220287,0.34782619962698735,0.32573234503959514,0.005743495323666392,False,False,0.03322784810126582,0,0,26.037152947079043,False,False,6.324378906095777,48.34388185654009,Atencao,Atencao: sinais iniciais de risco,26.849593247021907
1777740838.3655558,639,True,0.30234480213291637,0.3524532138763133,0.32739900800461486,0.006376917179905655,False,False,0.03317535545023697,0,0,26.01295986554839,False,False,6.315951512502778,48.32280147446024,Atencao,Atencao: sinais iniciais de risco,27.10731635659957
1777740838.402602,640,True,0.3193897593273262,0.33990168004343674,0.3296457196853815,0.004662555773013652,False,False,0.033123028391167195,0,0,25.88395487557758,False,False,6.302306292382145,48.30178759200841,Atencao,Atencao: sinais iniciais de risco,27.148895970122176
1777740838.4363015,641,True,0.30540595151248906,0.33718673527275994,0.3212963433926245,0.005577561318695513,False,False,0.03307086614173228,0,0,26.341274121132763,False,False,6.317999945362603,48.28083989501312,Atencao,Atencao: sinais iniciais de risco,27.361269733719183
1777740838.4728432,642,True,0.30459721440227505,0.35155503490174406,0.3280761246520095,0.005296887355571115,False,False,0.0330188679245283,0,0,26.379300114783373,False,False,6.312751490179585,48.259958071278824,Atencao,Atencao: sinais iniciais de risco,27.38086708842506
1777740838.5097566,643,True,0.3186949318534834,0.347569436999548,0.3331321844265157,0.004401871244999644,False,False,0.03296703296703297,0,0,27.35843105316162,False,False,6.35458073044289,48.23914181057039,Atencao,Atencao: sinais iniciais de risco,27.335715734042275
1777740838.5436273,644,True,0.3383077990727833,0.34749616840446823,0.3429019837386258,0.005700590434418707,False,False,0.032915360501567396,0,0,28.230771819569846,False,False,6.391092804761784,48.2183908045977,Atencao,Atencao: sinais iniciais de risco,27.574460010051858
1777740838.5850234,645,True,0.32498329598321524,0.3601886039643607,0.342585949973788,0.0044974441984693405,False,False,0.03286384976525822,0,0,28.660459658232607,False,True,6.405494470452412,48.249869587897756,Atencao,Atencao: sinais iniciais de risco,27.225810936229557
1777740838.621734,646,True,0.3268208808550896,0.36165256466258666,0.3442367227588381,0.0040361530841527,False,False,0.0328125,0,0,28.500878878073255,False,True,6.390454838721439,48.28125,Atencao,Atencao: sinais iniciais de risco,27.231593916946892
1777740838.8369534,647,True,0.32148395431005344,0.3590409944849049,0.34026247439747914,0.007903183794018902,False,False,0.0327613104524181,0,0,35.685012793540956,False,True,6.742622971702312,48.312532501300055,Atencao,Atencao: sinais iniciais de risco,24.972504596139583
1777740838.8717303,648,True,0.3008744573930709,0.37390272589386647,0.3373885916434687,0.005923758569431319,False,False,0.03271028037383177,0,0,35.25374032557011,False,True,6.71404271249815,48.34371754932503,Atencao,Atencao: sinais iniciais de risco,25.358278311352386
1777740838.9094765,649,True,0.3023080037229767,0.38406174338806043,0.3431848735555186,0.005269178641380837,False,False,0.03265940902021773,0,0,35.21176961511373,False,True,6.7049493658534,48.37480559875583,Atencao,Atencao: sinais iniciais de risco,25.446819320853532
1777740838.9482238,650,True,0.30578278571397516,0.3733625297811081,0.33957265774754164,0.0056090879167525805,False,False,0.03260869565217391,0,0,35.044506112113595,False,True,6.6896131025973675,48.405797101449274,Atencao,Atencao: sinais iniciais de risco,25.492723713563514
1777740838.9937906,651,True,0.3040140958724652,0.40194895718380064,0.3529815265281329,0.0059767891691131555,False,False,0.03255813953488372,0,0,36.4175467133522,False,True,6.751313666531898,48.43669250645995,Atencao,Atencao: sinais iniciais de risco,25.146531248285278
1777740839.0359282,652,True,0.30269743454227244,0.3876801024485547,0.3451887684954136,0.00521070714357022,False,False,0.032507739938080496,0,0,36.08490430116653,False,True,6.72775160136217,48.46749226006192,Atencao,Atencao: sinais iniciais de risco,24.99831074999115
1777740839.0767946,653,True,0.305471665014583,0.3752460821423036,0.3403588735784433,0.004572295069377221,False,False,0.03245749613601236,0,0,36.97401099205017,False,True,6.765298413121984,48.49819680577022,Atencao,Atencao: sinais iniciais de risco,24.935322796037262
1777740839.1212778,654,True,0.290898568616277,0.3813521753964392,0.33612537200635806,0.006548269220058893,False,False,0.032407407407407406,0,0,36.686359310150145,False,True,6.7440286288438,48.528806584362144,Atencao,Atencao: sinais iniciais de risco,24.727186152705254
1777740839.156656,655,True,0.3071924323221313,0.39582975712818996,0.3515110947251606,0.004348712837271018,False,False,0.032357473035439135,0,0,37.516414594650264,False,True,6.77866541692317,48.559322033898304,Atencao,Atencao: sinais iniciais de risco,25.03338003578057
1777740839.1931858,656,True,0.30010864561290473,0.3826901663632881,0.3413994059880964,0.004720560215134838,False,False,0.03230769230769231,0,0,37.12685871124267,False,True,6.752342772687601,48.58974358974359,Atencao,Atencao: sinais iniciais de risco,25.310870996377307
1777740839.2274506,657,True,0.3035153206516551,0.4031450314470468,0.3533301760493509,0.00373088760592626,False,False,0.03225806451612903,0,0,37.3790241241455,False,True,6.758127221992793,48.62007168458781,Atencao,Atencao: sinais iniciais de risco,25.686845148817348
1777740839.2600439,658,True,0.2986092438711738,0.38184350505411496,0.34022637446264437,0.004142777908331934,False,False,0.032208588957055216,0,0,37.21983094215393,False,True,6.7433646735205635,48.65030674846626,Atencao,Atencao: sinais iniciais de risco,26.168996716247683
1777740839.2933142,659,True,0.29765967629305395,0.37653694599202664,0.3370983111425403,0.004739837435853066,False,False,0.03215926493108729,0,0,37.327019739151,False,True,6.741942059799828,48.68044920877999,Atencao,Atencao: sinais iniciais de risco,26.586593197081232
1777740839.3342922,660,True,0.2986525664362591,0.3793440945540765,0.3389983304951678,0.00410442648233402,False,False,0.03211009174311927,0,0,37.66076271533966,False,True,6.751867895263658,48.710499490316,Atencao,Atencao: sinais iniciais de risco,26.36134362035419
1777740839.3692853,661,True,0.29671679191888406,0.3804971603816828,0.33860697615028346,0.004556282848247134,False,False,0.03206106870229008,0,0,37.58025546073913,False,True,6.741101864419617,48.74045801526717,Atencao,Atencao: sinais iniciais de risco,26.559869213097553
1777740839.4041512,662,True,0.2983318607724634,0.37731197500933844,0.3378219178909009,0.003937533569125621,False,False,0.03201219512195122,0,0,37.64496600627899,False,True,6.7376172744000185,48.77032520325203,Atencao,Atencao: sinais iniciais de risco,26.773330984972205
1777740839.4426172,663,True,0.29168230831907294,0.39140416692381047,0.3415432376214417,0.003684285038670978,False,False,0.0319634703196347,0,0,37.16357622146606,False,True,6.706848124840851,48.800101471334344,Atencao,Atencao: sinais iniciais de risco,26.70441001496407
1777740839.4772468,664,True,0.2993217574811304,0.3771855656164183,0.33825366154877434,0.004313154977308389,False,False,0.031914893617021274,0,0,37.161683440208435,False,True,6.700074189168623,48.829787234042556,Atencao,Atencao: sinais iniciais de risco,26.923850091499883
1777740839.5115676,665,True,0.29215237990445836,0.37479021118250755,0.333471295543483,0.00437660723240799,False,False,0.03186646433990895,0,0,37.21205489635467,False,True,6.69593373637299,48.85938290338897,Atencao,Atencao: sinais iniciais de risco,27.15681027400819
1777740839.5437083,666,True,0.3041968365116555,0.38989442234261473,0.3470456294271351,0.0055399162418637024,False,False,0.031818181818181815,0,0,36.274751484394066,False,True,6.642429719037479,48.888888888888886,Atencao,Atencao: sinais iniciais de risco,27.53370551726537
1777740839.5756688,667,True,0.3018830116286192,0.3759546507004543,0.33891883116453675,0.004653184443903001,False,False,0.03177004538577912,0,0,36.532500934600826,False,True,6.648698432092446,48.918305597579426,Atencao,Atencao: sinais iniciais de risco,27.938794901836957
1777740839.608331,668,True,0.2994599155027484,0.37372537316706844,0.33659264433490843,0.004018637151961171,False,False,0.03172205438066465,0,0,36.855502414703366,False,True,6.658249742894333,48.947633434038266,Atencao,Atencao: sinais iniciais de risco,28.192729518697778
1777740839.6505246,669,True,0.29882247503331527,0.38736730889894655,0.3430948919661309,0.004878116228091754,False,False,0.03167420814479638,0,0,36.31508203744888,False,True,6.624649866599722,48.97687280040221,Atencao,Atencao: sinais iniciais de risco,27.75054900180752
1777740839.6845438,670,True,0.30380269311057045,0.3741168170874278,0.3389597550989991,0.004773648698118293,False,False,0.03162650602409638,0,0,36.358550775051114,False,True,6.620264261883583,49.006024096385545,Atencao,Atencao: sinais iniciais de risco,27.8942817546777
1777740839.720258,671,True,0.2979458975547768,0.38619796296376896,0.34207193025927285,0.0045168088236204745,False,False,0.031578947368421054,0,0,35.8473666369915,False,True,6.5881657398252464,49.03508771929825,Atencao,Atencao: sinais iniciais de risco,27.902815546435033
1777740839.7539632,672,True,0.29795509809373083,0.3684108487393235,0.33318297341652714,0.0046199029505391365,False,False,0.03153153153153153,0,0,36.08312224149704,False,True,6.593433842478213,49.06406406406406,Atencao,Atencao: sinais iniciais de risco,28.075935975298172
1777740839.7894003,673,True,0.29564141307075303,0.3878573648625272,0.3417493889666401,0.006357560135345659,False,False,0.031484257871064465,0,0,35.50913761258125,False,True,6.558234482718203,49.09295352323838,Atencao,Atencao: sinais iniciais de risco,28.10224721475685
1777740839.8289363,674,True,0.2987774268323902,0.3967874077126558,0.347782417272523,0.00507845634192375,False,False,0.03143712574850299,0,0,35.34265078008175,False,True,6.543429474241025,49.12175648702595,Atencao,Atencao: sinais iniciais de risco,27.819949770492663
1777740839.8629572,675,True,0.3036540182542313,0.39409197172070687,0.34887299498746904,0.0052109644832384625,False,False,0.03139013452914798,0,0,35.46526606082916,False,True,6.543098945617081,49.15047334329846,Atencao,Atencao: sinais iniciais de risco,27.967954179588503
1777740839.9001086,676,True,0.3002903222413819,0.3996210315620392,0.3499556769017106,0.004960775920501307,False,False,0.03134328358208955,0,0,35.598180890083306,False,True,6.543302681859254,49.17910447761194,Atencao,Atencao: sinais iniciais de risco,27.868845224904128
1777740839.9367714,677,True,0.30326145149832684,0.37280421023278043,0.33803283086555364,0.005239273127250599,False,False,0.03129657228017884,0,0,35.48981750011444,False,True,6.531461708348089,49.20765027322405,Atencao,Atencao: sinais iniciais de risco,27.789991636105157
1777740839.976328,678,True,0.28915653308036987,0.3867970619828254,0.3379767975315976,0.004829243201937233,False,False,0.03125,0,0,35.480657112598415,False,True,6.5246000004476965,49.236111111111114,Atencao,Atencao: sinais iniciais de risco,27.516008770687836
1777740840.0215755,679,True,0.29428974336222163,0.4210095312828573,0.35764963732253946,0.005006592112586742,False,False,0.031203566121842496,0,0,35.75726941227912,False,True,6.532045957185076,49.26448736998514,Atencao,Atencao: sinais iniciais de risco,27.01069029428463
1777740840.06156,680,True,0.2908788990033851,0.40171482562903305,0.34629686231620904,0.004671690352361345,False,False,0.03115727002967359,0,0,35.156094855070116,False,True,6.4956215166514015,49.29277942631058,Atencao,Atencao: sinais iniciais de risco,26.783062688201184
1777740840.0972893,681,True,0.29596158436548076,0.3880042059877892,0.34198289517663494,0.005057984201910943,False,False,0.03111111111111111,0,0,33.61856277151541,False,True,6.412398061171323,49.32098765432099,Atencao,Atencao: sinais iniciais de risco,26.939705676579514
1777740840.131513,682,True,0.296048231492288,0.3874252851105708,0.34173675830142936,0.005339607659722064,False,False,0.03106508875739645,0,0,32.735113994641736,False,True,6.361897548691875,49.349112426035504,Atencao,Atencao: sinais iniciais de risco,27.1637391938085
1777740840.1739583,683,True,0.29584870769564686,0.36064462816419823,0.3282466679299225,0.004876029079819405,False,False,0.0310192023633678,0,0,31.749346851218828,False,True,6.3062998123417895,49.37715411127523,Atencao,Atencao: sinais iniciais de risco,26.807147039983413
1777740840.2089753,684,True,0.297789794899081,0.37911398601951884,0.3384518904592999,0.006081647498954906,False,False,0.030973451327433628,0,0,31.316576755046842,False,True,6.278370540092242,49.40511307767945,Atencao,Atencao: sinais iniciais de risco,26.943762294826733
1777740840.242549,685,True,0.2980434794092451,0.3838555783623718,0.34094952888580843,0.006145373843259827,False,False,0.030927835051546393,0,0,31.459836971217936,False,True,6.279261312966302,49.43298969072165,Atencao,Atencao: sinais iniciais de risco,27.24928107066402
1777740840.2778852,686,True,0.30433658305149425,0.363786139200181,0.3340613611258376,0.0045148335658990865,False,False,0.030882352941176472,0,0,30.812146093628616,False,True,6.240622978910971,49.46078431372549,Atencao,Atencao: sinais iniciais de risco,27.352319289116547
1777740840.3106823,687,True,0.2891177180775274,0.3575900771561406,0.323353897616834,0.004420502335482111,False,False,0.030837004405286344,0,0,29.76945896961472,False,True,6.182253199025384,49.48849730788057,Atencao,Atencao: sinais iniciais de risco,27.69144689389673
1777740840.3464684,688,True,0.29062929174649205,0.34858514833326176,0.3196072200398769,0.004446373326405848,False,False,0.030791788856304986,0,0,29.030833043293512,False,True,6.1391047647243875,49.516129032258064,Atencao,Atencao: sinais iniciais de risco,27.70273684260791
1777740840.3788984,689,True,0.3028014775244847,0.3574620484075477,0.3301317629660162,0.0042971949114675575,False,False,0.03074670571010249,0,0,28.47412902279333,False,True,6.105070631096536,49.543679843826254,Atencao,Atencao: sinais iniciais de risco,28.019530811477296
1777740840.413735,690,True,0.29590427376835227,0.3571949568389495,0.3265496153036509,0.004489453064904148,False,False,0.03070175438596491,0,0,28.682415154305374,False,True,6.109304130603219,49.57115009746589,Atencao,Atencao: sinais iniciais de risco,28.091140951619604
1777740840.4455075,691,True,0.3118175473576613,0.3707103282953752,0.34126393782651826,0.00516488421476473,False,False,0.030656934306569343,0,0,28.40718399448828,False,False,6.0893798116954745,49.54987834549878,Atencao,Atencao: sinais iniciais de risco,28.387192611043005
1777740840.4883451,692,True,0.2850339045092051,0.34666916524893177,0.3158515348790685,0.0047334888120339575,False,False,0.030612244897959183,0,0,28.179951602220537,False,False,6.071873398398191,49.52866861030126,Atencao,Atencao: sinais iniciais de risco,27.910858507014197
1777740840.526601,693,True,0.29055693263134263,0.3521305139618116,0.3213437232965771,0.0048160636340971626,False,False,0.03056768558951965,0,0,28.148665108463977,False,False,6.064182168799926,49.507520621057736,Atencao,Atencao: sinais iniciais de risco,27.732922023665566
1777740840.5595746,694,True,0.30157955994408053,0.36979598061260693,0.33568777027834373,0.005132256197930206,False,False,0.030523255813953487,0,0,29.002972456541933,False,False,6.100788442063477,49.486434108527135,Atencao,Atencao: sinais iniciais de risco,27.999429927051594
1777740840.5929482,695,True,0.29023204701915545,0.36040238037412986,0.3253172136966427,0.004798289857008193,False,False,0.030478955007256895,0,0,28.984631628881797,False,True,6.0937800397596895,49.51378809869376,Atencao,Atencao: sinais iniciais de risco,28.18630014990499
1777740840.6272461,696,True,0.285568939753899,0.35870031841403865,0.32213462908396884,0.00457700911949066,False,False,0.030434782608695653,0,0,29.077788938717404,False,True,6.092364200449298,49.54106280193237,Atencao,Atencao: sinais iniciais de risco,28.279488625831846
1777740840.6616688,697,True,0.2917004555465981,0.35564966119768854,0.32367505837214333,0.004671324656878812,False,False,0.030390738060781478,0,0,28.698943748799238,False,False,6.06736581561519,49.5200192957067,Atencao,Atencao: sinais iniciais de risco,28.34368585061935
1777740840.6961613,698,True,0.2929745823894641,0.35651129410823507,0.3247429382488496,0.004724166325675528,False,False,0.030346820809248554,0,0,28.662377354773604,False,False,6.059498873828132,49.4990366088632,Atencao,Atencao: sinais iniciais de risco,28.39375514517124
1777740840.7337317,699,True,0.29649205264585937,0.3594610359686765,0.32797654430726797,0.004671286373255568,False,False,0.030303030303030304,0,0,28.775202655250375,False,False,6.059118944246962,49.47811447811448,Atencao,Atencao: sinais iniciais de risco,28.263767935268397
1777740840.772592,700,True,0.30092959629456406,0.35424114952437924,0.32758537290947165,0.004419546883689093,False,False,0.03025936599423631,0,0,29.113219435648478,False,True,6.070015940807694,49.50528338136407,Atencao,Atencao: sinais iniciais de risco,28.00290144730245
1777740840.8163638,701,True,0.2946700318803429,0.3462359656830065,0.3204529987816747,0.004280660684972554,False,False,0.030215827338129497,0,0,30.00897235761989,False,True,6.108817021691577,49.53237410071942,Atencao,Atencao: sinais iniciais de risco,27.480827003921515
1777740840.852239,702,True,0.2914256395481108,0.34482797617731753,0.3181268078627142,0.004634665272375543,False,False,0.03017241379310345,0,0,29.75644024773077,False,True,6.090221053756038,49.559386973180075,Atencao,Atencao: sinais iniciais de risco,27.514563443932804
1777740840.8879976,703,True,0.2934959909142634,0.3384251641152134,0.3159605775147384,0.004839787156799838,False,False,0.03012912482065997,0,0,29.808316973122682,False,True,6.086862656314656,49.58632233381157,Atencao,Atencao: sinais iniciais de risco,27.543781415444126
1777740840.9250321,704,True,0.31890365317596303,0.3790703881496889,0.34898702066282594,0.0048892858243438425,False,False,0.03008595988538682,0,0,29.884653535214333,False,True,6.08474430581918,49.61318051575931,Atencao,Atencao: sinais iniciais de risco,27.502047448995945
1777740840.9670372,705,True,0.315865853698636,0.3845898573443733,0.35022785552150465,0.0042200889216008714,False,False,0.030042918454935622,0,0,30.40476155877113,False,True,6.10483151030998,49.63996185026228,Atencao,Atencao: sinais iniciais de risco,27.11839853805754
1777740841.0133238,706,True,0.3261216096094088,0.3825313131674174,0.35432646138841306,0.004124324292524917,False,False,0.03,0,0,30.710532127185296,False,True,6.114218751177041,49.666666666666664,Atencao,Atencao: sinais iniciais de risco,26.58421635159089
1777740841.0539107,707,True,0.3209632579661063,0.3816441188947707,0.35130368843043847,0.004242292894088831,False,False,0.029957203994293864,0,0,30.553005426038393,False,True,6.100457965335101,49.69329529243937,Atencao,Atencao: sinais iniciais de risco,26.386200634741847
1777740841.0932524,708,True,0.3244857348480496,0.3828573211925878,0.3536715280203187,0.004917708213724634,False,False,0.029914529914529916,0,0,30.78350771015341,False,True,6.10611539357331,49.71984805318139,Atencao,Atencao: sinais iniciais de risco,26.289923287390476
1777740841.1415398,709,True,0.323718441065862,0.39263183817793174,0.35817513962189684,0.004119383299224696,False,False,0.029871977240398292,0,0,30.839381513812324,False,True,6.103058091063158,49.74632527264106,Atencao,Atencao: sinais iniciais de risco,25.71872619544419
1777740841.1787431,710,True,0.3233110039341907,0.38987616918068785,0.3565935865574393,0.0043290992965075974,False,False,0.029829545454545456,0,0,30.7355179938403,False,True,6.092030544509791,49.77272727272727,Atencao,Atencao: sinais iniciais de risco,25.839796182335064
1777740841.2146475,711,True,0.3226806316617676,0.3891127437713762,0.3558966877165719,0.004040997455711675,False,False,0.029787234042553193,0,0,30.487511317838322,False,True,6.073812391560756,49.79905437352246,Atencao,Atencao: sinais iniciais de risco,26.05147099765555
1777740841.2494767,712,True,0.32258014468499363,0.3932518596566254,0.35791600217080954,0.003943118222974826,False,False,0.029745042492917848,0,0,30.380925055525516,False,True,6.062681740370255,49.82530689329556,Atencao,Atencao: sinais iniciais de risco,26.33546189537829
1777740841.2838702,713,True,0.3231292648200476,0.3903083013874985,0.35671878310377303,0.003932054761686929,False,False,0.0297029702970297,0,0,30.304000935771246,False,True,6.053050607447922,49.851485148514854,Atencao,Atencao: sinais iniciais de risco,26.601659951851698
1777740841.3178313,714,True,0.32377161874909627,0.38644811202979484,0.35510986538944556,0.00448552258490278,False,False,0.029661016949152543,0,0,29.89081773161888,False,True,6.026622861907194,49.87758945386064,Atencao,Atencao: sinais iniciais de risco,26.8691001098667
1777740841.3578763,715,True,0.3248372089543359,0.3881476617534275,0.3564924353538817,0.003992138928510239,False,False,0.029619181946403384,0,0,29.83376955986023,False,True,6.018018140441252,49.903620122237896,Atencao,Atencao: sinais iniciais de risco,26.68427308193
1777740841.3941026,716,True,0.32765240343607543,0.39145245709623433,0.3595524302661549,0.004056556140857528,False,False,0.029577464788732393,0,0,30.681048835407598,False,True,6.054645995038859,49.929577464788736,Atencao,Atencao: sinais iniciais de risco,26.77355356856948
1777740841.430275,717,True,0.31840376782480995,0.39509773443467694,0.3567507511297434,0.004509222484363817,False,False,0.029535864978902954,0,0,31.153373576294285,False,True,6.072542258231646,49.955461790904835,Atencao,Atencao: sinais iniciais de risco,26.848108038700055
1777740841.4664,718,True,0.31367266413179495,0.3909708010096499,0.3523217325707224,0.004447707674264242,False,False,0.02949438202247191,0,0,30.86597393426028,False,True,6.052468369620677,49.9812734082397,Atencao,Atencao: sinais iniciais de risco,26.965069075134423
1777740841.4997516,719,True,0.32286371618600296,0.3862015467841345,0.35453263148506875,0.004192333823547337,False,False,0.029453015427769985,0,0,30.50037991133603,False,True,6.028500761702951,50.0,Atencao,Atencao: sinais iniciais de risco,27.26341700687781
1777740841.5338268,720,True,0.3248610804668046,0.3880114218590576,0.3564362511629311,0.0036639188197713063,False,False,0.029411764705882353,0,0,30.358351054516703,False,True,6.015727344602434,50.0,Atencao,Atencao: sinais iniciais de risco,27.45421114356293
1777740841.5696676,721,True,0.3242419469452312,0.38589586209347915,0.35506890451935513,0.0036767126963261764,False,False,0.02937062937062937,0,0,30.57997868494554,False,True,6.021152617526591,50.0,Atencao,Atencao: sinais iniciais de risco,27.509839861547363
1777740841.6048157,722,True,0.32344542214682176,0.3891609847576719,0.35630320345224686,0.0038729114157071433,False,False,0.029329608938547486,0,0,30.48723486987027,False,True,6.010875117361569,50.0,Atencao,Atencao: sinais iniciais de risco,27.592198653108877
1777740841.6394367,723,True,0.32957557743150373,0.39045120840347697,0.36001339291749035,0.003540790389939144,False,False,0.029288702928870293,0,0,30.602557439153845,False,True,6.011016669495133,50.0,Atencao,Atencao: sinais iniciais de risco,27.730504881252173
1777740841.6813507,724,True,0.3278544908770064,0.38454655176315833,0.3562005213200824,0.0035606330004823495,False,False,0.02924791086350975,0,0,31.025445844910358,False,True,6.026552180795884,50.0,Atencao,Atencao: sinais iniciais de risco,27.34981033713847
1777740841.7167425,725,True,0.31733850795509616,0.3920159314788706,0.3546772197169834,0.004176656413891823,False,False,0.02920723226703755,0,0,31.18090726462277,False,True,6.028731944766578,50.0,Atencao,Atencao: sinais iniciais de risco,27.42818825793029
1777740841.7524436,726,True,0.3247233038623264,0.39179791229417615,0.3582606080782513,0.003927608554178968,False,False,0.029166666666666667,0,0,31.2574391587214,False,True,6.026980769420511,50.0,Atencao,Atencao: sinais iniciais de risco,27.488382110261774
1777740841.7869933,727,True,0.32100521611534194,0.39052201564555145,0.3557636158804467,0.0037510674967299643,False,False,0.02912621359223301,0,0,31.125658549503843,False,True,6.0148294412250065,50.0,Atencao,Atencao: sinais iniciais de risco,27.628264597909666
1777740841.8273861,728,True,0.3183094336705935,0.3941455818755249,0.3562275077730592,0.004180051241605483,False,False,0.029085872576177285,0,0,31.619824038310483,False,True,6.0339908259576776,50.0,Atencao,Atencao: sinais iniciais de risco,27.336367655219327
1777740841.8682134,729,True,0.3104889456566377,0.3829772287522906,0.34673308720446416,0.0038714245447612665,False,False,0.029045643153526972,0,0,31.329175555164163,False,True,6.013926856185942,50.0,Atencao,Atencao: sinais iniciais de risco,27.040756281908173
1777740841.909692,730,True,0.3143251586156159,0.3858505908126889,0.35008787471415237,0.0042827463888981,False,False,0.029005524861878452,0,0,31.04666212472048,False,True,5.994284919562087,50.0,Atencao,Atencao: sinais iniciais de risco,26.751492144057025
1777740841.9510171,731,True,0.31950713916960305,0.3853383378306373,0.3524227385001202,0.0039776693644839696,False,False,0.028965517241379312,0,0,30.959410513531072,False,True,5.9844212911839865,50.0,Atencao,Atencao: sinais iniciais de risco,26.526728740842973
1777740841.98965,732,True,0.3126480764493469,0.3882830367143991,0.350465556581873,0.004439716115335716,False,False,0.028925619834710745,0,0,31.152009498531168,False,True,5.988565347017062,50.0,Atencao,Atencao: sinais iniciais de risco,26.424133007031116
1777740842.0349915,733,True,0.3139691559029132,0.3900259234902296,0.3519975396965714,0.00392489357109563,False,False,0.02888583218707015,0,0,30.908783375675032,False,True,5.9709332393236725,50.0,Atencao,Atencao: sinais iniciais de risco,25.967722293841863
1777740842.0716882,734,True,0.27941796476829484,0.32252784667857304,0.30097290572343394,0.003775428398010709,False,False,0.028846153846153848,0,0,30.50652010549198,False,True,5.945364303938528,50.0,Atencao,Atencao: sinais iniciais de risco,26.161572458330724
1777740842.1111145,735,True,0.2797930684025212,0.31772111486044907,0.2987570916314851,0.003295351189269512,False,False,0.02880658436213992,0,0,30.35794836120172,False,True,5.9324949126721,50.0,Atencao,Atencao: sinais iniciais de risco,26.075914051322727
1777740842.1551054,736,True,0.17399924517500684,0.1970040760239074,0.1855016605994571,0.0037654520562437938,True,False,0.030136986301369864,0,0,28.189493243802676,False,True,6.007002423446265,50.0,Atencao,Atencao: sinais iniciais de risco,25.73495576555195
1777740842.1922207,737,True,0.1694853954688988,0.19806958455165297,0.18377749001027588,0.00549451290437395,True,False,0.03146374829001368,0,0,27.62204104770313,False,True,6.161059587079813,50.0,Atencao,Atencao: sinais iniciais de risco,25.857052356854844
1777740842.2278788,738,True,0.24539131507206638,0.23436229900975436,0.23987680704091036,0.005639412237865643,False,False,0.031420765027322405,0,0,28.32130663449114,False,True,6.170214163118105,50.0,Atencao,Atencao: sinais iniciais de risco,26.011816451809974
1777740842.2674592,739,True,0.2936079244371553,0.3011264492185843,0.2973671868278698,0.00494833343680167,False,False,0.03137789904502047,0,0,29.604984534870493,False,True,6.228503985570557,50.0,Atencao,Atencao: sinais iniciais de risco,26.000717897865968
1777740842.302879,740,True,0.28774538388724025,0.3150037843896479,0.3013745841384441,0.0051418028018861955,False,False,0.031335149863760216,0,0,29.61625939932736,False,True,6.223189716370116,50.0,Atencao,Atencao: sinais iniciais de risco,26.20328170839555
1777740842.344186,741,True,0.29277687767874244,0.3158374389137327,0.30430715829623756,0.004549385779188543,False,False,0.031292517006802724,0,0,29.75864508206194,False,True,6.22444698267519,50.0,Atencao,Atencao: sinais iniciais de risco,26.006743520429477
1777740842.378206,742,True,0.291355572143749,0.31581003255987217,0.30358280235181057,0.004478945506105162,False,False,0.03125,0,0,29.815326624566858,False,True,6.221434971365062,50.0,Atencao,Atencao: sinais iniciais de risco,26.36665488768061
1777740842.411798,743,True,0.288982097265286,0.32446162543894447,0.3067218613521152,0.004635951807713743,False,False,0.031207598371777476,0,0,29.921753726222295,False,True,6.220926102567236,50.0,Atencao,Atencao: sinais iniciais de risco,26.689514932021602
1777740842.445718,744,True,0.2850123560044979,0.3162385199772691,0.3006254379908835,0.004845551152661972,False,False,0.03116531165311653,0,0,29.965268379449846,False,True,6.217287411412733,50.0,Atencao,Atencao: sinais iniciais de risco,26.94873537859437
1777740842.4820979,745,True,0.28679980693740037,0.3164340822164436,0.301616944576922,0.00529854556140116,False,False,0.03112313937753721,0,0,29.947245598381215,False,True,6.210587584467145,50.0,Atencao,Atencao: sinais iniciais de risco,27.03075255673772
1777740842.5174417,746,True,0.28805898672564967,0.3132705394120645,0.3006647630688571,0.005142625284001507,False,False,0.031081081081081083,0,0,30.052414209192452,False,True,6.21006299924499,50.0,Atencao,Atencao: sinais iniciais de risco,27.163856738582023
1777740842.5506933,747,True,0.29173944780394684,0.31144276617453165,0.30159110698923924,0.005353223306164986,False,False,0.0310391363022942,0,0,29.69995774572546,False,True,6.186672768988443,50.0,Atencao,Atencao: sinais iniciais de risco,27.45530647505306
1777740842.5848742,748,True,0.28743857526594,0.31453301821640495,0.3009857967411725,0.0053639760984037395,False,False,0.03099730458221024,0,0,30.040606924620544,False,True,6.197953366421654,50.0,Atencao,Atencao: sinais iniciais de risco,27.603352954840886
1777740842.621103,749,True,0.29167276811644255,0.33223547877256027,0.3119541234445014,0.005463441772076153,False,False,0.03095558546433378,0,0,30.73190443299033,False,True,6.22678186313213,50.0,Atencao,Atencao: sinais iniciais de risco,27.610678102454457
1777740842.662223,750,True,0.28754962216638313,0.3458945103719062,0.3167220662691447,0.005216582280436445,False,False,0.030913978494623656,0,0,30.812020244381642,False,True,6.225066695366554,50.0,Atencao,Atencao: sinais iniciais de risco,27.28818265284696
1777740842.6988778,751,True,0.2891166750619174,0.34784510425024495,0.3184808896560812,0.005218999309612788,False,False,0.03087248322147651,0,0,30.931971536983145,False,True,6.2253586599388955,50.0,Atencao,Atencao: sinais iniciais de risco,27.278240732931636
1777740842.732124,752,True,0.28951392877720816,0.3515395803554957,0.32052675456635193,0.005803558407345352,False,False,0.030831099195710455,0,0,31.022380961071356,False,True,6.224188827600473,50.0,Atencao,Atencao: sinais iniciais de risco,27.583495416682727
1777740842.7681105,753,True,0.2982232844588097,0.35780737070623714,0.3280153275825234,0.006022411598836506,False,False,0.030789825970548863,0,0,31.59039184180173,False,True,6.246914303177274,50.0,Atencao,Atencao: sinais iniciais de risco,27.60680251930509
1777740842.8023572,754,True,0.28796342036179007,0.3444724581109273,0.31621793923635866,0.006949101264038993,False,False,0.03074866310160428,0,0,31.504397008635777,False,True,6.236954667039096,50.0,Atencao,Atencao: sinais iniciais de risco,27.749807042510078
1777740842.8439023,755,True,0.292508338258567,0.34552317817903444,0.3190157582188007,0.006787934386919917,False,False,0.030707610146862484,0,0,31.540841353481465,False,True,6.233132103004382,50.0,Atencao,Atencao: sinais iniciais de risco,27.40054477584012
1777740842.8793135,756,True,0.28898129525287986,0.34505459989281,0.31701794757284496,0.006156805899516755,False,False,0.030666666666666665,0,0,31.56941709951921,False,True,6.228931161779346,50.0,Atencao,Atencao: sinais iniciais de risco,27.4617912186126
1777740842.912667,757,True,0.2862139786816721,0.3441834494479529,0.3151987140648125,0.0061455850549596265,False,False,0.03062583222370173,0,0,31.66684058146043,False,True,6.228187599968727,50.0,Atencao,Atencao: sinais iniciais de risco,27.698220507319714
1777740842.9507742,758,True,0.2884783866649085,0.35163766645557115,0.32005802656023985,0.006347177426604369,False,False,0.030585106382978722,0,0,31.704573515870354,False,True,6.224474443589811,50.0,Atencao,Atencao: sinais iniciais de risco,27.565724000837516
1777740842.9877975,759,True,0.29623809611472157,0.31232723245126526,0.30428266428299344,0.006209555174864411,False,False,0.03054448871181939,0,0,31.209515008601272,False,True,6.194136588441948,50.0,Atencao,Atencao: sinais iniciais de risco,27.51254841907161
1777740843.034379,760,True,0.2847355714874769,0.30977032020141576,0.29725294584444634,0.006105174380656574,False,False,0.03050397877984085,0,0,30.950838184356687,False,True,6.175632631582669,50.0,Atencao,Atencao: sinais iniciais de risco,26.899978754545398
1777740843.07257,761,True,0.2995024014619666,0.3077966847124437,0.30364954308720515,0.006169243267939774,False,False,0.030463576158940398,0,0,30.890811540863726,False,True,6.167075939034209,50.0,Atencao,Atencao: sinais iniciais de risco,26.79933294523184
1777740843.1110382,762,True,0.29306046107083156,0.30438154792783084,0.2987210044993312,0.00567903627017877,False,False,0.03042328042328042,0,0,30.953645018014036,False,True,6.164676949238478,50.0,Atencao,Atencao: sinais iniciais de risco,26.74002713462633
1777740843.1536002,763,True,0.2929836298157542,0.2980846799441609,0.29553415487995754,0.006038441189555983,False,False,0.03038309114927345,0,0,31.330941728570245,False,True,6.17801575959033,50.0,Atencao,Atencao: sinais iniciais de risco,26.426051231107557
1777740843.1891832,764,True,0.28727844003673264,0.2967811874845185,0.29202981376062553,0.006046826953040864,False,False,0.030343007915567283,0,0,31.266936931826848,False,True,6.169304075118562,50.0,Atencao,Atencao: sinais iniciais de risco,26.617358976085832
1777740843.2230349,765,True,0.2781488871182024,0.2878038329801129,0.28297636004915766,0.00572868968351347,False,False,0.030303030303030304,0,0,31.35317243066701,False,True,6.168118928336735,50.0,Atencao,Atencao: sinais iniciais de risco,26.878668071252246
1777740843.256238,766,True,0.27974820600213957,0.2874581980726288,0.2836032020373842,0.006256116920025374,False,False,0.030263157894736843,0,0,31.239641255682166,False,True,6.156959913447142,50.0,Atencao,Atencao: sinais iniciais de risco,27.199921912403177
1777740843.2900765,767,True,0.29091897879167294,0.29781611095535465,0.2943675448735138,0.005796507590308879,False,False,0.030223390275952694,0,0,31.49505792747844,False,True,6.164262699454135,50.0,Atencao,Atencao: sinais iniciais de risco,27.446320513802505
1777740843.3227274,768,True,0.29068236090988286,0.29961011387578995,0.2951462373928364,0.005721312495297895,False,False,0.030183727034120734,0,0,31.529559966109012,False,True,6.1605341056337695,50.0,Atencao,Atencao: sinais iniciais de risco,27.776142516605137
1777740843.3584023,769,True,0.2971626269886475,0.30488288067750063,0.3010227538330741,0.005750831608412935,False,False,0.03014416775884666,0,0,31.23550470146266,False,True,6.1403919420512665,50.0,Atencao,Atencao: sinais iniciais de risco,27.809451513400017
1777740843.3932104,770,True,0.3020036866691696,0.3129367110029412,0.3074701988360554,0.005028527013348504,False,False,0.030104712041884817,0,0,31.753438027338543,False,True,6.160863447262808,50.0,Atencao,Atencao: sinais iniciais de risco,27.900831507542467
1777740843.432642,771,True,0.3036178844701532,0.32267798060729663,0.3131479325387249,0.0049934609031094465,False,False,0.030065359477124184,0,0,31.808854175155815,False,True,6.158223276999084,50.0,Atencao,Atencao: sinais iniciais de risco,27.63535698069123
1777740843.4678972,772,True,0.3032748165613964,0.33154683753950587,0.3174108270504511,0.004676631617615318,False,False,0.030026109660574413,0,0,31.932137288830493,False,True,6.158990582907224,50.0,Atencao,Atencao: sinais iniciais de risco,27.710246747718017
1777740843.5021188,773,True,0.3044371650213941,0.3412976398113359,0.322867402416365,0.005265711620329178,False,False,0.02998696219035202,0,0,32.04873460260304,False,True,6.159437671440273,50.0,Atencao,Atencao: sinais iniciais de risco,27.82812636824622
1777740843.5377433,774,True,0.3000414253265768,0.3337882491962398,0.3169148372614083,0.005377272389020437,False,False,0.029947916666666668,0,0,32.182263254035604,False,True,6.160745344505166,50.0,Atencao,Atencao: sinais iniciais de risco,27.8564345275012
1777740843.57169,775,True,0.3027021569721108,0.3433050341889253,0.32300359558051805,0.005169638530364613,False,False,0.02990897269180754,0,0,32.163353996385226,False,True,6.154445085079516,50.0,Atencao,Atencao: sinais iniciais de risco,28.037085075594373
1777740843.605657,776,True,0.300524428005522,0.35073755961198383,0.32563099380875293,0.005093817084345015,False,False,0.02987012987012987,0,0,31.932776564901527,False,True,6.137575325524652,50.0,Atencao,Atencao: sinais iniciais de risco,28.17362772356543
1777740843.641092,777,True,0.2989222027146239,0.35694661339646333,0.32793440805554364,0.0045997031511274345,False,False,0.029831387808041506,0,0,32.04904733896255,False,True,6.138061830690552,50.0,Atencao,Atencao: sinais iniciais de risco,28.19779562828845
1777740843.8560069,778,True,0.30243045880090996,0.3472632209422208,0.3248468398715654,0.004182927330972549,False,False,0.029792746113989636,0,0,32.70220158371058,False,True,6.165406309995822,50.0,Atencao,Atencao: foco visual fora da direcao,25.843044746136457
1777740843.892978,779,True,0.2981335786999647,0.3326388097882197,0.3153861942440922,0.0033328086840722125,False,False,0.029754204398447608,0,0,32.65225569389083,False,True,6.1576095296178055,50.0,Atencao,Atencao: foco visual fora da direcao,25.96402395865087
1777740843.927604,780,True,0.297092711555946,0.32159819724339533,0.30934545439967065,0.0036706313901093903,False,False,0.029715762273901807,0,0,32.76515744924545,False,True,6.15796882526049,50.0,Atencao,Atencao: foco visual fora da direcao,26.206345162539964
1777740843.9667666,781,True,0.2883992551609205,0.30030996276753197,0.29435460896422627,0.0036937858651801955,False,False,0.02967741935483871,0,0,32.986868516965345,False,True,6.163782227275307,50.0,Atencao,Atencao: foco visual fora da direcao,26.19212398693465
1777740844.006081,782,True,0.28667893795541144,0.2967296562410834,0.2917042970982474,0.003737092168812251,False,False,0.029639175257731958,0,0,32.763963356343176,False,True,6.14737840589202,50.0,Atencao,Atencao: foco visual fora da direcao,26.09827252511454
1777740844.0547352,783,True,0.2698344750184622,0.26396457776313986,0.26689952639080106,0.004234157291965683,False,False,0.029601029601029602,0,0,31.80721637173132,False,True,6.094296028864854,50.0,Atencao,Atencao: foco visual fora da direcao,25.560065319235925
1777740844.0919044,784,True,0.24614238411208147,0.24026948960030098,0.24320593685619124,0.00382646430123941,False,False,0.02956298200514139,0,0,32.64726803519509,False,True,6.131067067603413,50.0,Atencao,Atencao: foco visual fora da direcao,25.66282006966526
1777740844.1351914,785,True,0.22099475552771503,0.22384014112491693,0.222417448326316,0.0044611319988035,False,False,0.029525032092426188,0,0,32.17145699208433,False,True,6.102058402449535,50.0,Atencao,Atencao: foco visual fora da direcao,25.424008499511103
1777740844.1835697,786,True,0.20941054096732953,0.21779711299808377,0.21360382698270663,0.004869450226984363,False,False,0.029487179487179487,0,0,32.11892871423201,False,True,6.094227255335498,50.0,Atencao,Atencao: foco visual fora da direcao,24.937883816187643
1777740844.220369,787,True,0.20011488896748375,0.19221603432237674,0.19616546164493026,0.005281320998729305,True,False,0.030729833546734954,0,0,32.11273047219623,False,True,6.2647822764225864,50.0,Atencao,Atencao: foco visual fora da direcao,25.18708298642457
1777740844.2524123,788,True,0.19939497953647423,0.19089849804680242,0.19514673879163832,0.005483376575404782,True,False,0.0319693094629156,0,0,32.0112088506872,False,True,6.430134133821974,50.0,Atencao,Atencao: foco visual fora da direcao,25.750646691336826
1777740844.2865567,789,True,0.1967989790226415,0.1895730727763623,0.1931860258995019,0.005563277413333452,True,False,0.033205619412515965,0,0,32.154370257529344,False,True,6.6072848222341305,50.0,Atencao,Atencao: foco visual fora da direcao,26.1179787225175
1777740844.3218815,790,True,0.1951336593785576,0.18774685668304708,0.19144025803080233,0.006222802034955417,True,False,0.03443877551020408,0,0,31.65889981063929,False,True,6.752070263321744,50.0,Atencao,Atencao: foco visual fora da direcao,26.326235955185854
1777740844.35904,791,True,0.19855209176468747,0.1934236750440498,0.19598788340436862,0.0058423603553025725,True,False,0.035668789808917196,0,0,32.08655697811733,False,True,6.9425800877686985,50.0,Atencao,Atencao: foco visual fora da direcao,26.401811974074718
1777740844.3934128,792,True,0.2033545549279759,0.19425871079447052,0.19880663286122321,0.006192496155283723,True,False,0.03689567430025445,0,0,32.287318079038094,False,True,7.12131476037361,50.0,Atencao,Atencao: foco visual fora da direcao,26.663933462061838
1777740844.4280841,793,True,0.20297950687263297,0.19350782189542431,0.19824366438402863,0.006103659952372605,True,False,0.03811944091486658,0,0,32.28278486403552,False,True,7.289356009132649,50.0,Atencao,Atencao: foco visual fora da direcao,26.827379070948737
1777740844.4744701,794,True,0.20915543686933924,0.21422637568763236,0.2116909062784858,0.005860743495297154,False,False,0.03807106598984772,0,0,31.91143074956807,False,True,7.305551296018295,50.0,Atencao,Atencao: foco visual fora da direcao,26.31567051529225
1777740844.5096183,795,True,0.2361507514095661,0.23848521545409337,0.23731798343182975,0.005723786240232824,False,False,0.03802281368821293,0,0,32.19345207105984,False,True,7.313017670618098,50.0,Atencao,Atencao: foco visual fora da direcao,26.549933877861093
1777740844.5446858,796,True,0.28167130740466995,0.28522715895864575,0.2834492331816578,0.00573066621552873,False,False,0.0379746835443038,0,0,32.65010290145874,False,True,7.329232317350538,50.0,Atencao,Atencao: foco visual fora da direcao,26.754828844011044
1777740844.5790582,797,True,0.2886515693897152,0.3294744540512248,0.30906301172047,0.0061694067064823645,False,False,0.03792667509481669,0,0,32.75013066855343,False,True,7.327632543900796,50.0,Atencao,Atencao: foco visual fora da direcao,26.98111807114414
1777740844.6121588,798,True,0.2883262078168229,0.3323328490848211,0.31032952845082196,0.0058622865808044345,False,False,0.03787878787878788,0,0,32.29269999590787,False,True,7.298176518064556,50.0,Atencao,Atencao: foco visual fora da direcao,27.30737968737933
1777740844.6447248,799,True,0.2906014911701314,0.3345537273332529,0.31257760925169215,0.006102574442026752,False,False,0.03783102143757881,0,0,31.892552358453923,False,True,7.271601250525612,50.0,Atencao,Atencao: foco visual fora da direcao,27.641587928104713
1777740844.6778522,800,True,0.29951579530550404,0.34582681895827905,0.3226713071318915,0.006237330769097503,False,False,0.037783375314861464,0,0,32.96970784664154,False,True,7.318907683061358,50.0,Atencao,Atencao: foco visual fora da direcao,27.91261605737912
1777740844.7181022,801,True,0.29774513459443447,0.35720750278589514,0.3274763186901648,0.005945657243311056,False,False,0.03773584905660377,0,0,32.98122496008873,False,True,7.312948678223284,50.0,Atencao,Atencao: foco visual fora da direcao,27.598288010152107
1777740844.756566,802,True,0.2936868496497255,0.34827000657560636,0.32097842811266597,0.005697179392416994,False,False,0.03768844221105527,0,0,33.46679100502621,False,True,7.33070853920724,50.0,Atencao,Atencao: foco visual fora da direcao,27.436003490218148
1777740844.8010364,803,True,0.2911446461089009,0.3494974902958476,0.32032106820237427,0.005355328960643597,False,False,0.037641154328732745,0,0,33.94033545201475,False,True,7.34788367773732,50.0,Atencao,Atencao: foco visual fora da direcao,26.958286415620275
1777740844.837483,804,True,0.2958339752824444,0.3494004092915985,0.32261719228702146,0.005466094481767848,False,False,0.03759398496240601,0,0,34.072567750649014,False,True,7.348009504799107,50.0,Atencao,Atencao: foco visual fora da direcao,26.94158416542023
1777740844.8748527,805,True,0.2970991820715256,0.348032185688385,0.3225656838799553,0.006198102263116847,False,False,0.03754693366708386,0,0,33.65592442750931,False,True,7.320707785535324,50.0,Atencao,Atencao: foco visual fora da direcao,26.979300441049002
1777740844.9089744,806,True,0.2963373752104963,0.34809792569572146,0.3222176504531089,0.006262228894697563,False,False,0.0375,0,0,33.797425192052664,False,True,7.321329444538462,50.0,Atencao,Atencao: foco visual fora da direcao,27.166057899515764
1777740844.9433415,807,True,0.29846122551419774,0.35151028409006496,0.3249857548021313,0.006031944442909998,False,False,0.03745318352059925,0,0,33.94951030286875,False,True,7.322496434161664,50.0,Atencao,Atencao: foco visual fora da direcao,27.375105406235775
1777740844.980876,808,True,0.2956470838062474,0.34702224115650854,0.321334662481378,0.005744678838855492,False,False,0.03740648379052369,0,0,33.89700939872048,False,True,7.313450176068861,50.0,Atencao,Atencao: foco visual fora da direcao,27.296815716638076
1777740845.025422,809,True,0.2960276733181784,0.347126977397024,0.3215773253576012,0.0055897800369294785,False,False,0.037359900373599,0,0,33.79539241736585,False,True,7.301964107173984,50.0,Atencao,Atencao: foco visual fora da direcao,26.82540336300841
1777740845.0616941,810,True,0.2914361036348681,0.3473196592491096,0.31937788144198886,0.006543864220606066,False,False,0.03731343283582089,0,0,33.36353517228907,False,True,7.273981958475656,50.0,Atencao,Atencao: foco visual fora da direcao,26.884188786682017
1777740845.0989275,811,True,0.2944029120998807,0.3587956730441983,0.32659929257203946,0.006236337177106849,False,False,0.037267080745341616,0,0,33.6626077413559,False,True,7.282562174488096,50.0,Atencao,Atencao: foco visual fora da direcao,26.888299214169464
1777740845.1446438,812,True,0.2929108513471556,0.3574601197082165,0.32518548552768606,0.006516741858246227,False,False,0.03722084367245657,0,0,33.648267010667105,False,True,7.275487540431964,50.0,Atencao,Atencao: foco visual fora da direcao,26.38160805100066
1777740845.186113,813,True,0.2900769290815171,0.3572199935475091,0.3236484613145131,0.007003526055548609,False,False,0.03717472118959108,0,0,33.52477829564701,False,True,7.262971263286953,50.0,Atencao,Atencao: foco visual fora da direcao,26.147697961064623
1777740845.2214313,814,True,0.28988669592297106,0.35523032580923736,0.3225585108661042,0.006227736354885328,False,False,0.03712871287128713,0,0,34.059439246221025,False,True,7.28337816704886,50.0,Atencao,Atencao: foco visual fora da direcao,26.350869432250782
1777740845.2685714,815,True,0.28954527818810283,0.3582024254168,0.32387385180245143,0.006437981868298509,False,False,0.037082818294190356,0,0,33.79297704046423,False,True,7.263744552410214,50.0,Atencao,Atencao: foco visual fora da direcao,25.86236855816029
1777740845.304293,816,True,0.28972038438417125,0.3500493314477831,0.3198848579159772,0.006722387316824799,False,False,0.037037037037037035,0,0,33.3227518287572,False,True,7.233938368966282,50.0,Atencao,Atencao: foco visual fora da direcao,26.056674576917366
1777740845.3394008,817,True,0.2910398623848664,0.3501145207561746,0.3205771915705205,0.006726017972874926,False,False,0.036991368680641186,0,0,33.14327768195759,False,True,7.2186852626218725,50.0,Atencao,Atencao: foco visual fora da direcao,26.30649379307396
1777740845.3742821,818,True,0.2881271340057323,0.34755600742573406,0.31784157071573316,0.007501660351306633,False,False,0.03694581280788178,0,0,33.60715712471441,False,True,7.235615302255294,50.0,Atencao,Atencao: foco visual fora da direcao,26.555381845105856
1777740845.407676,819,True,0.287928105539319,0.3513863458990408,0.31965722571917987,0.00800184854306561,False,False,0.03690036900369004,0,0,33.756477169015184,False,True,7.236832781393969,50.0,Atencao,Atencao: foco visual fora da direcao,26.882025128472723
1777740845.440385,820,True,0.2898011237910827,0.35190748983864345,0.32085430681486304,0.008730455451252447,False,False,0.036855036855036855,0,0,33.80228487740863,False,True,7.232889996373829,50.0,Atencao,Atencao: foco visual fora da direcao,27.248600897969432
1777740845.478066,821,True,0.28564052030077935,0.3475026828527596,0.31657160157676945,0.007912903558233523,False,False,0.03680981595092025,0,0,33.63843856453895,False,True,7.218479806414311,50.0,Atencao,Atencao: foco visual fora da direcao,27.197201629386576
1777740845.5119307,822,True,0.2867587167718163,0.35498862556257765,0.320873671167197,0.008187931779646163,False,False,0.03676470588235294,0,0,33.33677302869883,False,True,7.1971938951942995,50.0,Atencao,Atencao: foco visual fora da direcao,27.418182238141778
1777740845.5464954,823,True,0.28535633392690535,0.3516271239593772,0.31849172894314126,0.008065701403715564,False,False,0.03671970624235006,0,0,33.486191309040244,False,True,7.198477358710975,50.0,Atencao,Atencao: foco visual fora da direcao,27.570033241054265
1777740845.5876067,824,True,0.2920131371278077,0.3628080204374583,0.327410578782633,0.008193948174845917,False,False,0.03667481662591687,0,0,33.770230898532,False,True,7.206507015925999,50.0,Atencao,Atencao: foco visual fora da direcao,27.246641008543065
1777740845.6207352,825,True,0.28826867437135817,0.34649449546118144,0.3173815849162698,0.008682963509026712,False,False,0.03663003663003663,0,0,34.4936398582025,False,True,7.236520214475991,50.0,Atencao,Atencao: foco visual fora da direcao,27.50330485159161
1777740845.6547792,826,True,0.2911120201826994,0.35238698558545795,0.32174950288407866,0.008968561310593629,False,False,0.036585365853658534,0,0,34.762201595306394,False,True,7.243806069579197,50.0,Atencao,Atencao: foco visual fora da direcao,27.708327839411048
1777740845.689537,827,True,0.28861670315352705,0.3501996324028232,0.31940816777817516,0.009029663519153446,False,False,0.03654080389768575,0,0,34.687547810511155,False,True,7.233946111393178,50.0,Atencao,Atencao: foco visual fora da direcao,27.820286520952845
1777740845.7237232,828,True,0.2897169094382013,0.35477056029274623,0.32224373486547375,0.008008485545980272,False,False,0.0364963503649635,0,0,35.2248540547761,False,True,7.2546990628571155,50.0,Atencao,Atencao: foco visual fora da direcao,27.931650805124526
1777740845.7584713,829,True,0.2868115992532365,0.35970250462816,0.32325705194069826,0.008312087203908658,False,False,0.03645200486026731,0,0,35.56363375349478,False,True,7.265540540897325,50.0,Atencao,Atencao: foco visual fora da direcao,28.05030421552943
1777740845.794099,830,True,0.28598110691634476,0.3433643137816057,0.31467271034897526,0.007301724997024669,False,False,0.03640776699029126,0,0,35.99852272380482,False,True,7.281202282291118,50.0,Atencao,Atencao: foco visual fora da direcao,28.01548734868883
1777740845.8375864,831,True,0.29458123566179467,0.34670448151706407,0.32064285858942937,0.009547783792218005,False,False,0.03636363636363636,0,0,37.22459439255974,False,True,7.336437904563816,50.0,Atencao,Atencao: foco visual fora da direcao,27.523652810620508
1777740845.8756826,832,True,0.29450126826492456,0.34239028983731545,0.31844577905112004,0.011023321852455706,False,False,0.03631961259079903,0,0,36.993022414229124,False,True,7.318806036882153,50.0,Atencao,Atencao: foco visual fora da direcao,27.419606639025858
1777740845.9112287,833,True,0.28800636940148167,0.3647048267941128,0.32635559809779724,0.010905110843947111,False,False,0.036275695284159616,0,0,36.5084227529439,False,True,7.288537424154972,50.0,Atencao,Atencao: foco visual fora da direcao,27.501132867864005
1777740845.9443533,834,True,0.297193166136008,0.3752706594925351,0.33623191281427156,0.011776373539636658,False,False,0.036231884057971016,0,0,36.95148690234531,False,True,7.3046665880241095,50.0,Atencao,Atencao: foco visual fora da direcao,27.710037187605835
1777740845.9808338,835,True,0.292883328819502,0.3657751528357711,0.3293292408276366,0.010808372810565533,False,False,0.03618817852834741,0,0,37.022017656131226,False,True,7.30218361539016,50.0,Atencao,Atencao: foco visual fora da direcao,27.67493672967788
1777740846.0209522,836,True,0.29144914771030395,0.3668569172733657,0.3291530324918348,0.011059109840272871,False,False,0.03614457831325301,0,0,36.49500362873077,False,True,7.269837884444657,50.0,Atencao,Atencao: foco visual fora da direcao,27.436994540037936
1777740846.0594237,837,True,0.29414326360611687,0.3540664028381007,0.3241048332221088,0.010628092060406606,False,False,0.036101083032490974,0,0,35.696001613140105,False,True,7.223907182560343,50.0,Atencao,Atencao: foco visual fora da direcao,27.28083144240169
1777740846.0976171,838,True,0.3014501552542961,0.367197848577072,0.334324001915684,0.01001658440757951,False,False,0.036057692307692304,0,0,35.989710042151536,False,True,7.232626379351098,50.0,Atencao,Atencao: foco visual fora da direcao,27.155660958395423
1777740846.136669,839,True,0.2985495467429404,0.35646428163193034,0.3275069141874354,0.010109553288010106,False,False,0.03601440576230492,0,0,35.755959489128806,False,True,7.2149869517091965,50.0,Atencao,Atencao: foco visual fora da direcao,27.04203903277811
1777740846.1826396,840,True,0.302421665524347,0.35966263715321234,0.3310421513387797,0.010711468695187827,False,False,0.03597122302158273,0,0,35.81675961938771,False,True,7.212089331372841,50.0,Atencao,Atencao: foco visual fora da direcao,26.49963270943429
1777740846.2190344,841,True,0.3003177735261501,0.36683478033428674,0.3335762769302184,0.01026675747174071,False,False,0.03592814371257485,0,0,36.08503690958023,False,True,7.2195797908938815,50.0,Atencao,Atencao: foco visual fora da direcao,26.563845031654797
1777740846.2559645,842,True,0.28970812479860447,0.35883892148167407,0.32427352314013924,0.010137193557756776,False,False,0.03588516746411483,0,0,35.85762712251056,False,True,7.202300067377147,50.0,Atencao,Atencao: foco visual fora da direcao,26.636911855232725
1777740846.2944791,843,True,0.29352514144466496,0.3691184919540562,0.33132181669936056,0.009051901767969979,False,False,0.035842293906810034,0,0,36.12001624757594,False,True,7.209524409501006,50.0,Atencao,Atencao: foco visual fora da direcao,26.57691270402857
1777740846.331143,844,True,0.29673660506725524,0.3537338005003621,0.3252352027838087,0.008542327883537627,False,False,0.03579952267303103,0,0,35.46610048196533,False,True,7.170947576575862,50.0,Atencao,Atencao: foco visual fora da direcao,26.647220803723002
1777740846.367523,845,True,0.295501284544496,0.3607048133636587,0.3281030489540774,0.008471503543342777,False,False,0.03575685339690107,0,0,35.989589140090075,False,True,7.191254984014231,50.0,Atencao,Atencao: foco visual fora da direcao,26.703476095475143
1777740846.4016087,846,True,0.29149202084659726,0.35625973182560167,0.3238758763360995,0.008943473844576583,False,False,0.03571428571428571,0,0,35.942821880362246,False,True,7.183063564668227,50.0,Atencao,Atencao: foco visual fora da direcao,26.862078831312495
1777740846.4370377,847,True,0.2967505283468491,0.3609923824029909,0.32887145537492,0.009122219929600583,False,False,0.0356718192627824,0,0,36.08706139705398,False,True,7.184436403421108,50.0,Atencao,Atencao: foco visual fora da direcao,27.090897913947025
1777740846.476279,848,True,0.29825372369117203,0.35326315557500343,0.3257584396330877,0.007770855398759935,False,False,0.035629453681710214,0,0,35.15353822003711,False,True,7.131934977172839,50.0,Atencao,Atencao: foco visual fora da direcao,26.973448528772572
1777740846.509609,849,True,0.2980872387543758,0.35144644493284727,0.32476684184361154,0.007966517268817875,False,False,0.03558718861209965,0,0,35.42999484159729,False,True,7.139946361179396,50.0,Atencao,Atencao: foco visual fora da direcao,27.25201958932704
1777740846.5436625,850,True,0.29725030363697147,0.35011704978118213,0.32368367670907683,0.008592248459363579,False,False,0.035545023696682464,0,0,35.27438030730594,False,True,7.126367958594965,50.0,Atencao,Atencao: foco visual fora da direcao,27.498400383318483
1777740846.5793633,851,True,0.302970607576428,0.3518679490624908,0.3274192783194594,0.008722510257980971,False,False,0.03550295857988166,0,0,35.08718160661784,False,True,7.111224070000449,50.0,Atencao,Atencao: foco visual fora da direcao,27.537128330974415
1777740846.6137064,852,True,0.3037165516068009,0.34967895055523124,0.32669775108101606,0.008912582671397875,False,False,0.03546099290780142,0,0,34.9539064716209,False,True,7.0987900333395695,50.0,Atencao,Atencao: foco visual fora da direcao,27.70280814776741
1777740846.645983,853,True,0.29962266649747904,0.34442083357552533,0.3220217500365022,0.008707256350889023,False,False,0.03541912632821724,0,0,35.152796946872364,False,True,7.102977902409318,50.0,Atencao,Atencao: foco visual fora da direcao,28.013716668576002
1777740846.6802328,854,True,0.2996358057402993,0.342315774680818,0.32097579021055866,0.009801398414785228,False,False,0.03537735849056604,0,0,34.55660910714756,False,True,7.067425432746037,50.0,Atencao,Atencao: foco visual fora da direcao,28.145782376910834
1777740846.714143,855,True,0.2956955490196217,0.35463778686706604,0.32516666794334387,0.010458770509900066,False,False,0.0353356890459364,0,0,34.567197481610556,False,True,7.062225302832612,50.0,Atencao,Atencao: foco visual fora da direcao,28.271351556698242
1777740846.7485387,856,True,0.29463506521909816,0.35779117807235866,0.3262131216457284,0.009903666728743763,False,False,0.03529411764705882,0,0,34.711952500451694,False,True,7.063746986429003,50.0,Atencao,Atencao: foco visual fora da direcao,28.36408640742591
1777740846.7894802,857,True,0.29678152989436846,0.36224788884071685,0.3295147093675427,0.009822889009239721,False,False,0.03525264394829612,0,0,34.28351414312015,False,True,7.0366224349825535,50.0,Atencao,Atencao: foco visual fora da direcao,27.96360674725415
1777740846.8276494,858,True,0.29280643633477244,0.363208015298431,0.3280072258166017,0.009918010068148254,False,False,0.035211267605633804,0,0,34.55311964316801,False,True,7.044413462868878,50.0,Atencao,Atencao: foco visual fora da direcao,27.779903877026108
1777740846.8618975,859,True,0.2920667921139145,0.3478924422726138,0.3199796171932642,0.010429867044250328,False,False,0.035169988276670575,0,0,33.86004743467678,False,True,7.004083944711873,50.0,Atencao,Atencao: foco visual fora da direcao,27.907758306455246
1777740846.899747,860,True,0.2878588338930304,0.3479305002320599,0.31789466706254516,0.011720723088618542,False,False,0.0351288056206089,0,0,33.96747784777121,False,True,7.0037928501581135,50.0,Atencao,Atencao: foco visual fora da direcao,27.787302136086268
1777740846.9327269,861,True,0.28490643181729874,0.35870486256086154,0.3218056471890801,0.010951070417635848,False,False,0.03508771929824561,0,0,34.42036443135955,False,True,7.020787810012578,50.0,Atencao,Atencao: foco visual fora da direcao,28.02734871724698
1777740846.9672086,862,True,0.289385256412208,0.35697598979770917,0.3231806231049586,0.011362487867223001,False,False,0.035046728971962614,0,0,34.391611610217524,False,True,7.013713999091565,50.0,Atencao,Atencao: foco visual fora da direcao,28.10305718491494
1777740847.0044656,863,True,0.28903520669335003,0.35756781786231245,0.3233015122778312,0.011908533286976216,False,False,0.03500583430571762,0,0,34.51036251133138,False,True,7.014028527538571,50.0,Atencao,Atencao: foco visual fora da direcao,28.011953105275644
1777740847.0527143,864,True,0.29327061798040527,0.3504742383314557,0.3218724281559305,0.010132412061834132,False,False,0.03496503496503497,0,0,34.556146633083166,False,True,7.010707824282296,50.0,Atencao,Atencao: foco visual fora da direcao,27.2695698191436
1777740847.0896437,865,True,0.28920893086981314,0.34642362433563445,0.3178162776027238,0.009895936312813757,False,False,0.034924330616996506,0,0,34.33849559372122,False,True,6.9942284244589095,50.0,Atencao,Atencao: foco visual fora da direcao,27.23459852890609
1777740847.1273026,866,True,0.29415605563246333,0.3477823129281379,0.32096918428030063,0.012034743055452721,False,False,0.03488372093023256,0,0,34.043476653099056,False,True,6.973893645497759,50.0,Atencao,Atencao: foco visual fora da direcao,27.15168157109611
1777740847.172239,867,True,0.2863814420710981,0.3535314576920922,0.31995644988159516,0.010778727896667254,False,False,0.03484320557491289,0,0,34.69030075289986,False,True,7.000663989131345,50.0,Atencao,Atencao: foco visual fora da direcao,26.683946845937083
1777740847.2122865,868,True,0.28782106622636766,0.344136573604274,0.31597881991532084,0.010888752358287583,False,False,0.03480278422273782,0,0,34.41708211627873,False,True,6.981445121376216,50.0,Atencao,Atencao: foco visual fora da direcao,26.50900684144497
1777740847.2495284,869,True,0.28853474235053217,0.34501057439368227,0.3167726583721072,0.01144323211390561,False,False,0.03476245654692932,0,0,34.508555795929645,False,True,6.980473749935093,50.0,Atencao,Atencao: foco visual fora da direcao,26.56180264938998
1777740847.2884104,870,True,0.2885682656369242,0.34778115145936955,0.3181747085481469,0.010758401422194204,False,False,0.034722222222222224,0,0,33.84781864989887,False,True,6.941904672986329,50.0,Atencao,Atencao: foco visual fora da direcao,26.467366831781014
1777740847.3221025,871,True,0.28683209151246714,0.3466377327646955,0.3167349121385813,0.009506174356372998,False,False,0.03468208092485549,0,0,34.2024783920158,False,True,6.954118231704248,50.0,Atencao,Atencao: foco visual fora da direcao,26.812483330262555
1777740847.354755,872,True,0.286709326861237,0.3440652509534304,0.3153872889073337,0.00944928692990858,False,False,0.03464203233256351,0,0,34.01472400914539,False,True,6.939223831120581,50.0,Atencao,Atencao: foco visual fora da direcao,27.18503377177343
1777740847.3888159,873,True,0.2902825541900208,0.3476720398836009,0.3189772970368109,0.008518480193695062,False,False,0.03460207612456748,0,0,34.23025735995986,False,True,6.94450652006185,50.0,Atencao,Atencao: foco visual fora da direcao,27.401551951972515
1777740847.4311807,874,True,0.2907695861416824,0.3467879576911438,0.31877877191641313,0.008165452279703724,False,False,0.03456221198156682,0,0,34.13035456321456,False,True,6.934030060561995,50.0,Atencao,Atencao: foco visual fora da direcao,26.990352429957174
1777740847.47294,875,True,0.2940479710631709,0.3573941405032111,0.325721055783191,0.008032243166944071,False,False,0.03452243958573072,0,0,34.48119156252254,False,True,6.946103206099931,50.0,Atencao,Atencao: foco visual fora da direcao,26.72385086619182
1777740847.5066695,876,True,0.2943254484082466,0.35859060955215366,0.32645802898020015,0.007567302079015682,False,False,0.034482758620689655,0,0,34.596243618835096,False,True,6.946399676222412,50.0,Atencao,Atencao: foco visual fora da direcao,26.95852703165041
1777740847.5419617,877,True,0.29430435542800426,0.35513494201057494,0.3247196487192896,0.0075626670277965415,False,False,0.03444316877152698,0,0,34.75418002226135,False,True,6.948852892133856,50.0,Atencao,Atencao: foco visual fora da direcao,27.145299592552547
1777740847.572972,878,True,0.301475579384976,0.35327829846877457,0.32737693892687525,0.0067416717505551825,False,False,0.034403669724770644,0,0,34.88968379009854,False,True,6.950196961596719,50.0,Atencao,Atencao: foco visual fora da direcao,27.654475476958623
1777740847.6137915,879,True,0.2998845335375894,0.34586767038082544,0.32287610195920746,0.0059037589234025465,False,False,0.03436426116838488,0,0,34.840088292143555,False,True,6.942298510195928,50.0,Atencao,Atencao: foco visual fora da direcao,27.33044013901224
1777740847.6509914,880,True,0.297653847129788,0.3648066079862057,0.3312302275579968,0.0067958930939740975,False,False,0.034324942791762014,0,0,36.26293830871582,False,True,7.008034734238898,50.0,Atencao,Atencao: foco visual fora da direcao,27.293460679218104
1777740847.6847038,881,True,0.2982764068376398,0.35746919828401413,0.32787280256082696,0.006870344227096005,False,False,0.03428571428571429,0,0,35.20680172985251,False,True,6.94983398571417,50.0,Atencao,Atencao: foco visual fora da direcao,27.497939263018047
1777740847.718614,882,True,0.3041605204509543,0.35258767124355544,0.32837409584725485,0.006959420829156176,False,False,0.03424657534246575,0,0,35.49458378065716,False,True,6.958841483557728,50.0,Atencao,Atencao: foco visual fora da direcao,27.713858724522275
1777740847.7581952,883,True,0.30218783622460005,0.35161180582385554,0.32689982102422777,0.00669434345920441,False,False,0.03420752565564424,0,0,35.6145423645323,False,True,6.959470080813527,50.0,Atencao,Atencao: foco visual fora da direcao,27.478439193122256
1777740847.7905385,884,True,0.2965916038222319,0.36270145573895624,0.32964652978059406,0.00800101605247227,False,False,0.03416856492027335,0,0,35.70686346455054,False,True,6.958729034700942,50.0,Atencao,Atencao: foco visual fora da direcao,27.832409217944942
1777740847.8291962,885,True,0.3018235242151967,0.3641495593321086,0.3329865417736526,0.009542891306805546,False,False,0.034129692832764506,0,0,35.073493773287,False,True,6.921715638105298,50.0,Atencao,Atencao: foco visual fora da direcao,27.607216812485902
1777740847.8634062,886,True,0.3010320439917426,0.35851979295711683,0.3297759184744297,0.009949743134225173,False,False,0.03409090909090909,0,0,35.19669899994677,False,True,6.922543134933168,50.0,Atencao,Atencao: foco visual fora da direcao,27.81230526783138
1777740847.896832,887,True,0.29918460058658847,0.36256616932426466,0.33087538495542657,0.010414146840580644,False,False,0.0340522133938706,0,0,34.95783213539557,False,True,6.905279133362816,50.0,Atencao,Atencao: foco visual fora da direcao,27.99548697281907
1777740847.932757,888,True,0.30517184168998485,0.3640231692279384,0.3345975054589616,0.012565458505976523,False,False,0.034013605442176874,0,0,35.35573270808566,False,True,6.919865568639432,50.0,Atencao,Atencao: foco visual fora da direcao,27.993188021440176
1777740847.9680612,889,True,0.30391018688710053,0.3693980054378694,0.336654096162485,0.013885660072440074,False,False,0.03397508493771234,0,0,35.237160239436406,False,True,6.908640375843096,50.0,Atencao,Atencao: foco visual fora da direcao,28.02558328565148
1777740848.0051875,890,True,0.3038208425897869,0.36460447749177766,0.3342126600407823,0.01427383141844759,False,False,0.033936651583710405,0,0,35.12123446735468,False,True,6.8975595010637445,50.0,Atencao,Atencao: foco visual fora da direcao,27.851145848441032
1777740848.051556,891,True,0.3074396061207382,0.3634412915488615,0.33544044883479984,0.02405129438349249,False,False,0.03389830508474576,0,0,34.60014518716118,False,True,6.866232393446431,50.0,Atencao,Atencao: foco visual fora da direcao,27.25551822375762
1777740848.0874934,892,True,0.3096769407471941,0.35631606596421495,0.3329965033557045,0.01710674474629508,False,False,0.033860045146726865,0,0,34.79688099405982,False,True,6.8708084423137645,50.0,Atencao,Atencao: foco visual fora da direcao,27.271961148449215
1777740848.125938,893,True,0.3083234901825859,0.3681422525982064,0.33823287139039615,0.013854843831715319,False,False,0.033821871476888386,0,0,35.171142775904045,False,True,6.884272651803185,50.0,Atencao,Atencao: foco visual fora da direcao,27.211751738628667
1777740848.171653,894,True,0.30612502071294123,0.357556960755404,0.3318409907341726,0.015714397517282926,False,False,0.033783783783783786,0,0,34.64326973340728,False,True,6.852641941876463,50.0,Atencao,Atencao: foco visual fora da direcao,26.674688459973826
1777740848.209485,895,True,0.3052533261832038,0.3542179632396669,0.32973564471143535,0.013994044908367483,False,False,0.03374578177727784,0,0,34.95440558195114,False,True,6.8629734584090905,50.0,Atencao,Atencao: foco visual fora da direcao,26.625000101771917
1777740848.2464406,896,True,0.30657873733565516,0.35401704549183827,0.3302978914137467,0.01510845468836164,False,False,0.033707865168539325,0,0,34.6944688222625,False,True,6.844763086723112,50.0,Atencao,Atencao: foco visual fora da direcao,26.691698147494943
1777740848.282099,897,True,0.30561451059804207,0.34214853132392437,0.3238815209609832,0.013331563655992605,False,False,0.03367003367003367,0,0,34.660433464158665,False,True,6.837859487773391,50.0,Atencao,Atencao: foco visual fora da direcao,26.829995068648238
1777740848.3179533,898,True,0.31019833548831816,0.35087930492869157,0.3305388202085049,0.017311093315136864,False,False,0.033632286995515695,0,0,34.89868956316601,False,True,6.844582124977538,50.0,Atencao,Atencao: foco visual fora da direcao,26.92399423851407
1777740848.3585706,899,True,0.305706619055912,0.3528642918947108,0.3292854554753114,0.015498826419821421,False,False,0.0335946248600224,0,0,34.47137584740466,False,True,6.818037895559141,50.0,Atencao,Atencao: foco visual fora da direcao,26.68929170793575
1777740848.3950622,900,True,0.3049137132930606,0.36017128488016426,0.33254249908661243,0.015110445839973894,False,False,0.03355704697986577,0,0,34.36955042047934,False,True,6.807779665691339,50.0,Atencao,Atencao: foco visual fora da direcao,26.75485182621012
1777740848.4318902,901,True,0.3041734250570763,0.3572775899352585,0.33072550749616736,0.014455778032463774,False,False,0.0335195530726257,0,0,35.09264270717448,False,True,6.8387788677805865,50.0,Atencao,Atencao: foco visual fora da direcao,26.79821341990058
1777740848.4648674,902,True,0.3024763391338705,0.35701019771105813,0.3297432684224643,0.01771626133443856,False,False,0.033482142857142856,0,0,34.052232796495616,False,True,6.781614467617753,50.0,Atencao,Atencao: foco visual fora da direcao,27.181535722905735
1777740848.5014803,903,True,0.30611356390495215,0.362919477517481,0.33451652071121657,0.013047688792996054,False,False,0.033444816053511704,0,0,34.77170084064657,False,True,6.812455434326017,50.0,Atencao,Atencao: foco visual fora da direcao,27.176968531585615
1777740848.5377035,904,True,0.3062898291141715,0.36131757286757443,0.333803700990873,0.015979630288895718,False,False,0.0334075723830735,0,0,35.392196395180434,False,True,6.838359207367457,50.0,Atencao,Atencao: foco visual fora da direcao,27.21347804150404
1777740848.5722897,905,True,0.30527212714644697,0.36674470374191187,0.3360084154441794,0.011442046227559177,False,False,0.03337041156840934,0,0,35.44628801779313,False,True,6.835954176481771,50.0,Atencao,Atencao: foco visual fora da direcao,27.36842097243655
1777740848.6064203,906,True,0.3055701973636151,0.3694893483819035,0.3375297728727593,0.011816650765386886,False,False,0.03333333333333333,0,0,35.60532738999887,False,True,6.838807887769106,50.0,Atencao,Atencao: foco visual fora da direcao,27.58856653292159
1777740848.6396341,907,True,0.3065837320634148,0.3736964137762574,0.3401400729198361,0.011388341243328168,False,False,0.033296337402885685,0,0,35.76896517656066,False,True,6.841902836660644,50.0,Atencao,Atencao: foco visual fora da direcao,27.838567959413982
1777740848.8592606,908,True,0.3044908152684671,0.36503255930394696,0.33476168728620703,0.009747596710276205,False,False,0.03325942350332594,0,0,34.911784733967345,False,True,6.793968153341513,50.0,Atencao,Atencao: foco visual fora da direcao,25.510117335668223
1777740848.8937016,909,True,0.30602009137508757,0.36853813527646384,0.3372791133257757,0.00863308288529647,False,False,0.03322259136212625,0,0,35.18628454641862,False,True,6.80262872454912,50.0,Atencao,Atencao: foco visual fora da direcao,25.856027334585214
1777740848.9276738,910,True,0.3058840661877191,0.3700482466039996,0.33796615639585936,0.009143613307990732,False,False,0.033185840707964605,0,0,35.125328877297314,False,True,6.794527726145828,50.0,Atencao,Atencao: foco visual fora da direcao,26.223622320376386
1777740848.9635668,911,True,0.301063174591902,0.35823123755822833,0.32964720607506515,0.010257646211790303,False,False,0.03314917127071823,0,0,35.220135657353836,False,True,6.794226017527278,50.0,Atencao,Atencao: foco visual fora da direcao,26.380713260802686
1777740848.9990087,912,True,0.3057257758862903,0.3589496140341271,0.3323376949602087,0.00944607008991378,False,False,0.033112582781456956,0,0,35.91079022505067,False,True,6.823727828638694,50.0,Atencao,Atencao: foco visual fora da direcao,26.547809050748004
1777740849.037899,913,True,0.30378412362755114,0.3612620430492981,0.3325230833384246,0.010502191022316872,False,False,0.03307607497243661,0,0,35.55586157386953,False,True,6.8009615723393395,50.0,Atencao,Atencao: foco visual fora da direcao,26.48979672824155
1777740849.0855272,914,True,0.3043793348860881,0.3722599859983832,0.33831966044223566,0.012851458060976905,False,False,0.03303964757709251,0,0,35.58411303216761,False,True,6.79736537839443,50.0,Atencao,Atencao: foco visual fora da direcao,25.940003621271803
1777740849.1221042,915,True,0.306678572834293,0.3584345182723453,0.33255654555331915,0.009946783529713787,False,False,0.033003300330033,0,0,35.31434857574376,False,True,6.778879409102554,50.0,Atencao,Atencao: foco visual fora da direcao,26.06462089276045
1777740849.159905,916,True,0.3061037694940391,0.3666289816709733,0.3363663755825062,0.01031517510554284,False,False,0.03296703296703297,0,0,35.39409717375582,False,True,6.7778800765906535,50.0,Atencao,Atencao: foco visual fora da direcao,26.10189196964882
1777740849.2065825,917,True,0.3051971559500655,0.3667529737285491,0.3359750648393073,0.008590138183676833,False,False,0.03293084522502744,0,0,35.362449085712434,False,True,6.771321857662724,50.0,Atencao,Atencao: foco visual fora da direcao,25.616058293924308
1777740849.2452157,918,True,0.3033871866417955,0.34870122370372086,0.3260442051727582,0.009307629866392669,False,False,0.03289473684210526,0,0,35.90196799039841,False,True,6.793332900245224,50.0,Atencao,Atencao: foco visual fora da direcao,25.659949020972668
1777740849.2806878,919,True,0.30484098329637355,0.35669265962853647,0.330766821462455,0.009555721132856137,False,False,0.03285870755750274,0,0,35.64575582851063,False,True,6.775568265517987,50.0,Atencao,Atencao: foco visual fora da direcao,25.917425067428297
1777740849.3183327,920,True,0.30542906131170416,0.3584519872727052,0.33194052429220466,0.010041171052666364,False,False,0.03282275711159737,0,0,35.719221948493605,False,True,6.774298385205148,50.0,Atencao,Atencao: foco visual fora da direcao,25.99288266895164
1777740849.3516736,921,True,0.3023485326446241,0.3518655394597916,0.3271070360522078,0.012778705669767243,False,False,0.03278688524590164,0,0,35.449518830667834,False,True,6.755880847780697,50.0,Atencao,Atencao: foco visual fora da direcao,26.346277650875624
1777740849.3862102,922,True,0.30386108628472247,0.3529224401095511,0.3283917631971368,0.01185032767256315,False,False,0.03275109170305677,0,0,35.547200457074425,False,True,6.755843316959856,50.0,Atencao,Atencao: foco visual fora da direcao,26.66292144352003
1777740849.419151,923,True,0.30429163296240763,0.35701390808173256,0.3306527705220701,0.014924111501576572,False,False,0.03271537622682661,0,0,35.08230775974013,False,True,6.727687804111495,50.0,Atencao,Atencao: foco visual fora da direcao,27.014085280398398
1777740849.4606245,924,True,0.30288765840138204,0.3454388199796317,0.3241632391905069,0.010185437301483607,False,False,0.032679738562091505,0,0,35.10738738395951,False,True,6.724041606421387,50.0,Atencao,Atencao: foco visual fora da direcao,26.73100380425304
1777740849.496395,925,True,0.30541107491276576,0.35074967354967773,0.3280803742312217,0.012601395021043033,False,False,0.03264417845484222,0,0,35.17252765352076,False,True,6.722409105152673,50.0,Atencao,Atencao: foco visual fora da direcao,26.854191071423692
1777740849.5302434,926,True,0.3036436023008594,0.3539101519189941,0.32877687710992676,0.012102280193532296,False,False,0.03260869565217391,0,0,34.82615075165575,False,True,6.70021137469253,50.0,Atencao,Atencao: foco visual fora da direcao,27.092124582683113
1777740849.5678072,927,True,0.3050653054220395,0.35222693744901923,0.3286461214355294,0.011441071840567939,False,False,0.03257328990228013,0,0,35.084212670001115,False,True,6.708246179999403,50.0,Atencao,Atencao: foco visual fora da direcao,27.05615139312792
1777740849.601241,928,True,0.30654484374600116,0.3537565505554119,0.33015069715070655,0.010730636637368996,False,False,0.03253796095444685,0,0,34.548749081113115,False,True,6.676615270227927,50.0,Atencao,Atencao: foco visual fora da direcao,27.34543593986253
1777740849.6371572,929,True,0.3083915952098735,0.3369412730711163,0.3226664341404949,0.009246168090423909,False,False,0.032502708559046585,0,0,35.028021714362225,False,True,6.695731697522846,50.0,Atencao,Atencao: foco visual fora da direcao,27.419612863654475
1777740849.6758344,930,True,0.3086112319469506,0.34603068853642543,0.327320960241688,0.010878311847111138,False,False,0.032467532467532464,0,0,34.89721757932143,False,True,6.684354778187615,50.0,Atencao,Atencao: foco visual fora da direcao,27.24291837591464
1777740849.7092698,931,True,0.3035422249760398,0.3446400266399204,0.32409112580798005,0.008154978565602121,False,False,0.032432432432432434,0,0,35.07000145695426,False,True,6.688167717243003,50.0,Atencao,Atencao: foco visual fora da direcao,27.508967738242927
1777740849.7435257,932,True,0.3053627035447222,0.3534168837891961,0.3293897936669592,0.009575681033542536,False,False,0.032397408207343416,0,0,34.82462019378489,False,True,6.671082823134794,50.0,Atencao,Atencao: foco visual fora da direcao,27.68343327159637
1777740849.7828407,933,True,0.3049419738170893,0.3595365236133575,0.33223924871522337,0.010333829285715919,False,False,0.032362459546925564,0,0,35.16847728707573,False,True,6.68347023699188,50.0,Atencao,Atencao: foco visual fora da direcao,27.46552479295551
1777740849.819529,934,True,0.30810761503279305,0.35125436058173126,0.3296809878072622,0.008570447267779679,False,False,0.032327586206896554,0,0,35.54502635869113,False,True,6.697502606318662,50.0,Atencao,Atencao: foco visual fora da direcao,27.449705622577998
1777740849.8554974,935,True,0.307155330253101,0.3634215348106082,0.3352884325318546,0.011024668552468591,False,False,0.03229278794402583,0,0,35.213309098915616,False,True,6.676131982185162,50.0,Atencao,Atencao: foco visual fora da direcao,27.476238462172944
1777740849.8868442,936,True,0.3087459449397896,0.3635392161626323,0.33614258055121093,0.007788490440407677,False,False,0.03225806451612903,0,0,34.687034111673185,False,True,6.645043761487231,50.0,Atencao,Atencao: foco visual fora da direcao,27.81080112315449
1777740849.9223628,937,True,0.30598630563916973,0.3598911258410745,0.3329387157401221,0.007095068476515094,False,False,0.0322234156820623,0,0,34.679172376069154,False,True,6.639886460022853,50.0,Atencao,Atencao: foco visual fora da direcao,27.933540695433923
1777740849.9573686,938,True,0.3120516577554035,0.3585671201622942,0.3353093889588489,0.007297722400417025,False,False,0.032188841201716736,0,0,35.05950170484456,False,True,6.654148935414108,50.0,Atencao,Atencao: foco visual fora da direcao,28.007964840617394
1777740849.9936485,939,True,0.30805145669001444,0.3567710835201454,0.3324112701050799,0.01048686107220549,False,False,0.03215434083601286,0,0,34.40258679660884,False,True,6.61655938971804,50.0,Atencao,Atencao: foco visual fora da direcao,27.942443007423407
1777740850.0296032,940,True,0.3108229745324722,0.3619363728077637,0.33637967367011795,0.011374402412157744,False,False,0.032119914346895075,0,0,34.50070261955261,False,True,6.616731538611533,50.0,Atencao,Atencao: foco visual fora da direcao,27.924480377500824
1777740850.0771096,941,True,0.3095847189014412,0.36880246931445837,0.3391935941079498,0.011578510811470986,False,False,0.03208556149732621,0,0,34.53725316145203,False,True,6.613835548890784,50.0,Atencao,Atencao: foco visual fora da direcao,27.248335918370355
1777740850.113235,942,True,0.3083422919849442,0.36171774405331214,0.33503001801912813,0.009241226141111829,False,False,0.03205128205128205,0,0,34.61027979850769,False,True,6.612773456912496,50.0,Atencao,Atencao: foco visual fora da direcao,27.283577292025452
1777740850.1508286,943,True,0.3129598429191177,0.3621918244360646,0.33757583367759114,0.009262213482493635,False,False,0.032017075773746,0,0,34.888122750954196,False,True,6.6219622413736134,50.0,Atencao,Atencao: foco visual fora da direcao,27.21019724692421
1777740850.1981835,944,True,0.31078505024957676,0.35682430111428237,0.33380467568192956,0.011800377971662368,False,False,0.031982942430703626,0,0,34.873627540198235,False,True,6.61654414616749,50.0,Atencao,Atencao: foco visual fora da direcao,26.618218707578123
1777740850.2335973,945,True,0.3083418515612849,0.36672834087847506,0.33753509621988,0.010796198757871531,False,False,0.03194888178913738,0,0,34.69690455144102,False,True,6.60302465851427,50.0,Atencao,Atencao: foco visual fora da direcao,26.75830998398504
1777740850.2690592,946,True,0.31063267596568306,0.36260931559090687,0.33662099577829496,0.01229844630676277,False,False,0.031914893617021274,0,0,34.58226556398651,False,True,6.592619335475581,50.0,Atencao,Atencao: foco visual fora da direcao,26.914209089363908
1777740850.3027787,947,True,0.3127592048505105,0.36784966275396014,0.3403044338022353,0.014453853592059121,False,False,0.031880977683315624,0,0,34.951352918689906,False,True,6.606410262326222,50.0,Atencao,Atencao: foco visual fora da direcao,27.17981080885059
1777740850.3394406,948,True,0.31348471950032897,0.3619186667516121,0.33770169312597054,0.012373961737431742,False,False,0.03184713375796178,0,0,34.91179495670578,False,True,6.599778824490864,50.0,Atencao,Atencao: foco visual fora da direcao,27.207332595423004
1777740850.3786607,949,True,0.313152170202394,0.36510905636801555,0.3391306132852048,0.012865897667295121,False,False,0.031813361611876985,0,0,34.735454298691316,False,True,6.5863181215034805,50.0,Atencao,Atencao: foco visual fora da direcao,27.028043942664077
1777740850.4120998,950,True,0.31423513219787946,0.36186628244259006,0.3380507073202348,0.016734137412346816,False,False,0.03177966101694915,0,0,34.61220862431959,False,True,6.575522005982318,50.0,Atencao,Atencao: foco visual fora da direcao,27.29589541181911
1777740850.4453032,951,True,0.31097119190139005,0.36778349724309023,0.3393773445722401,0.017505592232373565,False,False,0.031746031746031744,0,0,34.301167438246985,False,True,6.555345921927543,50.0,Atencao,Atencao: foco visual fora da direcao,27.570219971489266
1777740850.479521,952,True,0.3105496968129477,0.3613506166947937,0.3359501567538707,0.014594707047345301,False,False,0.03171247357293869,0,0,34.47130924680016,False,True,6.559238763554907,50.0,Atencao,Atencao: foco visual fora da direcao,27.74086412537143
1777740850.512115,953,True,0.31511867735201,0.36873467061486154,0.3419266739834358,0.018200718192445883,False,False,0.03167898627243928,0,0,34.44344706047664,False,True,6.553241150420062,50.0,Atencao,Atencao: foco visual fora da direcao,28.011594372703502
1777740850.5463455,954,True,0.31200466643420427,0.37198486605868836,0.3419947662464463,0.023073082505835646,False,False,0.03164556962025317,0,0,34.87252600734884,False,True,6.570100308088082,50.0,Atencao,Atencao: foco visual fora da direcao,28.169662692233516
1777740850.5845501,955,True,0.31133842438314724,0.37657560658944866,0.343957015486298,0.02900836617319704,False,False,0.03161222339304531,0,0,35.00071169300513,False,True,6.5719244861298165,50.0,Atencao,Atencao: foco visual fora da direcao,27.97425137205041
1777740850.6203682,956,True,0.3071961366676491,0.3650954681649724,0.33614580241631076,0.043286813897093164,False,False,0.031578947368421054,0,0,34.28509892279452,False,True,6.53156839423345,50.0,Atencao,Atencao: foco visual fora da direcao,27.938555299319617
1777740850.6564317,957,True,0.3070509794556113,0.3664767525231225,0.3367638659893669,0.04227277240786406,False,False,0.031545741324921134,0,0,34.300955580581316,False,True,6.527795396141551,50.0,Atencao,Atencao: foco visual fora da direcao,27.933228875064422
1777740850.691901,958,True,0.3080268581657774,0.36405398734732236,0.3360404227565499,0.05344813927728551,False,False,0.031512605042016806,0,0,33.96804320161993,False,True,6.506593538294137,50.0,Atencao,Atencao: foco visual fora da direcao,27.958641559404313
1777740850.733233,959,True,0.30646477955437457,0.36272620088924795,0.33459549022181123,0.06500558174004334,False,False,0.03147953830010493,0,0,33.77886314337904,False,True,6.492587858369209,50.0,Atencao,Atencao: foco visual fora da direcao,27.581935199566637
1777740850.7707193,960,True,0.3070833166546103,0.35551339308670227,0.3312983548706563,0.14999997048394068,False,False,0.031446540880503145,0,0,34.0145382149653,False,True,6.499834466753277,50.0,Atencao,Atencao: foco visual fora da direcao,27.454655973882915
1777740850.8058684,961,True,0.30697594660208466,0.35849611166578566,0.3327360291339352,0.1760507194392171,False,False,0.031413612565445025,0,0,34.22079607139934,False,True,6.505619716254486,50.0,Atencao,Atencao: foco visual fora da direcao,27.600617294358706
1777740850.8436284,962,True,0.30732970226955325,0.3586486331027419,0.3329891676861476,0.1784793196425112,False,False,0.03138075313807531,0,0,34.20240353345871,False,True,6.500181918094121,50.0,Atencao,Atencao: foco visual fora da direcao,27.481335546964598
1777740850.8768663,963,True,0.31482408739983025,0.34986112320483376,0.332342605302332,0.2164480201258257,False,False,0.03134796238244514,0,0,33.47401760220527,False,True,6.4592538926323,50.0,Atencao,Atencao: foco visual fora da direcao,27.753127461768173
1777740850.9108684,964,True,0.3129913553551164,0.3596346898832481,0.3363130226191823,0.22219957167113083,False,False,0.031315240083507306,0,0,33.78335455601866,False,True,6.470221424219017,50.0,Atencao,Atencao: foco visual fora da direcao,27.914853416899682
1777740850.942638,965,True,0.3095096616536997,0.362194919183291,0.33585229041849535,0.22955076725509335,False,False,0.03128258602711158,0,0,33.62202843210913,False,True,6.457665185269128,50.0,Atencao,Atencao: foco visual fora da direcao,28.259039150898936
1777740850.9763093,966,True,0.31511957389710576,0.3885534264041819,0.3518365001506438,0.262714301839149,False,False,0.03125,0,0,34.85248940099369,False,True,6.514707654985514,50.0,Atencao,Atencao: foco visual fora da direcao,28.404170616838325
1777740851.0119915,967,True,0.32138109917341395,0.3804383179951248,0.3509097085842694,0.3871702494903542,False,False,0.031217481789802288,0,0,35.467383851246396,False,True,6.540981123595964,50.0,Atencao,Atencao: foco visual fora da direcao,28.373397372178488
1777740851.0540905,968,True,0.3130192973758311,0.3629593719703407,0.3379893346730859,0.41617702253059813,False,False,0.031185031185031187,0,0,34.01728780865669,False,True,6.4640143633104525,50.0,Atencao,Atencao: foco visual fora da direcao,27.90072198555353
1777740851.095106,969,True,0.31776655347979965,0.36260447050342975,0.34018551199161473,0.4222919785004567,False,False,0.03115264797507788,0,0,32.40377072366801,False,True,6.378885817692439,50.0,Atencao,Atencao: foco visual fora da direcao,27.55070971424688
1777740851.1307998,970,True,0.3139372805753194,0.35459594117106963,0.33426661087319454,0.43235961362623987,False,False,0.03112033195020747,0,0,32.576479683139105,False,True,6.383077812246311,50.0,Atencao,Atencao: foco visual fora da direcao,27.58467337259701
1777740851.1761897,971,True,0.3212641298574771,0.3614237745183653,0.34134395218792124,0.5503609629782421,False,False,0.031088082901554404,0,0,28.967709776488213,False,False,6.198205072723971,50.0,Atencao,Atencao: sinais iniciais de risco,27.019987104655105
1777740851.214115,972,True,0.32334700124614374,0.33809438319268376,0.33072069221941375,0.5586331002413838,False,False,0.031055900621118012,0,0,27.937712817842307,False,False,6.142280161231671,50.0,Atencao,Atencao: sinais iniciais de risco,26.972620728272975
1777740851.252284,973,True,0.3034901322592649,0.34384552373321436,0.3236678279962396,0.6155934057289696,False,False,0.031023784901758014,0,0,27.352499938011164,False,False,6.108603605828115,50.0,Atencao,Atencao: sinais iniciais de risco,26.91965108201737
1777740851.2889018,974,True,0.30427640163134667,0.36118686069568834,0.3327316311635175,0.6494924623958334,False,False,0.030991735537190084,0,0,28.54360639019446,False,False,6.163752140809189,50.0,Atencao,Atencao: sinais iniciais de risco,26.972367466535996
1777740851.3303523,975,True,0.30597292930105896,0.32967338724970763,0.3178231582753833,0.7393452815822554,False,True,0.030959752321981424,0,0,27.533512759208676,False,False,6.108849767168708,50.0,Atencao,Atencao: sinais iniciais de risco,26.67295349808651
1777740851.3653073,976,True,0.302931873958136,0.34252809308979953,0.32272998352396776,0.6962853936535496,False,True,0.030927835051546393,0,0,26.90495828119191,False,False,6.073033418583054,50.0,Atencao,Atencao: sinais iniciais de risco,26.86744527648601
1777740851.4029825,977,True,0.2987676551030175,0.3276330009791483,0.3132003280410829,0.734991513065048,False,True,0.030895983522142123,0,0,27.717887551134286,False,False,6.109300296787086,50.0,Atencao,Atencao: sinais iniciais de risco,26.852368776323416
1777740851.4368112,978,True,0.29352608141315506,0.3251366604656382,0.30933137093939667,0.7273401237015842,False,True,0.030864197530864196,0,0,27.081084722822364,False,False,6.073089581570774,50.0,Atencao,Atencao: sinais iniciais de risco,27.103420316959117
1777740851.4714372,979,True,0.2961672915620898,0.31097366230220763,0.3035704769321487,0.7592634580503661,False,True,0.030832476875642344,0,0,27.253864628076553,False,False,6.07736698674048,50.0,Atencao,Atencao: sinais iniciais de risco,27.206753872748607
1777740851.5070686,980,True,0.2781951670771192,0.2973938629376404,0.28779451500737985,0.7696189580779433,False,True,0.030800821355236138,0,0,25.74332497770136,False,False,5.997487370165866,50.0,Atencao,Atencao: sinais iniciais de risco,27.342291033143102
1777740851.5424094,981,True,0.29296305556845603,0.27585836218940907,0.28441070887893255,0.7805079011626272,False,True,0.03076923076923077,0,0,24.07503007487817,False,False,5.909728919448969,50.0,Atencao,Atencao: sinais iniciais de risco,27.47776588868036
1777740851.576795,982,True,0.28271055863548883,0.29918385540734904,0.29094720702141896,0.7753642554214216,False,True,0.030737704918032786,0,0,24.97108319510113,False,False,5.950196770920394,50.0,Atencao,Atencao: sinais iniciais de risco,27.623407356529658
1777740851.609355,983,True,0.29764184944699246,0.2741961358469301,0.2859189926469613,0.8131207297158602,False,True,0.030706243602865915,0,0,24.496803923628548,False,False,5.92215687651132,50.0,Atencao,Atencao: sinais iniciais de risco,27.93161240846955
1777740851.6505458,984,True,0.27627650199723985,0.27492896242266346,0.2756027322099517,0.8016886297557191,False,True,0.03067484662576687,0,0,24.85709526972337,False,False,5.935854359464942,50.0,Atencao,Atencao: sinais iniciais de risco,27.55902605301222
1777740851.684614,985,True,0.28200006024752683,0.2718349123752286,0.2769174863113777,0.7992138986402474,False,True,0.030643513789581207,0,0,24.906086074764076,False,False,5.933995634741449,50.0,Atencao,Atencao: sinais iniciais de risco,27.748154444552544
1777740851.7285106,986,True,0.2720328656079032,0.2600915406875612,0.2660622031477322,0.7482396163897194,False,True,0.030612244897959183,0,0,23.09241702339866,False,False,5.83901270957515,50.0,Atencao,Atencao: sinais iniciais de risco,27.2646414444068
1777740851.7681472,987,True,0.2712020408925706,0.23710862715119974,0.25415533402188517,0.7004613792767364,False,True,0.03058103975535168,0,0,23.35982034992088,False,False,5.84809216879273,50.0,Atencao,Atencao: sinais iniciais de risco,27.003387029503244
1777740851.8042734,988,True,0.263092368313331,0.21788900556840482,0.2404906869408679,0.7059740695211557,False,True,0.03054989816700611,0,0,22.50753883285956,False,False,5.801196124542147,50.0,Atencao,Atencao: sinais iniciais de risco,27.07992362027983
1777740851.8451464,989,True,0.26344037782180163,0.22462852348321952,0.24403445065251056,0.7158186783652407,False,True,0.030518819938962362,0,0,23.05624773854559,False,False,5.824358313470434,50.0,Atencao,Atencao: sinais iniciais de risco,26.86650555907136
1777740851.8870451,990,True,0.2687297217869142,0.2153858564012647,0.24205778909408943,0.7121858209719363,False,True,0.03048780487804878,0,0,21.860525626485995,False,False,5.760307636991837,50.0,Atencao,Atencao: sinais iniciais de risco,26.5477669529973
1777740851.9236753,991,True,0.26891241101627195,0.20402222998112,0.23646732049869595,0.7276808944884523,False,True,0.030456852791878174,0,0,21.994062358953734,False,False,5.762728561766764,50.0,Atencao,Atencao: sinais iniciais de risco,26.64228987732811
1777740851.958384,992,True,0.26037204484253845,0.22122366492228546,0.24079785488241195,0.7276137948876621,False,True,0.030425963488843813,0,0,22.280235641111027,False,False,5.772789946707405,50.0,Atencao,Atencao: sinais iniciais de risco,26.8492149776535
1777740851.992468,993,True,0.2636936264758466,0.19871338867177368,0.23120350757381014,0.7170410132635446,False,True,0.030395136778115502,0,0,22.38948222886432,False,False,5.7740136033699265,50.0,Atencao,Atencao: sinais iniciais de risco,27.049780056652708
1777740852.0290542,994,True,0.25928832309890426,0.207180141885011,0.23323423249195763,0.7218790652594999,False,True,0.030364372469635626,0,0,22.539561624418603,False,False,5.777287480731658,50.0,Atencao,Atencao: sinais iniciais de risco,27.136725576818083
1777740852.0767813,995,True,0.260365839970987,0.19991065585391896,0.23013824791245296,0.7189509393497762,False,True,0.030333670374115267,0,0,22.615719260139898,False,False,5.776873824383673,50.0,Atencao,Atencao: sinais iniciais de risco,26.505193460100887
1777740852.116128,996,True,0.26414385842180726,0.20821933811346696,0.23618159826763713,0.7139096507767912,False,True,0.030303030303030304,0,0,22.37553195709532,False,False,5.760651449457263,50.0,Atencao,Atencao: sinais iniciais de risco,26.392455329201397
1777740852.157037,997,True,0.2650068955967453,0.21166994266413103,0.23833841913043816,0.7007746426679564,False,True,0.030272452068617558,0,0,22.07296025319533,False,False,5.74131835703051,50.0,Atencao,Atencao: sinais iniciais de risco,26.190605292809778
1777740852.202902,998,True,0.26683106660051453,0.21050026792525417,0.23866566726288435,0.7028532747514225,False,True,0.03024193548387097,0,0,22.991206367720256,False,False,5.7830346323541,50.0,Atencao,Atencao: sinais iniciais de risco,25.768728852955643
1777740852.2427976,999,True,0.2707462950981298,0.20954313011933698,0.24014471260873338,0.7021152058204443,False,True,0.030211480362537766,0,0,22.702843738685953,False,False,5.76442892171907,50.0,Atencao,Atencao: sinais iniciais de risco,25.650150994631886
1777740852.28024,1000,True,0.26601755812182587,0.20642049587712946,0.23621902699947767,0.6999266557334692,False,True,0.030181086519114688,0,0,22.67282932183959,False,False,5.758749047406079,50.0,Atencao,Atencao: sinais iniciais de risco,25.760742655021975
1777740852.3189058,1001,True,0.26401242804327424,0.2047434728720478,0.23437795045766102,0.6984110163167943,False,True,0.03015075376884422,0,0,22.564231822165574,False,False,5.749148419260187,50.0,Atencao,Atencao: sinais iniciais de risco,25.81910361679711
1777740852.3518329,1002,True,0.269530280048596,0.20622053291398607,0.23787540648129105,0.7086085252606381,False,True,0.030120481927710843,0,0,22.50031136816198,False,False,5.741790018404169,50.0,Atencao,Atencao: sinais iniciais de risco,26.262426731974152
1777740852.391114,1003,True,0.2676116971485246,0.2103062163424925,0.23895895674550854,0.7163620614336659,False,True,0.03009027081243731,0,0,22.773800907351752,False,False,5.751310467013547,50.0,Atencao,Atencao: sinais iniciais de risco,26.18812889544581
1777740852.428224,1004,True,0.2653212983177249,0.2135789719695749,0.23945013514364988,0.7146707921660087,False,True,0.03006012024048096,0,0,22.794257550077003,False,False,5.7481875955058115,50.0,Atencao,Atencao: sinais iniciais de risco,26.261424895314192
1777740852.4616847,1005,True,0.2673721888243847,0.20720223448410605,0.23728721165424538,0.7120154563435187,False,True,0.03003003003003003,0,0,22.64174366755919,False,False,5.736424497442918,50.0,Atencao,Atencao: sinais iniciais de risco,26.589998426181882
1777740852.497473,1006,True,0.25042228502191805,0.21724125982667272,0.23383177242429537,0.6998880191873006,False,True,0.03,0,0,22.948813455755058,False,False,5.747648857723583,50.0,Atencao,Atencao: sinais iniciais de risco,26.73604767379869
1777740852.5331087,1007,True,0.25381517354416383,0.2081867056630596,0.23100093960361173,0.6972469359181205,False,True,0.029970029970029972,0,0,22.72508034760302,False,False,5.732341323195102,50.0,Atencao,Atencao: sinais iniciais de risco,26.88045564320509
1777740852.567643,1008,True,0.2656647780969004,0.20499210033017443,0.2353284392135374,0.7007627510457921,False,True,0.029940119760479042,0,0,22.83406068194996,False,False,5.733677686099195,50.0,Atencao,Atencao: sinais iniciais de risco,27.09392118808761
1777740852.6039839,1009,True,0.2607680229389831,0.23116393640003918,0.24596597966951114,0.7280308000909224,False,True,0.02991026919242273,0,0,23.00880309370431,False,False,5.73831035357917,50.0,Atencao,Atencao: sinais iniciais de risco,27.130718043126272
1777740852.6382663,1010,True,0.26778078554827434,0.2320626884579356,0.24992173700310497,0.6973172297737747,False,True,0.029880478087649404,0,0,23.408205383203246,False,False,5.754184191147785,50.0,Atencao,Atencao: sinais iniciais de risco,27.321820120391497
1777740852.67495,1011,True,0.24599690181029316,0.20200783843017578,0.22400237012023447,0.6436608946325435,False,False,0.029850746268656716,0,0,24.768703262372448,False,False,5.818120959994751,50.0,Atencao,Atencao: sinais iniciais de risco,27.326185241199113
1777740852.7106075,1012,True,0.27447465594639603,0.2527869017328939,0.263630778839645,0.6323087216684654,False,False,0.02982107355864811,0,0,23.935814034396948,False,False,5.772396500969792,50.0,Atencao,Atencao: sinais iniciais de risco,27.32967208952305
1777740852.7548847,1013,True,0.25178026239428675,0.21434745438187158,0.23306385838807916,0.6514475451000172,False,True,0.029791459781529295,0,0,24.010553594881834,False,False,5.7720615846402,50.0,Atencao,Atencao: sinais iniciais de risco,26.89631670728815
1777740852.7910597,1014,True,0.2521127252690661,0.23290055078713803,0.24250663802810207,0.6212295445019056,False,False,0.02976190476190476,0,0,23.31392126300118,False,False,5.733166152847793,50.0,Atencao,Atencao: sinais iniciais de risco,26.98696506574499
1777740852.8268027,1015,True,0.24546522582703972,0.2333034262638822,0.23938432604546095,0.6208569989539142,False,False,0.02973240832507433,0,0,24.47451673908667,False,False,5.787140166587883,50.0,Atencao,Atencao: sinais iniciais de risco,27.056013260403738
1777740852.8617215,1016,True,0.2598814893966743,0.2556770478103512,0.25777926860351275,0.6335545423920611,False,False,0.0297029702970297,0,0,23.471134276281703,False,False,5.732923314591499,50.0,Atencao,Atencao: sinais iniciais de risco,27.25516789369397
1777740852.8949282,1017,True,0.25886021878210297,0.26639725045733226,0.2626287346197176,0.626345660259811,False,False,0.02967359050445104,0,0,24.188458128408953,False,False,5.764749785718295,50.0,Atencao,Atencao: sinais iniciais de risco,27.51961677864813
1777740852.9306786,1018,True,0.2614729697975431,0.2584397474195475,0.25995635860854527,0.6534798383004031,False,True,0.029644268774703556,0,0,24.666291456872763,False,False,5.784609714301206,50.0,Atencao,Atencao: sinais iniciais de risco,27.57778844090813
1777740852.965783,1019,True,0.20943284370642803,0.2633502898993962,0.23639156680291212,0.6320456340418317,False,False,0.029615004935834157,0,0,21.24551902548833,False,False,5.609547314887443,50.0,Atencao,Atencao: sinais iniciais de risco,27.652188817507138
1777740853.0013375,1020,True,0.13556906077163583,0.2057730755503064,0.1706710681609711,0.6189033116607761,True,False,0.03057199211045365,0,0,23.2405678125945,False,False,5.840885490752932,50.0,Atencao,Atencao: sinais iniciais de risco,27.722096013271376
1777740853.039454,1021,True,0.17861534383860403,0.22381483530082585,0.20121508956971496,0.6151379224247813,True,False,0.03152709359605911,0,0,22.618083024295892,False,False,5.941087705608751,50.0,Atencao,Atencao: sinais iniciais de risco,27.555450856793847
1777740853.08565,1022,True,0.194642042807656,0.22207890922896523,0.20836047601831062,0.6128288898937874,True,False,0.03248031496062992,0,0,21.806090386076406,False,False,6.031556011326264,50.0,Atencao,Atencao: sinais iniciais de risco,26.966189725626382
1777740853.1256075,1023,True,0.19982966424345433,0.23433236706912275,0.21708101565628854,0.6266577984455103,False,False,0.032448377581120944,0,0,22.11282973966815,False,False,6.039146312919362,50.0,Atencao,Atencao: sinais iniciais de risco,26.766748943333504
1777740853.1635318,1024,True,0.20559203246116312,0.21157517747226506,0.20858360496671408,0.6179055431784207,True,False,0.03339882121807466,0,0,20.993045683611523,False,False,6.113843110197666,50.0,Atencao,Atencao: sinais iniciais de risco,26.73314339095234
1777740853.2125385,1025,True,0.20504181987261125,0.17724713436200523,0.19114447711730825,0.6210734976092614,True,False,0.03434739941118744,0,0,21.111807750300926,False,False,6.250210715085144,50.0,Atencao,Atencao: sinais iniciais de risco,26.07807806019383
1777740853.2507982,1026,True,0.21805597316624545,0.1941590210976009,0.20610749713192317,0.6248659960736934,True,False,0.03529411764705882,0,0,21.89429958273064,False,False,6.4195090641389445,50.0,Atencao,Atencao: sinais iniciais de risco,26.132152629196124
1777740853.286054,1027,True,0.23932046143134045,0.24868198668033145,0.24400122405583596,0.6432070292778227,False,False,0.03525954946131244,0,0,22.963020299781455,False,False,6.464882320331671,50.0,Atencao,Atencao: sinais iniciais de risco,26.337752393669735
1777740853.3232913,1028,True,0.24688231540625824,0.25473705561274806,0.25080968550950317,0.6315965300761226,False,False,0.03522504892367906,0,0,23.13483704870397,False,False,6.468729333853208,50.0,Atencao,Atencao: sinais iniciais de risco,26.399082574044154
1777740853.3604152,1029,True,0.2367492384750131,0.2621615597161414,0.24945539909557726,0.6260295563345688,False,False,0.03519061583577713,0,0,21.7352423410524,False,False,6.394015048884113,50.0,Atencao,Atencao: sinais iniciais de risco,26.459833278042403
1777740853.3944724,1030,True,0.2596293151696159,0.26569149112771245,0.2626604031486642,0.630951031250832,False,False,0.03515625,0,0,21.50826182202859,False,False,6.377940720513568,50.0,Atencao,Atencao: sinais iniciais de risco,26.74988835599108
1777740853.4341016,1031,True,0.2527035202026261,0.27745508382096395,0.265079302011795,0.6349690677784121,False,False,0.0351219512195122,0,0,21.5979443506761,False,False,6.377708764628871,50.0,Atencao,Atencao: sinais iniciais de risco,26.610621500371032
1777740853.4777224,1032,True,0.2620225790941308,0.2841768652470106,0.27309972217057066,0.6552522448213457,False,True,0.03508771929824561,0,0,21.422450936653394,False,False,6.364227204753579,50.0,Atencao,Atencao: sinais iniciais de risco,26.23303974041463
1777740853.5137985,1033,True,0.2689049290229994,0.26835679017845065,0.268630859600725,0.6690066618668097,False,True,0.035053554040895815,0,0,21.981513080813667,False,False,6.387482589075995,50.0,Atencao,Atencao: sinais iniciais de risco,26.37402993440419
1777740853.5464766,1034,True,0.26530471036384834,0.28276181023757874,0.2740332603007135,0.6539155127143901,False,True,0.03501945525291829,0,0,22.034161180528724,False,False,6.385426410714839,50.0,Atencao,Atencao: sinais iniciais de risco,26.813673097804607
1777740853.5802479,1035,True,0.2592017238384871,0.2747479066125333,0.2669748152255102,0.6558619684085385,False,True,0.03498542274052478,0,0,22.550483821467918,False,False,6.406563072307691,50.0,Atencao,Atencao: sinais iniciais de risco,27.08682975689758
1777740853.612548,1036,True,0.2712904033213911,0.2963154495290109,0.283802926425201,0.6757596427825856,False,True,0.03495145631067961,0,0,22.05420541411096,False,False,6.3770787678361325,50.0,Atencao,Atencao: sinais iniciais de risco,27.468181108818833
1777740853.6488235,1037,True,0.26678531169650527,0.3080981708402189,0.2874417412683621,0.6637297267279341,False,True,0.03491755577109602,0,0,22.263334628126838,False,False,6.382873904344182,50.0,Atencao,Atencao: sinais iniciais de risco,27.467868755997344
1777740853.8740401,1038,True,0.3109769780565337,0.29865872074629685,0.30481784940141526,0.6890310235329263,False,True,0.03488372093023256,0,0,24.98855028856884,False,False,6.514482396747556,50.0,Atencao,Atencao: sinais iniciais de risco,25.165281126875538
1777740853.9086468,1039,True,0.3006789289830856,0.31419463827808675,0.3074367836305862,0.7604716727940342,False,True,0.03484995159728945,0,0,25.772343039512634,False,False,6.549028751015069,50.0,Atencao,Atencao: sinais iniciais de risco,25.531635898618916
1777740853.9434764,1040,True,0.3065997682259235,0.33467123677276417,0.3206355024993438,0.7082244105996452,False,True,0.03481624758220503,0,0,24.929605572873893,False,False,6.502257575609025,50.0,Atencao,Atencao: sinais iniciais de risco,25.864042148885982
1777740853.9812734,1041,True,0.3158664042123847,0.3279000754083377,0.3218832398103612,0.7093018988712493,False,True,0.034782608695652174,0,0,26.589285192164503,False,False,6.580616209672537,50.0,Atencao,Atencao: sinais iniciais de risco,25.91825752902445
1777740854.0164785,1042,True,0.3143722940862699,0.35155156538684623,0.332961929736558,0.6957562217792065,False,True,0.03474903474903475,0,0,26.550846005027946,False,False,6.574077832655813,50.0,Atencao,Atencao: sinais iniciais de risco,26.177237700198244
1777740854.0533867,1043,True,0.30094902281477126,0.3503044375565159,0.3256267301856436,0.7034474861512945,False,True,0.03471552555448409,0,0,26.60201651833274,False,False,6.572028844070337,50.0,Atencao,Atencao: sinais iniciais de risco,26.266254797758588
1777740854.0954096,1044,True,0.24924357429842472,0.28541074666094224,0.26732716047968347,0.6741645140756124,False,True,0.03468208092485549,0,0,24.420237443663854,False,False,6.45834125376296,50.0,Atencao,Atencao: sinais iniciais de risco,25.987603836350143
1777740854.1344786,1045,True,0.255589954563397,0.3038656333680081,0.2797277939657026,0.6524974321368613,False,True,0.03464870067372473,0,0,21.552543887766923,False,False,6.310366791437635,50.0,Atencao,Atencao: sinais iniciais de risco,25.96737255548969
1777740854.1700995,1046,True,0.2798839372543799,0.31826586970986,0.29907490348211996,0.6657433237658688,False,True,0.03461538461538462,0,0,21.410702195763587,False,False,6.298693748815701,50.0,Atencao,Atencao: sinais iniciais de risco,26.15867461562557
1777740854.2184975,1047,True,0.26305257885730615,0.3363474678434107,0.2997000233503584,0.6496139390785041,False,False,0.0345821325648415,0,0,20.967413664135066,False,False,6.271957165284597,50.0,Atencao,Atencao: sinais iniciais de risco,25.632094956944485
1777740854.253914,1048,True,0.275954749387461,0.30367203673273285,0.2898133930600969,0.6448850866160429,False,False,0.0345489443378119,0,0,23.539254799756137,False,False,6.395985840849081,50.0,Atencao,Atencao: sinais iniciais de risco,25.858846067859325
1777740854.2908177,1049,True,0.2616275396389198,0.3029806788767975,0.28230410925785865,0.6539555729488336,False,True,0.03451581975071908,0,0,23.83447314013134,False,False,6.406192127142578,50.0,Atencao,Atencao: sinais iniciais de risco,26.00395578858012
1777740854.3264554,1050,True,0.26028052376740196,0.30009997488373225,0.28019024932556713,0.6530226121747459,False,True,0.034482758620689655,0,0,24.682216277447612,False,False,6.444033378629346,50.0,Atencao,Atencao: sinais iniciais de risco,26.209860913728185
1777740854.3590014,1051,True,0.27530058826952175,0.278721398426315,0.27701099334791834,0.6428021120570374,False,False,0.03444976076555024,0,0,24.938615763729267,False,False,6.452316147861759,50.0,Atencao,Atencao: sinais iniciais de risco,26.53131481212793
1777740854.3952146,1052,True,0.2756778073802568,0.2910750008744465,0.28337640412735166,0.6433249387133853,False,False,0.03441682600382409,0,0,24.52893494746902,False,False,6.427303577311402,50.0,Atencao,Atencao: sinais iniciais de risco,26.744087669119114
1777740854.4326935,1053,True,0.29674085545585127,0.31743105901493773,0.3070859572353945,0.6341177493534319,False,False,0.034383954154727794,0,0,26.44842459830371,False,False,6.518758180602395,50.0,Atencao,Atencao: sinais iniciais de risco,26.6842562152421
1777740854.4693127,1054,True,0.2974122519529955,0.3421607284078257,0.3197864901804106,0.648857972292801,False,False,0.03435114503816794,0,0,25.87405190088532,False,False,6.485528292204496,50.0,Atencao,Atencao: sinais iniciais de risco,26.814959502730566
1777740854.505642,1055,True,0.29835921363531326,0.3586125610367976,0.32848588733605544,0.6014369244961849,False,False,0.034318398474737846,0,0,27.307526382532988,False,False,6.5526993638152415,50.0,Atencao,Atencao: sinais iniciais de risco,26.85601883438326
1777740854.5402036,1056,True,0.3033755496423479,0.34895270966870773,0.3261641296555278,0.6259396288439519,False,False,0.03428571428571429,0,0,28.39718516848304,False,False,6.602688227122004,50.0,Atencao,Atencao: sinais iniciais de risco,27.066810074963872
1777740854.574407,1057,True,0.30533461538948525,0.36047782733287986,0.33290622136118253,0.5897844973444315,False,False,0.03425309229305423,0,0,30.736396373943847,False,False,6.715163263404287,50.0,Atencao,Atencao: sinais iniciais de risco,27.327426479626947
1777740854.6097724,1058,True,0.32033981898428865,0.3352498921855946,0.3277948555849416,0.5505859201568322,False,False,0.034220532319391636,0,0,31.48323579647324,False,True,6.74802823815215,50.0,Atencao,Atencao: sinais iniciais de risco,27.41606766590616
1777740854.6439424,1059,True,0.3209232344928294,0.3459743883581207,0.33344881142547506,0.505534424766126,False,False,0.03418803418803419,0,0,32.90902209173549,False,True,6.814849059853613,50.0,Atencao,Atencao: sinais iniciais de risco,27.577555597833236
1777740854.6798632,1060,True,0.3201849929991875,0.3530286109110074,0.33660680195509746,0.4221454015330892,False,False,0.03415559772296015,0,0,35.170784025300634,False,True,6.92347714258419,50.0,Atencao,Atencao: sinais iniciais de risco,27.601549537511325
1777740854.7179637,1061,True,0.3096002543651357,0.3532688166926275,0.3314345355288816,0.44532551577632734,False,False,0.034123222748815164,0,0,34.125570346008644,False,True,6.866764899674655,50.0,Atencao,Atencao: sinais iniciais de risco,27.485134735253013
1777740854.7522607,1062,True,0.3150881016727661,0.3514728432031235,0.3332804724379448,0.3755690500465998,False,False,0.03409090909090909,0,0,37.17818160002882,False,True,7.014952334413579,50.0,Atencao,Atencao: sinais iniciais de risco,27.654361411297003
1777740854.795221,1063,True,0.28339688119824014,0.34049454788559874,0.31194571454191944,0.30791973973488906,False,False,0.03405865657521287,0,0,36.91930980682373,False,True,6.997574023845094,50.0,Atencao,Atencao: sinais iniciais de risco,27.200887596844588
1777740854.833659,1064,True,0.28772174874748163,0.34545269107734144,0.31658721991241157,0.26855714949049064,False,False,0.034026465028355386,0,0,38.141904449462885,False,True,7.054277418284148,50.0,Atencao,Atencao: sinais iniciais de risco,27.093770672932923
1777740854.871415,1065,True,0.2979717837033571,0.3729266116335275,0.3354491976684423,0.2736238469075063,False,False,0.0339943342776204,0,0,37.49466488361358,False,True,7.017497461765622,50.0,Atencao,Atencao: sinais iniciais de risco,27.028476278780534
1777740854.9077978,1066,True,0.2967676208046583,0.34820821108604477,0.32248791594535153,0.1842241655802104,False,False,0.033962264150943396,0,0,36.557125008106226,False,True,6.9662108255721655,50.0,Atencao,Atencao: sinais iniciais de risco,27.027652198848976
1777740854.9467247,1067,True,0.2923012788396148,0.3557899733473599,0.32404562609348736,0.1923972786820163,False,False,0.033930254476908575,0,0,35.89251470565796,False,True,6.928578980269965,50.0,Atencao,Atencao: sinais iniciais de risco,26.932734512799218
1777740854.9836597,1068,True,0.3099887671123543,0.36770343083785195,0.3388460989751031,0.15535401290465414,False,False,0.03389830508474576,0,0,36.31573209762573,False,True,6.945346808445967,50.0,Atencao,Atencao: sinais iniciais de risco,26.95657917945448
1777740855.0203805,1069,True,0.2883056877814837,0.36199965101133985,0.32515266939641174,0.08407976126105998,False,False,0.03386641580432737,0,0,36.20738233327865,False,True,6.9355445441710835,50.0,Atencao,Atencao: sinais iniciais de risco,26.986964787730116
1777740855.0571046,1070,True,0.28845835801704434,0.3408966196844756,0.31467748885075997,0.08373861591782811,False,False,0.03383458646616541,0,0,35.69671022891998,False,True,6.905634404955881,50.0,Atencao,Atencao: sinais iniciais de risco,27.023288602810972
1777740855.103013,1071,True,0.28742112023093314,0.34898170199442874,0.31820141111268097,0.015009133435159801,False,False,0.03380281690140845,0,0,36.30599610805511,False,True,6.931730383758555,50.0,Atencao,Atencao: sinais iniciais de risco,26.506522788783112
1777740855.1434214,1072,True,0.2920940474993788,0.378138748459869,0.3351163979796239,0.026749602696183872,False,False,0.03377110694183865,0,0,37.04697136878967,False,True,6.964419027354435,50.0,Atencao,Atencao: sinais iniciais de risco,26.27852719286169
1777740855.1827712,1073,True,0.28612409066507194,0.365537395818876,0.325830743241974,0.006511464718066713,False,False,0.033739456419868794,0,0,37.10786137580872,False,True,6.963111580934533,50.0,Atencao,Atencao: sinais iniciais de risco,26.17701154084828
1777740855.2295446,1074,True,0.2845740998825815,0.3740360975229091,0.32930509870274527,0.006560654682914889,False,False,0.033707865168539325,0,0,37.12625660896301,False,True,6.959687545534445,50.0,Atencao,Atencao: sinais iniciais de risco,25.744104654038377
1777740855.2667415,1075,True,0.28527992918496575,0.37325409147990524,0.3292670103324355,0.006346192044459234,False,False,0.03367633302151544,0,0,37.07454404830932,False,True,6.952766247285976,50.0,Atencao,Atencao: sinais iniciais de risco,25.822523695819207
1777740855.3024297,1076,True,0.2874952305357362,0.3732658632487007,0.33038054689221846,0.0066336016588152075,False,False,0.03364485981308411,0,0,37.03940603733062,False,True,6.946681780577735,50.0,Atencao,Atencao: sinais iniciais de risco,26.060175336597595
1777740855.338013,1077,True,0.2899304740587359,0.38753285443644553,0.3387316642475907,0.005335762411022456,False,False,0.03361344537815126,0,0,37.33217837810516,False,True,6.957000912813194,50.0,Atencao,Atencao: sinais iniciais de risco,26.23595373230939
1777740855.3745728,1078,True,0.2867209112741534,0.37243488041356415,0.32957789584385877,0.00668568383417779,False,False,0.033582089552238806,0,0,37.13004946708679,False,True,6.942583041199313,50.0,Atencao,Atencao: sinais iniciais de risco,26.38610649622519
1777740855.4087822,1079,True,0.2940538110400175,0.39116919590195065,0.34261150347098407,0.005954508408208336,False,False,0.033550792171481825,0,0,37.592949175834654,False,True,6.961424636782621,50.0,Atencao,Atencao: sinais iniciais de risco,26.655165698148323
1777740855.4421537,1080,True,0.29302254303524977,0.37011064857568,0.3315665958054649,0.006820020266260533,False,False,0.0335195530726257,0,0,37.51357960700988,False,True,6.953160782248665,50.0,Atencao,Atencao: sinais iniciais de risco,26.87337998229203
1777740855.4767845,1081,True,0.2946534027696858,0.3699264474854098,0.33228992512754785,0.007341357917559246,False,False,0.03348837209302326,0,0,37.35343563556671,False,True,6.940866198981171,50.0,Atencao,Atencao: sinais iniciais de risco,27.18428202190949
1777740855.515843,1082,True,0.285377855540573,0.3795581571882761,0.33246800636442453,0.0062321306023682185,False,False,0.03345724907063197,0,0,38.17206492424011,False,True,6.977518247836039,50.0,Atencao,Atencao: sinais iniciais de risco,27.025958678597178
1777740855.5512824,1083,True,0.29392685276744474,0.37181064654057594,0.33286874965401037,0.006441709516201606,False,False,0.033426183844011144,0,0,37.9039032459259,False,True,6.959838695259965,50.0,Atencao,Atencao: sinais iniciais de risco,27.162731225280076
1777740855.5861034,1084,True,0.2889923364527643,0.37388243652636494,0.3314373864895646,0.0058473644543724,False,False,0.03339517625231911,0,0,38.14567563533783,False,True,6.967663770872907,50.0,Atencao,Atencao: sinais iniciais de risco,27.30962178441815
1777740855.6203978,1085,True,0.2920487787271662,0.3633859465615791,0.3277173626443727,0.005813037357104323,False,False,0.033364226135310475,0,0,37.95129079818725,False,True,6.95368888792669,50.0,Atencao,Atencao: sinais iniciais de risco,27.498776873815565
1777740855.6552138,1086,True,0.29189616387224165,0.36083120818028996,0.3263636860262658,0.005881311981513816,False,False,0.03333333333333333,0,0,37.95109875202179,False,True,6.949431525346561,50.0,Atencao,Atencao: sinais iniciais de risco,27.63167403091291
1777740855.689033,1087,True,0.2912263996480441,0.37173055010094863,0.33147847487449633,0.006200013548248221,False,False,0.03330249768732655,0,0,38.130564069747926,False,True,6.954164889906935,50.0,Atencao,Atencao: sinais iniciais de risco,27.839692072305656
1777740855.7241123,1088,True,0.290116563818581,0.37087623724743546,0.3304964005330082,0.00608422419718308,False,False,0.033271719038817,0,0,38.120403861999506,False,True,6.949424815349451,50.0,Atencao,Atencao: sinais iniciais de risco,27.882881682995706
1777740855.7601984,1089,True,0.2891123892195076,0.3717243228162414,0.3304183560178745,0.0057516473388101305,False,False,0.0332409972299169,0,0,38.365661191940305,False,True,6.957463433122726,50.0,Atencao,Atencao: sinais iniciais de risco,27.865751306091656
1777740855.7958121,1090,True,0.2880118953155171,0.372288200523033,0.33015004791927505,0.006057770418492697,False,False,0.033210332103321034,0,0,38.325423336029054,False,True,6.951235085420232,50.0,Atencao,Atencao: sinais iniciais de risco,27.876418092187176
1777740855.8382185,1091,True,0.29313022215312895,0.37650022266725225,0.33481522241019057,0.00558331137587325,False,False,0.03317972350230415,0,0,38.402790904045105,False,True,6.950894781181214,50.0,Atencao,Atencao: sinais iniciais de risco,27.44077665959805
1777740855.8735256,1092,True,0.2900446746679622,0.3732485034270129,0.33164658904748756,0.006282979599967677,False,False,0.03314917127071823,0,0,38.073450874198564,False,True,6.930226847845823,50.0,Atencao,Atencao: sinais iniciais de risco,27.53423045381042
1777740855.9080107,1093,True,0.2868111553428339,0.3676644493856594,0.32723780236424665,0.006671514073931212,False,False,0.03311867525298988,0,0,38.22158472537994,False,True,6.933440337967244,50.0,Atencao,Atencao: sinais iniciais de risco,27.702870151768323
1777740855.9437075,1094,True,0.28801393524441016,0.36973363079105814,0.3288737830177342,0.006394957327402674,False,False,0.03308823529411765,0,0,38.20959696769714,False,True,6.928655455738172,50.0,Atencao,Atencao: sinais iniciais de risco,27.725457954723236
1777740855.9796243,1095,True,0.2872266096926193,0.36913443181725075,0.32818052075493503,0.00630181342553236,False,False,0.03305785123966942,0,0,38.02800129381093,False,True,6.91539786455723,50.0,Atencao,Atencao: sinais iniciais de risco,27.703209881486465
1777740856.0158257,1096,True,0.2943228879911445,0.37061091526548895,0.3324669016283167,0.005785487571217151,False,False,0.03302752293577982,0,0,38.647233915328975,False,True,6.942189353848312,50.0,Atencao,Atencao: sinais iniciais de risco,27.736278750751428
1777740856.0520012,1097,True,0.29150486681267485,0.37186204552368074,0.3316834561681778,0.005640719118732739,False,False,0.03299725022914757,0,0,38.32223536968231,False,True,6.921776929404044,50.0,Atencao,Atencao: sinais iniciais de risco,27.699527553081424
1777740856.0937295,1098,True,0.2936247043460338,0.36977419189408134,0.3316994481200576,0.006024915232753651,False,False,0.03296703296703297,0,0,38.17832819115032,False,True,6.910426696936687,50.0,Atencao,Atencao: sinais iniciais de risco,27.339968414498415
1777740856.1349475,1099,True,0.2917085858669625,0.36828695160920766,0.32999776873808506,0.005555255081005518,False,False,0.03293687099725526,0,0,38.361739592118695,False,True,6.915449996140671,50.0,Atencao,Atencao: sinais iniciais de risco,27.023883463358757
1777740856.1791172,1100,True,0.2929074698495022,0.3707795065521521,0.33184348820082715,0.0059440691622116085,False,False,0.03290676416819013,0,0,38.37816881808367,False,True,6.912131768442463,50.0,Atencao,Atencao: sinais iniciais de risco,26.571760650246706
1777740856.2201753,1101,True,0.2978008781627608,0.3739841025231668,0.33589249034296376,0.005544895281615112,False,False,0.03287671232876712,0,0,38.40676701068878,False,True,6.909429550152056,50.0,Atencao,Atencao: sinais iniciais de risco,26.383183999951164
1777740856.2639923,1102,True,0.297017710845299,0.3714009400923534,0.3342093254688262,0.00597964562288753,False,False,0.032846715328467155,0,0,38.64215273857117,False,True,6.917074249004929,50.0,Atencao,Atencao: sinais iniciais de risco,26.038875022200145
1777740856.3028119,1103,True,0.29422463003903054,0.3733560480659786,0.33379033905250455,0.006497734072610835,False,False,0.032816773017319965,0,0,38.38255183154887,False,True,6.899977135871076,50.0,Atencao,Atencao: sinais iniciais de risco,25.965710496488672
1777740856.3445249,1104,True,0.29442727289397347,0.3752090286925216,0.3348181507932475,0.0056586322193669224,False,False,0.03278688524590164,0,0,38.24439830238169,False,True,6.888959890842697,50.0,Atencao,Atencao: sinais iniciais de risco,25.776440311809072
1777740856.3855777,1105,True,0.2923009439884223,0.3724110225874182,0.33235598328792026,0.005602200726863016,False,False,0.03275705186533212,0,0,37.979396862875326,False,True,6.871607729039071,50.0,Atencao,Atencao: sinais iniciais de risco,25.63644131881002
1777740856.4218836,1106,True,0.2996945109511468,0.37048972928218354,0.33509212011666517,0.005860275105054782,False,False,0.03272727272727273,0,0,37.99402298331261,False,True,6.868244403577768,50.0,Atencao,Atencao: sinais iniciais de risco,25.839462192295713
1777740856.4600146,1107,True,0.2996805926624447,0.36652524751556026,0.33310292008900244,0.005633043384525076,False,False,0.0326975476839237,0,0,37.97536798769777,False,True,6.863224460336536,50.0,Atencao,Atencao: sinais iniciais de risco,25.840470505002237
1777740856.5000644,1108,True,0.2982777678201879,0.38345934283448974,0.34086855532733884,0.0052735990834406376,False,False,0.032667876588021776,0,0,38.61182055094025,False,True,6.890967312812144,50.0,Atencao,Atencao: sinais iniciais de risco,25.780050917915723
1777740856.5347874,1109,True,0.2924480871066917,0.36395418317499634,0.32820113514084404,0.005317167058336209,False,False,0.032638259292837715,0,0,37.43392775654793,False,True,6.8280002950047205,50.0,Atencao,Atencao: sinais iniciais de risco,26.05603298593815
1777740856.5726793,1110,True,0.29552304179999084,0.3669300379249778,0.3312265398624843,0.005671762168707273,False,False,0.03260869565217391,0,0,38.013749215819615,False,True,6.852926367377031,50.0,Atencao,Atencao: sinais iniciais de risco,26.111469142684705
1777740856.6095777,1111,True,0.29527796722322597,0.36882524524190485,0.3320516062325654,0.005370970609294933,False,False,0.03257918552036199,0,0,38.18038956685499,False,True,6.857200741804661,50.0,Atencao,Atencao: sinais iniciais de risco,26.214807262675563
1777740856.643651,1112,True,0.2704151503185181,0.3140202982240569,0.2922177242712875,0.005272972482546057,False,False,0.0325497287522604,0,0,37.22174000956795,False,True,6.80521795832634,50.0,Atencao,Atencao: sinais iniciais de risco,26.54124854837605
1777740856.67922,1113,True,0.11342183706073358,0.14112863223432,0.1272752346475268,0.0049248315364178764,True,False,0.03342366757000903,0,0,36.57505525350571,False,True,6.893050307963665,50.0,Atencao,Atencao: sinais iniciais de risco,26.718805685594624
1777740856.7195606,1114,True,0.11192515436979819,0.11735310218657019,0.11463912827818419,0.0036108139629013178,True,False,0.03429602888086643,0,0,35.216712021827696,False,True,6.945082826622656,50.0,Atencao,Atencao: sinais iniciais de risco,26.50016633802747
1777740856.7550514,1115,True,0.06538023912183556,0.10196882010367601,0.08367452961275579,0.004947132691005017,True,False,0.0351668169522092,0,0,36.20882933735847,False,True,7.114422052208826,50.0,Atencao,Atencao: sinais iniciais de risco,26.670514996713262
1777740856.7920587,1116,True,0.08720226935725454,0.051833506853578105,0.06951788810541633,0.005026721101050271,True,False,0.036036036036036036,0,0,36.39549528739669,False,True,7.243272973736928,50.0,Atencao,Atencao: sinais iniciais de risco,26.67964309359457
1777740856.8351803,1117,True,0.06565769081985445,0.06644083159299172,0.06604926120642308,0.006836120195484221,True,False,0.0369036903690369,0,0,36.40154126936739,False,True,7.3628777436230815,50.0,Atencao,Atencao: sinais iniciais de risco,26.36339706536028
1777740856.870369,1118,True,0.06091688107462868,0.06099895330570327,0.060957917190165974,0.006900092188413318,True,False,0.03776978417266187,0,0,36.87654899629679,False,True,7.505716027967985,50.0,Atencao,Atencao: sinais iniciais de risco,26.486325049320765
1777740856.9054785,1119,True,0.040133676478841876,0.05697975231494547,0.04855671439689367,0.007086311916440383,True,False,0.03863432165318958,0,0,36.791894153031436,False,True,7.620357189377276,50.0,Atencao,Atencao: sinais iniciais de risco,26.732098816711208
1777740856.9437916,1120,True,0.04592117272954362,0.02631239633884497,0.0361167845341943,0.007648842470186177,True,False,0.03949730700179533,0,0,38.312995580109686,False,True,7.81507274616448,50.0,Atencao,Atencao: sinais iniciais de risco,26.68294788088279
1777740856.9795413,1121,True,0.060133064135421785,0.017765248510862582,0.038949156323142185,0.007979848731209214,True,False,0.04035874439461883,0,0,38.08806747360662,False,True,7.922273982352558,50.0,Atencao,Atencao: sinais iniciais de risco,26.802350428645386
1777740857.0180066,1122,True,0.08515475714554815,0.0214024436869694,0.05327860041625878,0.009611763009072497,True,False,0.04121863799283154,0,0,37.77840994488109,False,True,8.02502647567053,50.0,Atencao,Atencao: sinais iniciais de risco,26.728718952740163
1777740857.0555305,1123,True,0.07188471778891833,0.025899155202405825,0.04889193649566208,0.010955649392692305,True,False,0.04207699194270367,0,0,37.75640766403892,False,True,8.141950029735838,50.0,Atencao,Atencao: sinais iniciais de risco,26.730902697723618
1777740857.0973184,1124,True,0.06837499959301019,0.037880442933666825,0.053127721263338507,0.005380989733322242,True,False,0.04293381037567084,0,0,37.95092575658451,False,True,8.269488468896103,50.0,Atencao,Atencao: sinais iniciais de risco,26.43068574031496
1777740857.1472597,1125,True,0.0706296704142315,0.041739572118675586,0.056184621266453544,0.008610919616537021,True,False,0.043789097408400354,0,0,38.16355461207303,False,True,8.397721878670838,50.0,Atencao,Atencao: sinais iniciais de risco,25.798447499461627
1777740857.186802,1126,True,0.07100696531333786,0.05119462772109064,0.06110079651721425,0.0057254114000420886,True,False,0.044642857142857144,0,0,38.17917375293645,False,True,8.515894799201817,50.0,Atencao,Atencao: sinais iniciais de risco,25.769369380543285
1777740857.2246802,1127,True,0.06536245433477213,0.04762206267266059,0.05649225850371636,0.005158527338153966,True,False,0.045495093666369314,0,0,38.26556716452945,False,True,8.63739699176439,50.0,Atencao,Atencao: sinais iniciais de risco,25.78660075332298
1777740857.2738295,1128,True,0.07304993190263838,0.046483023241162144,0.05976647757190026,0.005135390667960213,True,False,0.04634581105169341,0,0,37.977849529006264,False,True,8.739984750470294,50.0,Atencao,Atencao: sinais iniciais de risco,25.265676632742597
1777740857.311726,1129,True,0.05886253149500296,0.046418970996343574,0.052640751245673266,0.005014426243336197,True,False,0.04719501335707925,0,0,38.5239222407341,False,True,8.88405370304724,50.0,Atencao,Atencao: sinais iniciais de risco,25.36087011280565
1777740857.3510034,1130,True,0.06279310535070298,0.050713521858159145,0.05675331360443106,0.004939962215778188,True,False,0.04804270462633452,0,0,38.42738503217697,False,True,8.995784392141982,50.0,Atencao,Atencao: sinais iniciais de risco,25.37791375127991
1777740857.3879683,1131,True,0.08118365831265151,0.04159555417045396,0.061389606241552735,0.004904908002229268,True,False,0.04888888888888889,0,0,38.700591028278524,False,True,9.125795028048287,50.0,Atencao,Atencao: sinais iniciais de risco,25.523324722946665
1777740857.4261053,1132,True,0.04893813007643156,0.03971298583870735,0.044325557957569456,0.005295644135964345,True,False,0.0497335701598579,0,0,38.892151817950335,False,True,9.251516742290116,50.0,Atencao,Atencao: sinais iniciais de risco,25.620595471784664
1777740857.4719214,1133,True,0.04725606864634389,0.041764573287295596,0.04451032096681974,0.005524899707330304,True,False,0.050576752440106475,0,0,39.23234979401935,False,True,9.384464204627745,50.0,Atencao,Atencao: sinais iniciais de risco,25.228218089865866
1777740857.511109,1134,True,0.0565113112186369,0.03332249443034286,0.04491690282448988,0.00574838973903606,True,False,0.051418439716312055,0,0,39.839075894789254,False,True,9.530532510144507,50.0,Atencao,Atencao: sinais iniciais de risco,25.256188938012446
1777740857.5484505,1135,True,0.06558667449608195,0.031407872704408396,0.048497273600245173,0.00604940841260848,True,False,0.05225863596102746,0,0,39.208072092316364,False,True,9.61450930366923,50.0,Atencao,Atencao: sinais iniciais de risco,25.40859869465015
1777740857.5847874,1136,True,0.06876746997498434,0.03305285288938687,0.0509101614321856,0.005676130871407703,True,False,0.05309734513274336,0,0,39.21626325737346,False,True,9.730241373033023,50.0,Atencao,Atencao: sinais iniciais de risco,25.636916767015837
1777740857.621307,1137,True,0.050622979717762334,0.03501158316981296,0.042817281443787644,0.0057715719392411316,True,False,0.053934571175950484,0,0,39.03024167364294,False,True,9.836058874787478,50.0,Atencao,Atencao: foco visual fora da direcao,25.79424688580936
1777740857.6584141,1138,True,0.04928753827708668,0.03152913663898102,0.04040833745803385,0.004356715311860998,True,False,0.054770318021201414,0,0,36.93718631375919,False,True,9.846321298015292,50.0,Atencao,Atencao: foco visual fora da direcao,25.89708173650497
1777740857.6989803,1139,True,0.04483384886930625,0.0376971890797992,0.041265518974552724,0.00540309830546289,True,False,0.05560458958517211,0,0,37.13859338435259,False,True,9.971103991590931,50.0,Atencao,Atencao: foco visual fora da direcao,25.786726748426602
1777740857.7377024,1140,True,0.04445320702834317,0.030666650060992343,0.037559928544667755,0.006493703023092704,True,False,0.0564373897707231,0,0,36.44873014417561,False,True,10.051120855095345,50.0,Atencao,Atencao: foco visual fora da direcao,25.78396620239274
1777740857.7768326,1141,True,0.059553318947783984,0.034972013151557554,0.04726266604967077,0.005252091798315631,True,False,0.05726872246696035,0,0,37.23857604807073,False,True,10.204921396022723,50.0,Atencao,Atencao: foco visual fora da direcao,25.735153063007694
1777740857.818686,1142,True,0.040264084625475094,0.030314453014178632,0.035289268819826865,0.0062185761549739945,True,False,0.058098591549295774,0,0,36.59173061034896,False,True,10.286686122957754,50.0,Atencao,Atencao: foco visual fora da direcao,25.5583513825124
1777740857.8589768,1143,True,0.03041888854178603,0.010461798052341246,0.020440343297063637,0.005302334351180606,True,False,0.058927000879507474,0,0,36.299406447735706,False,True,10.3859761977312,50.0,Atencao,Atencao: foco visual fora da direcao,25.507877716199122
1777740857.894787,1144,True,0.041355938045301056,0.01830536727394296,0.02983065265962201,0.0067044334968371635,True,False,0.05975395430579965,0,0,35.91839164495468,False,True,10.480631553707322,50.0,Atencao,Atencao: foco visual fora da direcao,25.752517744502885
1777740857.9291534,1145,True,0.032223939153286425,0.013252483299178771,0.022738211226232596,0.006223712058109328,True,False,0.06057945566286216,0,0,36.78235271898183,False,True,10.637336044004776,50.0,Atencao,Atencao: foco visual fora da direcao,26.084851277973094
1777740857.969077,1146,True,0.04464547846002803,0.017861815853991738,0.03125364715700989,0.004388352795684302,True,False,0.06140350877192982,0,0,37.57363355809992,False,True,10.790207388457484,50.0,Atencao,Atencao: foco visual fora da direcao,26.006596071710312
1777740858.00631,1147,True,0.062066685611793106,0.01134130993875899,0.03670399777527605,0.005444579152144153,True,False,0.06222611744084137,0,0,35.25568817962299,False,False,10.787418811508974,50.0,Atencao,Atencao: sinais iniciais de risco,26.06271283892568
1777740858.0437858,1148,True,0.09063540877571097,0.006727330216167007,0.048681369495938986,0.006796607777113198,True,False,0.06304728546409807,0,0,34.46777938170867,False,False,10.860933974811056,50.0,Atencao,Atencao: sinais iniciais de risco,26.129159252518633
1777740858.083532,1149,True,0.22704317691181092,0.25449907104586617,0.24077112397883854,0.005696459297928356,False,False,0.06299212598425197,0,0,35.20286372954195,False,False,11.207714421855995,50.0,Atencao,Atencao: sinais iniciais de risco,26.0196604935295
1777740858.1303744,1150,True,0.2639230880801379,0.29708951423054614,0.28050630115534203,0.005932236676454052,False,False,0.06293706293706294,0,0,34.232933312112635,False,False,11.151646731996035,50.0,Atencao,Atencao: sinais iniciais de risco,25.51590320425237
1777740858.172925,1151,True,0.2852494817643115,0.3227225714239446,0.30398602659412804,0.00638908749927241,False,False,0.062882096069869,0,0,33.783551272478974,False,False,11.121619685775187,50.0,Atencao,Atencao: sinais iniciais de risco,25.393519723047785
1777740858.2148554,1152,True,0.2955898719062844,0.3263547086364874,0.3109722902713859,0.004841851109726738,False,False,0.06282722513089005,0,0,35.13084296421572,False,False,11.181439516252416,50.0,Atencao,Atencao: sinais iniciais de risco,25.24420797385421
1777740858.261498,1153,True,0.29391945482630216,0.3211047415536891,0.30751209818999564,0.006638242477986577,False,False,0.06277244986922406,0,0,34.6965857852589,False,False,11.152195058825503,50.0,Atencao,Atencao: sinais iniciais de risco,24.852697339852057
1777740858.2984364,1154,True,0.30885461214930326,0.32511395824668926,0.31698428519799626,0.005845637022729293,False,False,0.0627177700348432,0,0,35.46230921311812,False,False,11.182962752991095,50.0,Atencao,Atencao: sinais iniciais de risco,25.04989579974528
1777740858.3354309,1155,True,0.3084241267685138,0.3311400760115888,0.31978210139005125,0.005838667130453686,False,False,0.06266318537859007,0,0,35.527595632184635,False,False,11.178721683709616,50.0,Atencao,Atencao: sinais iniciais de risco,25.203349436350667
1777740858.3756895,1156,True,0.3129273424584048,0.3265268239706425,0.31972708321452364,0.005686873408754535,False,False,0.06260869565217392,0,0,35.71098515120419,False,False,11.180398822278374,50.0,Atencao,Atencao: sinais iniciais de risco,25.212361238598632
1777740858.4127176,1157,True,0.3076620214339927,0.34261029189731634,0.32513615666565454,0.005475624578616117,False,False,0.06255430060816682,0,0,35.308612912351435,False,False,11.152800891784759,50.0,Atencao,Atencao: sinais iniciais de risco,25.38530837098215
1777740858.451637,1158,True,0.31843495639219077,0.336221976193626,0.32732846629290835,0.005068168329353128,False,False,0.0625,0,0,35.33922434557568,False,False,11.146865129823034,50.0,Atencao,Atencao: sinais iniciais de risco,25.394223718395487
1777740858.4977431,1159,True,0.3114365642789864,0.33352482097249786,0.32248069262574214,0.005597450002233954,False,False,0.062445793581960105,0,0,35.444021767377855,False,False,11.144651618432658,50.0,Atencao,Atencao: sinais iniciais de risco,25.05991191249516
1777740858.5399754,1160,True,0.30384936566305853,0.3390180560568904,0.32143371085997446,0.006104542369923051,False,False,0.06239168110918544,0,0,35.42694225582209,False,False,11.136357177848353,50.0,Atencao,Atencao: sinais iniciais de risco,24.91047713200557
1777740858.57727,1161,True,0.3145728037354301,0.32994198785030304,0.3222573957928666,0.005518231665011482,False,False,0.06233766233766234,0,0,35.67389075701887,False,False,11.141277021823765,50.0,Atencao,Atencao: sinais iniciais de risco,25.093755356824662
1777740858.6143556,1162,True,0.3148944381558175,0.33641656781164647,0.325655502983732,0.005255278838452553,False,False,0.06228373702422145,0,0,35.55476670752872,False,False,11.127906088751136,50.0,Atencao,Atencao: sinais iniciais de risco,25.277735850536402
1777740858.6497443,1163,True,0.3124699146623159,0.3358966903191825,0.3241833024907492,0.00491263619403339,False,False,0.06222990492653414,0,0,35.725358646566214,False,False,11.129033772271004,50.0,Atencao,Atencao: sinais iniciais de risco,25.584469556677206
1777740858.87508,1164,True,0.28976688694328334,0.3180813704660836,0.30392412870468344,0.0053304382683524885,False,False,0.06217616580310881,0,0,33.285056910731576,False,False,10.99962955600829,50.0,Atencao,Atencao: sinais iniciais de risco,23.46965116315212
1777740858.9115329,1165,True,0.2865881791451353,0.3151579480162192,0.3008730635806772,0.006026814610387408,False,False,0.062122519413287315,0,0,32.94499804702672,False,False,10.975250234222592,50.0,Atencao,Atencao: sinais iniciais de risco,23.851668111048685
1777740858.9490502,1166,True,0.2822210083635392,0.3223130687234331,0.30226703854348613,0.006022345415102988,False,False,0.06206896551724138,0,0,34.58146556832573,False,False,11.049709949581226,50.0,Atencao,Atencao: sinais iniciais de risco,24.147710847228144
1777740858.986464,1167,True,0.28404497922374117,0.3222149484562986,0.3031299638400199,0.005437493811114415,False,False,0.06201550387596899,0,0,33.630660404400395,False,False,10.994818715710005,50.0,Atencao,Atencao: sinais iniciais de risco,24.405586031315014
1777740859.0220113,1168,True,0.2837313425424231,0.32491635620354825,0.3043238493729857,0.005848057578574806,False,False,0.06196213425129088,0,0,34.31394748850302,False,False,11.021644746521897,50.0,Atencao,Atencao: sinais iniciais de risco,24.715824469128926
1777740859.0573149,1169,True,0.2782086752820855,0.3284109429072598,0.30330980909467264,0.006263641649007973,False,False,0.061908856405846945,0,0,34.389596509933476,False,False,11.01810149384488,50.0,Atencao,Atencao: sinais iniciais de risco,25.102340300643398
1777740859.0960214,1170,True,0.28349294188053237,0.32083281387279194,0.3021628778766622,0.005649805858744164,False,False,0.061855670103092786,0,0,33.74983530640602,False,False,10.97880031703981,50.0,Atencao,Atencao: sinais iniciais de risco,25.225043261374573
1777740859.1450536,1171,True,0.27732859346902905,0.3339963470077621,0.30566247023839554,0.0063691034476360915,False,False,0.061802575107296136,0,0,34.499154080044136,False,False,11.008965693799675,50.0,Atencao,Atencao: sinais iniciais de risco,24.740348451961868
1777740859.1858163,1172,True,0.28172966842970343,0.3346726900831209,0.30820117925641216,0.006556590296978466,False,False,0.06174957118353345,0,0,34.068783684752205,False,False,10.98015913451771,50.0,Atencao,Atencao: sinais iniciais de risco,24.70951527496804
1777740859.2254875,1173,True,0.2836739459711162,0.3326241590020478,0.308149052486582,0.005816322416688065,False,False,0.061696658097686374,0,0,34.606485858288686,False,False,10.999768693890562,50.0,Atencao,Atencao: sinais iniciais de risco,24.763516594242404
1777740859.2738822,1174,True,0.2797915761282855,0.3265147250764132,0.3031531506023494,0.006177868318161315,False,False,0.06164383561643835,0,0,34.3388751170852,False,False,10.979125065658783,50.0,Atencao,Atencao: sinais iniciais de risco,24.36112225389052
1777740859.3152256,1175,True,0.2976317674092294,0.28570783642916686,0.2916698019191981,0.004726166727020816,False,False,0.06159110350727117,0,0,34.77330559979785,False,False,10.993595924783929,50.0,Atencao,Atencao: sinais iniciais de risco,24.351523080336456
1777740859.3516595,1176,True,0.29427613049196777,0.2943560090748771,0.2943160697834224,0.004343822437059148,False,False,0.06153846153846154,0,0,34.50987564542077,False,False,10.973186156353751,50.0,Atencao,Atencao: sinais iniciais de risco,24.58951000124303
1777740859.3927772,1177,True,0.3085900587397858,0.31551148072228236,0.31205076973103407,0.005606879817208491,False,False,0.06148590947907771,0,0,34.41719922423363,False,False,10.961326427129118,50.0,Atencao,Atencao: sinais iniciais de risco,24.615617586010927
1777740859.427441,1178,True,0.3146022574133816,0.32049730459252257,0.31754978100295206,0.005312322959252263,False,False,0.06143344709897611,0,0,34.97324501276016,False,False,10.981915139291472,50.0,Atencao,Atencao: sinais iniciais de risco,24.974071169033863
1777740859.4638736,1179,True,0.3163490735207877,0.33035375967716346,0.3233514165989756,0.005892580263693812,False,False,0.061381074168797956,0,0,34.63127697110176,False,False,10.957615459309057,50.0,Atencao,Atencao: sinais iniciais de risco,25.25510556758721
1777740859.5003345,1180,True,0.32263549908235856,0.33150919982409816,0.3270723494532284,0.006329809383497829,False,False,0.06132879045996593,0,0,34.44948982813142,False,False,10.941337092196136,50.0,Atencao,Atencao: sinais iniciais de risco,25.48000619626922
1777740859.5348222,1181,True,0.31809258223615217,0.3336963680614666,0.32589447514880937,0.006283215473368363,False,False,0.06127659574468085,0,0,34.75654915896329,False,False,10.94951328538603,50.0,Atencao,Atencao: sinais iniciais de risco,25.85451238530146
1777740859.572357,1182,True,0.3255451787683686,0.3397251992949476,0.3326351890316581,0.0050649782874117085,False,False,0.061224489795918366,0,0,35.20938350016421,False,False,10.964990434491236,50.0,Atencao,Atencao: sinais iniciais de risco,25.88545810710408
1777740859.6085174,1183,True,0.32351487673053597,0.3384590523869447,0.3309869645587403,0.005411237115415165,False,False,0.06117247238742566,0,0,34.89050795381719,False,False,10.941894263506137,50.0,Atencao,Atencao: sinais iniciais de risco,26.10054580567261
1777740859.6461847,1184,True,0.3185603452100784,0.338548218449987,0.3285542818300327,0.005484205867968736,False,False,0.06112054329371817,0,0,35.02189434387467,False,False,10.941323332624233,50.0,Atencao,Atencao: sinais iniciais de risco,26.1582036363747
1777740859.681821,1185,True,0.3189935253528495,0.34240147018528755,0.33069749776906854,0.005432567746517736,False,False,0.061068702290076333,0,0,35.04005567594008,False,False,10.935103261226748,50.0,Atencao,Atencao: sinais iniciais de risco,26.299992205981482
1777740859.719211,1186,True,0.3239180089829035,0.33754274610171914,0.3307303775423113,0.004963612202585794,False,False,0.061016949152542375,0,0,34.60970264023,False,False,10.906469553030327,50.0,Atencao,Atencao: sinais iniciais de risco,26.398237956154954
1777740859.759545,1187,True,0.3261557217145503,0.33902809445913046,0.33259190808684036,0.0051939348155726345,False,False,0.06096528365791702,0,0,34.807935706593774,False,False,10.909277200837527,50.0,Atencao,Atencao: sinais iniciais de risco,26.189528535066753
1777740859.796424,1188,True,0.32117155717818513,0.33668361844936956,0.32892758781377734,0.005333346477614207,False,False,0.06091370558375635,0,0,34.614262223243706,False,False,10.892501541472932,50.0,Atencao,Atencao: sinais iniciais de risco,26.30873383420181
1777740859.834646,1189,True,0.32963893030038294,0.33208824023047345,0.3308635852654282,0.005236456895890013,False,False,0.060862214708368556,0,0,34.658031468499786,False,False,10.887610008369917,50.0,Atencao,Atencao: sinais iniciais de risco,26.306845005844963
1777740859.8706737,1190,True,0.32788795725519987,0.3355827729581159,0.3317353651066579,0.005700294020405085,False,False,0.060810810810810814,0,0,34.46029516946186,False,False,10.87065515750383,50.0,Atencao,Atencao: sinais iniciais de risco,26.435900316294983
1777740859.9088056,1191,True,0.32857048553427165,0.33496023047956514,0.3317653580069184,0.008379949358748834,False,False,0.060759493670886074,0,0,34.46858580979434,False,False,10.864013582780801,50.0,Atencao,Atencao: sinais iniciais de risco,26.422726310435774
1777740859.9445786,1192,True,0.3224073885780821,0.33450835557074804,0.32845787207441507,0.005829072875121654,False,False,0.06070826306913996,0,0,33.3590109993111,False,False,10.801490634516549,50.0,Atencao,Atencao: sinais iniciais de risco,26.57334409802937
1777740859.980236,1193,True,0.31905825662193127,0.33139871645284436,0.3252284865373878,0.005815341813829932,False,False,0.060657118786857624,0,0,32.02814713933251,False,False,10.727915102703799,50.0,Atencao,Atencao: sinais iniciais de risco,26.71219568882355
1777740860.0380201,1194,True,0.26369955358620895,0.26677622732777556,0.26523789045699225,0.006186679645114288,False,False,0.06060606060606061,0,0,29.370244595137507,False,False,10.58799947563446,50.0,Atencao,Atencao: sinais iniciais de risco,25.776343073304954
1777740860.072597,1195,True,0.24970288275711475,0.26677830881788783,0.2582405957875013,0.011811682756172654,False,False,0.060555088309503784,0,0,29.236039768565785,False,False,10.57428054352931,50.0,Atencao,Atencao: sinais iniciais de risco,26.079963608905143
1777740860.1113324,1196,True,0.22982128008062278,0.19139919340566278,0.21061023674314278,0.006211381081095182,False,False,0.06050420168067227,0,0,26.280306155573236,False,False,10.419496951415349,50.0,Atencao,Atencao: sinais iniciais de risco,26.056861642982486
1777740860.1582103,1197,True,0.2585761160337139,0.25240919757699537,0.2554926568053546,0.007475740163988053,False,False,0.060453400503778336,0,0,23.847047997604715,False,False,10.290848881694007,50.0,Atencao,Atencao: sinais iniciais de risco,25.585774770741352
1777740860.2006958,1198,True,0.27889157226889366,0.26902287408701936,0.2739572231779565,0.006317843853387462,False,False,0.06040268456375839,0,0,21.82320318384604,False,False,10.182683199253331,50.0,Atencao,Atencao: sinais iniciais de risco,25.373447518051297
1777740860.243646,1199,True,0.2693316673618033,0.26661670649744273,0.26797418692962305,0.006498512182326911,False,False,0.06035205364626991,0,0,21.033562778071925,False,False,10.136239427809958,50.0,Atencao,Atencao: sinais iniciais de risco,25.18844063689818
1777740860.2916155,1200,True,0.2826313928571595,0.2765724823120825,0.279601937584621,0.007202179018514583,False,False,0.06030150753768844,0,0,21.92856395840645,False,False,10.174039396896733,50.0,Atencao,Atencao: sinais iniciais de risco,24.7379515675202
1777740860.3318594,1201,True,0.2651296867921745,0.2874551924784645,0.2762924396353195,0.006429525040201757,False,False,0.0602510460251046,0,0,19.73478007262403,False,False,10.057411744627334,50.0,Atencao,Atencao: sinais iniciais de risco,24.741292445394713
1777740860.3723292,1202,True,0.2797852480593086,0.2748154502315876,0.2773003491454481,0.005861873940370196,False,False,0.06020066889632107,0,0,23.045399504899976,False,False,10.216015861033394,50.0,Atencao,Atencao: sinais iniciais de risco,24.7575813179738
1777740860.4082594,1203,True,0.27071270189551827,0.29391839741033954,0.28231554965292893,0.005982217726413369,False,False,0.06015037593984962,0,0,21.234144901687447,False,False,10.118537849357946,50.0,Atencao,Atencao: sinais iniciais de risco,25.05048744465089
1777740860.4516394,1204,True,0.26645078783715764,0.2652905674300925,0.26587067763362504,0.0065269111380776845,False,False,0.06010016694490818,0,0,20.508008989691735,False,False,10.075327316953711,50.0,Atencao,Atencao: sinais iniciais de risco,24.85023405796741
1777740860.4896107,1205,True,0.23434443364263927,0.2558211542290552,0.24508279393584725,0.00767710289148187,False,False,0.060050041701417846,0,0,20.094964965094224,False,False,10.047782894743914,50.0,Atencao,Atencao: sinais iniciais de risco,25.00783996172968
1777740860.526569,1206,True,0.024582239813584723,0.07080267649737623,0.047692458155480476,0.006817559448675319,True,False,0.060833333333333336,0,0,21.25787395482713,False,False,10.21363094361894,50.0,Atencao,Atencao: sinais iniciais de risco,25.21222256416383
1777740860.5629764,1207,True,0.029953199142165824,0.04157470908006396,0.03576395411111489,0.007642775666412349,True,False,0.061615320566194835,0,0,21.53439023982395,False,False,10.334980002387237,50.0,Atencao,Atencao: sinais iniciais de risco,25.424921434461258
1777740860.5996344,1208,True,0.030792965108406744,0.04159010479573923,0.03619153495207299,0.0076977912124424645,True,False,0.06239600665557404,0,0,21.7014889895916,False,False,10.45067927716526,50.0,Atencao,Atencao: sinais iniciais de risco,25.620654919059895
1777740860.6352031,1209,True,0.022562856872626446,0.02591584854653939,0.02423935270958292,0.007946670116662963,True,False,0.06317539484621779,0,0,21.935818237066268,False,False,10.569561615752509,50.0,Atencao,Atencao: sinais iniciais de risco,25.89161113023434
1777740860.6696653,1210,True,0.027947738760878672,0.033300680972960246,0.03062420986691946,0.009770212722122576,True,False,0.06395348837209303,0,0,22.141566137834026,False,False,10.686836870598743,50.0,Atencao,Atencao: sinais iniciais de risco,26.1765583225436
1777740860.7063215,1211,True,0.03337788166031317,0.03639891185094421,0.03488839675562869,0.007863773919645234,True,False,0.06473029045643154,0,0,22.254977761615407,False,False,10.799317738384357,50.0,Atencao,Atencao: sinais iniciais de risco,26.29784060329452
1777740860.7438369,1212,True,0.03153593541957834,0.030482609960109975,0.03100927268984416,0.008345420808869086,True,False,0.06550580431177445,0,0,22.17307118069042,False,False,10.901855564447757,50.0,Atencao,Atencao: sinais iniciais de risco,26.349992365619208
1777740860.784873,1213,True,0.02921243199796205,0.029278399886570383,0.029245415942266217,0.013359272358177144,True,False,0.06628003314001657,0,0,22.363404419747265,False,False,11.017828690283892,50.0,Atencao,Atencao: sinais iniciais de risco,26.140941066959574
1777740860.8219752,1214,True,0.03024733016055264,0.025898789906249695,0.028073060033401168,0.009100402305391615,True,False,0.06705298013245033,0,0,22.903280185027555,False,False,11.151102690007548,50.0,Atencao,Atencao: sinais iniciais de risco,26.14275797830389
1777740860.85948,1215,True,0.029314021531516292,0.03075868277971521,0.03003635215561575,0.008162507982709837,True,False,0.06782464846980976,0,0,23.215028343959286,False,False,11.272794494341056,50.0,Atencao,Atencao: sinais iniciais de risco,26.277388803579065
1777740860.8957312,1216,True,0.0206031045594148,0.03025795771884707,0.025430531139130935,0.008067329351891559,True,False,0.06859504132231405,0,0,23.572376871109004,False,False,11.396590937917882,50.0,Atencao,Atencao: sinais iniciais de risco,26.385515754090694
1777740860.9332743,1217,True,0.032951501424877905,0.028216956803171052,0.03058422911402448,0.007619029984574999,True,False,0.06936416184971098,0,0,23.72151641791517,False,False,11.509801987775266,50.0,Atencao,Atencao: sinais iniciais de risco,26.42292893273008
1777740860.9713724,1218,True,0.028924373664742074,0.0281206769490151,0.028522525306878585,0.007377355033384077,True,False,0.07013201320132013,0,0,24.16734936074777,False,False,11.637673195763156,50.0,Atencao,Atencao: sinais iniciais de risco,26.39817670427413
1777740861.0095074,1219,True,0.01812259329353722,0.026191463159863086,0.022157028226700154,0.007293590332974138,True,False,0.07089859851607584,0,0,24.49182039553469,False,False,11.759302228281413,50.0,Atencao,Atencao: sinais iniciais de risco,26.38467843120205
1777740861.0465724,1220,True,0.025988386401241792,0.021417493074608038,0.023702939737924915,0.007742047632498362,True,False,0.07166392092257001,0,0,24.689777689088473,False,False,11.87443192385205,50.0,Atencao,Atencao: sinais iniciais de risco,26.400413117049375
1777740861.0845547,1221,True,0.026737049065782198,0.03482035081531362,0.03077869994054791,0.0074396118286748966,True,False,0.07242798353909465,0,0,24.7590556087819,False,False,11.982954429608858,50.0,Atencao,Atencao: sinais iniciais de risco,26.426100138423514
1777740861.1283638,1222,True,0.024525270047639696,0.03162361758675108,0.028074443817195385,0.007840830468754575,True,False,0.07319078947368421,0,0,24.497658256509087,False,False,12.074770378001283,50.0,Atencao,Atencao: sinais iniciais de risco,26.05451928624266
1777740861.1691673,1223,True,0.034884097446953165,0.031534805467038976,0.03320945145699607,0.007436770539009443,True,False,0.07395234182415776,0,0,24.816830752112647,False,False,12.195442450971575,50.0,Atencao,Atencao: sinais iniciais de risco,25.90855952230458
1777740861.207835,1224,True,0.01881940426101216,0.030710522340623447,0.024764963300817802,0.007342964958537977,True,False,0.07471264367816093,0,0,24.782762738249517,False,False,12.298280555203853,50.0,Atencao,Atencao: sinais iniciais de risco,25.887070039954583
1777740861.2532554,1225,True,0.031837219793764804,0.02872010646316535,0.030278663128465076,0.007769317561988384,True,False,0.07547169811320754,0,0,24.795521465756675,False,False,12.40328847639812,50.0,Atencao,Atencao: sinais iniciais de risco,25.51668101830107
1777740861.292858,1226,True,0.020209243502709928,0.025954146635560282,0.023081695069135107,0.007140958902689775,True,False,0.07622950819672131,0,0,25.070222272114318,False,False,12.521222403199147,50.0,Atencao,Atencao: sinais iniciais de risco,25.500587020313773
1777740861.328798,1227,True,0.022256145182224567,0.027393738990008906,0.024824942086116734,0.006339478701504824,True,False,0.07698607698607698,0,0,24.852519819953223,False,False,12.614365489127497,50.0,Atencao,Atencao: sinais iniciais de risco,25.726501715878292
1777740861.3667812,1228,True,0.02359735473089424,0.024750157551226594,0.024173756141060418,0.006472592738994493,True,False,0.07774140752864157,0,0,24.87534655115821,False,False,12.719364775290376,50.0,Atencao,Atencao: sinais iniciais de risco,25.788439467057614
1777740861.4023786,1229,True,0.02010061243200738,0.030414496036697724,0.025257554234352553,0.006175091292388298,True,False,0.07849550286181521,0,0,25.06853708570653,False,False,12.832712410329167,50.0,Atencao,Atencao: sinais iniciais de risco,26.001090392707198
1777740861.4421535,1230,True,0.018698754641178476,0.021558730997943774,0.020128742819561125,0.0071610219417802415,True,False,0.07924836601307189,0,0,24.62689430659467,False,False,12.914148954671369,50.0,Atencao,Atencao: sinais iniciais de risco,25.939271460793286
1777740861.4797945,1231,True,0.02387769007668446,0.022845612120500812,0.023361651098592638,0.006672613038637332,True,False,0.08,0,0,25.29683043577454,False,False,13.050995434332975,50.0,Atencao,Atencao: sinais iniciais de risco,25.98519711478635
1777740861.5208771,1232,True,0.022909215396128408,0.020423351666802387,0.021666283531465397,0.006966300746557341,True,False,0.08075040783034258,0,0,25.141143624890933,False,False,13.146392170460901,50.0,Atencao,Atencao: sinais iniciais de risco,25.8282803652067
1777740861.5593555,1233,True,0.023497162327959387,0.02212906999660446,0.022813116162281925,0.006768381077687745,True,False,0.08149959250203749,0,0,25.230837021632624,False,False,13.253889732656036,50.0,Atencao,Atencao: sinais iniciais de risco,25.857816650717997
1777740861.5979774,1234,True,0.03579168740800332,0.02519227285960586,0.03049198013380459,0.007176121324118835,True,False,0.08224755700325732,0,0,24.865237955613566,False,False,13.338454898272811,50.0,Atencao,Atencao: sinais iniciais de risco,25.85264684800022
1777740861.634917,1235,True,0.020586990224862517,0.01694308247960989,0.018765036352236204,0.006876095179658735,True,False,0.08299430431244914,0,0,25.310581347617234,False,False,13.46339982288687,50.0,Atencao,Atencao: sinais iniciais de risco,25.978041016003466
1777740861.6714377,1236,True,0.030849200489310998,0.024112281678913442,0.02748074108411222,0.007376577881713446,True,False,0.08373983739837398,0,0,25.005745636333117,False,False,13.550668836637328,50.0,Atencao,Atencao: sinais iniciais de risco,26.114270161439492
1777740861.7073724,1237,True,0.02449702686519026,0.0215933080215213,0.02304516744335578,0.006966529243166873,True,False,0.08448415922014622,0,0,25.45920317118818,False,False,13.675685963873764,50.0,Atencao,Atencao: sinais iniciais de risco,26.28250491522335
1777740861.7453945,1238,True,0.02221273765368788,0.02271143116701732,0.0224620844103526,0.0070043915176801995,True,False,0.08522727272727272,0,0,25.764211106842218,False,False,13.79311446788636,50.0,Atencao,Atencao: sinais iniciais de risco,26.27547266246254
1777740861.7841024,1239,True,0.022002708802929156,0.023624333620463015,0.022813521211696088,0.006130149803344597,True,False,0.08596918085969181,0,0,25.651130159334702,False,False,13.889472788718608,50.0,Atencao,Atencao: sinais iniciais de risco,26.249003281712632
1777740861.825907,1240,True,0.02163769365953809,0.030434116852644067,0.026035905256091077,0.006730506397851457,True,False,0.08670988654781199,0,0,25.66795026443221,False,False,13.992160826090009,50.0,Atencao,Atencao: sinais iniciais de risco,26.025391966353123
1777740861.860807,1241,True,0.020796584159188114,0.03697203145207356,0.028884307805630838,0.006687807789744326,True,False,0.0874493927125506,0,0,25.394682980667454,False,False,14.08017955955333,50.0,Atencao,Atencao: sinais iniciais de risco,26.265231498019347
1777740861.8966227,1242,True,0.02831351952571447,0.03256119549845146,0.030437357512082965,0.006802384500391061,True,False,0.08818770226537216,0,0,25.076978925683278,False,False,14.165811920317086,50.0,Atencao,Atencao: sinais iniciais de risco,26.425488974900436
1777740861.9343424,1243,True,0.03041214774685795,0.03498020892831344,0.032696178337585695,0.006521205385656712,True,False,0.0889248181083266,0,0,25.36137804768302,False,False,14.281385304823308,50.0,Atencao,Atencao: sinais iniciais de risco,26.452340211568504
1777740861.9708517,1244,True,0.03383365241721171,0.03085344482984461,0.03234354862352816,0.00596805089764576,True,False,0.08966074313408724,0,0,26.030104078487916,False,False,14.416011297405642,50.0,Atencao,Atencao: sinais iniciais de risco,26.529972822900326
1777740862.0087519,1245,True,0.028083613246404522,0.0289026007278138,0.028493106987109162,0.006583514405595098,True,False,0.0903954802259887,0,0,25.93124738173051,False,False,14.512094812704223,50.0,Atencao,Atencao: sinais iniciais de risco,26.51899742565919
1777740862.043782,1246,True,0.02823089743812641,0.027108153509511016,0.027669525473818714,0.007148471432587023,True,False,0.09112903225806451,0,0,25.763222134113313,False,False,14.604556954733786,50.0,Atencao,Atencao: sinais iniciais de risco,26.657556546264278
1777740862.0809615,1247,True,0.026487129669690804,0.02864091398946539,0.027564021829578095,0.005816419642418898,True,False,0.09186140209508462,0,0,25.795898521488365,False,False,14.706891626692801,50.0,Atencao,Atencao: sinais iniciais de risco,26.74014089507359
1777740862.1166854,1248,True,0.027463399236057694,0.026844728599979634,0.027154063918018664,0.005852313756431695,True,False,0.09259259259259259,0,0,25.736393031748854,False,False,14.804455045613173,50.0,Atencao,Atencao: sinais iniciais de risco,26.811335728605652
1777740862.162242,1249,True,0.021105659365910526,0.024651342831875592,0.02287850109889306,0.006033770871584047,True,False,0.09332260659694289,0,0,25.30794017477469,False,False,14.883409328362632,50.0,Atencao,Atencao: sinais iniciais de risco,26.341754867291428
1777740862.2041993,1250,True,0.022903372856457074,0.025106446394027693,0.024004909625242384,0.005819562592872698,True,False,0.09405144694533762,0,0,25.721642585776067,False,False,15.004309996816978,50.0,Atencao,Atencao: sinais iniciais de risco,26.096517637834104
1777740862.243469,1251,True,0.02085743117719443,0.021608511468541463,0.021232971322867944,0.00503951304936847,True,False,0.09477911646586346,0,0,25.76548875190995,False,False,15.106556864195973,50.0,Atencao,Atencao: sinais iniciais de risco,26.07201419969794
1777740862.2876778,1252,True,0.023473785331878244,0.02432685150004317,0.023900318415960707,0.0050628891459711155,True,False,0.09550561797752809,0,0,26.254204390265723,False,False,15.230886603967647,50.0,Atencao,Atencao: sinais iniciais de risco,25.691706529102703
1777740862.3259254,1253,True,0.022913332629338656,0.022308583168904474,0.022610957899121563,0.0054140173786415315,True,False,0.09623095429029671,0,0,26.37360247590325,False,False,15.336590251255211,50.0,Atencao,Atencao: sinais iniciais de risco,25.733202014444903
1777740862.366285,1254,True,0.020787832794958716,0.02465572514806435,0.022721778971511532,0.005084615422944525,True,False,0.09695512820512821,0,0,26.34030734083869,False,False,15.434499407791312,50.0,Atencao,Atencao: sinais iniciais de risco,25.643508503550787
1777740862.414798,1255,True,0.02028297753310874,0.022099564626076814,0.021191271079592774,0.005236665500415879,True,False,0.0976781425140112,0,0,26.037444130399006,False,False,15.518770714740741,50.0,Atencao,Atencao: sinais iniciais de risco,25.153687202220222
1777740862.4521873,1256,True,0.019705632637359916,0.023946489487146044,0.02182606106225298,0.00514909331815905,True,False,0.0984,0,0,25.979803422364316,False,False,15.615144083662466,50.0,Atencao,Atencao: sinais iniciais de risco,25.315479618783332
1777740862.4894154,1257,True,0.021184350311719502,0.024525737878341523,0.022855044095030513,0.005151593881756355,True,False,0.0991207034372502,0,0,25.665639187531035,False,False,15.698532594542703,50.0,Atencao,Atencao: sinais iniciais de risco,25.471077960378338
1777740862.525246,1258,True,0.023168620711542742,0.032227582434822495,0.02769810157318262,0.004482711356061004,True,False,0.09984025559105432,0,0,26.19618421684612,False,False,15.823998267156526,50.0,Atencao,Atencao: sinais iniciais de risco,25.725836207634746
1777740862.5597804,1259,True,0.027804788195992126,0.028265481077939306,0.028035134636965716,0.004669917721430269,True,False,0.1005586592178771,0,1,26.176054243066094,False,False,40.92177226715565,50.0,Atencao,Risco: olhos fechados por tempo prolongado,26.02908837761356
1777740862.595879,1260,True,0.024471327644138865,0.03547774267788037,0.02997453516100962,0.005462551282491226,True,False,0.10127591706539076,0,1,26.741445351730693,False,False,41.04866477662201,50.0,Atencao,Risco: olhos fechados por tempo prolongado,26.15662951798611
1777740862.6308186,1261,True,0.019864675540137527,0.03702274643439943,0.02844371098726848,0.00441538471958069,True,False,0.10199203187250996,0,1,26.397126576033504,False,False,41.12991462381605,50.0,Atencao,Risco: olhos fechados por tempo prolongado,26.468461306357014
1777740862.6702104,1262,True,0.02112887125630808,0.03849592734541199,0.029812399300860035,0.0047675070000253155,True,False,0.10270700636942676,0,1,26.163803322748702,False,False,41.216557454477865,50.0,Atencao,Risco: olhos fechados por tempo prolongado,26.344758707402544
1777740862.7077568,1263,True,0.020399717301549766,0.03902652087177402,0.029713119086661896,0.004830979881245902,True,False,0.10342084327764518,0,1,26.03926546736197,False,False,41.30848313658856,50.0,Atencao,Risco: olhos fechados por tempo prolongado,26.370954125454027
1777740862.7471871,1264,True,0.016580391198256248,0.03526748589536351,0.025923938546809876,0.005331375598506323,True,False,0.1041335453100159,0,1,25.934287427230313,False,False,41.40123076403295,50.0,Atencao,Risco: olhos fechados por tempo prolongado,26.266042771806603
1777740862.7838511,1265,True,0.017125346429269626,0.03561872932963481,0.026372037879452217,0.006122794102418707,True,False,0.10484511517077046,0,1,26.233538835698905,False,False,41.514034190310134,50.0,Atencao,Risco: olhos fechados por tempo prolongado,26.389811856490375
1777740862.8198986,1266,True,0.020062942249189513,0.026312478162955122,0.02318771020607232,0.004881436996714494,True,False,0.10555555555555556,0,1,26.429775022918523,False,False,41.621531552579064,50.0,Atencao,Risco: olhos fechados por tempo prolongado,26.52954240543714
1777740862.8550413,1267,True,0.023282466165266493,0.040259737746633384,0.03177110195594994,0.007343838378270698,True,False,0.10626486915146709,0,1,25.95078415762294,False,False,41.69511262875212,50.0,Atencao,Risco: olhos fechados por tempo prolongado,26.69576079306162
1777740862.88975,1268,True,0.013762744534472373,0.03886455677068488,0.026313650652578624,0.005618182754592397,True,False,0.10697305863708399,0,1,25.370890053835783,False,False,41.76349397783509,50.0,Atencao,Risco: olhos fechados por tempo prolongado,26.925248029559334
1777740862.9234447,1269,True,0.045981994002367306,0.03368792205488929,0.0398349580286283,0.004762233170586607,True,False,0.10768012668250197,0,1,27.352491724491117,False,True,41.95979591761283,50.0,Atencao,Risco: olhos fechados por tempo prolongado,27.20749714115533
1777740862.9586186,1270,True,0.04483836197387246,0.05326857045879429,0.04905346621633337,0.004082010750776829,True,False,0.10838607594936708,0,1,26.72618403705684,False,False,42.025548557435066,50.0,Atencao,Risco: olhos fechados por tempo prolongado,27.32895650742465
1777740862.9942904,1271,True,0.022500554511298888,0.05171313167012704,0.037106843090712965,0.00625679421137243,True,False,0.10909090909090909,0,1,25.8539083768021,False,False,42.078849331384355,50.0,Atencao,Risco: olhos fechados por tempo prolongado,27.40473403684016
1777740863.029449,1272,True,0.03268736138117901,0.050895009588042564,0.04179118548461079,0.0049962487110957726,True,False,0.10979462875197472,0,1,26.852356090328904,False,True,42.22553317045722,50.0,Atencao,Risco: olhos fechados por tempo prolongado,27.482225727832745
1777740863.0672116,1273,True,0.0583757044069268,0.05411405966738084,0.05624488203715382,0.006071948727994535,True,False,0.11049723756906077,0,1,27.934254321455953,False,True,42.3762367943629,50.0,Atencao,Risco: olhos fechados por tempo prolongado,27.40034274989084
1777740863.1024475,1274,True,0.06387689812077196,0.05716263700815709,0.060519767564464526,0.005316766794451601,True,False,0.111198738170347,0,1,27.37480357397686,False,True,42.444720589665806,50.0,Atencao,Risco: olhos fechados por tempo prolongado,27.477551124955298
1777740863.148668,1275,True,0.06156213886130611,0.048295408733339595,0.054928773797322854,0.00535610865618999,True,False,0.11189913317572892,0,1,28.667924674803558,False,True,42.60568095794715,50.0,Atencao,Risco: olhos fechados por tempo prolongado,26.91420848303595
1777740863.186286,1276,True,0.053001903131574636,0.06268920818891742,0.05784555566024603,0.005367179002910583,True,False,0.1125984251968504,0,1,28.89369093491272,False,True,42.71312192385682,50.0,Atencao,Risco: olhos fechados por tempo prolongado,26.85600194709867
1777740863.2260516,1277,True,0.06644627447011892,0.06923117691763925,0.06783872569387908,0.00672552784553271,True,False,0.11329661683713611,0,1,30.236430178447204,False,True,42.876260236572826,50.0,Atencao,Risco: olhos fechados por tempo prolongado,26.6801395337484
1777740863.2748833,1278,True,0.08622789092097707,0.07478957843615558,0.08050873467856633,0.008032705125696293,True,False,0.1139937106918239,0,1,30.847656443986022,False,True,43.002671954869335,50.0,Atencao,Risco: olhos fechados por tempo prolongado,26.07749877322528
1777740863.3128302,1279,True,0.07364494242460393,0.08757640151314135,0.08061067196887264,0.007619517715071131,True,False,0.11468970934799685,0,1,31.570570608160708,False,True,43.13451747830185,50.0,Atencao,Risco: olhos fechados por tempo prolongado,26.06032180229677
1777740863.350086,1280,True,0.09095373827888126,0.08573234857730731,0.08834304342809429,0.007843663058049347,True,False,0.11538461538461539,0,1,32.142101892558,False,True,43.25864362255676,50.0,Atencao,Risco: olhos fechados por tempo prolongado,26.14143592554043
1777740863.386951,1281,True,0.09360789552670999,0.09453724422943703,0.09407256987807351,0.007555084732266469,True,False,0.11607843137254902,0,1,32.12580975077369,False,True,43.35322871380843,50.0,Atencao,Risco: olhos fechados por tempo prolongado,26.261833969829134
1777740863.427447,1282,True,0.08007555693888242,0.10147565347104215,0.09077560520496228,0.007424739072066832,True,False,0.11677115987460815,0,1,33.16407906738194,False,True,43.500392348671966,50.0,Atencao,Risco: olhos fechados por tempo prolongado,26.103037878255865
1777740863.4614508,1283,True,0.10463170594923132,0.09062955316549341,0.09763062955736238,0.007300166684308213,True,False,0.11746280344557557,0,1,32.1776081236926,False,True,43.546169792495526,50.0,Atencao,Risco: olhos fechados por tempo prolongado,26.436898025358715
1777740863.4958014,1284,True,0.11020315579547604,0.09684383441450882,0.10352349510499242,0.006860604584652509,True,False,0.11815336463223787,0,1,31.784462863206862,False,True,43.6214646926373,50.0,Atencao,Risco: olhos fechados por tempo prolongado,26.660213579299082
1777740863.5330358,1285,True,0.12551381217669158,0.09836768499292738,0.11194074858480949,0.006064184577309701,True,False,0.11884284597341674,0,1,32.961133266037166,False,True,43.77510189719091,50.0,Atencao,Risco: olhos fechados por tempo prolongado,26.69815189591364
1777740863.5682638,1286,True,0.11616284822791688,0.1290267453506704,0.12259479678929364,0.004616630612953124,True,False,0.11953125,0,1,33.92878918756138,False,True,43.91814024692232,50.0,Atencao,Risco: olhos fechados por tempo prolongado,26.888814066485565
1777740863.60231,1287,True,0.12027182951389949,0.11853437295013595,0.11940310123201772,0.007546994583276677,True,False,0.12021857923497267,0,1,35.46584899317134,False,True,44.08950100701156,50.0,Atencao,Risco: olhos fechados por tempo prolongado,27.089120736426242
1777740863.6391835,1288,True,0.10361947936389594,0.14362192096050758,0.12362070016220175,0.0047413709616485515,True,False,0.12090483619344773,0,1,36.97314981384711,False,True,44.25922637983567,50.0,Atencao,Risco: olhos fechados por tempo prolongado,27.12354236406393
1777740863.680339,1289,True,0.11293727674301962,0.13820769754149465,0.12557248714225713,0.0053017594807639404,True,False,0.12159002338269681,0,1,38.267672908847985,False,True,44.41816577310746,50.0,Atencao,Risco: olhos fechados por tempo prolongado,26.86374344551391
1777740863.9066215,1290,True,0.16232523586118716,0.19639570686052535,0.17936047136085626,0.0021948246308948188,True,False,0.12227414330218069,0,1,37.13109559362585,True,False,44.455403396275386,50.07788161993769,Atencao,Risco: olhos fechados por tempo prolongado,24.619356488384888
1777740863.9424691,1291,True,0.16390197739994977,0.1978450727025779,0.18087352505126383,0.004190276173689494,True,False,0.12295719844357976,0,1,41.69750808937983,True,False,44.77764410300546,50.358476638793945,Atencao,Risco: olhos fechados por tempo prolongado,24.9012438096024
1777740863.9785447,1292,True,0.1932435640091073,0.19975451518804369,0.1964990395985755,0.0012682202248936133,True,False,0.12363919129082426,0,1,44.0725291555578,True,False,44.99016917281047,50.7192325592041,Atencao,Risco: olhos fechados por tempo prolongado,25.211510361629056
1777740864.0129704,1293,True,0.1644309474220368,0.20762563405636428,0.18602829073920052,0.0036867285848108497,True,False,0.12432012432012432,0,1,43.832484085451476,True,False,45.07179521083391,51.06348991394043,Atencao,Risco: olhos fechados por tempo prolongado,25.579714365988437
1777740864.0471241,1294,True,0.20839756722990094,0.23268241883821073,0.22053999303405583,0.003998106004437215,False,False,0.12422360248447205,0,1,45.38089990453286,True,False,29.904996882035537,51.40502691268921,Atencao,Atencao: sinais iniciais de risco,25.959161230260825
1777740864.0824084,1295,True,0.23329954689831345,0.24973733889515162,0.24151844289673252,0.004237628622315502,False,False,0.12412723041117145,0,1,44.40091604915533,True,False,29.842746529187828,51.757869720458984,Atencao,Atencao: sinais iniciais de risco,26.21459565007677
1777740864.1153183,1296,True,0.22684255369425993,0.2472022240058699,0.23702238885006494,0.003442629916762783,False,False,0.12403100775193798,0,1,43.73902498727495,True,False,29.79642136044921,52.086968421936035,Atencao,Atencao: sinais iniciais de risco,26.580127733708935
1777740864.16076,1297,True,0.18717456640466776,0.3106957488468564,0.24893515762576207,0.006214031764640351,False,False,0.12393493415956623,0,1,36.98701798780398,True,False,29.445610891524545,52.54138469696045,Atencao,Atencao: sinais iniciais de risco,26.13779354769605
1777740864.1983562,1298,True,0.19049634112720634,0.28632738536218005,0.2384118632446932,0.007893254951792541,False,False,0.1238390092879257,0,1,41.31399010501124,True,False,29.648769827534334,52.9173469543457,Atencao,Atencao: sinais iniciais de risco,26.193335941973963
1777740864.239513,1299,True,0.1997088058893242,0.39351422651338225,0.29661151620135323,0.0061728648955209015,False,False,0.12374323279195669,0,1,34.67949280603365,True,False,29.303875694389717,53.328914642333984,Atencao,Atencao: sinais iniciais de risco,26.013782475503067
1777740864.2836676,1300,True,0.26433354249381,0.40144946247688973,0.3328915024853499,0.00649057432857361,False,False,0.12364760432766615,0,1,28.05773081291806,False,False,28.95963868089399,50.77279752704791,Atencao,Atencao: sinais iniciais de risco,25.620382537636846
1777740864.3216014,1301,True,0.2829969873623361,0.36236215459162086,0.32267957097697847,0.017324169415867407,False,False,0.12355212355212356,0,1,28.026567236943677,False,False,28.94495189545816,50.77220077220077,Atencao,Atencao: sinais iniciais de risco,25.76850358757171
1777740864.3606036,1302,True,0.32641428291032654,0.38330386954050827,0.3548590762254174,0.009416840998047444,False,False,0.12345679012345678,0,1,24.326986653696405,False,False,28.746864519854118,50.77160493827161,Atencao,Atencao: sinais iniciais de risco,25.71872447741262
1777740864.3965378,1303,True,0.32285842144354143,0.3808618094152257,0.35186011542938356,0.0068618978494894714,False,False,0.12336160370084812,0,1,20.044840360500597,False,False,28.519669072085634,50.7710100231303,Atencao,Atencao: sinais iniciais de risco,25.955856574533072
1777740864.4360428,1304,True,0.3346440963066737,0.3818468904861824,0.3582454933964281,0.007584101143643558,False,False,0.12326656394453005,0,1,16.76503809256987,False,False,28.34261099219536,50.770416024653315,Atencao,Atencao: sinais iniciais de risco,25.903706436121382
1777740864.4705362,1305,True,0.35084340409651693,0.39878087759354436,0.3748121408450307,0.003930484659958837,False,False,0.12317167051578137,0,1,23.67429158254103,False,False,28.67502582024098,50.769822940723635,Atencao,Atencao: sinais iniciais de risco,26.20643575079339
1777740864.5057683,1306,True,0.30664588145115584,0.3251753503730501,0.315910615912103,0.005842254985326709,False,False,0.12307692307692308,0,1,31.628578939221118,False,True,29.05971241523197,50.76923076923077,Atencao,Atencao: sinais iniciais de risco,26.425055787158204
1777740864.5405645,1307,True,0.2733140585167746,0.29183588707206903,0.2825749727944218,0.007002783913369057,False,False,0.12298232129131437,0,1,36.347016597335994,False,True,29.282626552616517,50.76863950807071,Atencao,Atencao: sinais iniciais de risco,26.601039496556933
1777740864.574375,1308,True,0.28146843144406336,0.27348992843830006,0.2774791799411817,0.0072684881632775755,False,False,0.1228878648233487,0,1,37.023177304593,False,True,29.303446823634083,50.76804915514593,Atencao,Atencao: sinais iniciais de risco,26.859501712718547
1777740864.6114316,1309,True,0.3053732405010887,0.31857993945096935,0.31197658997602906,0.00565867141137117,False,False,0.12279355333844973,0,1,37.94130203723907,False,True,29.33638523109278,50.76745970836531,Atencao,Atencao: sinais iniciais de risco,26.967807670352624
1777740864.6451578,1310,True,0.3258558259816503,0.42931389365251976,0.377584859817085,0.007155267258838677,False,False,0.12269938650306748,0,1,37.795869445800776,False,True,29.316165661655806,50.76687116564417,Atencao,Atencao: sinais iniciais de risco,27.229869403171215
1777740864.6789,1311,True,0.3446096790660589,0.3898616739534937,0.3672356765097763,0.006905448568653165,False,False,0.12260536398467432,0,1,38.05992412567139,False,True,29.316440299370278,50.76628352490422,Atencao,Atencao: sinais iniciais de risco,27.453631754690218
1777740864.7124057,1312,True,0.32407288407995266,0.3966166469209332,0.3603447655004429,0.00711778498607226,False,False,0.1225114854517611,0,1,38.11565227508545,False,True,29.306318408565414,50.765696784073505,Atencao,Atencao: sinais iniciais de risco,27.701491924674038
1777740864.7536592,1313,True,0.3239258157924583,0.4236292094053258,0.373777512598892,0.007138562969844422,False,False,0.12241775057383321,0,1,37.038004422187804,False,True,29.239547470205444,50.765110941086455,Atencao,Atencao: sinais iniciais de risco,27.35702586537306
1777740864.7885437,1314,True,0.3542503505206471,0.45722640880237,0.4057383796615085,0.006352158446460174,False,False,0.12232415902140673,0,1,37.240620851516724,False,True,29.23680945321325,50.764525993883794,Atencao,Atencao: sinais iniciais de risco,27.485684325711805
1777740864.8258626,1315,True,0.3315839293363274,0.4780756739344899,0.40482980163540866,0.005638466549758867,False,False,0.12223071046600459,0,1,35.95332424640655,False,True,29.159595446589947,50.76394194041253,Atencao,Atencao: sinais iniciais de risco,27.434002065690844
1777740864.8611922,1316,True,0.34732584051399956,0.4678582498933914,0.4075920452036955,0.004310357345566711,False,False,0.12213740458015267,0,1,36.71216666698456,False,True,29.184708008314207,50.76335877862596,Atencao,Atencao: sinais iniciais de risco,27.505275316422797
1777740864.894647,1317,True,0.35097387409918673,0.4114156092054062,0.3811947416522965,0.00574541114959296,False,False,0.12204424103737604,0,1,36.447587454319,False,True,29.158669060549144,50.7627765064836,Atencao,Atencao: sinais iniciais de risco,27.755948266078214
1777740864.9287808,1318,True,0.32871188518107797,0.4266843939288377,0.37769813955495785,0.004399025286803709,False,False,0.12195121951219512,0,1,35.28419804275036,False,True,29.08770913025834,50.76219512195122,Atencao,Atencao: sinais iniciais de risco,27.91561621533564
1777740864.9632149,1319,True,0.30737253335459397,0.29016355161284635,0.29876804248372013,0.006052655867390635,False,False,0.12185833968012186,0,1,35.35255936980247,False,True,29.07835621970087,50.76161462300076,Atencao,Atencao: sinais iniciais de risco,28.010124115045844
1777740864.9985256,1320,True,0.14139048692126638,0.08336238143029309,0.11237643417577974,0.004504456426249589,True,False,0.12252663622526636,0,1,36.08011891841888,False,True,29.206624972089056,50.76103500761035,Atencao,Atencao: sinais iniciais de risco,28.025798883596238
1777740865.0336027,1321,True,0.12127176243829665,0.06885042011638498,0.09506109127734082,0.004964841798446427,True,False,0.12319391634980989,0,1,35.92466022968292,False,True,29.290603054776994,50.760456273764255,Atencao,Atencao: sinais iniciais de risco,28.10078434443094
1777740865.0682383,1322,True,0.12067702849162043,0.04922918741257936,0.0849531079520999,0.00425060921863695,True,False,0.12386018237082067,0,1,35.926759326457976,False,True,29.38231958750473,50.75987841945289,Atencao,Atencao: sinais iniciais de risco,28.17596770451397
1777740865.1025262,1323,True,0.30165152103118253,0.2773307384746045,0.2894911297528935,0.002904030735805605,False,False,0.12376613515565679,0,1,35.11021180748939,False,True,29.25411043473193,50.759301442672744,Atencao,Atencao: sinais iniciais de risco,28.269638415357115
1777740865.1478457,1324,True,0.3165509390320299,0.32742751417203686,0.3219892266020334,0.005301401135222808,False,False,0.1236722306525038,0,1,35.35527352392673,False,True,29.253451651370263,50.758725341426405,Atencao,Atencao: sinais iniciais de risco,27.640853602011465
1777740865.1851568,1325,True,0.30251241871059165,0.3046578525084945,0.30358513560954303,0.005039897174412433,False,False,0.12357846853677028,0,1,36.37541886568069,False,True,29.291566627544604,50.758150113722515,Atencao,Atencao: sinais iniciais de risco,27.55112278426762
1777740865.2253613,1326,True,0.3143203124697404,0.33153286953621297,0.3229265910029767,0.0049567503845439455,False,False,0.12348484848484849,0,1,36.401753866672514,False,True,29.28001062045495,50.75757575757576,Atencao,Atencao: sinais iniciais de risco,27.310885995500577
1777740865.2747304,1327,True,0.3230270085165411,0.36777743523359396,0.3454022218750675,0.004304903998575772,False,False,0.12339137017411052,0,1,36.93205287456512,False,True,29.293672303123106,50.75700227100681,Atencao,Atencao: sinais iniciais de risco,26.605396922442395
1777740865.3129017,1328,True,0.3226629855430003,0.40899571371792687,0.3658293496304636,0.004588301753485377,False,False,0.12329803328290469,0,1,36.26022732257842,False,True,29.24724720298297,50.75642965204236,Atencao,Atencao: sinais iniciais de risco,26.573461705558653
1777740865.3502002,1329,True,0.32673980218742926,0.3852749237504178,0.35600736296892355,0.004874519819895702,False,False,0.12320483749055178,0,1,36.114872622489926,False,True,29.227165046530022,50.75585789871504,Atencao,Atencao: sinais iniciais de risco,26.569247687607344
1777740865.3878205,1330,True,0.32511083759548287,0.35133481214842094,0.3382228248719519,0.004519468441118214,False,False,0.12311178247734139,0,1,36.1429720878601,False,True,29.2157749554821,50.755287009063444,Atencao,Atencao: sinais iniciais de risco,26.59842984044071
1777740865.4269674,1331,True,0.3221520076736636,0.45108957514102066,0.3866207914073421,0.0046200380921420274,False,False,0.1230188679245283,0,1,36.79150522947311,False,True,29.23542586155095,50.75471698113208,Atencao,Atencao: sinais iniciais de risco,26.472156655095628
1777740865.4614148,1332,True,0.3210499613361249,0.3975152855548294,0.3592826234454771,0.004553303832375545,False,False,0.1229260935143288,0,1,36.13978197574615,False,True,29.190083217462174,50.75414781297134,Atencao,Atencao: sinais iniciais de risco,26.7194896841147
1777740865.4951708,1333,True,0.31858781416918663,0.4387163019293039,0.3786520580492453,0.004217563865558801,False,False,0.12283345892991711,0,1,36.705821740627286,False,True,29.205647950349622,50.75357950263753,Atencao,Atencao: sinais iniciais de risco,27.01892038910699
1777740865.5315328,1334,True,0.32450410271365365,0.4381799787803326,0.3813420407469931,0.005058857478839371,False,False,0.12274096385542169,0,1,36.178754365444185,False,True,29.166576508847346,50.75301204819277,Atencao,Atencao: sinais iniciais de risco,27.05252746865986
1777740865.5654957,1335,True,0.3279084269170695,0.4011019622555489,0.3645051945863092,0.004241743601618521,False,False,0.12264860797592174,0,1,35.94628130197525,False,True,29.14225392224266,50.75244544770504,Atencao,Atencao: sinais iniciais de risco,27.286851715838946
1777740865.6036277,1336,True,0.3247651876199949,0.399814601852575,0.3622898947362849,0.004595794881660405,False,False,0.12255639097744361,0,1,35.805318129062655,False,True,29.12252592630628,50.75187969924812,Atencao,Atencao: sinais iniciais de risco,27.18763499721579
1777740865.6369514,1337,True,0.3309380985759932,0.40126962143002615,0.36610386000300965,0.00398963211809262,False,False,0.12246431254695718,0,1,36.295359432697296,False,True,29.13436720729613,50.751314800901575,Atencao,Atencao: sinais iniciais de risco,27.47097297124683
1777740865.671276,1338,True,0.3227191061388705,0.42306834703992774,0.3728937265893991,0.004920554077782781,False,False,0.12237237237237238,0,1,36.614849257469174,False,True,29.137699924529315,50.750750750750754,Atencao,Atencao: sinais iniciais de risco,27.64055206252327
1777740865.7033463,1339,True,0.31837478756525284,0.4324508735850961,0.3754128305751745,0.005390793709663003,False,False,0.12228057014253563,0,1,36.55903913974762,False,True,29.122286612040682,50.75018754688672,Atencao,Atencao: sinais iniciais de risco,28.000227841622912
1777740865.74533,1340,True,0.3189211120080224,0.4541044938552823,0.38651280293165236,0.005724199518544537,False,False,0.12218890554722639,0,1,36.07793871164321,False,True,29.085627708780443,50.749625187406295,Atencao,Atencao: sinais iniciais de risco,27.580743677380294
1777740865.781988,1341,True,0.32188924781278366,0.4112542596475292,0.36657175373015644,0.004532851602280872,False,False,0.12209737827715356,0,1,36.08250479698181,False,True,29.073271013412356,50.749063670411985,Atencao,Atencao: sinais iniciais de risco,27.557367984423145
1777740865.8192647,1342,True,0.32190762860866845,0.3926623174727132,0.35728497304069085,0.0048258913807141595,False,False,0.1220059880239521,0,1,36.692401790618895,False,True,29.09119970327901,50.74850299401198,Atencao,Atencao: sinais iniciais de risco,27.47514204026156
1777740865.8536344,1343,True,0.31580751213462616,0.40571614566562336,0.36076182890012476,0.005013756871982582,False,False,0.1219147344801795,0,1,37.32543573379517,False,True,29.110304038169094,50.74794315632012,Atencao,Atencao: sinais iniciais de risco,27.6533239360774
1777740865.8889158,1344,True,0.3093519449505042,0.41144849641022396,0.3604002206803641,0.005763689982872712,False,False,0.1218236173393124,0,1,37.86384649276734,False,True,29.124695969248474,50.747384155455904,Atencao,Atencao: sinais iniciais de risco,27.72877150733377
1777740865.9218886,1345,True,0.31050612613932843,0.4644999404011232,0.38750303327022584,0.005307519982073268,False,False,0.12173263629574309,0,1,37.9210944890976,False,True,29.115048475574213,50.74682598954443,Atencao,Atencao: sinais iniciais de risco,27.985417055085865
1777740865.9574711,1346,True,0.3138188972345555,0.4426699680597087,0.37824443264713214,0.005706779408716424,False,False,0.12164179104477611,0,1,37.982323741912836,False,True,29.10561871620701,50.74626865671642,Atencao,Atencao: sinais iniciais de risco,27.99947466916241
1777740865.991386,1347,True,0.307820538188445,0.4539518675457684,0.3808862028671067,0.005355495901071891,False,False,0.1215510812826249,0,1,37.97479789257049,False,True,29.092769831444098,50.74571215510813,Atencao,Atencao: sinais iniciais de risco,28.106140616642627
1777740866.0280683,1348,True,0.3115430849405512,0.4637988602749389,0.3876709726077451,0.0048533786305961,False,False,0.12146050670640834,0,1,37.852822828292844,False,True,29.074217074000444,50.745156482861404,Atencao,Atencao: sinais iniciais de risco,28.047413662957368
1777740866.0626752,1349,True,0.30980928216045794,0.45989253507683125,0.38485090861864457,0.005221088926144684,False,False,0.12137006701414743,0,1,37.364534401893614,False,True,29.03736719499461,50.744601638123605,Atencao,Atencao: sinais iniciais de risco,28.11730111161447
1777740866.0966973,1350,True,0.3072984876563088,0.4272634161681928,0.3672809519122508,0.004883114454529945,False,False,0.1212797619047619,0,1,37.89963595867157,False,True,29.051705320292996,50.74404761904762,Atencao,Atencao: sinais iniciais de risco,28.2451220711906
1777740866.1370487,1351,True,0.3166442386830016,0.4625004459837109,0.38957234233335625,0.005078314425207181,False,False,0.12118959107806691,0,1,37.934805727005,False,True,29.041065320039106,50.74349442379182,Atencao,Atencao: sinais iniciais de risco,27.88876449834917
1777740866.1787212,1352,True,0.31455246481420085,0.44957558215521753,0.3820640234847092,0.004793894332689684,False,False,0.12109955423476969,0,1,38.41940321922302,False,True,29.052915128696636,50.74294205052006,Atencao,Atencao: sinais iniciais de risco,27.510118998434073
1777740866.220194,1353,True,0.31335759083516357,0.46814216666431213,0.3907498787497379,0.0046340064046632694,False,False,0.12100965107646622,0,1,38.45882804393768,False,True,29.042524685665644,50.74239049740164,Atencao,Atencao: sinais iniciais de risco,27.177510178024473
1777740866.2639565,1354,True,0.30448542832169756,0.4727196956830291,0.3886025620023633,0.00523878772643014,False,False,0.12091988130563798,0,1,38.35973415374755,False,True,29.025226647667253,50.74183976261128,Atencao,Atencao: sinais iniciais de risco,26.759841731806862
1777740866.3022733,1355,True,0.3074319368195361,0.4444940517624838,0.37596299429101,0.004752467191412681,False,False,0.12083024462564863,0,1,38.178330135345455,False,True,29.00383140324861,50.74128984432913,Atencao,Atencao: sinais iniciais de risco,26.68165151334728
1777740866.339849,1356,True,0.3067981323249864,0.4598995803272129,0.3833488563260996,0.004801457512963842,False,False,0.12074074074074075,0,1,38.39195220470428,False,True,29.00220572254172,50.74074074074074,Atencao,Atencao: sinais iniciais de risco,26.66252807019969
1777740866.3837295,1357,True,0.3057763816353766,0.4545162839425727,0.3801463327889747,0.004903507050189557,False,False,0.12065136935603257,0,1,38.52499170303344,False,True,28.996569132060806,50.74019245003701,Atencao,Atencao: sinais iniciais de risco,26.2798077976751
1777740866.4205587,1358,True,0.303759384492769,0.4632955039549762,0.38352744422387264,0.004974083112949772,False,False,0.1205621301775148,0,1,38.91287517547607,False,True,29.003692918636737,50.739644970414204,Atencao,Atencao: sinais iniciais de risco,26.36495693631916
1777740866.4554937,1359,True,0.30084953822316624,0.46964921688741834,0.3852493775552923,0.004700170374616753,False,False,0.1204730229120473,0,1,38.804507923126216,False,True,28.986022307017468,50.73909830007391,Atencao,Atencao: sinais iniciais de risco,26.59213327625343
1777740866.4890614,1360,True,0.3190397773067496,0.4555847144481184,0.38731224587743396,0.005347212568692623,False,False,0.12038404726735598,0,1,38.424225616455075,False,True,28.954774040538855,50.73855243722304,Atencao,Atencao: sinais iniciais de risco,26.92059875852312
1777740866.5344775,1361,True,0.31062299949074934,0.455466270845403,0.3830446351680762,0.0052265317821953575,False,False,0.12029520295202951,0,1,38.88649425506592,False,True,28.96567137911201,50.7380073800738,Atencao,Atencao: sinais iniciais de risco,26.437414586205648
1777740866.5703697,1362,True,0.3084335468693772,0.456589869541197,0.3825117082052871,0.005143521721572166,False,False,0.12020648967551623,0,1,38.93510446548461,False,True,28.955903814112364,50.73746312684366,Atencao,Atencao: sinais iniciais de risco,26.54860790704633
1777740866.6050992,1363,True,0.3084902128339802,0.4763645271390075,0.39242736998649386,0.005085461099291184,False,False,0.12011790714812086,0,1,38.892754316329956,False,True,28.94160620913777,50.736919675755345,Atencao,Atencao: sinais iniciais de risco,26.793836145363834
1777740866.6413295,1364,True,0.3123802904101702,0.46164933673823794,0.3870148135742041,0.005325640234948894,False,False,0.12002945508100148,0,1,38.85138435363769,False,True,28.927375551774244,50.736377025036816,Atencao,Atencao: sinais iniciais de risco,26.865794499523098
1777740866.6755912,1365,True,0.3213355370665072,0.44892717741758503,0.3851313572420461,0.0047191809746420475,False,False,0.1199411331861663,0,1,38.49924871921539,False,True,28.89762450951329,50.73583517292126,Atencao,Atencao: sinais iniciais de risco,27.10588727797916
1777740866.7110372,1366,True,0.3216808240485483,0.45157344027315427,0.3866271321608513,0.0043684267728725116,False,False,0.11985294117647059,0,1,38.867134714126585,False,True,28.90389240792569,50.73529411764706,Atencao,Atencao: sinais iniciais de risco,27.236619309459776
1777740866.7464705,1367,True,0.3049934071248901,0.4740400666317757,0.3895167368783329,0.004434868014759286,False,False,0.11976487876561352,0,1,38.84322915077209,False,True,28.890588548265118,50.734753857457754,Atencao,Atencao: sinais iniciais de risco,27.296975998846243
1777740866.7820966,1368,True,0.3221698696533728,0.4613984170721884,0.3917841433627806,0.004754237695451912,False,False,0.1196769456681351,0,1,39.182432031631464,False,True,28.895457891404803,50.734214390602055,Atencao,Atencao: sinais iniciais de risco,27.368665642790724
1777740866.8197594,1369,True,0.31747108445890876,0.44030403924325473,0.37888756185108174,0.004448882129615399,False,False,0.11958914159941306,0,1,38.620685195922846,False,True,28.85529749017009,50.733675715333824,Atencao,Atencao: sinais iniciais de risco,27.318916503257427
1777740866.8565574,1370,True,0.3262557149789663,0.4094540518838727,0.3678548834314195,0.0050671492738211,False,False,0.11950146627565983,0,1,39.33674058914185,False,True,28.879044902814975,50.733137829912025,Atencao,Atencao: sinais iniciais de risco,27.292784329475186
1777740866.8930469,1371,True,0.3161948003078155,0.4323173672185106,0.37425608376316305,0.004751330961577669,False,False,0.11941391941391942,0,1,39.0680428981781,False,True,28.85357232477748,50.73260073260073,Atencao,Atencao: sinais iniciais de risco,27.29500748854096
1777740866.9288673,1372,True,0.3197919714132335,0.43923814289376223,0.37951505715349787,0.004997045183613613,False,False,0.11932650073206442,0,1,39.220393657684326,False,True,28.849169793997728,50.73206442166911,Atencao,Atencao: sinais iniciais de risco,27.34434973804965
1777740866.9645,1373,True,0.31581543505575627,0.43678545491797055,0.37630044498686344,0.005158807285305799,False,False,0.11923920994879297,0,1,39.32578172683716,False,True,28.842436714755543,50.73152889539137,Atencao,Atencao: sinais iniciais de risco,27.43336179685346
1777740867.0008264,1374,True,0.32185577996927917,0.4108909606728134,0.3663733703210463,0.003870764569127042,False,False,0.11915204678362573,0,1,38.70017857551574,False,True,28.799171621978978,50.73099415204678,Atencao,Atencao: sinais iniciais de risco,27.445188102733752
1777740867.0363045,1375,True,0.3244699433075316,0.4204346726714978,0.3724523079895147,0.0056092728377228765,False,False,0.11906501095690285,0,1,39.00471873283386,False,True,28.80243120367049,50.73046018991965,Atencao,Atencao: sinais iniciais de risco,27.530292051396913
1777740867.0690048,1376,True,0.32246894948245386,0.4418286363954641,0.382148792938959,0.00629994280464923,False,False,0.11897810218978103,0,1,40.1796932220459,False,True,28.84922997265184,50.72992700729927,Atencao,Atencao: sinais iniciais de risco,27.823823426868987
1777740867.1020539,1377,True,0.3149436141675063,0.4114673486489982,0.36320548140825226,0.004238250339493112,False,False,0.11889132020423049,0,1,39.2217755317688,False,True,28.789401565124784,50.72939460247994,Atencao,Atencao: sinais iniciais de risco,27.985318997379665
1777740867.145784,1378,True,0.3217018894270584,0.4068133010139307,0.36425759522049456,0.00670383291375961,False,False,0.11880466472303207,0,1,39.45402607917786,False,True,28.789098963830455,50.72886297376093,Atencao,Atencao: sinais iniciais de risco,27.53844454672882
1777740867.186415,1379,True,0.31509577269480804,0.41236963052763853,0.3637327016112233,0.005388358511997168,False,False,0.11871813546977422,0,1,40.02498683929443,False,True,28.80574922951333,50.72833211944647,Atencao,Atencao: sinais iniciais de risco,27.216234686303224
1777740867.22475,1380,True,0.31787143798560247,0.4020059847109744,0.3599387113482884,0.004418003171680312,False,False,0.11863173216885008,0,1,40.01252551078796,False,True,28.793245709210936,50.727802037845706,Atencao,Atencao: sinais iniciais de risco,27.137575775748285
1777740867.2757757,1381,True,0.3092398452032343,0.4148920732238707,0.3620659592135525,0.0047222337164333295,False,False,0.11854545454545455,0,1,40.16662249565125,False,True,28.789087385237217,50.72727272727273,Atencao,Atencao: sinais iniciais de risco,26.352588702653218
1777740867.3119123,1382,True,0.3191485103352019,0.40223414449469064,0.36069132741494625,0.00488602704771286,False,False,0.1184593023255814,0,1,39.964557313919066,False,True,28.767138195918047,50.72674418604651,Atencao,Atencao: sinais iniciais de risco,26.500960970234757
1777740867.3496544,1383,True,0.3173702566812961,0.4226635020478096,0.37001687936455285,0.0051750348596896634,False,False,0.11837327523602033,0,1,40.45497756004333,False,True,28.779830483409615,50.72621641249092,Atencao,Atencao: sinais iniciais de risco,26.490222979873394
1777740867.3854296,1384,True,0.31890243436106924,0.39892573788305546,0.3589140861220623,0.005928023263674958,False,False,0.11828737300435414,0,1,39.751726388931274,False,True,28.732856367999915,50.72568940493469,Atencao,Atencao: sinais iniciais de risco,26.680714216491534
1777740867.4264562,1385,True,0.3165720614312684,0.4043221703001464,0.36044711586570743,0.005277540118097674,False,False,0.11820159535895576,0,1,40.07758173942565,False,True,28.737354709282354,50.725163161711386,Atencao,Atencao: sinais iniciais de risco,26.445164639600005
1777740867.4612546,1386,True,0.31668447017563817,0.40705623400647684,0.3618703520910575,0.005344374705953639,False,False,0.11811594202898551,0,1,40.16139283180237,False,True,28.72976793103028,50.72463768115942,Atencao,Atencao: sinais iniciais de risco,26.677551246482956
1777740867.4971907,1387,True,0.3137431142405958,0.3961613159169167,0.3549522150787563,0.006562608330656643,False,False,0.11803041274438812,0,1,39.86983714103698,False,True,28.70342986985987,50.72411296162201,Atencao,Atencao: sinais iniciais de risco,26.780370408168558
1777740867.5339305,1388,True,0.3137856427210847,0.3988568179909037,0.3563212303559942,0.005669101347274926,False,False,0.11794500723589002,0,1,40.272490358352655,False,True,28.711819273307164,50.72358900144718,Atencao,Atencao: foco visual fora da direcao,26.835925660829822
1777740867.568315,1389,True,0.3200524416160491,0.39891184450340345,0.35948214305972626,0.005709180372974589,False,False,0.11785972523499638,0,1,39.51586837768554,False,True,28.66226189915093,50.723065798987705,Atencao,Atencao: foco visual fora da direcao,27.076318253125105
1777740867.6014786,1390,True,0.3140245497185965,0.40286343477519077,0.3584439922468936,0.0059347076620038484,False,False,0.11777456647398844,0,1,40.10335969924926,False,True,28.679927135590525,50.72254335260116,Atencao,Atencao: foco visual fora da direcao,27.312928373268008
1777740867.6360395,1391,True,0.31654087825705673,0.38780889459433293,0.35217488642569483,0.00570274731918921,False,False,0.11768953068592057,0,1,39.910624742507935,False,True,28.65859796689413,50.72202166064982,Atencao,Atencao: foco visual fora da direcao,27.510647994021124
1777740867.6706963,1392,True,0.31473547716979694,0.40297940445655617,0.35885744081317655,0.00518821498954705,False,False,0.1176046176046176,0,1,40.245112514495844,False,True,28.663646806814366,50.721500721500725,Atencao,Atencao: foco visual fora da direcao,27.63834141259794
1777740867.709654,1393,True,0.3128652410414316,0.40392874360173725,0.3583969923215844,0.005185119836647455,False,False,0.11751982696467195,0,1,39.87958922386169,False,True,28.63371192929013,50.7209805335256,Atencao,Atencao: foco visual fora da direcao,27.466006635560674
1777740867.7497313,1394,True,0.3159038276867263,0.41690381127179477,0.36640381947926054,0.005534026224564782,False,False,0.11743515850144093,0,1,40.25018210411071,False,True,28.640599659608316,50.720461095100866,Atencao,Atencao: foco visual fora da direcao,27.19886366504511
1777740867.7835498,1395,True,0.3196795083625038,0.39821506082835023,0.358947284595427,0.005495646863130115,False,False,0.11735061195104392,0,1,39.63608369827271,False,True,28.598269588636825,50.71994240460763,Atencao,Atencao: foco visual fora da direcao,27.386317457747996
1777740867.8191314,1396,True,0.3195384755242748,0.41838738253755625,0.36896292903091554,0.006373548147682674,False,False,0.11726618705035971,0,1,40.46132259368896,False,True,28.62792310956356,50.719424460431654,Atencao,Atencao: foco visual fora da direcao,27.516591082145716
1777740867.856259,1397,True,0.3136386877217174,0.40248478432667695,0.35806173602419716,0.00453621170403365,False,False,0.11718188353702372,0,1,39.897824382781984,False,True,28.588156465934514,50.718907260963334,Atencao,Atencao: foco visual fora da direcao,27.460684009264142
1777740867.891859,1398,True,0.3255007077894087,0.4239000046291462,0.37470035620927744,0.004642765718765744,False,False,0.11709770114942529,0,1,40.72762603759765,False,True,28.618071470380514,50.7183908045977,Atencao,Atencao: foco visual fora da direcao,27.50551838062023
1777740867.9291396,1399,True,0.321527756939268,0.39991566935897527,0.3607217131491216,0.0037694761081356848,False,False,0.11701363962670495,0,1,40.594366168975824,False,True,28.599850017575378,50.717875089734385,Atencao,Atencao: foco visual fora da direcao,27.43728363545005
1777740867.9632924,1400,True,0.32008104601392057,0.38908900738890284,0.3545850267014117,0.0035477610868898525,False,False,0.11692969870875179,0,1,40.84725170135498,False,True,28.600952417975776,50.71736011477762,Atencao,Atencao: foco visual fora da direcao,27.586445993045352
1777740867.9978518,1401,True,0.3216808226264485,0.4067645273906508,0.36422267500854966,0.004125487778830434,False,False,0.11684587813620072,0,1,40.406066513061525,False,True,28.567367829835327,50.7168458781362,Atencao,Atencao: foco visual fora da direcao,27.79207302727165
1777740868.0312095,1402,True,0.32590111034067903,0.39845192897716747,0.3621765196589233,0.003431600232947572,False,False,0.1167621776504298,0,1,41.27832260131836,False,True,28.59947181745467,50.7163323782235,Atencao,Atencao: foco visual fora da direcao,27.982851049731792
1777740868.0640864,1403,True,0.3153011559280099,0.3928721962253308,0.3540866760766703,0.003503471552938812,False,False,0.11667859699355762,0,1,41.68411293029785,False,True,28.608268993583717,50.715819613457406,Atencao,Atencao: foco visual fora da direcao,28.239782881929038
1777740868.0984163,1404,True,0.32064105488925715,0.39367723046649084,0.35715914267787396,0.0035074049162046035,False,False,0.11659513590844063,0,1,41.730682516098014,False,True,28.59912157367014,50.71530758226037,Atencao,Atencao: foco visual fora da direcao,28.326428081192564
1777740868.1425803,1405,True,0.3289995286905672,0.4103522285904714,0.3696758786405193,0.0030833497961597774,False,False,0.11651179413867048,0,1,41.274634456634516,False,True,28.56485967735357,50.71479628305933,Atencao,Atencao: foco visual fora da direcao,27.771300501530366
1777740868.1798468,1406,True,0.333194664476069,0.4045735173562604,0.3688840909161647,0.00404197456670468,False,False,0.11642857142857142,0,1,41.891203498840326,False,True,28.584245006825242,50.714285714285715,Atencao,Atencao: foco visual fora da direcao,27.648739362837595
1777740868.217736,1407,True,0.33152566962012875,0.3722619913573861,0.35189383048875744,0.004094085259946554,False,False,0.11634546752319772,0,1,41.73601560592651,False,True,28.565058825190665,50.71377587437544,Atencao,Atencao: foco visual fora da direcao,27.45219585987918
1777740868.2644136,1408,True,0.33375216918280476,0.3769801467078955,0.3553661579453501,0.004220816704513863,False,False,0.11626248216833096,0,1,42.01306505203247,False,True,28.567500811201782,50.7132667617689,Atencao,Atencao: foco visual fora da direcao,26.90886285006405
1777740868.3032742,1409,True,0.33396033793641683,0.3820571612235035,0.3580087495799602,0.0038671722902414675,False,False,0.11617961511047754,0,1,41.90937128067016,False,True,28.55092190217883,50.712758374910905,Atencao,Atencao: foco visual fora da direcao,26.766760283623732
1777740868.3440475,1410,True,0.33406315378048945,0.3801883427461647,0.3571257482633271,0.0041796579752893005,False,False,0.11609686609686609,0,1,41.744096136093134,False,True,28.5312801555784,50.712250712250714,Atencao,Atencao: foco visual fora da direcao,26.563397208139225
1777740868.3893108,1411,True,0.3358298645177334,0.38711910767776364,0.3614744860977485,0.004805172637335816,False,False,0.11601423487544484,0,1,42.45162725448608,False,True,28.555294918552622,50.711743772241995,Atencao,Atencao: foco visual fora da direcao,26.12226979513448
1777740868.4267871,1412,True,0.3280707550924189,0.39806315052894836,0.36306695281068363,0.0027062415084411263,False,False,0.11593172119487909,0,1,42.11456241607666,False,True,28.52709604555436,50.71123755334282,Atencao,Atencao: foco visual fora da direcao,26.173768728814277
1777740868.4605188,1413,True,0.3408337573353377,0.4025609702267147,0.37169736378102625,0.003802583169393499,False,False,0.11584932480454868,0,1,42.361281013488764,False,True,28.528102471754536,50.71073205401564,Atencao,Atencao: foco visual fora da direcao,26.498407663932273
1777740868.4955118,1414,True,0.3391978009273264,0.4070708966493703,0.37313434878834834,0.0023483530081018014,False,False,0.11576704545454546,0,1,42.0496675491333,False,True,28.50120838791132,50.71022727272727,Atencao,Atencao: foco visual fora da direcao,26.70869245807382
1777740868.5299628,1415,True,0.33361875084280745,0.40585251769849623,0.3697356342706518,0.0031459345021723193,False,False,0.1156848828956707,0,1,42.24732961654662,False,True,28.49979413943671,50.7097232079489,Atencao,Atencao: foco visual fora da direcao,26.939856377994538
1777740868.563486,1416,True,0.3324999352600073,0.40819450629751536,0.37034722077876137,0.0031202765809013938,False,False,0.11560283687943262,0,1,42.26834268569946,False,True,28.48956346566161,50.709219858156025,Atencao,Atencao: foco visual fora da direcao,27.23375486892975
1777740868.5971692,1417,True,0.33274724691937935,0.4071389908112955,0.36994311886533743,0.003496314542828137,False,False,0.11552090715804395,0,1,42.411223316192626,False,True,28.485442160495325,50.70871722182849,Atencao,Atencao: foco visual fora da direcao,27.48248321822615
1777740868.6384013,1418,True,0.33099334876740377,0.404581810364885,0.3677875795661444,0.0035107345074680434,False,False,0.11543909348441926,0,1,42.435982894897464,False,True,28.475430759307176,50.70821529745042,Atencao,Atencao: foco visual fora da direcao,27.148387622944075
1777740868.67506,1419,True,0.32975020024849877,0.4028801421754847,0.36631517121199175,0.0036361657097425154,False,False,0.11535739561217269,0,1,42.409979629516606,False,True,28.46289713860423,50.70771408351026,Atencao,Atencao: foco visual fora da direcao,27.17946636771761
1777740868.711306,1420,True,0.29528668517770107,0.3118237652114366,0.30355522519456885,0.0034990029983247586,False,False,0.11527581329561527,0,1,40.891918849945064,False,True,28.375776531099007,50.707213578500706,Atencao,Atencao: foco visual fora da direcao,27.231426358472092
1777740868.9393284,1421,True,0.30529801217576186,0.3952741007203496,0.3502860564480557,0.0042902507985089775,False,False,0.11519434628975266,0,1,41.04408893585205,False,True,28.372183322088247,50.706713780918726,Atencao,Atencao: foco visual fora da direcao,24.946337449914143
1777740868.975071,1422,True,0.32772477264714067,0.39202787017129925,0.35987632140922,0.004777294965949485,False,False,0.11511299435028248,0,1,41.37817974090576,False,True,28.377701970663782,50.706214689265536,Atencao,Atencao: foco visual fora da direcao,25.26908128902067
1777740869.0106091,1423,True,0.32855404578210323,0.4045477503375724,0.3665508980598378,0.004807190159150096,False,False,0.1150317572335921,0,1,40.79822306632995,False,True,28.337534033390067,50.705716302046575,Atencao,Atencao: foco visual fora da direcao,25.516221385483146
1777740869.048061,1424,True,0.3359413787284216,0.4131720487208941,0.3745567137246578,0.0047520296111479505,False,False,0.114950634696756,0,1,40.79622192382813,False,True,28.326279627450013,50.70521861777151,Atencao,Atencao: foco visual fora da direcao,25.63313744773216
1777740869.0920534,1425,True,0.33603485541899525,0.4074383709942293,0.3717366132066123,0.0038936427302044747,False,False,0.11486962649753348,0,1,40.65571451187134,False,True,28.308115629459074,50.70472163495419,Atencao,Atencao: foco visual fora da direcao,25.355564111011446
1777740869.1317596,1426,True,0.33647307417480854,0.4072187722398316,0.3718459232073201,0.003894170889090489,False,False,0.1147887323943662,0,1,40.68850998878479,False,True,28.298632464119247,50.70422535211268,Atencao,Atencao: foco visual fora da direcao,25.350737081042602
1777740869.170588,1427,True,0.3459232628264291,0.41438119227969283,0.380152227553061,0.004143359031036336,False,False,0.11470795214637579,0,1,40.07867865562439,False,True,28.257033613362545,50.703729767769175,Atencao,Atencao: foco visual fora da direcao,25.347193583674837
1777740869.2172542,1428,True,0.33291712976821924,0.4204720788492618,0.3766946043087405,0.0048156581432603675,False,False,0.11462728551336146,0,1,40.24156384468078,False,True,28.254086210775892,50.70323488045007,Atencao,Atencao: foco visual fora da direcao,24.978087319568058
1777740869.2551086,1429,True,0.3361713606211846,0.4173012298081411,0.37673629521466284,0.00451390562075267,False,False,0.11454673225579762,0,1,39.64155669212341,False,True,28.213009780232998,50.70274068868588,Atencao,Atencao: foco visual fora da direcao,25.07754626328358
1777740869.2946732,1430,True,0.334403278407926,0.41983803445403434,0.37712065643098014,0.004863819996551453,False,False,0.11446629213483146,0,1,39.90557146072388,False,True,28.215150002030178,50.70224719101124,Atencao,Atencao: foco visual fora da direcao,25.123196090357467
1777740869.343546,1431,True,0.33063411993206837,0.40851016388793215,0.36957214191000026,0.004509384919978556,False,False,0.1143859649122807,0,1,39.47830028533935,False,True,28.18274145016022,50.70175438596491,Atencao,Atencao: foco visual fora da direcao,24.664336254204017
1777740869.3843932,1432,True,0.338907033072227,0.40979965589938055,0.3743533444858038,0.004813967343671074,False,False,0.11430575035063113,0,1,39.35202531814575,False,True,28.165398199573723,50.701262272089764,Atencao,Atencao: foco visual fora da direcao,24.655267349357228
1777740869.4216478,1433,True,0.33491351526044644,0.41617535593949606,0.37554443559997125,0.004304991762721404,False,False,0.11422564821303434,0,1,39.429924392700194,False,True,28.158279109381887,50.70077084793272,Atencao,Atencao: foco visual fora da direcao,24.89533903863119
1777740869.4541283,1434,True,0.33857682556224555,0.41618695408830864,0.3773818898252771,0.004461643994778835,False,False,0.11414565826330532,0,1,39.346076822280885,False,True,28.14308811277318,50.700280112044815,Atencao,Atencao: foco visual fora da direcao,25.410278795836923
1777740869.4978356,1435,True,0.3339665520079703,0.43026818179725923,0.3821173669026148,0.004431688252107549,False,False,0.11406578026592022,0,1,39.933837223052976,False,True,28.161492908171333,50.69979006298111,Atencao,Atencao: foco visual fora da direcao,25.198808814378943
1777740869.535467,1436,True,0.3323558366318475,0.4138402532471091,0.3730980449394783,0.0038968197517253124,False,False,0.11398601398601399,0,1,39.91838812828063,False,True,28.149752589945606,50.6993006993007,Atencao,Atencao: foco visual fora da direcao,25.33389151919686
1777740869.5702214,1437,True,0.3308983475241333,0.4132515406451692,0.37207494408465125,0.003918191617494963,False,False,0.11390635918937805,0,1,39.875436735153194,False,True,28.136652485751796,50.69881201956674,Atencao,Atencao: foco visual fora da direcao,25.681084934829553
1777740869.6066558,1438,True,0.33241500515756917,0.42394665321668445,0.3781808291871268,0.0038397775886545994,False,False,0.1138268156424581,0,1,40.03398103713989,False,True,28.133642463149638,50.69832402234637,Atencao,Atencao: foco visual fora da direcao,25.85446753962371
1777740869.6415124,1439,True,0.3333170427324284,0.4195562681006121,0.37643665541652027,0.004438270825410782,False,False,0.1137473831123517,0,1,39.797405052185056,False,True,28.110891691012267,50.697836706210744,Atencao,Atencao: foco visual fora da direcao,26.12858201607213
1777740869.6772513,1440,True,0.33559382814597294,0.4138639607588764,0.37472889445242463,0.003541018471307956,False,False,0.11366806136680614,0,1,39.9423288822174,False,True,28.107231142501366,50.69735006973501,Atencao,Atencao: foco visual fora da direcao,26.30752262298859
1777740869.7121956,1441,True,0.33461404620735236,0.41057861652794586,0.37259633136764914,0.003374063420862339,False,False,0.11358885017421602,0,1,39.89502029418945,False,True,28.093974174118827,50.69686411149826,Atencao,Atencao: foco visual fora da direcao,26.544803553521977
1777740869.7461598,1442,True,0.3346842789251553,0.40986028210963715,0.37227228051739625,0.0034767577788380032,False,False,0.11350974930362116,0,1,39.88722386360168,False,True,28.082707982882646,50.69637883008357,Atencao,Atencao: foco visual fora da direcao,26.7879752280313
1777740869.7799385,1443,True,0.3375575873508777,0.41279966488104985,0.37517862611596375,0.003923974550759109,False,False,0.11343075852470424,0,1,39.857390832901,False,True,28.070355099246534,50.69589422407794,Atencao,Atencao: foco visual fora da direcao,27.028357297710144
1777740869.8193738,1444,True,0.3391122426180648,0.4009057121435334,0.3700089773807991,0.003574866498603253,False,False,0.1133518776077886,0,1,39.71192927360534,False,True,28.052235895205854,50.695410292072324,Atencao,Atencao: foco visual fora da direcao,26.93563576087919
1777740869.852241,1445,True,0.3411838779392083,0.39955933999769816,0.3703716089684532,0.003812760239193412,False,False,0.113273106323836,0,1,39.84006247520446,False,True,28.047811503742327,50.69492703266157,Atencao,Atencao: foco visual fora da direcao,27.275160141500226
1777740869.887867,1446,True,0.3306967289652753,0.38734667946837814,0.3590217042168267,0.003168890504133945,False,False,0.11319444444444444,0,1,39.537077569961546,False,True,28.02184625006384,50.69444444444444,Atencao,Atencao: foco visual fora da direcao,27.31219812228795
1777740869.9218552,1447,True,0.3383210867552534,0.39137900226509653,0.364850044510175,0.0037215556489889577,False,False,0.11311589174184594,0,1,39.75721354484558,False,True,28.022052052200745,50.6939625260236,Atencao,Atencao: foco visual fora da direcao,27.55392155247535
1777740869.957396,1448,True,0.338997115225512,0.3941505418623988,0.36657382854395537,0.003585464661984268,False,False,0.1130374479889043,0,1,39.72123460769653,False,True,28.009467089313823,50.69348127600555,Atencao,Atencao: foco visual fora da direcao,27.620072445800947
1777740869.9941645,1449,True,0.34240188223583584,0.3992602013298156,0.3708310417828257,0.0033000921594103613,False,False,0.11295911295911296,0,1,40.048762798309326,False,True,28.01507243224815,50.69300069300069,Atencao,Atencao: foco visual fora da direcao,27.547712209056186
1777740870.0329516,1450,True,0.3396055836110291,0.4106883557529645,0.3751469696819968,0.003202546188219065,False,False,0.1128808864265928,0,1,39.95536184310913,False,True,27.99964623626662,50.692520775623265,Atencao,Atencao: foco visual fora da direcao,27.41004322983803
1777740870.0708935,1451,True,0.337046454925533,0.4067244836779677,0.37188546930175037,0.0031535357242962487,False,False,0.11280276816608996,0,1,39.96798238754272,False,True,27.989536002669162,50.69204152249135,Atencao,Atencao: foco visual fora da direcao,27.26489073396578
1777740870.1082094,1452,True,0.33417368223626454,0.4078515986669649,0.37101264045161475,0.0033079710101990337,False,False,0.11272475795297372,0,1,39.93686146736145,False,True,27.97725355235661,50.69156293222683,Atencao,Atencao: foco visual fora da direcao,27.25304144183709
1777740870.1472123,1453,True,0.3376143507002259,0.4107188345835023,0.3741665926418641,0.00372311622987198,False,False,0.11264685556323428,0,1,40.14178953170776,False,True,27.976788376984757,50.69108500345543,Atencao,Atencao: foco visual fora da direcao,27.091800415004222
1777740870.184535,1454,True,0.33449293531426433,0.4044536115441977,0.369473273429231,0.003966052986674868,False,False,0.11256906077348067,0,1,40.06633105278015,False,True,27.96231866944725,50.69060773480663,Atencao,Atencao: foco visual fora da direcao,27.064203793577445
1777740870.2233713,1455,True,0.33357252444284696,0.40759814623264196,0.37058533533774446,0.003825425072733751,False,False,0.11249137336093858,0,1,40.16212711334228,False,True,27.956426453250824,50.690131124913734,Atencao,Atencao: foco visual fora da direcao,26.90849799841716
1777740870.2701418,1456,True,0.33021933935948616,0.41335938071451855,0.37178936003700236,0.004313669094083332,False,False,0.11241379310344828,0,1,40.33797359466553,False,True,27.95455149191207,50.689655172413794,Atencao,Atencao: foco visual fora da direcao,26.379721539098025
1777740870.31191,1457,True,0.33819987985885686,0.3994939780349409,0.36884692894689886,0.003202622128556081,False,False,0.11233631977946244,0,1,40.14931602478027,False,True,27.93446603136975,50.68917987594762,Atencao,Atencao: foco visual fora da direcao,26.09582605747101
1777740870.3542278,1458,True,0.3357587408320776,0.40405622362334226,0.3699074822277099,0.0035868850733206327,False,False,0.11225895316804407,0,1,40.232477807998656,False,True,27.927986211460645,50.68870523415978,Atencao,Atencao: foco visual fora da direcao,25.8900838272466
1777740870.3993118,1459,True,0.3293776353743534,0.40013541924700563,0.36475652731067953,0.003674785131971315,False,False,0.11218169304886441,0,1,40.09942779541015,False,True,27.910710444444017,50.68823124569855,Atencao,Atencao: foco visual fora da direcao,25.498505771930347
1777740870.436267,1460,True,0.33001596316703263,0.3999383441140696,0.3649771536405511,0.00398843951967501,False,False,0.11210453920220083,0,1,40.0631643295288,False,True,27.898288617233707,50.687757909215954,Atencao,Atencao: foco visual fora da direcao,25.673695863741095
1777740870.472541,1461,True,0.3313609782641849,0.396606253719742,0.3639836159919635,0.003715618705537808,False,False,0.11202749140893471,0,1,39.993590831756585,False,True,27.88421587077101,50.687285223367695,Atencao,Atencao: foco visual fora da direcao,25.841383973697177
1777740870.5060718,1462,True,0.3335792126487893,0.4042717869601159,0.3689254998044526,0.003669293105098757,False,False,0.11195054945054946,0,1,40.07085947990417,False,True,27.87749978390041,50.68681318681319,Atencao,Atencao: foco visual fora da direcao,26.254506082742832
1777740870.540798,1463,True,0.33167975365953567,0.4000614705100064,0.365870612084771,0.0036013408759220083,False,False,0.11187371310912834,0,1,40.19991321563721,False,True,27.873387473741666,50.68634179821551,Atencao,Atencao: foco visual fora da direcao,26.471870540671127
1777740870.5758076,1464,True,0.3281837174385467,0.4010143706036818,0.3645990440211142,0.0033511770269687396,False,False,0.11179698216735254,0,1,39.97959699630737,False,True,27.851821158281,50.685871056241425,Atencao,Atencao: foco visual fora da direcao,26.658411655570397
1777740870.6126347,1465,True,0.3316238462545797,0.4057110017917677,0.3686674240231737,0.0036905102491772497,False,False,0.11172035640849898,0,1,40.01560854911804,False,True,27.843085694079164,50.68540095956134,Atencao,Atencao: foco visual fora da direcao,26.76295288613037
1777740870.6475348,1466,True,0.3299629813034768,0.4053210338457852,0.367642007574631,0.0036104476999339074,False,False,0.11164383561643836,0,1,39.92224750518798,False,True,27.82789603297433,50.68493150684932,Atencao,Atencao: foco visual fora da direcao,26.955842833341247
1777740870.682817,1467,True,0.3297112159785806,0.4018916348885457,0.36580142543356314,0.0033136366082681754,False,False,0.11156741957563313,0,1,39.8313193321228,False,True,27.812842418710346,50.68446269678302,Atencao,Atencao: foco visual fora da direcao,26.991894445120277
1777740870.726358,1468,True,0.332540910554683,0.3927536461744699,0.36264727836457644,0.0032313176866206775,False,False,0.11149110807113544,0,1,39.925261878967284,False,True,27.80704671418414,50.683994528043776,Atencao,Atencao: foco visual fora da direcao,26.661396580428782
1777740870.7620935,1469,True,0.3348943101457432,0.3923193532796835,0.36360683171271335,0.002759397122251537,False,False,0.1114149008885851,0,1,39.85742173194885,False,True,27.79317621923255,50.68352699931647,Atencao,Atencao: foco visual fora da direcao,26.77545192849623
1777740870.7966268,1470,True,0.3310317262013604,0.39656303560220285,0.3637973809017816,0.003464274207163335,False,False,0.11133879781420765,0,1,40.032106924057004,False,True,27.791446306111055,50.68306010928962,Atencao,Atencao: foco visual fora da direcao,27.001431322079775
1777740870.8329525,1471,True,0.33206890580023957,0.3944516816291287,0.36326029371468416,0.003391029246283399,False,False,0.11126279863481228,0,1,39.99167122840881,False,True,27.77897463416178,50.68259385665529,Atencao,Atencao: foco visual fora da direcao,27.065849827647657
1777740870.8698385,1472,True,0.3328293138040482,0.3906823025388724,0.36175580817146025,0.0032509167320398905,False,False,0.11118690313778991,0,1,40.07341294288635,False,True,27.772626089045083,50.682128240109144,Atencao,Atencao: foco visual fora da direcao,27.03470696373581
1777740870.906066,1473,True,0.3365928498130339,0.3900295736734617,0.36331121174324776,0.003157365180279687,False,False,0.1111111111111111,0,1,40.09265875816345,False,True,27.763166976140603,50.681663258350376,Atencao,Atencao: foco visual fora da direcao,27.14413622393059
1777740870.9425313,1474,True,0.3361420993485158,0.39195606607969796,0.36404908271410685,0.003173156714346086,False,False,0.11103542234332425,0,1,40.07323484420776,False,True,27.751788574872126,50.68119891008175,Atencao,Atencao: foco visual fora da direcao,27.14349308946219
1777740870.9762065,1475,True,0.33696306145043853,0.39670665064544985,0.3668348560479442,0.003279297452185927,False,False,0.11095983662355344,0,1,40.097981977462766,False,True,27.74263289506639,50.68073519400953,Atencao,Atencao: foco visual fora da direcao,27.410107345215298
1777740871.0104954,1476,True,0.33547707325983833,0.399295316847388,0.36738619505361314,0.003220697850206828,False,False,0.1108843537414966,0,1,40.0372232913971,False,True,27.72921606448029,50.68027210884354,Atencao,Atencao: foco visual fora da direcao,27.539031175453566
1777740871.0445952,1477,True,0.33870796855248086,0.39577184663484605,0.36723990759366343,0.003670835202552778,False,False,0.11080897348742352,0,1,40.0751651763916,False,True,27.72074837379497,50.67980965329708,Atencao,Atencao: foco visual fora da direcao,27.739093463666517
1777740871.0789587,1478,True,0.3356549487958007,0.39188325161966703,0.3637691002077339,0.0033487728926449756,False,False,0.11073369565217392,0,1,40.22328019142151,False,True,27.717803422199644,50.67934782608695,Atencao,Atencao: foco visual fora da direcao,27.8529204782617
1777740871.1136692,1479,True,0.3308073563280695,0.38815755874727537,0.35948245753767244,0.0032570953782409227,False,False,0.11065852002715547,0,1,40.06447882652282,False,True,27.69952670551467,50.67888662593347,Atencao,Atencao: foco visual fora da direcao,28.00530560887915
1777740871.1562026,1480,True,0.3305380900130541,0.36498498512025584,0.34776153756665495,0.003908540108486281,False,False,0.11058344640434192,0,1,39.922955608367914,False,True,27.682127921470066,50.67842605156038,Atencao,Atencao: foco visual fora da direcao,27.555128071651353
1777740871.194549,1481,True,0.3139063518871354,0.3528334193109649,0.3333698855990501,0.00490896623988986,False,False,0.11050847457627119,0,1,39.362613391876216,False,True,27.643802184285754,50.67796610169491,Atencao,Atencao: foco visual fora da direcao,27.388263522389597
1777740871.230906,1482,True,0.25103423720702445,0.2805005298632957,0.26576738353516005,0.0049483731026328396,False,False,0.11043360433604336,0,1,38.24778733253479,False,True,27.57776622328736,50.67750677506775,Atencao,Atencao: foco visual fora da direcao,27.37751095831845
1777740871.2721725,1483,True,0.2595803035017987,0.27227456058232336,0.26592743204206104,0.00616335759080123,False,False,0.1103588354773189,0,1,38.290546679496764,False,True,27.569623472560842,50.677048070413,Atencao,Atencao: foco visual fora da direcao,27.074182601394696
1777740871.3101075,1484,True,0.2555826684168889,0.26441560812684184,0.2599991382718654,0.005598126710426525,False,False,0.11028416779431664,0,1,38.236598229408266,False,True,27.556659243643608,50.6765899864682,Atencao,Atencao: foco visual fora da direcao,27.02447982168028
1777740871.345492,1485,True,0.2550027087003673,0.2734218095647108,0.26421225913253904,0.005038109806397574,False,False,0.11020960108181203,0,1,38.11682665348053,False,True,27.540417741877835,50.67613252197431,Atencao,Atencao: foco visual fora da direcao,27.08500468506568
1777740871.3911638,1486,True,0.25708271223676143,0.27056061272687476,0.2638216624818181,0.004216662736080258,False,False,0.11013513513513513,0,1,37.78480479717254,False,True,27.51357758139436,50.67567567567568,Atencao,Atencao: foco visual fora da direcao,26.61597032961233
1777740871.427221,1487,True,0.2604239029410581,0.2694004819747413,0.2649121924578997,0.004126205694211327,False,False,0.1100607697501688,0,1,37.87237935066223,False,True,27.507731068635977,50.67521944632006,Atencao,Atencao: foco visual fora da direcao,26.735643111113298
1777740871.463049,1488,True,0.26069110243099447,0.2700185429651657,0.2653548226980801,0.00332774014676289,False,False,0.10998650472334683,0,1,38.00968313217163,False,True,27.504384816523423,50.67476383265857,Atencao,Atencao: foco visual fora da direcao,26.83651184436998
1777740871.4976401,1489,True,0.2457472019615134,0.25699415204976833,0.25137067700564086,0.006179445191365251,False,False,0.10991233985165205,0,1,37.14873459339142,False,True,27.451139719726385,50.67430883344572,Atencao,Atencao: foco visual fora da direcao,27.038796915959313
1777740871.5339763,1490,True,0.2466801915916072,0.24653048056328933,0.24660533607744828,0.004673974689060351,False,False,0.10983827493261455,0,1,37.29256150722504,False,True,27.44814713905041,50.67385444743935,Atencao,Atencao: foco visual fora da direcao,27.087379991793995
1777740871.5693002,1491,True,0.24110533355764682,0.26263940210027736,0.2518723678289621,0.007745668657388138,False,False,0.10976430976430976,0,1,36.619431006908414,False,True,27.404320403392667,50.67340067340067,Atencao,Atencao: foco visual fora da direcao,27.19481357552511
1777740871.6029756,1492,True,0.2522709585014821,0.25173737025071397,0.25200416437609807,0.008135704176494412,False,False,0.10969044414535666,0,1,36.22270847558975,False,True,27.37432775422068,50.67294751009421,Atencao,Atencao: foco visual fora da direcao,27.4585189768303
1777740871.6386476,1493,True,0.2604902312547231,0.2621591633708795,0.2613246973128013,0.007109622531152377,False,False,0.10961667787491594,0,1,36.703877890110014,False,True,27.388243362761095,50.67249495628783,Atencao,Atencao: foco visual fora da direcao,27.51019853683015
1777740871.6736906,1494,True,0.2520225760475482,0.260747520329745,0.2563850481886466,0.0078056042285131475,False,False,0.10954301075268817,0,1,36.089150881767274,False,True,27.347377783037643,50.67204301075269,Atencao,Atencao: foco visual fora da direcao,27.64724030504742
1777740871.717304,1495,True,0.28710479198106637,0.308707854340489,0.2979063231607777,0.006567445038931609,False,False,0.10946944257891202,0,1,36.38230452537536,False,True,27.351919841323824,50.67159167226326,Atencao,Atencao: foco visual fora da direcao,27.16463133809818
1777740871.7524045,1496,True,0.29979208133003993,0.32828722729615856,0.3140396543130992,0.006026035921459664,False,False,0.10939597315436242,0,1,36.10318623781204,False,True,27.32786188107009,50.671140939597315,Atencao,Atencao: foco visual fora da direcao,27.294940674870958
1777740871.7867274,1497,True,0.310055257003812,0.3354197594764981,0.322737508240155,0.005376053155029792,False,False,0.10932260228034876,0,1,35.82194970250129,False,True,27.303711559127674,50.670690811535884,Atencao,Atencao: foco visual fora da direcao,27.484302417116155
1777740871.8236072,1498,True,0.31861013764847396,0.3338354542395883,0.32622279594403114,0.007485943562228847,False,False,0.10924932975871314,0,1,36.12814741134643,False,True,27.30894647284503,50.67024128686327,Atencao,Atencao: foco visual fora da direcao,27.446663293753907
1777740871.8592184,1499,True,0.3130642044410715,0.32529091591893583,0.31917756018000365,0.00753042558550981,False,False,0.10917615539182854,0,1,36.013512265682216,False,True,27.293153240115185,50.66979236436705,Atencao,Atencao: foco visual fora da direcao,27.506983109143547
1777740871.8938253,1500,True,0.31637282326238864,0.3606026729823516,0.33848774812237015,0.004903163486268598,False,False,0.10910307898259705,0,1,35.430858549475666,False,True,27.253972548035527,50.66934404283802,Atencao,Atencao: foco visual fora da direcao,27.628915232992863
1777740871.9286542,1501,True,0.3060500159165557,0.3677383110470341,0.3368941634817949,0.004332947315519586,False,False,0.10903010033444815,0,1,35.16350798457861,False,True,27.230570455670204,50.668896321070235,Atencao,Atencao: foco visual fora da direcao,27.756364191938683
1777740871.9649568,1502,True,0.31196552577550213,0.3547264189856374,0.33334597238056973,0.007891834622419585,False,False,0.1089572192513369,0,1,35.37721375226974,False,True,27.231234595126967,50.668449197860966,Atencao,Atencao: foco visual fora da direcao,27.719185856558894
1777740871.9982371,1503,True,0.2999044325065649,0.3767910194610208,0.3383477259837928,0.007038497934653029,False,False,0.10888443553774214,0,1,35.35713725686073,False,True,27.220223009737236,50.66800267201069,Atencao,Atencao: foco visual fora da direcao,27.961957861919906
1777740872.0344343,1504,True,0.30318684679113983,0.3872286432226984,0.3452077450069191,0.007216769170968071,False,False,0.10881174899866489,0,1,35.34772431254387,False,True,27.20975796339827,50.6675567423231,Atencao,Atencao: foco visual fora da direcao,27.919710548799337
1777740872.0753715,1505,True,0.301208810611255,0.381588591816794,0.3413987012140245,0.004782469881850249,False,False,0.10873915943962642,0,1,35.09207338243723,False,True,27.186994352525147,50.66711140760507,Atencao,Atencao: foco visual fora da direcao,27.548695285609632
1777740872.1146183,1506,True,0.2925737783661912,0.3861487379687492,0.3393612581674702,0.008467140983719125,False,False,0.10866666666666666,0,1,34.20628982748497,False,True,27.132737418495566,50.666666666666664,Atencao,Atencao: foco visual fora da direcao,27.366067157986926
1777740872.1580336,1507,True,0.3042753260630628,0.36889761431564394,0.3365864701893534,0.006142343564769757,False,False,0.10859427048634245,0,1,31.35190194357525,False,True,26.980063549505505,50.66622251832112,Atencao,Atencao: foco visual fora da direcao,26.922296931847896
1777740872.2003868,1508,True,0.30949212894499306,0.3741501179848233,0.34182112346490817,0.006545345485496708,False,False,0.1085219707057257,0,1,29.56257603060115,False,True,26.880656034021996,50.665778961384824,Atencao,Atencao: foco visual fora da direcao,26.579371142205535
1777740872.2433178,1509,True,0.30503004254595284,0.39100567580182877,0.34801785917389083,0.0045000751560638225,False,False,0.10844976713240187,0,1,28.87411535951224,False,True,26.836305009135522,50.665335994677314,Atencao,Atencao: foco visual fora da direcao,26.283830346925463
1777740872.2848756,1510,True,0.3320122112554296,0.3775958818932386,0.3548040465743341,0.006251397741390662,False,False,0.10837765957446809,0,1,25.492077781937333,False,False,26.657288341040882,50.66489361702128,Atencao,Atencao: sinais iniciais de risco,26.041159756514702
1777740872.3304567,1511,True,0.31252127163349824,0.3878705019303731,0.3501958867819357,0.004672039829389578,False,False,0.10830564784053157,0,1,24.937058936499735,False,False,26.61963578535273,50.66445182724252,Atencao,Atencao: sinais iniciais de risco,25.657356534741545
1777740872.3693564,1512,True,0.308802788979292,0.3687675973776229,0.33878519317845746,0.006690065586534243,False,False,0.10823373173970784,0,1,24.053624733198774,False,False,26.56557561132442,50.66401062416999,Atencao,Atencao: sinais iniciais de risco,25.626121776882442
1777740872.4090645,1513,True,0.3015166011816131,0.3583810102862144,0.3299488057339137,0.007617577280575901,False,False,0.10816191108161911,0,1,23.92022764777595,False,False,26.549030416566076,50.6635700066357,Atencao,Atencao: sinais iniciais de risco,25.603114741247865
1777740872.451545,1514,True,0.3176923531855255,0.36060331238151316,0.33914783278351934,0.005250269916532924,False,False,0.10816191108161911,0,1,23.035041351751847,False,False,26.50477110176487,50.6635700066357,Atencao,Atencao: sinais iniciais de risco,25.392824885434756
1777740872.4896371,1515,True,0.18551435217293827,0.10433996144452953,0.14492715680873391,0.00793424921002962,True,False,0.10875331564986737,0,1,25.85977592955936,False,False,26.727325958789383,50.6631299734748,Atencao,Atencao: sinais iniciais de risco,25.493562460581867
1777740872.5279155,1516,True,0.10440889852475309,0.1124747065037498,0.10844180251425145,0.005542418449186491,True,False,0.10934393638170974,0,1,24.89679210673679,False,False,26.760387118276583,50.66269052352551,Atencao,Atencao: sinais iniciais de risco,25.52725111013288
1777740872.5644102,1517,True,0.09536076767446348,0.11461526155855627,0.10498801461650988,0.005573832447957777,True,False,0.10993377483443709,0,1,23.80218450047753,False,False,26.786759525213625,50.66225165562914,Atencao,Atencao: sinais iniciais de risco,25.70384323314814
1777740872.6006162,1518,True,0.10527845996848957,0.12226473129829857,0.11377159563339406,0.005528913670188981,True,False,0.11052283256121774,0,1,22.889605350453746,False,False,26.82212600514478,50.66181336863005,Atencao,Atencao: sinais iniciais de risco,25.924953782188673
1777740872.6352117,1519,True,0.08832314996055866,0.1309576058716039,0.10964037791608128,0.004941314762859223,True,False,0.1111111111111111,0,1,23.85457421487028,False,False,26.951262748975942,50.66137566137566,Atencao,Atencao: sinais iniciais de risco,26.22426995200319
1777740872.669651,1520,True,0.08445224659094071,0.13170328522641994,0.10807776590868032,0.005894134100271973,True,False,0.1116986120290813,0,1,24.999117657813155,False,False,27.089271297343988,50.66093853271646,Atencao,Atencao: sinais iniciais de risco,26.483670725597815
1777740872.704043,1521,True,0.11555178341776035,0.13050819491764395,0.12302998916770215,0.005297224067314841,True,False,0.11235955056179775,0,1,28.756768423318864,False,False,27.368032883867784,50.66093853271646,Atencao,Atencao: sinais iniciais de risco,26.722006347328062
1777740872.747341,1522,True,0.11140621700890481,0.13209636081858073,0.12175128891374276,0.005185596416433739,True,False,0.1130204890945142,0,1,28.50998678099026,False,False,27.446572849999868,50.66093853271646,Atencao,Atencao: sinais iniciais de risco,26.37661003259093
1777740872.7817502,1523,True,0.11951380872176277,0.12531553363934794,0.12241467118055535,0.006031910212979825,True,False,0.11360634081902246,0,1,28.067594248598272,False,False,27.505007835500155,50.660501981505945,Atencao,Atencao: sinais iniciais de risco,26.665843972065737
1777740872.8178396,1524,True,0.12818005439074148,0.1314487282546152,0.12981439132267836,0.0035679480683078395,True,False,0.1142668428005284,0,1,29.439428068832918,False,False,27.664418548968957,50.660501981505945,Atencao,Atencao: sinais iniciais de risco,26.772853850273265
1777740872.8534403,1525,True,0.11469130982646902,0.13591303637011537,0.1253021730982922,0.004106456495117649,True,False,0.11492734478203434,0,1,33.728763649680396,False,False,27.96970435046839,50.660501981505945,Atencao,Atencao: sinais iniciais de risco,26.898675429820706
1777740872.8887105,1526,True,0.12042142389954258,0.13874632633231482,0.1295838751159287,0.003748345944226776,True,False,0.1155878467635403,0,1,34.96756618673152,False,False,28.122463499778018,50.660501981505945,Atencao,Atencao: sinais iniciais de risco,27.014226834189063
1777740872.9258335,1527,True,0.12224675783718715,0.1394420638360724,0.1308444108366298,0.004880077859755092,True,False,0.11617161716171617,0,1,32.68942874534563,False,False,28.08882505745791,50.66006600660066,Atencao,Atencao: sinais iniciais de risco,27.018190302396754
1777740872.963417,1528,True,0.1264967344549873,0.15431101240896203,0.14040387343197466,0.005196236347654073,True,False,0.11683168316831684,0,1,36.23842276145111,False,False,28.357033834170775,50.66006600660066,Atencao,Atencao: sinais iniciais de risco,27.01245036398141
1777740873.0000353,1529,True,0.12640218671520032,0.1502199437378755,0.1383110652265379,0.004127639987948989,True,False,0.11749174917491749,0,1,36.143130767616356,False,False,28.443028310386627,50.66006600660066,Atencao,Atencao: sinais iniciais de risco,27.011980991858564
1777740873.0361295,1530,True,0.1297764521420334,0.1635527557990453,0.14666460397053935,0.005722887985539641,True,False,0.11815181518151815,0,1,38.119569247419186,True,False,28.63260931028436,50.726072607260726,Atencao,Atencao: sinais iniciais de risco,27.079385828024297
1777740873.0739963,1531,True,0.1223199695309218,0.1479784581461795,0.13514921383855064,0.003629304736548399,True,False,0.1188118811881188,0,1,36.245157450166616,True,False,28.62964779632932,50.79207920792079,Atencao,Atencao: sinais iniciais de risco,27.02550184479631
1777740873.108258,1532,True,0.1255438333384391,0.15949862053157174,0.1425212269350054,0.00474907625283078,True,False,0.11947194719471947,0,1,36.04817693585699,True,False,28.710557846521432,50.85808580858086,Atencao,Atencao: sinais iniciais de risco,27.251852588318897
1777740873.1480498,1533,True,0.13749533292020719,0.16965514805289664,0.1535752404865519,0.003561425601956488,True,False,0.12013201320132014,0,1,36.77489376149394,True,False,28.83765276371087,51.11920356750488,Atencao,Atencao: sinais iniciais de risco,27.029050851044275
1777740873.1874893,1534,True,0.13661232093122885,0.1799368250522303,0.1582745729917296,0.004886009764053451,True,False,0.12079207920792079,0,1,36.76668471721086,True,False,28.928001387404308,51.51359796524048,Atencao,Atencao: sinais iniciais de risco,26.835795366754105
1777740873.225985,1535,True,0.14021051290177566,0.19060191668833176,0.1654062147950537,0.003622490588744024,True,False,0.12145214521452145,0,1,36.79390847737138,True,False,29.020121651319926,51.898555755615234,Atencao,Atencao: sinais iniciais de risco,26.73532744524489
1777740873.2657654,1536,True,0.12403630697623214,0.2042322117594724,0.16413425936785225,0.004341700881463138,True,False,0.12211221122112212,0,1,36.70865911136974,True,False,29.10661825892743,52.29635953903198,Atencao,Atencao: sinais iniciais de risco,26.63289196811497
1777740873.313548,1537,True,0.15112968251849618,0.17691481953648358,0.16402225102748988,0.005526846335736367,True,False,0.12285336856010567,0,1,37.75801092575897,True,False,29.260994983757133,52.77418613433838,Atencao,Atencao: sinais iniciais de risco,26.040583568045673
1777740873.3521385,1538,True,0.1380543612987756,0.18657920667829378,0.1623167839885347,0.001952861446717761,True,False,0.12351387054161163,0,1,37.45735939307646,True,False,29.336781429580075,53.16009044647217,Atencao,Atencao: sinais iniciais de risco,26.00064092542869
1777740873.3958356,1539,True,0.1417415083741025,0.18708594640455575,0.16441372738932913,0.004484506037689518,True,False,0.12417437252311757,0,1,38.35427896055308,True,False,29.472446430410972,53.59706163406372,Atencao,Atencao: sinais iniciais de risco,25.736599707395985
1777740873.4378247,1540,True,0.12966896690591934,0.16725797616288163,0.14846347153440048,0.004185552892184053,True,False,0.12483487450462351,0,1,40.22538768892938,True,False,29.656820889286852,54.01695251464844,Atencao,Atencao: sinais iniciais de risco,25.514702263581878
1777740873.4736016,1541,True,0.1469426922636768,0.18628955618492768,0.16661612422430222,0.002919931208647407,True,False,0.12549537648612946,0,1,42.16674586724151,True,False,29.84470782065953,54.37472105026245,Atencao,Atencao: sinais iniciais de risco,25.76777764736488
1777740873.5104063,1542,True,0.15771972141976917,0.15625794391338607,0.15698883266657762,0.0021257550394148247,True,False,0.12549537648612946,0,1,44.88408630707047,True,False,29.980574842650977,54.74276781082153,Atencao,Atencao: sinais iniciais de risco,25.905499653937945
1777740873.5461764,1543,True,0.1487918245349759,0.16506666488518423,0.15692924471008007,0.0034120905945651484,True,False,0.1261558784676354,0,1,44.563476251201195,True,False,30.143034632784406,55.1004695892334,Atencao,Atencao: sinais iniciais de risco,26.14426021106676
1777740873.5796933,1544,True,0.14368338830473493,0.205728471147854,0.17470592972629445,0.001401596942146498,True,False,0.12681638044914134,0,1,39.93609459725293,True,False,30.002484572544063,55.435638427734375,Atencao,Atencao: sinais iniciais de risco,26.477426007123476
1777740873.615888,1545,True,0.15343991255411893,0.18455872255502834,0.16899931755457365,0.00382306880455811,True,False,0.12747688243064728,0,1,42.8207826606252,True,False,30.23753799816974,55.79758644104004,Atencao,Atencao: sinais iniciais de risco,26.610033007480762
1777740873.6520736,1546,True,0.15489962768282653,0.22739103953550438,0.19114533360916547,0.003409338796126837,True,False,0.12813738441215325,0,1,41.44594313719056,True,False,30.259615044455074,56.15944147109985,Atencao,Atencao: sinais iniciais de risco,26.70606842746507
1777740873.689013,1547,True,0.16681230359477045,0.20072638545090804,0.18376934452283925,0.007822171493209639,True,False,0.12871287128712872,0,1,43.32674728171392,True,False,30.43278469699037,56.52883529663086,Atencao,Atencao: sinais iniciais de risco,26.740591593910345
1777740873.7248216,1548,True,0.16730568854649655,0.18606763444341803,0.1766866614949573,0.0025660586246045235,True,False,0.12937293729372937,0,1,46.92375221577558,True,False,30.703394019601046,56.88692092895508,Atencao,Atencao: sinais iniciais de risco,26.86732337933999
1777740873.9564085,1549,True,0.16389813878822243,0.19296734238820937,0.1784327405882159,0.005506778611790602,True,False,0.13037723362011913,0,1,52.96463706791401,True,False,31.143529007086556,59.20279026031494,Atencao,Atencao: sinais iniciais de risco,24.612382089067516
1777740873.9898043,1550,True,0.22943147199032496,0.12466760988398176,0.17704954093715336,0.013493850676108605,True,False,0.13103904698874919,0,1,59.13780715655197,True,False,31.543186849705087,59.53674793243408,Atencao,Atencao: sinais iniciais de risco,25.145397907199488
1777740874.024927,1551,True,0.201200825819393,0.16499518586851938,0.1830980058439562,0.0174981342395589,True,False,0.1317008603573792,0,1,61.524880225550035,True,False,31.75353984134162,59.88797426223755,Atencao,Atencao: sinais iniciais de risco,25.44394007155023
1777740874.0617511,1552,True,0.16209020039616415,0.18752908817762098,0.17480964428689255,0.008031625072942599,True,False,0.13236267372600927,0,1,60.82914749275554,True,False,31.80975254288853,60.256216526031494,Risco por distracao,Atencao: foco visual fora da direcao,25.654139348638267
1777740874.0966246,1553,True,0.15593266751609447,0.16329507975345228,0.15961387363477336,0.006918832044284237,True,False,0.13302448709463932,0,1,65.33907804760067,True,False,32.12624840881742,60.60495138168335,Risco por distracao,Atencao: foco visual fora da direcao,25.932567216662306
1777740874.1327314,1554,False,0.0,0.0,0.0,0.0,False,False,0.13311258278145696,0,1,0.0,False,False,29.132807821084725,52.25165562913907,Atencao,Atencao: sinais iniciais de risco,26.041501971826357
1777740874.1685517,1555,True,0.20526265819923384,0.24812975383582056,0.2266962060175272,0.018809622995324665,False,False,0.13311258278145696,0,1,71.38595657348633,False,True,32.70210564975904,52.25165562913907,Atencao,Atencao: cabeca inclinada,26.265126174282564
1777740874.2059336,1556,True,0.19196676706595261,0.19499659557397633,0.19348168131996446,0.030482369539271456,True,False,0.1337748344370861,0,1,73.65732154846192,False,True,32.90673350115683,52.25165562913907,Atencao,Atencao: cabeca inclinada,26.30634731852563
1777740874.2577727,1557,True,0.20220283851797385,0.2447591464179142,0.223480992467944,0.09247206716475369,False,False,0.1337748344370861,0,1,73.74283981323242,False,True,32.81404525014181,52.25165562913907,Atencao,Atencao: cabeca inclinada,25.617701493622416
1777740874.296469,1558,True,0.20858077257499918,0.23986385073522415,0.22422231165511167,0.10115124109276809,False,False,0.1337748344370861,0,1,73.12471466064453,False,True,32.78313899251242,52.25165562913907,Atencao,Atencao: cabeca inclinada,25.66998239009701
1777740874.3359785,1559,True,0.20046610461700384,0.2615852483774231,0.23102567649721345,0.0694760131244566,False,False,0.1337748344370861,0,1,74.89616394042969,False,True,32.87171145650167,52.25165562913907,Atencao,Atencao: cabeca inclinada,25.57023144646068
1777740874.3869011,1560,True,0.2104268136252823,0.2704175999663262,0.24042220679580423,0.053938467814326686,False,False,0.1337748344370861,0,1,79.26952590942382,False,True,33.09037955495138,52.25165562913907,Atencao,Atencao: cabeca inclinada,24.993312216476898
1777740874.4284854,1561,True,0.20793596687903107,0.26811617317000547,0.23802607002451825,0.1750643203916651,False,False,0.1337748344370861,0,1,80.0,False,True,33.12690325948019,52.25165562913907,Atencao,Atencao: cabeca inclinada,24.920023100678034
1777740874.4701052,1562,True,0.2138491882849339,0.26577820605904795,0.2398136971719909,0.08442969382183009,False,False,0.13368630046326935,0,1,80.0,False,True,33.11472983808039,52.250165453342156,Atencao,Atencao: cabeca inclinada,24.850877046549368
1777740874.5147445,1563,True,0.22727170488395712,0.2077442406550039,0.21750797276948053,0.016600887041956783,False,False,0.1335978835978836,0,1,79.09296188354492,False,True,33.0572206132671,52.24867724867725,Atencao,Atencao: cabeca inclinada,24.598964045823255
1777740874.5510366,1564,True,0.2389451583151897,0.23270263392176926,0.23582389611847948,0.10268525559516777,False,False,0.1335095836087244,0,1,75.7421215057373,False,True,32.877537345867324,52.247191011235955,Atencao,Atencao: cabeca inclinada,24.892151785443577
1777740874.584403,1565,True,0.21495851596953222,0.28005167024423816,0.24750509310688518,0.08180742111175182,False,False,0.1334214002642008,0,1,72.79875373840332,False,True,32.71824374762863,52.24570673712021,Atencao,Atencao: cabeca inclinada,25.401131692628436
1777740874.6194468,1566,True,0.23052864121749958,0.2826218460721286,0.2565752436448141,0.12074130856328806,False,False,0.13333333333333333,0,1,74.53823280334473,False,True,32.79310849788142,52.244224422442244,Atencao,Atencao: cabeca inclinada,25.720424396316076
1777740874.652615,1567,True,0.21315241491010728,0.2695631403988253,0.24135777765446628,0.14392704407572007,False,False,0.13324538258575197,0,1,76.81689338684082,False,True,32.89494829926379,52.24274406332454,Atencao,Atencao: cabeca inclinada,26.15390310153083
1777740874.6874013,1568,True,0.21175546447814497,0.3301697331399562,0.2709625988090506,0.16550631405079502,False,False,0.13315754779169414,0,1,80.0,False,True,33.0420263457388,52.2412656558998,Atencao,Atencao: cabeca inclinada,26.404868932096264
1777740874.7219584,1569,True,0.226989776891363,0.22181164147602953,0.22440070918369626,0.045678451828314266,False,False,0.13306982872200263,0,1,79.28422355651855,False,True,32.994176151482144,52.23978919631094,Atencao,Atencao: cabeca inclinada,26.66788133888954
1777740874.7564592,1570,True,0.2333414938888115,0.2811161719542248,0.25722883292151816,0.09298256363810088,False,False,0.13298222514812377,0,1,78.70259704589844,False,True,32.9530493345428,52.23831468071099,Atencao,Atencao: cabeca inclinada,26.895658656578114
1777740874.7921765,1571,True,0.24935663981313627,0.27794180825940723,0.2636492240362718,0.07406465904553458,False,False,0.13289473684210526,0,1,78.6389965057373,False,True,32.93783966545719,52.23684210526316,Atencao,Atencao: cabeca inclinada,26.989197124025292
1777740874.83532,1572,True,0.22505845454461085,0.2573345068699446,0.24119648070727773,0.07683341078550406,False,False,0.13280736357659434,0,1,80.0,False,True,32.993876016162574,52.2353714661407,Atencao,Atencao: cabeca inclinada,26.638444901769656
1777740874.872443,1573,True,0.23463697327024102,0.2805556999796329,0.257596336624937,0.061989383959301765,False,False,0.13272010512483573,0,1,78.33625106811523,False,True,32.898690532451525,52.23390275952694,Atencao,Atencao: cabeca inclinada,26.650808652250184
1777740874.909031,1574,True,0.25105565917633166,0.27256136505987333,0.2618085121181025,0.04929098146412123,False,False,0.13263296126066973,0,1,77.07235298156738,False,True,32.823513346801306,52.23243598161523,Atencao,Atencao: cabeca inclinada,26.7129236538347
1777740874.9445724,1575,True,0.2073546199716216,0.26731926181882615,0.2373369408952239,0.02777193752774732,False,False,0.1325459317585302,0,1,76.07077751159667,False,True,32.761468016758585,52.23097112860892,Atencao,Atencao: cabeca inclinada,26.843756422633966
1777740874.9812975,1576,True,0.21537567824161535,0.2674512352707081,0.24141345675616172,0.11326728829465299,False,False,0.13245901639344262,0,1,80.0,False,True,32.94597827847922,52.22950819672131,Atencao,Atencao: cabeca inclinada,26.890986828243925
1777740875.017755,1577,True,0.21987543754033018,0.2747826584727841,0.24732904800655714,0.02283638636993904,False,False,0.13237221494102228,0,1,80.0,False,True,32.93404307877142,52.22804718217562,Atencao,Atencao: cabeca inclinada,26.94492084224623
1777740875.052953,1578,True,0.22225695982729807,0.2620820799583315,0.24216951989281477,0.04928647855425186,False,False,0.13228552717747216,0,1,80.0,False,True,32.922123511283274,52.22658808120498,Atencao,Atencao: cabeca inclinada,27.062332106255706
1777740875.0898123,1579,True,0.25116413595028914,0.27162830344623895,0.26139621969826404,0.05860300078926566,False,False,0.13219895287958114,0,1,75.42245712280274,False,True,32.6813424014634,52.225130890052355,Atencao,Atencao: cabeca inclinada,27.109145142704364
1777740875.1266236,1580,True,0.2145523904380003,0.2359457188995464,0.22524905466877337,0.044746508611537734,False,False,0.13211249182472204,0,1,77.07677154541015,False,True,32.75216972755064,52.223675604970566,Atencao,Atencao: cabeca inclinada,27.10854418204282
1777740875.1694326,1581,True,0.2234949941421425,0.26542623060746795,0.2444606123748052,0.047518203100907465,False,False,0.13202614379084968,0,1,79.70617065429688,False,True,32.87176682833753,52.22222222222222,Atencao,Atencao: cabeca inclinada,26.745063522506793
1777740875.2069747,1582,True,0.23390805618793492,0.23704879906403323,0.2354784276259841,0.046065944539317366,False,False,0.131939908556499,0,1,80.0,False,True,32.87460095089946,52.220770738079686,Atencao,Atencao: cabeca inclinada,26.73802051875115
1777740875.2453454,1583,True,0.21805556037346774,0.25960012322353093,0.23882784179849934,0.04228400412024623,False,False,0.13185378590078328,0,1,80.0,False,True,32.86275908573855,52.21932114882507,Atencao,Atencao: cabeca inclinada,26.620782445392383
1777740875.2863476,1584,True,0.2459438593506016,0.25546151323802835,0.25070268629431497,0.07011805276699444,False,False,0.13176777560339203,0,1,80.0,False,True,32.85093266984725,52.21787345075016,Atencao,Atencao: cabeca inclinada,26.386743196112104
1777740875.3357542,1585,True,0.23272653071335941,0.26320614078983384,0.24796633575159663,0.04821870903705787,False,False,0.1316818774445893,0,1,79.63978233337401,False,True,32.82111078968058,52.21642764015645,Atencao,Atencao: cabeca inclinada,25.79303356000733
1777740875.3783112,1586,True,0.24062195644243684,0.2314257558494604,0.23602385614594862,0.0746417926836489,False,False,0.13159609120521173,0,1,77.52081489562988,False,True,32.70336680987896,52.214983713355046,Atencao,Atencao: cabeca inclinada,25.579440651583173
1777740875.4186153,1587,True,0.22454748659085233,0.2622907339530656,0.24341911027195898,0.11785469597491093,False,False,0.13151041666666666,0,1,76.97591361999511,False,True,32.664341497047275,52.213541666666664,Atencao,Atencao: cabeca inclinada,25.504112070480563
1777740875.4610105,1588,True,0.2268997577176387,0.28047310380038604,0.25368643075901237,0.14302717868988404,False,False,0.13142485361093037,0,1,78.31647567749023,False,True,32.71960467975829,52.2121014964216,Atencao,Atencao: cabeca inclinada,25.280342772978127
1777740875.4971864,1589,True,0.2193344178015519,0.28818205294299587,0.2537582353722739,0.07556275361834154,False,False,0.13133940182054615,0,1,80.0,False,True,32.79203127470595,52.210663198959686,Atencao,Atencao: cabeca inclinada,25.53588539395487
1777740875.5349288,1590,True,0.227086955145071,0.2941867070434908,0.26063683109428093,0.011007948473703195,False,False,0.13125406107862247,0,1,80.0,False,True,32.78029692269145,52.20922677063028,Atencao,Atencao: cabeca inclinada,25.617433234841798
1777740875.5706291,1591,True,0.2464701909562288,0.25085897545202707,0.24866458320412793,0.04845809141833818,False,False,0.13116883116883116,0,1,78.7563304901123,False,True,32.70639433460075,52.20779220779221,Atencao,Atencao: cabeca inclinada,25.87033960151836
1777740875.6061852,1592,True,0.2425636157343863,0.28963742570738854,0.2661005207208874,0.0703834944321725,False,False,0.13108371187540557,0,1,75.53718185424805,False,True,32.53373299996152,52.206359506813754,Atencao,Atencao: cabeca inclinada,26.103193747978175
1777740875.642413,1593,True,0.22103638159660766,0.24361832749962237,0.232327354548115,0.06883132074979552,False,False,0.1309987029831388,0,1,74.82320785522461,False,True,32.48634557732367,52.20492866407263,Atencao,Atencao: cabeca inclinada,26.260243766787358
1777740875.6772585,1594,True,0.23632161618016026,0.23754981943709616,0.2369357178086282,0.10625154913189117,False,False,0.13091380427738172,0,1,75.24855384826661,False,True,32.49593930493417,52.20349967595593,Atencao,Atencao: cabeca inclinada,26.501718013590313
1777740875.7117057,1595,True,0.21202194286711049,0.24734816842329774,0.2296850556452041,0.0999410676108044,False,False,0.13091380427738172,0,1,74.8989688873291,False,True,32.47846005688729,52.20349967595593,Atencao,Atencao: cabeca inclinada,26.752973135568777
1777740875.7478867,1596,True,0.20949718384881838,0.2839237983671348,0.2467104911079766,0.12580836900834114,False,False,0.13082901554404144,0,1,76.57428092956542,False,True,32.55056720816482,52.2020725388601,Atencao,Atencao: cabeca inclinada,26.798823491601468
1777740875.7886882,1597,True,0.22410794186771751,0.2674988403135414,0.24580339109062943,0.060023895587903206,False,False,0.13082901554404144,0,1,79.89928970336915,False,True,32.716817646855006,52.2020725388601,Atencao,Atencao: cabeca inclinada,26.60044771601529
1777740875.8282003,1598,True,0.22926860195529677,0.2923073720653081,0.2607879870103024,0.06583821816383242,False,False,0.1307443365695793,0,1,80.0,False,True,32.710209802698,52.200647249190936,Atencao,Atencao: cabeca inclinada,26.466101930131046
1777740875.8642776,1599,True,0.24843167340868172,0.2672744529919498,0.25785306320031576,0.07664047278547859,False,False,0.1307443365695793,0,1,80.0,False,True,32.710209802698,52.200647249190936,Atencao,Atencao: cabeca inclinada,26.60000368612482
1777740875.9018033,1600,True,0.23045590762587367,0.2691141830408597,0.2497850453333667,0.04307595801002652,False,False,0.1307443365695793,0,1,78.17572021484375,False,True,32.61899581344019,52.200647249190936,Atencao,Atencao: cabeca inclinada,26.607936361939863
1777740875.9366946,1601,True,0.21862924851952076,0.21969547528873307,0.2191623619041269,0.07099574934355495,False,False,0.1307443365695793,0,1,75.22549285888671,False,True,32.47148444564234,52.200647249190936,Atencao,Atencao: cabeca inclinada,26.758508514844685
1777740875.9720705,1602,True,0.2113797669763305,0.2527756361008183,0.23207770153857443,0.1280691664192242,False,False,0.13065976714100905,0,1,75.46323356628419,False,True,32.47174318458381,52.199223803363516,Atencao,Atencao: cabeca inclinada,26.953918922069967
1777740876.0076597,1603,True,0.22614969526876033,0.23646048199224176,0.23130508863050103,0.1338310001811485,False,False,0.13065976714100905,0,1,75.66228866577148,False,True,32.48169593955817,52.199223803363516,Atencao,Atencao: cabeca inclinada,27.07055689355944
1777740876.0416358,1604,True,0.1965765189705773,0.24265509133824548,0.21961580515441137,0.10853036019643861,False,False,0.13065976714100905,0,1,78.05412902832032,False,True,32.601287957685614,52.199223803363516,Atencao,Atencao: cabeca inclinada,27.307231794560344
1777740876.0776153,1605,True,0.2179766458292029,0.19061310987218522,0.20429487785069406,0.08514597677319152,True,False,0.13122171945701358,0,1,78.5626895904541,False,True,32.70398442924293,52.1978021978022,Atencao,Atencao: cabeca inclinada,27.364205950955185
1777740876.1147542,1606,True,0.22034303233988137,0.179299373405187,0.1998212028725342,0.06109125122539285,True,False,0.13186813186813187,0,1,78.0154468536377,False,True,32.76550399893087,52.1978021978022,Atencao,Atencao: cabeca inclinada,27.322549427358947
1777740876.1599514,1607,True,0.1951046549241589,0.20952357717334152,0.20231411604875021,0.13796966010116493,True,False,0.13251454427925016,0,1,80.0,False,True,32.95361336277775,52.1978021978022,Atencao,Atencao: cabeca inclinada,26.804962229664945
1777740876.196339,1608,True,0.17279712899643554,0.27732839341766663,0.2250627612070511,0.07790583132264327,False,False,0.13251454427925016,0,1,80.0,False,True,32.88042831743259,52.1978021978022,Atencao,Atencao: cabeca inclinada,26.853016194413573
1777740876.2346206,1609,True,0.17540872409924713,0.2578427441614173,0.2166257341303322,0.07568199048538449,False,False,0.13251454427925016,0,1,80.0,False,True,32.88042831743259,52.1978021978022,Atencao,Atencao: cabeca inclinada,26.81489796896141
1777740876.2707546,1610,True,0.200309706811194,0.2984013993601316,0.24935555308566282,0.05063246526432291,False,False,0.13251454427925016,0,1,80.0,False,True,32.88042831743259,52.1978021978022,Atencao,Atencao: cabeca inclinada,26.878217737437087
1777740876.308157,1611,True,0.20615100513953907,0.2985769246158569,0.25236396487769797,0.027443152330228388,False,False,0.13251454427925016,0,1,80.0,False,True,32.88042831743259,52.1978021978022,Atencao,Atencao: cabeca inclinada,26.858627994302516
1777740876.3521097,1612,True,0.2005159774723412,0.32130740981971057,0.2609116936460259,0.00708314735628109,False,False,0.13251454427925016,0,1,80.0,False,True,32.88042831743259,52.1978021978022,Atencao,Atencao: cabeca inclinada,26.45884002634123
1777740876.3870788,1613,True,0.22818408917729718,0.3380129755003344,0.28309853233881577,0.08931653866751578,False,False,0.13251454427925016,0,1,80.0,False,True,32.88042831743259,52.1978021978022,Atencao,Atencao: cabeca inclinada,26.66422526624905
1777740876.421429,1614,True,0.21459191468664462,0.15371400420982503,0.18415295944823484,0.026336243653214377,True,False,0.1330749354005168,0,1,80.0,False,True,32.95748209660675,52.19638242894057,Atencao,Atencao: cabeca inclinada,26.911683011205284
1777740876.4559145,1615,True,0.1418502128706425,0.10174536949454722,0.12179779118259487,0.04152179811135041,True,False,0.13372093023255813,0,1,76.7641761779785,False,True,32.88451519491136,52.19638242894057,Atencao,Atencao: cabeca inclinada,27.113924390021474
1777740876.4925265,1616,True,0.2775290422586435,0.3251130462486631,0.3013210442536533,0.0320392981316245,False,False,0.1330749354005168,0,1,58.123298553445125,False,True,31.78939245397889,52.19638242894057,Atencao,Atencao: sinais iniciais de risco,27.144060624590043
1777740876.5279164,1617,True,0.3430750960484482,0.3679516929022177,0.3555133944753329,0.005873012596796832,False,False,0.13242894056847546,0,1,54.44277387369761,False,True,31.51654193058583,52.19638242894057,Atencao,Atencao: sinais iniciais de risco,27.241138913796476
1777740876.566992,1618,True,0.34703666004821987,0.38850082929266694,0.3677687446704434,0.0045278862518361605,False,False,0.13242894056847546,0,1,49.633573796532374,False,True,31.349966319069942,52.19638242894057,Atencao,Atencao: sinais iniciais de risco,27.067024129761915
1777740876.6058471,1619,True,0.34998794838865555,0.3894997697749494,0.36974385908180246,0.004476303311344893,False,False,0.13242894056847546,0,1,52.518404860930005,False,True,31.494207872289824,52.19638242894057,Atencao,Atencao: sinais iniciais de risco,26.967129136657963
1777740876.643278,1620,True,0.34841655483748535,0.39533481992878605,0.3718756873831357,0.002066979715099521,False,False,0.13242894056847546,0,1,49.03443959951401,False,True,31.320009609219024,52.19638242894057,Atencao,Atencao: sinais iniciais de risco,26.875139105491062
1777740876.6847966,1621,True,0.34852300837012523,0.4028806788147525,0.37570184359243886,0.0038741498896701088,False,False,0.13242894056847546,0,1,46.78871330239556,False,True,31.2077232943631,52.19638242894057,Atencao,Atencao: sinais iniciais de risco,26.640042173913976
1777740876.7198822,1622,True,0.3069281838123932,0.33900171302360327,0.3229649484179982,0.006184490791631869,False,False,0.13242894056847546,0,1,50.73199100494384,False,True,31.404887179490515,52.19638242894057,Atencao,Atencao: sinais iniciais de risco,26.765803978217654
1777740876.7540882,1623,True,0.33125652344649686,0.36428711230642336,0.3477718178764601,0.00884912630295053,False,False,0.13234344738540993,0,1,48.72760753631592,False,True,31.292912693387613,52.194964493221434,Atencao,Atencao: sinais iniciais de risco,27.07579595029958
1777740876.7895205,1624,True,0.3414350256568582,0.4567564907832273,0.39909575822004273,0.007145788123677763,False,False,0.13234344738540993,0,1,44.37515821456909,False,True,31.075290227300272,52.194964493221434,Atencao,Atencao: sinais iniciais de risco,27.19464801677701
1777740876.8271391,1625,True,0.3506501528532245,0.4281270634068004,0.3893886081300124,0.005859796507053596,False,False,0.13234344738540993,0,1,42.543866062164305,False,True,30.98372561968003,52.194964493221434,Atencao,Atencao: sinais iniciais de risco,27.130583900091565
1777740876.8622715,1626,True,0.3436480705035616,0.43945813503578207,0.3915531027696718,0.005799850835588616,False,False,0.13234344738540993,0,1,43.06381206512451,False,True,31.00972291982804,52.194964493221434,Atencao,Atencao: sinais iniciais de risco,27.258967371999297
1777740876.897635,1627,True,0.3443997650576232,0.4417398939946246,0.3930698295261239,0.0037125416781109135,False,False,0.13234344738540993,0,1,38.72974381446838,False,True,30.793019507295234,52.194964493221434,Atencao,Atencao: sinais iniciais de risco,27.35071018659098
1777740876.9350004,1628,True,0.34193459583177976,0.4761842031352793,0.40905939948352954,0.005426658109315909,False,False,0.13234344738540993,0,1,39.43687882423401,False,True,30.828376257783518,52.194964493221434,Atencao,Atencao: sinais iniciais de risco,27.291310359671122
1777740876.9700756,1629,True,0.33235818026644526,0.4716265560622023,0.40199236816432377,0.005890334184197461,False,False,0.13234344738540993,0,1,39.836038732528685,False,True,30.84833425319825,52.194964493221434,Atencao,Atencao: sinais iniciais de risco,27.39640543554717
1777740877.006558,1630,True,0.34746768276478524,0.42749522761908626,0.3874814551919358,0.0039087612558078196,False,False,0.13234344738540993,0,1,36.61261723041534,False,True,30.687163178092582,52.194964493221434,Atencao,Atencao: sinais iniciais de risco,27.409417075181505
1777740877.0440829,1631,True,0.3264191082383299,0.455162900281324,0.39079100425982694,0.005323343247016329,False,False,0.13234344738540993,0,1,36.4480563044548,False,True,30.678935131794557,52.194964493221434,Atencao,Atencao: sinais iniciais de risco,27.338060780067405
1777740877.0797913,1632,True,0.33618973037541033,0.45822444807227314,0.39720708922384174,0.007270751672597066,False,False,0.13234344738540993,0,1,35.97779200077056,False,True,30.655421916610344,52.194964493221434,Atencao,Atencao: sinais iniciais de risco,27.432436970682353
1777740877.1150718,1633,True,0.33324238429946745,0.44802388726872705,0.39063313578409725,0.008076340427950409,False,False,0.13234344738540993,0,1,36.050602281093596,False,True,30.659062430626495,52.194964493221434,Atencao,Atencao: sinais iniciais de risco,27.50051164508661
1777740877.156052,1634,True,0.33166126565832066,0.43809179068616605,0.3848765281722434,0.00859178365491143,False,False,0.13234344738540993,0,1,35.99686250686645,False,True,30.656375441915138,52.194964493221434,Atencao,Atencao: sinais iniciais de risco,27.176296603538166
1777740877.1938066,1635,True,0.2891132684873856,0.37280071378142726,0.33095699113440646,0.007263966115120059,False,False,0.13234344738540993,0,1,36.904094815254204,False,True,30.701737057334526,52.194964493221434,Atencao,Atencao: foco visual fora da direcao,27.13164897535878
1777740877.2306066,1636,True,0.16682999527273806,0.2479648380978543,0.20739741668529618,0.008025259677119485,True,False,0.1329890251775339,0,1,37.29492764472961,False,True,30.810045645225337,52.194964493221434,Atencao,Atencao: foco visual fora da direcao,27.086310361851957
1777740877.2707186,1637,True,0.2474732751804366,0.26529029792988196,0.2563817865551593,0.006565125032179071,False,False,0.1329890251775339,0,1,37.59697270393371,False,True,30.7452049383945,52.194964493221434,Atencao,Atencao: foco visual fora da direcao,26.929233477624496
1777740877.31332,1638,True,0.23557496543172732,0.27068374450917143,0.25312935497044936,0.006462806789868224,False,False,0.1329890251775339,0,1,37.930406904220575,False,True,30.761876648408848,52.194964493221434,Atencao,Atencao: foco visual fora da direcao,26.534790832850472
1777740877.3508265,1639,True,0.28125024713634666,0.3071623699126384,0.29420630852449253,0.006265635851810811,False,False,0.1330749354005168,0,1,37.83462178707123,False,True,30.768900048211528,52.19638242894057,Atencao,Atencao: foco visual fora da direcao,26.59934563304582
1777740877.3868778,1640,True,0.30354345818939593,0.33425045525723557,0.31889695672331575,0.007177304865299635,False,False,0.1330749354005168,0,1,37.06286849975586,False,True,30.730312383845757,52.19638242894057,Atencao,Atencao: foco visual fora da direcao,26.700591089033452
1777740877.4315414,1641,True,0.2768309924397385,0.37830328576979033,0.3275671391047644,0.010704504421770067,False,False,0.1330749354005168,0,1,36.07237741947174,False,True,30.68078782983155,52.19638242894057,Atencao,Atencao: foco visual fora da direcao,26.266807952364445
1777740877.4702158,1642,True,0.298035340206563,0.3792911412828958,0.3386632407447294,0.010658852236206285,False,False,0.1330749354005168,0,1,36.06817954778671,False,True,30.6805779362473,52.19638242894057,Atencao,Atencao: foco visual fora da direcao,26.224647433265186
1777740877.5120187,1643,True,0.2929291446867411,0.39979612725238783,0.34636263596956446,0.00800690063889265,False,False,0.1330749354005168,0,1,36.05845074653625,False,True,30.680091496184776,52.19638242894057,Atencao,Atencao: foco visual fora da direcao,25.993102930012103
1777740877.557885,1644,True,0.30894188031804626,0.42020828208329697,0.3645750812006716,0.0083306668304645,False,False,0.13316095669036845,0,1,35.81781228780746,False,True,30.679887500602945,52.1978021978022,Atencao,Atencao: foco visual fora da direcao,25.57931747015466
1777740877.5973468,1645,True,0.3027718942159402,0.42219749636495096,0.3624846952904456,0.007466351436846138,False,False,0.13316095669036845,0,1,35.75789088010788,False,True,30.676891430217964,52.1978021978022,Atencao,Atencao: foco visual fora da direcao,25.561752143738744
1777740877.63486,1646,True,0.2979611915608798,0.3922369331430071,0.34509906235194343,0.006567134626401275,False,False,0.13316095669036845,0,1,35.98617014884948,False,True,30.688305393655046,52.1978021978022,Atencao,Atencao: foco visual fora da direcao,25.648681205188755
1777740877.671921,1647,True,0.31581816715551114,0.4204063834565589,0.368112275306035,0.009032941263896409,False,False,0.13316095669036845,0,1,35.87779474258422,False,True,30.68288662334178,52.1978021978022,Atencao,Atencao: foco visual fora da direcao,25.811269294217333
1777740877.707196,1648,True,0.32202232419097415,0.432723464837679,0.37737289451432654,0.0074653236906723685,False,False,0.13316095669036845,0,1,36.309728670120236,False,True,30.704483319718584,52.1978021978022,Atencao,Atencao: foco visual fora da direcao,26.067794604800003
1777740877.7406657,1649,True,0.31861261789397877,0.42067369617282985,0.36964315703340433,0.008379283943614877,False,False,0.13316095669036845,0,1,35.95927510261536,False,True,30.68696064134334,52.1978021978022,Atencao,Atencao: foco visual fora da direcao,26.38455578306275
1777740877.776348,1650,True,0.31412748536852664,0.4349115746163681,0.37451952999244736,0.007982777592509198,False,False,0.13316095669036845,0,1,36.31709938049316,False,True,30.70485185523723,52.1978021978022,Atencao,Atencao: foco visual fora da direcao,26.59400770751751
1777740877.8135755,1651,True,0.31927753429498895,0.4134675627145477,0.3663725485047683,0.0077629352055774824,False,False,0.13316095669036845,0,1,35.613115483522414,False,True,30.669652660388692,52.1978021978022,Atencao,Atencao: foco visual fora da direcao,26.58911242863333
1777740877.8524277,1652,True,0.3186982976404363,0.43227639182542327,0.3754873447329298,0.006575022039037679,False,False,0.13316095669036845,0,1,36.26663801670074,False,True,30.70232878704761,52.1978021978022,Atencao,Atencao: foco visual fora da direcao,26.542401730086794
1777740877.8867176,1653,True,0.32103756889911983,0.41124491323440376,0.3661412410667618,0.006265902016557195,False,False,0.1330749354005168,0,1,35.60475471615791,False,True,30.65740669466586,52.19638242894057,Atencao,Atencao: foco visual fora da direcao,26.798378455247047
1777740877.9217508,1654,True,0.3225875701025893,0.4347100996531554,0.3786488348778724,0.004925116826922221,False,False,0.1330749354005168,0,1,35.887108391523356,False,True,30.671524378434132,52.19638242894057,Atencao,Atencao: foco visual fora da direcao,26.936545405274735
1777740877.956295,1655,True,0.32404094989715204,0.41189343883104224,0.36796719436409714,0.0056496584302845885,False,False,0.1330749354005168,0,1,35.553379577398296,False,True,30.65483793772788,52.19638242894057,Atencao,Atencao: foco visual fora da direcao,27.182407371786073
1777740877.9917655,1656,True,0.32232236608294906,0.43155388898472385,0.3769381275338365,0.005505415679698773,False,False,0.1330749354005168,0,1,35.635009390115734,False,True,30.658919428363753,52.19638242894057,Atencao,Atencao: foco visual fora da direcao,27.2781272568663
1777740878.0273218,1657,True,0.32095353597021,0.41950889024289817,0.37023121310655405,0.00633738255194456,False,False,0.1330749354005168,0,1,35.23178429901599,False,True,30.638758173808764,52.19638242894057,Atencao,Atencao: foco visual fora da direcao,27.36035311158572
1777740878.0625985,1658,True,0.31776650083090036,0.4365457728117183,0.37715613682130933,0.005975203127123945,False,False,0.1330749354005168,0,1,35.1933114439249,False,True,30.63683453105421,52.19638242894057,Atencao,Atencao: foco visual fora da direcao,27.476953494150628
1777740878.0969706,1659,True,0.3170961899063301,0.4350938681610447,0.3760950290336874,0.006320897253698269,False,False,0.1330749354005168,0,1,35.15644319355488,False,True,30.63499111853571,52.19638242894057,Atencao,Atencao: foco visual fora da direcao,27.617211338182038
1777740878.134604,1660,True,0.3173206955939489,0.44334709247351595,0.3803338940337324,0.00689006162519561,False,False,0.1330749354005168,0,1,35.20984574705362,False,True,30.637661246210644,52.19638242894057,Atencao,Atencao: foco visual fora da direcao,27.49717707998647
1777740878.176163,1661,True,0.3114361873160047,0.4547960500946209,0.3831161187053128,0.006769637727063905,False,False,0.1330749354005168,0,1,35.296142858266826,False,True,30.641976101771306,52.19638242894057,Atencao,Atencao: foco visual fora da direcao,27.18411842120034
1777740878.2109897,1662,True,0.30840652670425256,0.4422398003258815,0.375323163515067,0.005877284657884501,False,False,0.13316095669036845,0,1,35.12909540385007,False,True,30.645451656405076,52.1978021978022,Atencao,Atencao: foco visual fora da direcao,27.307673333708497
1777740878.2498016,1663,True,0.3129977696560672,0.44490337661562457,0.3789505731358459,0.005379045015981776,False,False,0.13316095669036845,0,1,35.329015663266176,False,True,30.655447669375878,52.1978021978022,Atencao,Atencao: foco visual fora da direcao,27.167391661215568
1777740878.286935,1664,True,0.3044964796317502,0.44939987500451384,0.376948177318132,0.005282538224303894,False,False,0.13316095669036845,0,1,35.03462194390595,False,True,30.640727983407867,52.1978021978022,Atencao,Atencao: foco visual fora da direcao,27.119091007655605
1777740878.334207,1665,True,0.3038684095533626,0.445555211892928,0.3747118107231453,0.004454944007314599,False,False,0.13316095669036845,0,1,35.25962863266468,False,True,30.651978317845803,52.1978021978022,Atencao,Atencao: foco visual fora da direcao,26.494550820050584
1777740878.3724236,1666,True,0.299544695993779,0.4327362248833758,0.3661404604385774,0.004674366012563251,False,False,0.13316095669036845,0,1,35.149577194452284,False,True,30.646475745935184,52.1978021978022,Atencao,Atencao: foco visual fora da direcao,26.47474396735397
1777740878.4134188,1667,True,0.30401543758812155,0.4529127124666627,0.3784640750273921,0.004753752678227735,False,False,0.13316095669036845,0,1,35.06952232122421,False,True,30.642473002273782,52.1978021978022,Atencao,Atencao: foco visual fora da direcao,26.287124734217326
1777740878.4495482,1668,True,0.3103209671226223,0.45788179226332065,0.3841013796929715,0.004946634745242906,False,False,0.13316095669036845,0,1,35.193886657059195,False,True,30.64869121906553,52.1978021978022,Atencao,Atencao: foco visual fora da direcao,26.411663164759013
1777740878.491982,1669,True,0.3150194351194,0.46134112866693405,0.388180281893167,0.004625278109455297,False,False,0.1332470892626132,0,1,35.240904721617696,False,True,30.662885350977106,52.199223803363516,Atencao,Atencao: foco visual fora da direcao,26.163150443339852
1777740878.5279274,1670,True,0.3107750618609103,0.4585866157426045,0.3846808388017574,0.003983559959713257,False,False,0.13260025873221215,0,1,35.23684211373329,False,True,30.573743022652746,52.199223803363516,Atencao,Atencao: foco visual fora da direcao,26.323587320692436
1777740878.5646288,1671,True,0.3134508705343967,0.46292072032610554,0.3881857954302511,0.003964355371526048,False,False,0.13195342820181113,0,1,35.34660129845142,False,True,30.49029178395851,52.199223803363516,Atencao,Atencao: foco visual fora da direcao,26.429484213107624
1777740878.5984,1672,True,0.31035849908190705,0.455248575301545,0.382803537191726,0.0048766362407537,False,False,0.1313065976714101,0,1,35.31007822155952,False,True,30.39952643218377,52.199223803363516,Atencao,Atencao: foco visual fora da direcao,26.7318443545034
1777740878.6342373,1673,True,0.30434890703072237,0.4592524495913844,0.38180067831105335,0.0045858240877588346,False,False,0.13122171945701358,0,1,35.64975660443306,False,True,30.40483959684793,52.1978021978022,Atencao,Atencao: foco visual fora da direcao,26.845976512447763
1777740878.6698904,1674,True,0.30355689818631254,0.45215728526741095,0.37785709172686177,0.004502416574354542,False,False,0.13113695090439276,0,1,35.72545449733734,False,True,30.396968815507776,52.19638242894057,Atencao,Atencao: foco visual fora da direcao,26.909552703615482
1777740878.708138,1675,True,0.3106037429599323,0.46034140567070114,0.38547257431531673,0.004431612399184422,False,False,0.13105229180116204,0,1,36.081567633152005,False,True,30.403133845604287,52.194964493221434,Atencao,Atencao: foco visual fora da direcao,26.8750844400683
1777740878.7447977,1676,True,0.3061057768354194,0.46280275506112606,0.3844542659482727,0.00424841229907745,False,False,0.13096774193548388,0,1,35.95640588998794,False,True,30.385250151915344,52.193548387096776,Atencao,Atencao: foco visual fora da direcao,26.89551893503238
1777740878.9706573,1677,True,0.3004380502926308,0.4080620963785531,0.354250073335592,0.004324374333759165,False,False,0.13122171945701358,0,1,36.0515576839447,False,True,30.453288068816914,52.1978021978022,Atencao,Atencao: foco visual fora da direcao,24.650056609051983
1777740879.0075564,1678,True,0.30572907390997606,0.43598468128571943,0.37085687759784774,0.004608725583426541,False,False,0.13122171945701358,0,1,37.36610896587372,False,True,30.519015632913366,52.1978021978022,Atencao,Atencao: foco visual fora da direcao,24.84393947976652
1777740879.0423281,1679,True,0.3011692173664563,0.44300579067633467,0.37208750402139545,0.004503028571005632,False,False,0.13122171945701358,0,1,37.36642525196075,False,True,30.519031447217717,52.1978021978022,Atencao,Atencao: foco visual fora da direcao,25.267020940347386
1777740879.080181,1680,True,0.30138384629449183,0.44073305246437894,0.3710584493794354,0.004196147432077471,False,False,0.1313065976714101,0,1,37.44095182418823,False,True,30.53442853030861,52.199223803363516,Atencao,Atencao: foco visual fora da direcao,25.35994403157363
1777740879.1148262,1681,True,0.3037030237084955,0.44479881746556116,0.37425092058702836,0.004863194821833684,False,False,0.13122171945701358,0,1,37.417029523849486,False,True,30.521561660812154,52.1978021978022,Atencao,Atencao: foco visual fora da direcao,25.74400721239029
1777740879.1500616,1682,True,0.3019300839727071,0.43953982677479225,0.3707349553737497,0.004543365845198032,False,False,0.13122171945701358,0,1,37.71715497970581,False,True,30.53656793360497,52.1978021978022,Atencao,Atencao: foco visual fora da direcao,25.970044478423336
1777740879.1856909,1683,True,0.3009075015251342,0.43033483557515073,0.3656211685501425,0.004603172476149081,False,False,0.13122171945701358,0,1,37.389852952957156,False,True,30.520202832267536,52.1978021978022,Atencao,Atencao: foco visual fora da direcao,26.22123142928021
1777740879.2211292,1684,True,0.303510328766566,0.43841994033305925,0.3709651345498126,0.0046987632854844676,False,False,0.13122171945701358,0,1,37.63833451271057,False,True,30.532626910255207,52.1978021978022,Atencao,Atencao: foco visual fora da direcao,26.406102190720812
1777740879.2648685,1685,True,0.3020470209313534,0.44025504564207973,0.37115103328671656,0.00443280076110356,False,False,0.1313065976714101,0,1,37.78694241046905,False,True,30.55172805962265,52.199223803363516,Atencao,Atencao: foco visual fora da direcao,26.03923209423401
1777740879.305084,1686,True,0.30096766261966,0.44814334190933164,0.37455550226449585,0.0037591209584843573,False,False,0.1313065976714101,0,1,37.73446745872497,False,True,30.549104312035446,52.199223803363516,Atencao,Atencao: foco visual fora da direcao,25.888562142738607
1777740879.346589,1687,True,0.3030502528012065,0.44232377088130526,0.37268701184125586,0.00435568137761264,False,False,0.1313065976714101,0,1,37.855998349189754,False,True,30.555180856558685,52.199223803363516,Atencao,Atencao: foco visual fora da direcao,25.755344811444658
1777740879.3919172,1688,True,0.3004118520710431,0.46330872920870747,0.38186029063987526,0.0043047911502570434,False,False,0.1313065976714101,0,1,37.739946675300594,False,True,30.549378272864228,52.199223803363516,Atencao,Atencao: foco visual fora da direcao,25.355359765283097
1777740879.4363232,1689,True,0.2979845400464062,0.46028048136707866,0.3791325107067424,0.004143378705683651,False,False,0.1313915857605178,0,1,37.970954823493955,False,True,30.572614542526207,52.200647249190936,Atencao,Atencao: foco visual fora da direcao,25.12604366278998
1777740879.4738073,1690,True,0.3009107804854678,0.45890346139321236,0.3799071209393401,0.0039627168059086695,False,False,0.1313915857605178,0,1,37.76809871196747,False,True,30.56247173694988,52.200647249190936,Atencao,Atencao: foco visual fora da direcao,25.2235603022168
1777740879.5200653,1691,True,0.2885562691318952,0.4040171551450269,0.3462867121384611,0.003918022228247639,False,False,0.1313915857605178,0,1,37.00366678237915,False,True,30.524250140470464,52.200647249190936,Atencao,Atencao: foco visual fora da direcao,24.868582200726273
1777740879.557565,1692,True,0.2795330463252734,0.36959370851540635,0.3245633774203399,0.005826163060021012,False,False,0.1313915857605178,0,1,36.009011197090146,False,True,30.474517361206015,52.200647249190936,Atencao,Atencao: foco visual fora da direcao,25.042317400242702
1777740879.5929112,1693,True,0.27605743945887623,0.3516172869124607,0.31383736318566846,0.0063941292252773394,False,False,0.1313915857605178,0,1,36.159902942180636,False,True,30.48206194846054,52.200647249190936,Atencao,Atencao: foco visual fora da direcao,25.399905548353306
1777740879.6268642,1694,True,0.2860261595189819,0.36595531141882676,0.32599073546890434,0.11512129967291722,False,False,0.1313915857605178,0,1,36.88306114673614,False,True,30.518219858688315,52.200647249190936,Atencao,Atencao: foco visual fora da direcao,25.816509230680925
1777740879.6595533,1695,True,0.28887825745485696,0.36753848885116924,0.3282083731530131,0.18446656510992976,False,False,0.1313915857605178,0,1,37.08936185836792,False,True,30.528534894269903,52.200647249190936,Atencao,Atencao: foco visual fora da direcao,26.258628166405593
1777740879.6962593,1696,True,0.2992269545816828,0.3985220603693057,0.34887450747549426,0.3216560629528291,False,False,0.1313915857605178,0,1,37.17974565029144,False,True,30.53305408386608,52.200647249190936,Atencao,Atencao: foco visual fora da direcao,26.356306824534244
1777740879.734442,1697,True,0.28990233139322286,0.41476247946933864,0.35233240543128075,0.3475696135510935,False,False,0.1313915857605178,0,1,37.718816661834715,False,True,30.560007634443245,52.200647249190936,Atencao,Atencao: foco visual fora da direcao,26.359651163873764
1777740879.7701716,1698,True,0.3051162581627165,0.4252711511513783,0.36519370465704737,0.38150209714806116,False,False,0.1313915857605178,0,1,37.444111466407776,False,True,30.546272374671897,52.200647249190936,Atencao,Atencao: foco visual fora da direcao,26.542993794642367
1777740879.806686,1699,True,0.29426546047269764,0.39885230312588366,0.3465588817992906,0.4791128630624786,False,False,0.1313915857605178,0,1,38.2012216091156,False,True,30.584127881807287,52.200647249190936,Atencao,Atencao: foco visual fora da direcao,26.581375975097362
1777740879.851022,1700,True,0.2878524826975274,0.3830489623682146,0.335450722532871,0.6647855343933017,False,True,0.1313915857605178,0,1,38.865264892578125,False,True,30.617330045980413,52.200647249190936,Atencao,Atencao: foco visual fora da direcao,26.19846322793205
1777740879.8860471,1701,True,0.28747735795884116,0.3871954789721795,0.3373364184655103,0.6328080677146082,False,False,0.1313915857605178,0,1,39.347556543350215,False,True,30.641444628519018,52.200647249190936,Atencao,Atencao: foco visual fora da direcao,26.44131339023685
1777740879.9190195,1702,True,0.28324936661584704,0.36195674784522636,0.3226030572305367,0.635251928947651,False,False,0.1313915857605178,0,1,39.42014999389648,False,True,30.645074301046332,52.200647249190936,Atencao,Atencao: foco visual fora da direcao,26.820961053287355
1777740879.9570532,1703,True,0.3079691860663761,0.3264827683821945,0.31722597722428525,0.6549141828643024,False,True,0.1313915857605178,0,1,38.16985070705414,False,True,30.582559336704215,52.200647249190936,Atencao,Atencao: foco visual fora da direcao,26.759011778200723
1777740879.9946446,1704,True,0.30158841381528506,0.3894729920386927,0.34553070292698884,0.7032365104752849,False,True,0.1313915857605178,0,1,35.81185202652758,False,True,30.46465940267789,52.200647249190936,Atencao,Atencao: foco visual fora da direcao,26.75305239738203
1777740880.0306356,1705,True,0.2923884381833212,0.3914597730982022,0.3419241056407617,0.746305591106477,False,True,0.1313915857605178,0,1,34.45525199012322,False,True,30.39682940085767,52.200647249190936,Atencao,Atencao: foco visual fora da direcao,26.854992628788455
1777740880.064709,1706,True,0.2837793832441261,0.34749139889742703,0.31563539107077654,0.7286512294313199,False,True,0.1313915857605178,0,1,32.5852082463828,False,True,30.30332721367065,52.200647249190936,Atencao,Atencao: foco visual fora da direcao,27.12276086342992
1777740880.1030748,1707,True,0.25571702978234334,0.3408037426512891,0.2982603862168162,0.7545655846688863,False,True,0.1313915857605178,0,1,31.619970329783175,False,True,30.255065317840668,52.200647249190936,Atencao,Atencao: foco visual fora da direcao,27.01949577925772
1777740880.146157,1708,True,0.283173073475121,0.3199403543541671,0.30155671391464406,0.7446565606318049,False,True,0.1313915857605178,0,1,30.622473844073035,False,True,30.205190493555158,52.200647249190936,Atencao,Atencao: foco visual fora da direcao,26.620526256622124
1777740880.1876132,1709,True,0.2643638133269388,0.3080655020426096,0.28621465768477417,0.775190281834556,False,True,0.13147668393782383,0,1,28.939269035512748,False,False,30.132731252506723,52.2020725388601,Atencao,Atencao: sinais iniciais de risco,26.383615561848792
1777740880.2221844,1710,True,0.28110685495203286,0.3132754157886193,0.29719113537032604,0.7182954505355178,False,True,0.13147668393782383,0,1,27.470705691250885,False,False,30.059303085293628,52.2020725388601,Atencao,Atencao: sinais iniciais de risco,26.60316441907212
1777740880.2583997,1711,True,0.2692485012846132,0.30742675861881685,0.288337629951715,0.7225263857290664,False,True,0.13147668393782383,0,1,27.705000030452553,False,False,30.071017802253714,52.2020725388601,Atencao,Atencao: sinais iniciais de risco,26.718004769831172
1777740880.29676,1712,True,0.2632754126215355,0.3173616585876334,0.2903185356045844,0.7112296363505717,False,True,0.13147668393782383,0,1,27.282311483946714,False,False,30.04988337492842,52.2020725388601,Atencao,Atencao: sinais iniciais de risco,26.62475334623598
1777740880.3459804,1713,True,0.27158558796357396,0.3205886525752327,0.2960871202694033,0.7065330463687641,False,True,0.13147668393782383,0,1,25.018799336931924,False,False,29.93670776757768,52.2020725388601,Atencao,Atencao: sinais iniciais de risco,26.010983945778072
1777740880.3839393,1714,True,0.2796997433470255,0.31498766567326814,0.2973437045101468,0.7103705194953706,False,True,0.13147668393782383,0,1,26.00019116239114,False,False,29.98577735885064,52.2020725388601,Atencao,Atencao: sinais iniciais de risco,26.04518165308538
1777740880.4219806,1715,True,0.270517875121269,0.3181967848104499,0.29435732996585945,0.7049468955503154,False,True,0.13147668393782383,0,1,25.373426129059357,False,False,29.954439107184054,52.2020725388601,Atencao,Atencao: sinais iniciais de risco,26.07165392364336
1777740880.4688625,1716,True,0.27299359279553403,0.3156502624610078,0.2943219276282709,0.7137833210949004,False,True,0.13156189241736876,0,1,26.173436253179204,False,False,30.006155779327475,52.20349967595593,Atencao,Atencao: sinais iniciais de risco,25.597553383454038
1777740880.5064585,1717,True,0.2737793254655773,0.3076948106226518,0.2907370680441146,0.720121007240985,False,True,0.13156189241736876,0,1,24.868347903002395,False,False,29.940901361818632,52.20349967595593,Atencao,Atencao: sinais iniciais de risco,25.715324757198292
1777740880.5429935,1718,True,0.2734975143960097,0.3124594621329072,0.2929784882644585,0.7192109381203458,False,True,0.13156189241736876,0,1,25.059561997381124,False,False,29.950462066537572,52.20349967595593,Atencao,Atencao: sinais iniciais de risco,25.825203134178214
1777740880.5891132,1719,True,0.2730812717894664,0.311957525600155,0.2925193986948107,0.7224083646545142,False,True,0.13156189241736876,0,1,25.170994617722254,False,False,29.956033697554627,52.20349967595593,Atencao,Atencao: sinais iniciais de risco,25.42706666154676
1777740880.6274343,1720,True,0.2728998467038916,0.31169551992830313,0.2922976833160974,0.7235460560350565,False,True,0.13156189241736876,0,1,25.604162328080697,False,False,29.977692083072547,52.20349967595593,Atencao,Atencao: sinais iniciais de risco,25.526395841180335
1777740880.6637068,1721,True,0.2660902239725083,0.30407683004239,0.28508352700744916,0.7138014724082264,False,True,0.13156189241736876,0,1,26.39588213508779,False,False,30.017278073422904,52.20349967595593,Atencao,Atencao: sinais iniciais de risco,25.667025238606687
1777740880.7001925,1722,True,0.28281700348264854,0.28270562231282176,0.28276131289773515,0.7031227498128876,False,True,0.13156189241736876,0,1,26.895196011391555,False,False,30.04224376723809,52.20349967595593,Atencao,Atencao: sinais iniciais de risco,25.895609861177533
1777740880.7357259,1723,True,0.2754465161875424,0.282024972610682,0.2787357443991122,0.7080193853257164,False,True,0.13156189241736876,0,1,26.792977038838643,False,False,30.037132818610445,52.20349967595593,Atencao,Atencao: sinais iniciais de risco,26.115124436816423
1777740880.7719014,1724,True,0.3158065721379785,0.2961660484169117,0.3059863102774451,0.7316061083036784,False,True,0.13156189241736876,0,1,27.610696337439794,False,False,30.078018783540504,52.20349967595593,Atencao,Atencao: sinais iniciais de risco,26.263306107595064
1777740880.808428,1725,True,0.31420925164400576,0.33337141694080263,0.3237903342924042,0.7303788121323923,False,True,0.13156189241736876,0,1,27.70678151629188,False,False,30.082823042483106,52.20349967595593,Atencao,Atencao: sinais iniciais de risco,26.33609639479197
1777740880.8530068,1726,True,0.3151291994809405,0.32875815528656915,0.32194367738375484,0.7296442465058525,False,True,0.13156189241736876,0,1,28.15063356594606,False,False,30.105015644965818,52.20349967595593,Atencao,Atencao: sinais iniciais de risco,25.965641909698817
1777740880.8902416,1727,True,0.3197288430939532,0.3245816856436746,0.3221552643688139,0.7351158748805424,False,True,0.13156189241736876,0,1,28.331447458267213,False,False,30.114056339581875,52.20349967595593,Atencao,Atencao: sinais iniciais de risco,26.06982420634051
1777740880.9281528,1728,True,0.31571814086077,0.3158881894310952,0.3158031651459326,0.728735537309799,False,True,0.13156189241736876,0,1,28.299713175947012,False,False,30.112469625465863,52.20349967595593,Atencao,Atencao: sinais iniciais de risco,26.079122376267193
1777740880.963916,1729,True,0.31520457998149304,0.3159490646822246,0.3155768223318588,0.7298396535362515,False,True,0.13156189241736876,0,1,28.458831294016406,False,False,30.120425531369335,52.20349967595593,Atencao,Atencao: sinais iniciais de risco,26.269782864804487
1777740881.0000622,1730,True,0.31584473486544773,0.31792943147571506,0.3168870831705814,0.7381145245218546,False,True,0.13091380427738172,0,1,28.824760103767566,False,False,30.049609852608675,52.20349967595593,Atencao,Atencao: sinais iniciais de risco,26.434525451560827
1777740881.0352702,1731,True,0.31342483637932345,0.32184546789232715,0.31763515213582527,0.7317612494818484,False,True,0.13091380427738172,0,1,28.543265373056588,False,False,30.1234832657885,52.20349967595593,Atencao,Atencao: sinais iniciais de risco,26.623228063398372
1777740881.07107,1732,True,0.3098610922548634,0.3227744718255004,0.3163177820401819,0.742540115659895,False,True,0.13091380427738172,0,1,28.49956371946768,False,False,30.121298183109054,52.20349967595593,Atencao,Atencao: sinais iniciais de risco,26.750640147686138
1777740881.1050434,1733,True,0.3134546302433788,0.31776379917462283,0.31560921470900083,0.7403575887797533,False,True,0.13091380427738172,0,1,28.542375974763523,False,False,30.123438795873845,52.20349967595593,Atencao,Atencao: sinais iniciais de risco,26.978123118199708
1777740881.1415741,1734,True,0.31359480230318604,0.310769025864873,0.3121819140840295,0.7400651155005964,False,True,0.13091380427738172,0,1,29.09652153145183,False,False,30.15114607370826,52.20349967595593,Atencao,Atencao: sinais iniciais de risco,27.006852325340155
1777740881.1872215,1735,True,0.3120009813744019,0.31176501943746626,0.3118830004059341,0.7333427793615972,False,True,0.1309987029831388,0,1,29.12801036184484,False,False,30.16439408726951,52.20492866407263,Atencao,Atencao: sinais iniciais de risco,26.536174518242237
1777740881.2203426,1736,True,0.30605884482583223,0.3246442772253151,0.31535156102557366,0.7244300398798654,False,True,0.1309987029831388,0,1,28.794426491585646,False,False,30.14771489375655,52.20492866407263,Atencao,Atencao: sinais iniciais de risco,26.90629949569826
1777740881.256456,1737,True,0.3094459473929165,0.3166145434149838,0.31303024540395014,0.7315162050570533,False,True,0.1309987029831388,0,1,28.8593484098261,False,False,30.150960989668576,52.20492866407263,Atencao,Atencao: sinais iniciais de risco,26.978268376984815
1777740881.2949371,1738,True,0.3108673788220939,0.3119273169794795,0.3113973479007867,0.7393560035057296,False,True,0.1309987029831388,0,1,28.741479556127025,False,False,30.14506754698362,52.20492866407263,Atencao,Atencao: sinais iniciais de risco,26.898598982843566
1777740881.340225,1739,True,0.310714678153194,0.3192098716374058,0.3149622748952999,0.7402292440445498,False,True,0.1309987029831388,0,1,28.968433466824617,False,False,30.1564152425185,52.20492866407263,Atencao,Atencao: sinais iniciais de risco,26.41708796919609
1777740881.3810277,1740,True,0.3086957521081438,0.31480144705487184,0.3117485995815078,0.7454599430446204,False,True,0.1309987029831388,0,1,29.375743430852886,False,False,30.176780740719913,52.20492866407263,Atencao,Atencao: sinais iniciais de risco,26.17560191240744
1777740881.4199128,1741,True,0.31065435751057885,0.3173017159728591,0.313978036741719,0.7363895626533591,False,True,0.1309987029831388,0,1,29.428395813703535,False,False,30.179413359862444,52.20492866407263,Atencao,Atencao: sinais iniciais de risco,26.152842779864464
1777740881.4615445,1742,True,0.30322453409800854,0.3250071682648215,0.31411585118141505,0.7272386122336933,False,True,0.13108371187540557,1,1,29.398808661374176,False,False,33.939622724932654,52.206359506813754,Atencao,Atencao: bocejo detectado,25.94045735875354
1777740881.497883,1743,True,0.30052648434693213,0.2945131635761076,0.2975198239615199,0.7484554169844336,False,True,0.13108371187540557,1,1,29.56233724247325,False,False,33.94779915398761,52.206359506813754,Atencao,Atencao: sinais iniciais de risco,26.063662633182897
1777740881.535705,1744,True,0.29917643946619077,0.3230591225896883,0.3111177810279395,0.7265513294027622,False,True,0.13108371187540557,1,1,29.787262505834754,False,False,33.959045417155686,52.206359506813754,Atencao,Atencao: sinais iniciais de risco,26.146068325914822
1777740881.569217,1745,True,0.29863548144996677,0.3007446543724833,0.29969006791122504,0.7288960083255922,False,True,0.13108371187540557,1,1,29.697382458231665,False,False,33.95455141477553,52.206359506813754,Atencao,Atencao: sinais iniciais de risco,26.47854947658609
1777740881.6045682,1746,True,0.3000434889849853,0.2951585789338916,0.29760103395943843,0.724975341236278,False,True,0.13108371187540557,1,1,29.868307736786925,False,False,33.96309767870329,52.206359506813754,Atencao,Atencao: sinais iniciais de risco,26.648040362675665
1777740881.6392632,1747,True,0.30111304694545993,0.3149604851178032,0.30803676603163155,0.7230464512119692,False,True,0.13108371187540557,1,1,29.328594852035692,False,False,33.93611203446573,52.206359506813754,Atencao,Atencao: sinais iniciais de risco,26.92002489244382
1777740881.6756675,1748,True,0.29932733993010785,0.3131844613582333,0.3062559006441706,0.7229205037536569,False,True,0.13108371187540557,1,1,29.41019346009601,False,False,33.940191964868745,52.206359506813754,Atencao,Atencao: sinais iniciais de risco,26.975418556499214
1777740881.71341,1749,True,0.3006905886754043,0.3070808987685143,0.3038857437219593,0.7398473553243807,False,True,0.13108371187540557,1,1,29.67744873653759,False,False,33.953554728690825,52.206359506813754,Atencao,Atencao: sinais iniciais de risco,26.89706276447064
1777740881.7507002,1750,True,0.298501509341026,0.32452889405825447,0.3115152016996402,0.7305193371740774,False,True,0.13108371187540557,1,1,29.972515148466282,False,False,33.96830804928726,52.206359506813754,Atencao,Atencao: sinais iniciais de risco,26.914976812958994
1777740881.7869034,1751,True,0.298480429562273,0.3024348682584183,0.30045764891034565,0.7400989888732272,False,True,0.13108371187540557,1,1,29.995226394588293,False,False,33.96944361159336,52.206359506813754,Atencao,Atencao: sinais iniciais de risco,27.007707039832315
1777740881.8286848,1752,True,0.29479003124707176,0.3160730130638537,0.30543152215546276,0.7247476985168185,False,True,0.13108371187540557,1,1,29.300911834565074,False,False,33.9347278835922,52.206359506813754,Atencao,Atencao: sinais iniciais de risco,26.678689700054644
1777740881.8632405,1753,True,0.2997140310441248,0.3053204213395518,0.3025172261918383,0.7210203494285613,False,True,0.13108371187540557,1,1,29.870565961165862,False,False,33.96321058992224,52.206359506813754,Atencao,Atencao: sinais iniciais de risco,26.905562142354697
1777740881.8985877,1754,True,0.3011058925882725,0.32477130689377226,0.31293859974102234,0.7166596397805466,False,True,0.13108371187540557,1,1,29.322473038326606,False,False,33.93580594378028,52.206359506813754,Atencao,Atencao: sinais iniciais de risco,27.05219121443366
1777740881.9344325,1755,True,0.29670351345177237,0.3262552651226664,0.3114793892872194,0.7281152721968558,False,True,0.13108371187540557,1,1,29.37019277377562,False,False,33.938191930552726,52.206359506813754,Atencao,Atencao: sinais iniciais de risco,27.131680702639308
1777740881.9705935,1756,True,0.29904838596960265,0.308040812616774,0.30354459929318833,0.7307033981364186,False,True,0.13108371187540557,1,1,29.418981704928655,False,False,33.94063137711038,52.206359506813754,Atencao,Atencao: sinais iniciais de risco,27.161236868180772
1777740882.005795,1757,True,0.30509339877917957,0.32025206280395446,0.312672730791567,0.7226529180426753,False,True,0.13108371187540557,1,1,29.903072625940496,False,False,33.96483592316097,52.206359506813754,Atencao,Atencao: sinais iniciais de risco,27.293296467828995
1777740882.042049,1758,True,0.30254310146933705,0.3146817580886144,0.30861242977897574,0.7326122444570995,False,True,0.13108371187540557,1,1,29.58225523721088,False,False,33.94879505372449,52.206359506813754,Atencao,Atencao: sinais iniciais de risco,27.329660056091548
1777740882.0790005,1759,True,0.29711586513884936,0.33353112355817854,0.3153234943485139,0.72060114471616,False,True,0.13108371187540557,1,1,29.375538719242268,False,False,33.93845922782606,52.206359506813754,Atencao,Atencao: sinais iniciais de risco,27.304468340708944
1777740882.1172185,1760,True,0.30290363418902566,0.3062928888427867,0.3045982615159062,0.7344883950853168,False,True,0.1309987029831388,1,1,29.335142026164313,False,False,33.92475067048549,52.20492866407263,Atencao,Atencao: sinais iniciais de risco,27.189727249511087
1777740882.1613026,1761,True,0.3017727577279772,0.3371237425429146,0.31944825013544587,0.7095827522618603,False,True,0.13108371187540557,1,1,29.24426474571228,False,False,33.931895529149564,52.206359506813754,Atencao,Atencao: sinais iniciais de risco,26.738827094658234
1777740882.1979184,1762,True,0.3018315318367996,0.3116688989104444,0.306750215373622,0.7361649016986285,False,True,0.13108371187540557,1,1,29.558236046812752,False,False,33.94759409420458,52.206359506813754,Atencao,Atencao: sinais iniciais de risco,26.808887818486003
1777740882.235353,1763,True,0.30136411537692515,0.32228832166182175,0.3118262185193734,0.7228959665605615,False,True,0.13108371187540557,1,1,29.334794942357323,False,False,33.93642203898181,52.206359506813754,Atencao,Atencao: sinais iniciais de risco,26.760284542135715
1777740882.273056,1764,True,0.30288262114419284,0.3272766414715443,0.31507963130786854,0.7163073536391615,False,True,0.13108371187540557,1,1,29.27678933793848,False,False,33.93352175876087,52.206359506813754,Atencao,Atencao: sinais iniciais de risco,26.735615572818396
1777740882.3114698,1765,True,0.3029440429568011,0.31583180702041713,0.3093879249886091,0.7254991150292717,False,True,0.13108371187540557,1,1,29.29569532491944,False,False,33.93446705810992,52.206359506813754,Atencao,Atencao: sinais iniciais de risco,26.708046659965994
1777740882.3608565,1766,True,0.30371011736080605,0.3161196107096194,0.30991486403521273,0.7253672746107958,False,True,0.13108371187540557,1,1,29.347442021153192,False,False,33.93705439292161,52.206359506813754,Atencao,Atencao: sinais iniciais de risco,26.060190320727404
1777740882.397798,1767,True,0.3043629511332415,0.32145927983185013,0.3129111154825458,0.7289404023728446,False,True,0.13108371187540557,1,1,29.779290934584356,False,False,33.95864683859317,52.206359506813754,Atencao,Atencao: sinais iniciais de risco,26.14318184101502
1777740882.4355326,1768,True,0.2999092917316908,0.3182923955953169,0.3091008436635039,0.7143402457685777,False,True,0.13108371187540557,1,1,30.176903598958795,False,False,33.97852747181189,52.206359506813754,Atencao,Atencao: sinais iniciais de risco,26.151511797451597
1777740882.4839878,1769,True,0.3067243502218638,0.3225644055676759,0.31464437789476984,0.7186525648598411,False,True,0.13116883116883116,1,1,29.79638449712233,False,False,33.97120541956609,52.20779220779221,Atencao,Atencao: sinais iniciais de risco,25.631843383556518
1777740882.520758,1770,True,0.3043636047000861,0.33721496414912855,0.3207892844246073,0.7106430628837673,False,True,0.13116883116883116,1,1,29.66376154910434,False,False,33.96457427216519,52.20779220779221,Atencao,Atencao: sinais iniciais de risco,25.756419253562008
1777740882.5591917,1771,True,0.2963706120295178,0.3161070871296441,0.3062388495795809,0.7268217005299129,False,True,0.13116883116883116,1,1,29.755553896318776,False,False,33.96916388952591,52.20779220779221,Atencao,Atencao: sinais iniciais de risco,25.8060418237458
1777740882.600105,1772,True,0.30104965587045707,0.32063125724563835,0.3108404565580477,0.727892068696851,False,True,0.13116883116883116,1,1,29.575700531222605,False,False,33.960171221271096,52.20779220779221,Atencao,Atencao: sinais iniciais de risco,25.671406198684373
1777740882.63795,1773,True,0.2991975295471548,0.33141916973321517,0.31530834964018495,0.7184408624928249,False,True,0.13116883116883116,1,1,29.89932692755352,False,False,33.97635254108764,52.20779220779221,Atencao,Atencao: sinais iniciais de risco,25.737965347556788
1777740882.6731384,1774,True,0.29120216477225563,0.31647615464389334,0.3038391597080745,0.725027812977942,False,True,0.13116883116883116,1,1,30.11844519918615,False,False,33.987308454669275,52.20779220779221,Atencao,Atencao: sinais iniciais de risco,25.975273799449216
1777740882.7102044,1775,True,0.2933580410095489,0.3212949330002654,0.30732648700490717,0.7266253916459986,False,True,0.13125406107862247,1,1,30.077303461053152,False,False,33.99697048035893,52.20922677063028,Atencao,Atencao: sinais iniciais de risco,26.074458049575366
1777740882.745054,1776,True,0.29098630170484496,0.30950351498755113,0.30024490834619805,0.73861269088081,False,True,0.13116883116883116,1,1,30.237520006569945,False,False,33.99326219503847,52.20779220779221,Atencao,Atencao: sinais iniciais de risco,26.38122368864402
1777740882.7806406,1777,True,0.2927167598197043,0.3130861489769288,0.30290145439831656,0.7342984105555823,False,True,0.13116883116883116,1,1,30.032893104444845,False,False,33.98303084993221,52.20779220779221,Atencao,Atencao: sinais iniciais de risco,26.553503180483975
1777740882.8176427,1778,True,0.29274473367453235,0.3258468431069809,0.30929578839075667,0.7263093884807387,False,True,0.13116883116883116,1,1,29.849434541030362,False,False,33.973857921761486,52.20779220779221,Atencao,Atencao: sinais iniciais de risco,26.58852348629872
1777740882.854081,1779,True,0.2923978875669552,0.3203051248054306,0.3063515061861929,0.728864770708241,False,True,0.13116883116883116,1,1,30.113101777705275,False,False,33.98704128359523,52.20779220779221,Atencao,Atencao: sinais iniciais de risco,26.665424702219664
1777740882.8895106,1780,True,0.2904538274467827,0.31425199810195986,0.30235291277437126,0.7279431360106067,False,True,0.13116883116883116,1,1,29.995543405142698,False,False,33.9811633649671,52.20779220779221,Atencao,Atencao: sinais iniciais de risco,26.843516821198968
1777740882.9261537,1781,True,0.29163163430024713,0.3266902223273739,0.3091609283138105,0.7164590262839169,False,True,0.13116883116883116,1,1,30.207964955676687,False,False,33.9917844424938,52.20779220779221,Atencao,Atencao: sinais iniciais de risco,26.892974159016127
1777740882.9613032,1782,True,0.29158359095085207,0.3254423456544622,0.3085129683026571,0.7261181639083595,False,True,0.13108371187540557,1,1,30.212407188523898,False,False,33.980302651290145,52.206359506813754,Atencao,Atencao: sinais iniciais de risco,27.03083556103513
1777740882.9992385,1783,True,0.2949391271840896,0.33293936634412113,0.31393924676410534,0.7321106607608608,False,True,0.13108371187540557,1,1,30.109983473474326,False,False,33.975181465537666,52.206359506813754,Atencao,Atencao: sinais iniciais de risco,26.95514095859688
1777740883.0380063,1784,True,0.29524779819763913,0.3289247327602226,0.31208626547893087,0.7251101490419446,False,True,0.13108371187540557,1,1,29.93135509545153,False,False,33.966250046636524,52.206359506813754,Atencao,Atencao: sinais iniciais de risco,26.830281296786254
1777740883.0768917,1785,True,0.2961535408552246,0.325171502597906,0.3106625217265653,0.7261220401405611,False,True,0.13116883116883116,1,1,30.109630137140098,False,False,33.98686770156697,52.20779220779221,Atencao,Atencao: sinais iniciais de risco,26.751006220177203
1777740883.1119592,1786,True,0.29451211714078995,0.3302729093294393,0.31239251323511463,0.728745898029656,False,True,0.13116883116883116,1,1,29.95802912278609,False,False,33.97928765084927,52.20779220779221,Atencao,Atencao: sinais iniciais de risco,26.9176785219316
1777740883.1475084,1787,True,0.29170421113555156,0.3194245863748314,0.3055643987551915,0.7491439063020863,False,True,0.13108371187540557,1,1,29.9588503295725,False,False,33.96762480834257,52.206359506813754,Atencao,Atencao: sinais iniciais de risco,27.05104076492773
1777740883.1865892,1788,True,0.2968374910242416,0.32139066818817746,0.3091140796062095,0.7371948065829689,False,True,0.13116883116883116,1,1,29.628644595362925,False,False,33.962818424478115,52.20779220779221,Atencao,Atencao: sinais iniciais de risco,26.895909785865506
1777740883.2221334,1789,True,0.29262616528132557,0.3212964016805803,0.306961283480953,0.7426122463414045,False,True,0.13116883116883116,1,1,29.83225948593833,False,False,33.97299916900688,52.20779220779221,Atencao,Atencao: sinais iniciais de risco,26.984320368530955
1777740883.2579982,1790,True,0.29835077447983094,0.3240948149700708,0.31122279472495085,0.7510749734083407,False,True,0.13116883116883116,1,1,29.27763111645525,False,False,33.94526775053273,52.20779220779221,Atencao,Atencao: sinais iniciais de risco,27.11584741261236
1777740883.2977493,1791,True,0.29948026467609923,0.32609032570399177,0.3127852951900455,0.7528101658694677,False,True,0.13116883116883116,1,1,29.741787804798648,False,False,33.9684755849499,52.20779220779221,Atencao,Atencao: sinais iniciais de risco,26.931544680070168
1777740883.335917,1792,True,0.2943249876952445,0.30926015282889713,0.30179257026207085,0.763212145701533,False,True,0.13116883116883116,1,1,29.423508941585364,False,False,33.95256164178924,52.20779220779221,Atencao,Atencao: sinais iniciais de risco,26.83091751181739
1777740883.3820465,1793,True,0.28946248016612014,0.33360456233714203,0.3115335212516311,0.7214161553850043,False,True,0.13116883116883116,1,1,29.885262656211854,False,False,33.975649327520564,52.20779220779221,Atencao,Atencao: sinais iniciais de risco,26.27866345637869
1777740883.4219418,1794,True,0.2846728757763147,0.32240410945126136,0.30353849261378807,0.7473764546521141,False,True,0.13125406107862247,1,1,29.572911818460984,False,False,33.971750898229324,52.20922677063028,Atencao,Atencao: sinais iniciais de risco,26.187149380970848
1777740883.459645,1795,True,0.2943795379348186,0.32132091675344604,0.3078502273441323,0.7510136242342188,False,True,0.13116883116883116,1,1,29.46634507125074,False,False,33.954703448272504,52.20779220779221,Atencao,Atencao: sinais iniciais de risco,26.266404761151865
1777740883.5051045,1796,True,0.29790060066932267,0.3300793804481381,0.3139899905587304,0.7348668094211493,False,True,0.13125406107862247,1,1,29.522851597720923,False,False,33.96924788719232,52.20922677063028,Atencao,Atencao: sinais iniciais de risco,25.82437718237886
1777740883.5401177,1797,True,0.2932991694144787,0.3146362625729175,0.3039677159936981,0.7468949046503301,False,True,0.13125406107862247,1,1,29.611049361120568,False,False,33.9736577753623,52.20922677063028,Atencao,Atencao: sinais iniciais de risco,26.116179944535084
1777740883.5761409,1798,True,0.2940500795636477,0.3199645549065704,0.30700731723510905,0.7253776018917905,False,True,0.13125406107862247,1,1,29.49591171253811,False,False,33.96790089293318,52.20922677063028,Atencao,Atencao: sinais iniciais de risco,26.275397245305157
1777740883.6105967,1799,True,0.29168143025384025,0.33190203675355745,0.3117917335036988,0.7375593732028204,False,True,0.13125406107862247,1,1,29.354066980968817,False,False,33.960808656354715,52.20922677063028,Atencao,Atencao: sinais iniciais de risco,26.524413019791368
1777740883.6448004,1800,True,0.2901179985298043,0.3367474345687259,0.3134327165492651,0.73009169226731,False,True,0.13116883116883116,1,1,29.650402698733586,False,False,33.96390632964665,52.20779220779221,Atencao,Atencao: sinais iniciais de risco,26.77084173507485
1777740883.6807845,1801,True,0.2931103456105689,0.3232956909265566,0.3082030182685628,0.7344154451504336,False,True,0.13108371187540557,1,1,29.47311387170444,False,False,33.94333798544917,52.206359506813754,Atencao,Atencao: sinais iniciais de risco,26.866452066042754
1777740883.7154808,1802,True,0.2934712222852452,0.3276894874846336,0.3105803548849394,0.7274902241387118,False,True,0.1309987029831388,1,1,29.373765772581095,False,False,33.92668185780632,52.20492866407263,Atencao,Atencao: sinais iniciais de risco,27.122229533274904
1777740883.7512755,1803,True,0.2943726022465169,0.32821400407724954,0.3112933031618832,0.7224219213296555,False,True,0.13091380427738172,1,1,29.49408769986846,False,False,33.92102438212909,52.20349967595593,Atencao,Atencao: sinais iniciais de risco,27.164250872098982
1777740883.9682176,1804,True,0.29062548517329373,0.3384743666841954,0.31454992592874453,0.7174296414463861,False,True,0.13116883116883116,1,1,29.51453844308853,False,False,33.9571131168644,52.20779220779221,Atencao,Atencao: sinais iniciais de risco,24.910149414162397
1777740884.001561,1805,True,0.2926932899793476,0.3289385248912465,0.3108159074352971,0.7372789558495346,False,True,0.13116883116883116,1,1,29.259788373383603,False,False,33.94437561337915,52.20779220779221,Atencao,Atencao: sinais iniciais de risco,25.352227683507998
1777740884.0419502,1806,True,0.3014604041373421,0.32021415109322626,0.3108372776152842,0.7276241786527368,False,True,0.13116883116883116,1,1,29.959102582931518,False,False,33.979341323856545,52.20779220779221,Atencao,Atencao: sinais iniciais de risco,25.323496728635092
1777740884.0758586,1807,True,0.29465827312696563,0.3281891672396537,0.31142372018330966,0.7251989431484619,False,True,0.13116883116883116,1,1,29.636874197287995,False,False,33.96322990457437,52.20779220779221,Atencao,Atencao: sinais iniciais de risco,25.75401345540734
1777740884.1104896,1808,True,0.3023056155289674,0.3323353547645449,0.31732048514675615,0.7262912945315744,False,True,0.13116883116883116,1,1,29.548921347206292,False,False,33.95883226207028,52.20779220779221,Atencao,Atencao: sinais iniciais de risco,26.01998130896172
1777740884.1445107,1809,True,0.2974866501252205,0.3301605445268142,0.3138235973260174,0.7351188567816405,False,True,0.13116883116883116,1,1,29.352749893882056,False,False,33.94902368940407,52.20779220779221,Atencao,Atencao: sinais iniciais de risco,26.36777477147049
1777740884.1795835,1810,True,0.29606820955807944,0.3259572086821705,0.31101270912012496,0.728836808418672,False,True,0.13116883116883116,1,1,29.54770054546269,False,False,33.958771221983106,52.20779220779221,Atencao,Atencao: sinais iniciais de risco,26.616675388857324
1777740884.2148721,1811,True,0.29375155591389723,0.32078097752495355,0.30726626671942536,0.7260842285785991,False,True,0.13125406107862247,1,1,29.47041698152369,False,False,33.96662615638246,52.20922677063028,Atencao,Atencao: sinais iniciais de risco,26.775691354566845
1777740884.2509797,1812,True,0.2931985744494435,0.3177259821762066,0.3054622783128251,0.7331992041883997,False,True,0.13125406107862247,1,1,29.48763874931769,False,False,33.96748724477216,52.20922677063028,Atencao,Atencao: sinais iniciais de risco,26.865912888380173
1777740884.2906265,1813,True,0.2957426091194794,0.3224694794978475,0.30910604430866345,0.7321467676222654,False,True,0.13125406107862247,1,1,29.592375600879844,False,False,33.972724087350265,52.20922677063028,Atencao,Atencao: sinais iniciais de risco,26.66836358972934
1777740884.3320181,1814,True,0.29194256683756703,0.31868736257377617,0.3053149647056716,0.7369864003305733,False,True,0.13125406107862247,1,1,29.227224283868615,False,False,33.954466521499704,52.20922677063028,Atencao,Atencao: sinais iniciais de risco,26.45324674534364
1777740884.372568,1815,True,0.2924176964988945,0.31282999216592,0.30262384433240724,0.7292914073476562,False,True,0.13125406107862247,1,1,29.65204954797571,False,False,33.97570778470506,52.20922677063028,Atencao,Atencao: sinais iniciais de risco,26.253603487063433
1777740884.412454,1816,True,0.2945383539006602,0.3215886993527776,0.3080635266267189,0.7288577543699774,False,True,0.13125406107862247,1,1,29.725376993417736,False,False,33.97937415697716,52.20922677063028,Atencao,Atencao: sinais iniciais de risco,26.151259354133412
1777740884.4547503,1817,True,0.2892423735651147,0.31897751064319735,0.304109942104156,0.72101487881771,False,True,0.13125406107862247,1,1,29.292970334941685,False,False,33.957753824053356,52.20922677063028,Atencao,Atencao: sinais iniciais de risco,25.89861345501013
1777740884.4920566,1818,True,0.2942490580998148,0.3259802295551396,0.3101146438274772,0.7135238798011241,False,True,0.13125406107862247,1,1,29.924569133195007,False,False,33.98933376396602,52.20922677063028,Atencao,Atencao: sinais iniciais de risco,26.00678794127139
1777740884.5262332,1819,True,0.29045544929903583,0.31252302418164185,0.30148923674033884,0.7204768216507382,False,True,0.13125406107862247,1,1,29.898084942319176,False,False,33.988009554422234,52.20922677063028,Atencao,Atencao: sinais iniciais de risco,26.27376400395993
1777740884.5629923,1820,True,0.2890111337890113,0.31572276786360803,0.30236695082630966,0.7160416351477163,False,True,0.13125406107862247,1,1,30.358331956646662,False,False,34.011021905138605,52.20922677063028,Atencao,Atencao: sinais iniciais de risco,26.368779827569096
1777740884.599822,1821,True,0.2880803736426904,0.3107910108678418,0.2994356922552661,0.7003596352007551,False,True,0.13125406107862247,1,1,30.597264443202448,False,False,34.0229685294664,52.20922677063028,Atencao,Atencao: sinais iniciais de risco,26.51715337754064
1777740884.6366017,1822,True,0.2888043473214554,0.3023445483958599,0.2955744478586576,0.7065521667437303,False,True,0.13133940182054615,1,1,30.272701119292865,False,False,34.01847471528542,52.210663198959686,Atencao,Atencao: sinais iniciais de risco,26.57123412703736
1777740884.670834,1823,True,0.3036275179029781,0.3203869348370183,0.3120072263699982,0.6746173877262795,False,True,0.13133940182054615,1,1,30.313672780448737,False,False,34.020523298343214,52.210663198959686,Atencao,Atencao: sinais iniciais de risco,26.826930031933564
1777740884.706399,1824,True,0.301356317662664,0.32239249247629354,0.3118744050694788,0.6802771689292064,False,True,0.13125406107862247,1,1,30.237856493754816,False,False,34.004998131994014,52.20922677063028,Atencao,Atencao: sinais iniciais de risco,26.929395476873186
1777740884.7455263,1825,True,0.3039555822305952,0.2887975613433776,0.2963765717869864,0.6440697950541979,False,False,0.13133940182054615,1,1,29.614434360374105,False,False,33.98556137733949,52.210663198959686,Atencao,Atencao: sinais iniciais de risco,26.828331435611535
1777740884.78504,1826,True,0.29510002527961304,0.3042234858104806,0.2996617555450468,0.6624374872481905,False,True,0.13133940182054615,1,1,30.37953010038896,False,False,34.023816164340225,52.210663198959686,Atencao,Atencao: sinais iniciais de risco,26.64559829448356
1777740884.8288438,1827,True,0.3036675040185595,0.26756242468761343,0.2856149643530865,0.648731845499348,False,False,0.13133940182054615,1,1,30.001334165443073,False,False,34.00490636759293,52.210663198959686,Atencao,Atencao: sinais iniciais de risco,26.28761474641233
1777740884.869214,1828,True,0.30168402549144746,0.2601982443812257,0.28094113493633655,0.6459451705120968,False,False,0.13133940182054615,1,1,29.87419633973728,False,False,33.998549476307645,52.210663198959686,Atencao,Atencao: sinais iniciais de risco,26.11401586420828
1777740884.9098783,1829,True,0.29104289887631896,0.2937764955682444,0.2924096972222817,0.6547637684699383,False,True,0.13133940182054615,1,1,30.32191747210242,False,False,34.020935532925904,52.210663198959686,Atencao,Atencao: sinais iniciais de risco,25.935118371051875
1777740884.9477894,1830,True,0.3004718168976459,0.27562923750813323,0.2880505272028896,0.6512127376241297,False,True,0.13133940182054615,1,1,32.0300053591078,False,True,34.10633992727617,52.210663198959686,Atencao,Atencao: sinais iniciais de risco,26.018301884946254
1777740884.9822924,1831,True,0.2831773957640617,0.2860532967652017,0.2846153462646317,0.6427040772797706,False,False,0.13133940182054615,1,1,33.93240570534359,False,True,34.20145994458796,52.210663198959686,Atencao,Atencao: sinais iniciais de risco,26.308826913260315
1777740885.019744,1832,True,0.2764412594924333,0.283801031702772,0.28012114559760265,0.635066838674221,False,False,0.13133940182054615,1,1,34.90203907002102,False,True,34.24994161282183,52.210663198959686,Atencao,Atencao: sinais iniciais de risco,26.343942612375933
1777740885.0553284,1833,True,0.26195920205831125,0.269798977199201,0.2658790896287561,0.6494421530807718,False,False,0.13133940182054615,1,1,34.502658582275565,False,True,34.229972588434556,52.210663198959686,Atencao,Atencao: sinais iniciais de risco,26.498170771383048
1777740885.0926414,1834,True,0.2748862923611069,0.2798258735322344,0.2773560829466707,0.6327487782841654,False,False,0.13133940182054615,1,1,34.33324816552075,False,True,34.221502067596816,52.210663198959686,Atencao,Atencao: sinais iniciais de risco,26.564925595762606
1777740885.1289473,1835,True,0.24235402895672198,0.27178933295231616,0.25707168095451904,0.6335652202532601,False,False,0.13133940182054615,1,1,35.95189291238785,False,True,34.30243430494017,52.210663198959686,Atencao,Atencao: sinais iniciais de risco,26.653333012979143
1777740885.1639917,1836,True,0.25292223007664294,0.27018542152082786,0.26155382579873543,0.6702531908973917,False,True,0.13133940182054615,1,1,38.38326013088226,False,True,34.42400266586489,52.210663198959686,Atencao,Atencao: sinais iniciais de risco,26.7864079786214
1777740885.2092752,1837,True,0.250057861888914,0.20532153421023336,0.22768969804957367,0.6454288926554326,False,False,0.13133940182054615,1,1,39.537146663665766,False,True,34.48169699250407,52.210663198959686,Atencao,Atencao: sinais iniciais de risco,26.34647123864311
1777740885.2506766,1838,True,0.24617096555708937,0.21659415753056827,0.2313825615438288,0.6565471772803141,False,True,0.13133940182054615,1,1,39.62636766433716,False,True,34.48615804253764,52.210663198959686,Atencao,Atencao: sinais iniciais de risco,26.13559647337259
1777740885.2897468,1839,True,0.23027584052116448,0.2444607070761302,0.23736827379864733,0.6372714058345392,False,False,0.13142485361093037,1,1,40.14698314666748,False,True,34.52393843783198,52.2121014964216,Atencao,Atencao: sinais iniciais de risco,26.07030744399329
1777740885.3302138,1840,True,0.23915924676374573,0.2529909535549289,0.2460751001593373,0.6369825790493,False,False,0.13142485361093037,1,1,41.395578908920285,False,True,34.586368225944625,52.2121014964216,Atencao,Atencao: sinais iniciais de risco,25.919180936897302
1777740885.3720334,1841,True,0.24094835789824307,0.2587442898186589,0.24984632385845096,0.6855137919886463,False,True,0.13142485361093037,1,1,42.93945198059082,False,True,34.663561879528146,52.2121014964216,Atencao,Atencao: sinais iniciais de risco,25.756729358179154
1777740885.4194083,1842,True,0.21991214287456998,0.22888100758706306,0.22439657523081652,0.6198395894665966,False,False,0.13142485361093037,1,1,43.097890281677245,False,True,34.67148379458247,52.2121014964216,Atencao,Atencao: sinais iniciais de risco,25.224312145226325
1777740885.4620566,1843,True,0.21258632946899753,0.21582261393649074,0.21420447170274415,0.6919940037022471,False,True,0.13142485361093037,1,1,45.352659034729,False,True,34.78422223223506,52.2121014964216,Atencao,Atencao: sinais iniciais de risco,25.090322782748025
1777740885.5037847,1844,True,0.17289012540537874,0.17945661829973047,0.1761733718525546,0.6182564297234967,True,False,0.13216145833333334,1,1,42.74556903839111,False,True,34.75515088174857,52.213541666666664,Atencao,Atencao: sinais iniciais de risco,24.987409747589346
1777740885.552543,1845,True,0.18952968053861288,0.15882761417634905,0.17417864735748095,0.6805102169129464,True,True,0.1328125,1,1,43.662569522857666,False,True,34.89051913513857,52.213541666666664,Atencao,Atencao: sinais iniciais de risco,24.550941151264567
1777740885.5937665,1846,True,0.18122526152705465,0.2123104833403422,0.19676787243369842,0.609509958886399,True,False,0.13346354166666666,1,1,41.735892868041994,False,True,34.88370353156445,52.213541666666664,Atencao,Atencao: sinais iniciais de risco,24.48013173684332
1777740885.634222,1847,True,0.18778797222662597,0.18152544756709105,0.1846567098968585,0.6885759963861173,True,True,0.13411458333333334,1,1,43.39487733840942,False,True,35.05617098424948,52.213541666666664,Atencao,Atencao: sinais iniciais de risco,24.55184804622718
1777740885.6720254,1848,True,0.16883799073389005,0.22831225189241525,0.19857512131315264,0.6010142053261669,True,False,0.134765625,1,1,41.73001990318298,False,True,35.062446341654834,52.213541666666664,Atencao,Atencao: sinais iniciais de risco,24.714813830379047
1777740885.717206,1849,True,0.1859826743864761,0.17808096816443839,0.18203182127545725,0.6909838373787192,True,True,0.13541666666666666,1,1,43.01060647964478,False,True,35.21599389964459,52.213541666666664,Atencao,Atencao: sinais iniciais de risco,24.479843489792984
1777740885.7522411,1850,True,0.05944763861081049,0.1802590143315389,0.11985332647117469,0.6474008848868151,True,False,0.13606770833333334,1,1,42.125210142135614,False,True,35.261242311935796,52.213541666666664,Atencao,Atencao: sinais iniciais de risco,24.85767580500514
1777740885.7879329,1851,True,0.048397286628792995,0.14671213222166954,0.09755470942523127,0.6448335757599041,True,False,0.13671875,1,1,40.66981477737426,False,True,35.2779907728644,52.213541666666664,Atencao,Atencao: sinais iniciais de risco,25.16228143638518
1777740885.8270614,1852,True,0.04651843139370514,0.14411315546062692,0.09531579342716603,0.6533017074309108,True,True,0.13736979166666666,1,1,40.6164954662323,False,True,35.364843036473964,52.213541666666664,Atencao,Atencao: sinais iniciais de risco,25.19900795443799
1777740885.864944,1853,True,0.16017794164780433,0.17991326975369692,0.1700456057007506,0.6699612492717678,True,True,0.13802083333333334,1,1,42.654557609558104,False,True,35.55626437280692,52.213541666666664,Atencao,Atencao: sinais iniciais de risco,25.34680533685209
1777740885.9029343,1854,True,0.17759554668732488,0.1750248453399083,0.17631019601361658,0.6569286618318417,True,True,0.138671875,1,1,43.912438964843744,False,True,35.70867666973787,52.213541666666664,Atencao,Atencao: sinais iniciais de risco,25.45330234599672
1777740885.941185,1855,True,0.20416841749625214,0.2352285488540577,0.21969848317515492,0.6969841786695322,False,True,0.138671875,1,1,41.94938039779663,False,True,35.60136981275346,52.213541666666664,Atencao,Atencao: sinais iniciais de risco,25.529588911320303
1777740885.9789333,1856,True,0.21481362746445418,0.23149842759017336,0.22315602752731378,0.6904938917662174,False,True,0.138671875,1,1,40.94201650619507,False,True,35.55100161817339,52.213541666666664,Atencao,Atencao: sinais iniciais de risco,25.619280284606905
1777740886.0170026,1857,True,0.20988488375742367,0.19014394038066107,0.20001441206904236,0.73275609759835,True,True,0.13932291666666666,1,1,42.49837064743042,False,True,35.71833755440182,52.213541666666664,Atencao,Atencao: sinais iniciais de risco,25.67224406208869
1777740886.0523503,1858,True,0.22064473680988908,0.2356505798816312,0.22814765834576015,0.6994500972248638,False,True,0.13932291666666666,1,1,38.38956053256988,False,True,35.43064436287211,52.213541666666664,Atencao,Atencao: sinais iniciais de risco,25.913621844078122
1777740886.0888355,1859,True,0.23852429890720103,0.2375229404803375,0.23802361969376928,0.7529430724305018,False,True,0.13932291666666666,1,1,37.1522581577301,False,True,35.36877924413012,52.213541666666664,Atencao,Atencao: sinais iniciais de risco,26.088664441190375
1777740886.1246533,1860,True,0.22903720419029136,0.2584029701204415,0.24372008715536642,0.7152578209724323,False,True,0.13932291666666666,1,1,36.04410425424576,False,True,35.3133715489559,52.213541666666664,Atencao,Atencao: sinais iniciais de risco,26.277039913776022
1777740886.159855,1861,True,0.2478788825359403,0.2746009841551689,0.2612399333455546,0.7036442849909634,False,True,0.13932291666666666,1,1,34.87931236895648,False,True,35.255131954691436,52.213541666666664,Atencao,Atencao: sinais iniciais de risco,26.49144806752181
1777740886.2042994,1862,True,0.2498399689369772,0.26321515964643927,0.25652756429170825,0.7203397815721501,False,True,0.13932291666666666,1,1,33.30566937381571,False,True,35.1764498049344,52.213541666666664,Atencao,Atencao: sinais iniciais de risco,26.03567532863367
1777740886.2447429,1863,True,0.2438779955819511,0.2897490562689048,0.26681352592542795,0.7001025479417877,False,True,0.13932291666666666,1,1,32.93435430906035,False,True,35.15788405169663,52.213541666666664,Atencao,Atencao: sinais iniciais de risco,25.96766261594705
1777740886.2788968,1864,True,0.25587815855611257,0.2674765303314892,0.26167734444380086,0.6829374146562899,False,True,0.13932291666666666,1,1,28.679806322943076,False,True,34.945156652390764,52.213541666666664,Atencao,Atencao: sinais iniciais de risco,26.3166994648245
1777740886.318251,1865,True,0.20300501336070834,0.2882385490431177,0.24562178120191303,0.6523819279565919,False,True,0.13941368078175895,1,1,25.76044541597366,False,False,34.811668672867484,52.214983713355046,Atencao,Atencao: sinais iniciais de risco,26.212892892519193
1777740886.3572042,1866,True,0.19569240009694108,0.30924881874632193,0.2524706094216315,0.6492983704808883,False,False,0.13941368078175895,1,1,22.936764326420697,False,False,34.670484618389835,52.214983713355046,Atencao,Atencao: sinais iniciais de risco,26.17843713796836
1777740886.4088511,1867,True,0.2429688041890866,0.3216624352891693,0.28231561973912794,0.6474789528229553,False,False,0.13941368078175895,1,1,21.662056453661485,False,False,34.60674922475187,52.214983713355046,Atencao,Atencao: sinais iniciais de risco,25.497691962262795
1777740886.4466758,1868,True,0.22486912689374713,0.2829800409031764,0.2539245838984618,0.6137933418977161,False,False,0.13941368078175895,1,1,18.971764358336273,False,False,34.47223461998561,52.214983713355046,Atencao,Atencao: sinais iniciais de risco,25.585637869905806
1777740886.4874108,1869,True,0.2405160556315154,0.3228500329052273,0.2816830442683713,0.6118606835781706,False,False,0.13941368078175895,1,1,16.984690910848705,False,False,34.372880947611236,52.214983713355046,Atencao,Atencao: sinais iniciais de risco,25.480881164096207
1777740886.537186,1870,True,0.24807210206126806,0.32998953711651013,0.2890308195888891,0.6129380948036102,False,False,0.1395045632333768,1,1,14.77860055884177,False,False,34.27507276710834,52.21642764015645,Atencao,Atencao: sinais iniciais de risco,24.918436842839625
1777740886.5782917,1871,True,0.26135783342696367,0.3626158265853876,0.31198683000617566,0.6424647330699523,False,False,0.1395045632333768,1,1,13.109718492627142,False,False,34.19162866379761,52.21642764015645,Atencao,Atencao: sinais iniciais de risco,24.88652698680549
1777740886.614246,1872,True,0.25142607450372895,0.33864701508551137,0.29503654479462016,0.6330844077720306,False,False,0.1395045632333768,1,1,13.078316063738685,False,False,34.190058542353185,52.21642764015645,Atencao,Atencao: sinais iniciais de risco,25.178316657122927
1777740886.6516478,1873,True,0.2691623270399817,0.37450986083955096,0.3218360939397663,0.5995956691424121,False,False,0.1395045632333768,1,1,14.273203639584509,False,False,34.24980292114547,52.21642764015645,Atencao,Atencao: sinais iniciais de risco,25.335826901386525
1777740886.6946952,1874,True,0.2659526091267021,0.34560807453576053,0.3057803418312313,0.6126826248951873,False,False,0.1395045632333768,1,1,14.390890109877693,False,False,34.25568724466014,52.21642764015645,Atencao,Atencao: sinais iniciais de risco,25.11993467830178
1777740886.7322936,1875,True,0.2732878034712219,0.36416400353749473,0.3187259035043583,0.614772345119305,False,False,0.1395045632333768,1,1,13.744012735580856,False,False,34.2233433759453,52.21642764015645,Atencao,Atencao: sinais iniciais de risco,25.285589804575142
1777740886.7694902,1876,True,0.26724766006784034,0.3628941398288156,0.31507089994832793,0.6030435211854319,False,False,0.1395955642530985,1,1,14.237213147059084,False,False,34.26051603673095,52.21787345075016,Atencao,Atencao: sinais iniciais de risco,25.37241503797553
1777740886.8072,1877,True,0.26094313148934317,0.36131052804494096,0.31112682976714207,0.5762174093448595,False,False,0.1395045632333768,1,1,14.601049114831472,False,False,34.26619519490782,52.21642764015645,Atencao,Atencao: sinais iniciais de risco,25.524256396810877
1777740886.8444715,1878,True,0.27521514318895646,0.35161471781926856,0.3134149305041125,0.5845200630045749,False,False,0.1395045632333768,1,1,15.016267654773863,False,False,34.28695612190494,52.21642764015645,Atencao,Atencao: sinais iniciais de risco,25.6908771327608
1777740886.8816414,1879,True,0.2712529239984487,0.35382809628076684,0.31254051013960776,0.581338289433605,False,False,0.1395045632333768,1,1,14.857095934924752,False,False,34.27899753591249,52.21642764015645,Atencao,Atencao: sinais iniciais de risco,25.807290398872347
1777740886.9173,1880,True,0.270853959112353,0.32503807953918473,0.29794601932576886,0.5816762945796289,False,False,0.1395045632333768,1,1,14.060655783692544,False,False,34.23917552835088,52.21642764015645,Atencao,Atencao: sinais iniciais de risco,25.966167294096657
1777740886.9544938,1881,True,0.26110615000699083,0.33039564540410904,0.29575089770554996,0.5067764054194842,False,False,0.1395045632333768,1,1,12.360109545324336,False,False,34.15414821643247,52.21642764015645,Atencao,Atencao: sinais iniciais de risco,26.118721692321834
1777740886.9897664,1882,True,0.27122778712173923,0.34040009139682276,0.305813939259281,0.13972797210499052,False,False,0.1395045632333768,1,1,11.199490100263873,False,False,34.096117244179446,52.21642764015645,Atencao,Atencao: sinais iniciais de risco,26.339927405123934
1777740887.0269372,1883,True,0.2890419104451995,0.34271007569636047,0.31587599307077996,0.15381916628534498,False,False,0.1395045632333768,1,1,13.818194911662825,False,False,34.22705248474939,52.21642764015645,Atencao,Atencao: sinais iniciais de risco,26.39032546808175
1777740887.065082,1884,True,0.2700253262794213,0.3145610708852808,0.29229319858235103,0.15097629308118757,False,False,0.1395045632333768,1,1,13.078242957693611,False,False,34.190054887050934,52.21642764015645,Atencao,Atencao: sinais iniciais de risco,26.363288772322232
1777740887.1044505,1885,True,0.28764003012078165,0.2974085943101397,0.2925243122154607,0.034718835751350596,False,False,0.1395045632333768,1,1,12.33471118933098,False,False,34.1528782986328,52.21642764015645,Atencao,Atencao: sinais iniciais de risco,26.296207543810464
1777740887.1428683,1886,True,0.2861117521048307,0.31306514997438234,0.2995884510396065,0.060109067458943496,False,False,0.1395045632333768,1,1,12.229529539563439,False,False,34.14761921614442,52.21642764015645,Atencao,Atencao: sinais iniciais de risco,26.25404280354712
1777740887.1872923,1887,True,0.29055855138035813,0.3050649326658767,0.29781174202311744,0.13156434725915103,False,False,0.1395045632333768,1,1,11.258049297011032,False,False,34.099045204016804,52.21642764015645,Atencao,Atencao: sinais iniciais de risco,25.866601081155412
1777740887.228336,1888,True,0.29238842584339386,0.32589428297668477,0.3091413544100393,0.17851656002531394,False,False,0.1395045632333768,1,1,10.821425307982349,False,False,34.07721400456537,52.21642764015645,Atencao,Atencao: sinais iniciais de risco,25.718091199376584
1777740887.268249,1889,True,0.28646400454226295,0.3291966287012538,0.3078303166217584,0.21524066778589301,False,False,0.1395045632333768,1,1,11.526481502672489,False,False,34.11246681429988,52.21642764015645,Atencao,Atencao: sinais iniciais de risco,25.68523597830883
1777740887.3105285,1890,True,0.2812147988898817,0.33477823963928094,0.3079965192645813,0.21524279704093902,False,False,0.1395045632333768,1,1,11.295333470522682,False,False,34.10090941269239,52.21642764015645,Atencao,Atencao: sinais iniciais de risco,25.456906382675786
1777740887.3555615,1891,True,0.2982223169572276,0.324388907398245,0.31130561217773633,0.18324340443004056,False,False,0.1395955642530985,1,1,13.416584943234922,False,False,34.21948462653974,52.21787345075016,Atencao,Atencao: sinais iniciais de risco,25.118599442051877
1777740887.4073508,1892,True,0.2781024698327724,0.31860672340688095,0.29835459661982666,0.20404477868206986,False,False,0.1395955642530985,1,1,12.594221119040794,False,False,34.17836643533003,52.21787345075016,Atencao,Atencao: sinais iniciais de risco,24.546336567060685
1777740887.451157,1893,True,0.3086313971738862,0.3314771579979915,0.32005427758593885,0.004672221297262817,False,False,0.1395955642530985,1,1,13.375990785726092,False,False,34.217454918664295,52.21787345075016,Atencao,Atencao: sinais iniciais de risco,24.35820759537355
1777740887.4949267,1894,True,0.30765463338602117,0.3207051926059877,0.31417991299600445,0.3409697693310034,False,False,0.1395955642530985,1,1,13.7832955929366,False,False,34.23782015902482,52.21787345075016,Atencao,Atencao: sinais iniciais de risco,24.214881668486143
1777740887.5472965,1895,True,0.26285191906243977,0.31096734374509655,0.28690963140376813,0.5776020451257191,False,False,0.13968668407310705,1,1,12.080491110987285,False,False,34.16520891017853,52.21932114882507,Atencao,Atencao: sinais iniciais de risco,23.71109348789975
1777740887.586139,1896,True,0.29731558395005,0.3538144693360798,0.32556502664306486,0.6060337192638239,False,False,0.13968668407310705,1,1,11.609417133879933,False,False,34.14165521132316,52.21932114882507,Atencao,Atencao: sinais iniciais de risco,23.91366210568748
1777740887.6247447,1897,True,0.30028653074360195,0.3449320223717619,0.3226092765576819,0.5768907010359351,False,False,0.13968668407310705,1,1,12.149081250093879,False,False,34.168638417133856,52.21932114882507,Atencao,Atencao: sinais iniciais de risco,24.110227336231663
1777740887.6633718,1898,True,0.3004470400038613,0.349665471882857,0.3250562559433592,0.5960552413089452,False,False,0.13968668407310705,1,1,11.202182227996476,False,False,34.12129346602899,52.21932114882507,Atencao,Atencao: sinais iniciais de risco,24.31675896665175
1777740887.7024593,1899,True,0.2961764170667168,0.3547974931982725,0.32548695513249465,0.5858877261523447,False,False,0.13968668407310705,1,1,11.517675703748086,False,False,34.13706813981657,52.21932114882507,Atencao,Atencao: sinais iniciais de risco,24.450790847543434
1777740887.7424283,1900,True,0.29046101992340273,0.34583601622702936,0.31814851807521605,0.5845656884299799,False,False,0.13968668407310705,1,1,12.443333836390893,False,False,34.183351046448706,52.21932114882507,Atencao,Atencao: sinais iniciais de risco,24.485747476152724
1777740887.7809691,1901,True,0.2817518821162701,0.3507449881534421,0.3162484351348561,0.587569636926058,False,False,0.13968668407310705,1,1,11.513325987516014,False,False,34.13685065400497,52.21932114882507,Atencao,Atencao: sinais iniciais de risco,24.62710823939087
1777740887.8237026,1902,True,0.28873594569659466,0.3376412878808514,0.313188616788723,0.593778006147001,False,False,0.13968668407310705,1,1,11.892022628269414,False,False,34.15578548604263,52.21932114882507,Atencao,Atencao: sinais iniciais de risco,24.52418474963307
1777740887.8618374,1903,True,0.2816566502594498,0.3562269756096983,0.318941812934574,0.5893133839870135,False,False,0.13968668407310705,1,1,12.261875982607968,False,False,34.17427815375956,52.21932114882507,Atencao,Atencao: sinais iniciais de risco,24.675322734718026
1777740887.9016824,1904,True,0.2836775453599478,0.34983456562660065,0.31675605549327424,0.5677885482266938,False,False,0.13968668407310705,1,1,12.604204434359614,False,False,34.19139457634714,52.21932114882507,Atencao,Atencao: sinais iniciais de risco,24.73433177899838
1777740887.940269,1905,True,0.28908588001954505,0.3321461298417659,0.31061600493065544,0.5687643704552664,False,False,0.13968668407310705,1,1,12.490796465545218,False,False,34.18572417790642,52.21932114882507,Atencao,Atencao: sinais iniciais de risco,24.84581303752227
1777740887.9773562,1906,True,0.28378762514165484,0.34433111920258336,0.3140593721721191,0.5846070862199261,False,False,0.13968668407310705,1,1,12.93048771392893,False,False,34.20770874032561,52.21932114882507,Atencao,Atencao: sinais iniciais de risco,25.05383354379057
1777740888.0151095,1907,True,0.2883182839897339,0.3416907684851751,0.3150045262374545,0.5844775740895125,False,False,0.13968668407310705,1,1,12.782522292841564,False,False,34.200310469271244,52.21932114882507,Atencao,Atencao: sinais iniciais de risco,25.173080771982928
1777740888.0540788,1908,True,0.29517895586797954,0.3417155973821598,0.31844727662506966,0.5905540161044216,False,False,0.13968668407310705,1,1,12.728946474990382,False,False,34.197631678378684,52.21932114882507,Atencao,Atencao: sinais iniciais de risco,25.25205585350602
1777740888.0919988,1909,True,0.29589175850422483,0.3414813037959661,0.3186865311500955,0.5802615852188142,False,False,0.13968668407310705,1,1,12.260915936309505,False,False,34.17423015144464,52.21932114882507,Atencao,Atencao: sinais iniciais de risco,25.367414080961368
1777740888.1309466,1910,True,0.28309910305896385,0.3257004092537398,0.30439975615635184,0.5776718789132846,False,False,0.13968668407310705,1,1,12.732840278778564,False,False,34.19782636856809,52.21932114882507,Atencao,Atencao: sinais iniciais de risco,25.395610489154574
1777740888.169088,1911,True,0.2866072685934969,0.3363794439028157,0.31149335624815633,0.5861127811816773,False,False,0.13968668407310705,1,1,12.779146313006907,False,False,34.20014167027951,52.21932114882507,Atencao,Atencao: sinais iniciais de risco,25.45370168241005
1777740888.2149487,1912,True,0.2802019967465438,0.3297516581467057,0.30497682744662474,0.5794958554019561,False,False,0.13968668407310705,1,1,12.007690768964082,False,False,34.161568893077366,52.21932114882507,Atencao,Atencao: sinais iniciais de risco,25.084936923648854
1777740888.2533576,1913,True,0.28926412340280155,0.3372287016180204,0.31324641251041097,0.5836950144409466,False,False,0.13968668407310705,1,1,11.998970348023894,False,False,34.16113287203036,52.21932114882507,Atencao,Atencao: sinais iniciais de risco,25.183563273578883
1777740888.2937944,1914,True,0.2975033738804873,0.32467548768131155,0.31108943078089946,0.577621768616961,False,False,0.13977792292619204,1,1,11.788737662674183,False,False,34.163166580062054,52.220770738079686,Atencao,Atencao: sinais iniciais de risco,25.15506699136856
1777740888.332401,1915,True,0.2829791072399009,0.3188673998044502,0.3009232535221755,0.5758519447462743,False,False,0.13977792292619204,1,1,11.61578140293502,False,False,34.154518767075096,52.220770738079686,Atencao,Atencao: sinais iniciais de risco,25.2075939231453
1777740888.3785958,1916,True,0.2840397519748577,0.32278808012622534,0.3034139160505415,0.5653267327398981,False,False,0.13977792292619204,1,1,11.193453063928015,False,False,34.13340235012475,52.220770738079686,Atencao,Atencao: sinais iniciais de risco,24.858670168254008
1777740888.4255176,1917,True,0.2815977322719752,0.3210172748672641,0.30130750356961966,0.5579789356740297,False,False,0.13977792292619204,1,1,11.944369372403758,False,False,34.17094816554854,52.220770738079686,Atencao,Atencao: sinais iniciais de risco,24.47686588537686
1777740888.464779,1918,True,0.2817561710126353,0.32897166892755714,0.3053639199700962,0.5498022616833798,False,False,0.13977792292619204,1,1,11.943715412745421,False,False,34.17091546756562,52.220770738079686,Atencao,Atencao: sinais iniciais de risco,24.560203321982435
1777740888.5074742,1919,True,0.28634203831368815,0.33254577538552615,0.30944390684960715,0.5510336403010745,False,False,0.13977792292619204,1,1,12.093890365416353,False,False,34.178424215199165,52.220770738079686,Atencao,Atencao: sinais iniciais de risco,24.50627953995746
1777740888.5555887,1920,True,0.27586439266285917,0.3272217616257957,0.30154307714432743,0.5371922466595961,False,False,0.1392156862745098,1,1,11.860188270233234,False,False,34.0894315708337,52.22222222222222,Atencao,Atencao: sinais iniciais de risco,24.14176205433962
1777740888.5927052,1921,True,0.2874004584696254,0.3175753763439085,0.30248791740676695,0.5428597583808834,False,False,0.13856209150326798,1,1,10.997048556957054,False,False,33.95640530412415,52.22222222222222,Atencao,Atencao: sinais iniciais de risco,24.361694926420697
1777740888.6346931,1922,True,0.27991767581058163,0.3055196759977505,0.29271867590416606,0.5595145538490167,False,False,0.13790849673202615,1,1,10.254570639548316,False,False,33.82941212720796,52.22222222222222,Atencao,Atencao: sinais iniciais de risco,24.311909680600092
1777740888.6756427,1923,True,0.2811529480982174,0.3325371408819046,0.306845044490061,0.46567200237426165,False,False,0.1378184193337688,1,1,10.702124795351518,False,False,33.83940419273773,52.220770738079686,Atencao,Atencao: sinais iniciais de risco,24.359481910748862
1777740888.713104,1924,True,0.3194518965994579,0.32068511655593723,0.3200685065776976,0.421571375134123,False,False,0.1377284595300261,1,1,11.392340087010101,False,False,33.86154548430604,52.21932114882507,Atencao,Atencao: sinais iniciais de risco,24.574590959321238
1777740888.7534273,1925,True,0.29318102608281604,0.29841648713116475,0.2957987566069904,0.4311596052687446,False,False,0.13763861709067188,1,1,10.085007078437643,False,False,33.78382549846621,52.21787345075016,Atencao,Atencao: sinais iniciais de risco,24.618407514075233
1777740888.9806116,1926,True,0.31853445903404354,0.3326267846597682,0.32558062184690584,0.18315238772802084,False,False,0.13763861709067188,1,1,14.168665591559627,False,False,34.01838571069033,52.21787345075016,Atencao,Atencao: sinais iniciais de risco,22.59594584972564
1777740889.0195303,1927,True,0.2979497417504661,0.30211769989315973,0.3000337208218129,0.17354561030994786,False,False,0.13754889178617993,1,1,13.488699508255179,False,False,33.97205017715746,52.21642764015645,Atencao,Atencao: sinais iniciais de risco,22.9305532248259
1777740889.058123,1928,True,0.29066708989482815,0.31509017648313514,0.30287863318898167,0.18004720337943622,False,False,0.13745928338762214,1,1,14.990054850551216,False,False,34.034796789470576,52.214983713355046,Atencao,Atencao: sinais iniciais de risco,23.200194266569067
1777740889.0948975,1929,True,0.3024748665883343,0.3228333610054113,0.3126541137968728,0.1948522814497206,False,False,0.13745928338762214,1,1,13.882512411068786,False,False,33.97941966749646,52.214983713355046,Atencao,Atencao: sinais iniciais de risco,23.595183133172004
1777740889.135428,1930,True,0.3125791675003827,0.32115124437004344,0.31686520593521306,0.21547749637178443,False,False,0.13680781758957655,1,1,13.935474464161828,False,False,33.89249122291983,52.214983713355046,Atencao,Atencao: sinais iniciais de risco,23.695447377916736
1777740889.1735103,1931,True,0.3062808073444823,0.3304614710169847,0.3183711391807335,0.2591246549022622,False,False,0.13671875,1,1,14.1169124616818,False,False,33.978398751438775,52.213541666666664,Atencao,Atencao: sinais iniciais de risco,23.972490523360683
1777740889.211269,1932,True,0.2944863105512357,0.32214775812963853,0.3083170343404371,0.2513931836703809,False,False,0.13671875,1,1,13.74690956771374,False,False,33.959898606740374,52.213541666666664,Atencao,Atencao: sinais iniciais de risco,24.21756354448733
1777740889.2506077,1933,True,0.30750113293789855,0.32636104904410157,0.31693109099100003,0.2628403984256845,False,False,0.13671875,1,1,14.282410527901215,False,False,33.98667365474975,52.213541666666664,Atencao,Atencao: sinais iniciais de risco,24.355132349669304
1777740889.2877674,1934,True,0.29668038652639894,0.31877872160326204,0.3077295540648305,0.2529392038064192,False,False,0.13680781758957655,1,1,13.57732962058349,False,False,33.963666402950636,52.214983713355046,Atencao,Atencao: sinais iniciais de risco,24.58882686744021
1777740889.3346746,1935,True,0.3160283217476748,0.3203721804969841,0.31820025112232947,0.23122667410487951,False,False,0.13680781758957655,1,1,13.609816514226521,False,False,33.965290747632785,52.214983713355046,Atencao,Atencao: sinais iniciais de risco,24.255031041530803
1777740889.3805776,1936,True,0.30912904188489915,0.32536108887541665,0.3172450653801579,0.20306313690461492,False,False,0.13680781758957655,1,1,14.363298745588823,False,False,34.0029648592009,52.214983713355046,Atencao,Atencao: sinais iniciais de risco,24.041814534231964
1777740889.4233088,1937,True,0.313324454114096,0.33063070213166185,0.3219775781228789,0.18704562880422362,False,False,0.13680781758957655,1,1,14.015608762069181,False,False,33.98558036002492,52.214983713355046,Atencao,Atencao: sinais iniciais de risco,23.956597341307358
1777740889.4786103,1938,True,0.3191933479738597,0.3290150414781334,0.3241041947259965,0.18740294331741317,False,False,0.13689700130378096,1,1,14.10598746402697,False,False,34.00236205582592,52.21642764015645,Atencao,Atencao: sinais iniciais de risco,23.38216252497642
1777740889.5181153,1939,True,0.2977444411150395,0.34023130889752806,0.3189878750062838,0.19029142224219864,False,False,0.13689700130378096,1,1,15.103333985805511,False,False,34.05222938191485,52.21642764015645,Atencao,Atencao: sinais iniciais de risco,23.52416651829112
1777740889.5607686,1940,True,0.31243614186619206,0.35844608678360323,0.33544111432489765,0.2157725982574992,False,False,0.13689700130378096,1,1,15.285940475626425,False,False,34.061359706405895,52.21642764015645,Atencao,Atencao: sinais iniciais de risco,23.526181258988778
1777740889.6120532,1941,True,0.3166037142875012,0.3805116941892236,0.3485577042383624,0.22335356300599798,False,False,0.13689700130378096,1,1,15.935550873252478,False,False,34.09384022628719,52.21642764015645,Atencao,Atencao: sinais iniciais de risco,23.14863769137137
1777740889.6520295,1942,True,0.3093173269540982,0.36706598174486066,0.3381916543494794,0.17353895771995473,False,False,0.13689700130378096,1,1,15.910901776227082,False,False,34.09260777143592,52.21642764015645,Atencao,Atencao: sinais iniciais de risco,23.310676804892193
1777740889.6893585,1943,True,0.3166055094463909,0.3248498428091813,0.3207276761277861,0.20779168450112895,False,False,0.136986301369863,1,1,14.616900799491189,False,False,34.04018648168541,52.21787345075016,Atencao,Atencao: sinais iniciais de risco,23.67560826072256
1777740889.7254117,1944,True,0.31742558355869305,0.34181738758445707,0.32962148557157506,0.19220635920577173,False,False,0.136986301369863,1,1,15.319944107532502,False,False,34.07533864708748,52.21787345075016,Atencao,Atencao: sinais iniciais de risco,24.053912161890167
1777740889.7653952,1945,True,0.2795455341647713,0.2867484485367047,0.283146991350738,0.2704169399055092,False,False,0.136986301369863,1,1,13.749760684506459,False,False,33.996829475936174,52.21787345075016,Atencao,Atencao: sinais iniciais de risco,24.174481505867192
1777740889.806256,1946,True,0.2326408796295349,0.2644873785749228,0.24856412910222886,0.3250097730563746,False,False,0.136986301369863,1,1,8.99685836000876,False,False,33.759184359711284,52.21787345075016,Atencao,Atencao: sinais iniciais de risco,24.164392169687304
1777740889.8507082,1947,True,0.23436349124943717,0.24277322179098718,0.2385683565202122,0.3008403586040427,False,False,0.136986301369863,1,1,8.500668768042868,False,False,33.734374880112995,52.21787345075016,Atencao,Atencao: sinais iniciais de risco,24.03186621056402
1777740889.8872635,1948,True,0.23843417728215938,0.2310181702145039,0.23472617374833166,0.33879004102802296,False,False,0.136986301369863,1,1,7.562304160515354,False,False,33.68745664973662,52.21787345075016,Atencao,Atencao: sinais iniciais de risco,24.35113110229678
1777740889.9310117,1949,True,0.23835969748762237,0.23853827488320112,0.23844898618541174,0.3441844182969747,False,False,0.136986301369863,1,1,8.243229668993841,False,False,33.72150292516054,52.21787345075016,Atencao,Atencao: sinais iniciais de risco,24.184790382201623
1777740889.9701927,1950,True,0.23501053089785848,0.24974052944216468,0.24237553017001157,0.34802887347963984,False,False,0.13689700130378096,1,1,7.790405243389648,False,False,33.686582944794054,52.21642764015645,Atencao,Atencao: sinais iniciais de risco,24.344614405232548
1777740890.0089083,1951,True,0.2583137071594769,0.23867174480732994,0.2484927259834034,0.34398258338535465,False,False,0.13689700130378096,1,1,10.60454436310313,False,False,33.827289900779725,52.21642764015645,Atencao,Atencao: sinais iniciais de risco,24.478549363443285
1777740890.0447717,1952,True,0.2543466877825099,0.2295874185299927,0.2419670531562513,0.30784315948486124,False,False,0.13689700130378096,1,1,12.241791533678771,False,False,33.909152259308506,52.21642764015645,Atencao,Atencao: sinais iniciais de risco,24.81047210053522
1777740890.0847929,1953,True,0.27758189749413387,0.21501849193442907,0.24630019471428147,0.010832824841686703,False,False,0.13689700130378096,1,1,13.633014761995184,False,False,33.97871342072433,52.21642764015645,Atencao,Atencao: sinais iniciais de risco,24.842417057839427
1777740890.1251104,1954,True,0.259735814032232,0.2258668627880458,0.2428013384101389,0.007292801893422465,False,False,0.13689700130378096,1,1,15.152551828866656,False,False,34.0546902740679,52.21642764015645,Atencao,Atencao: sinais iniciais de risco,24.810911135391663
1777740890.1641407,1955,True,0.2874079397626361,0.2289946017362788,0.2582012707494575,0.035973668883330194,False,False,0.13689700130378096,1,1,14.527251108668068,False,False,34.023425238057975,52.21642764015645,Atencao,Atencao: sinais iniciais de risco,24.903352271569208
1777740890.2057467,1956,True,0.2707161281302903,0.2099683431959875,0.2403422356631389,0.14668098740029467,False,False,0.13689700130378096,1,1,15.598593736101279,False,False,34.07699236942963,52.21642764015645,Atencao,Atencao: sinais iniciais de risco,24.822330484438137
1777740890.243702,1957,True,0.2781670162053511,0.2317888887369081,0.2549779524711296,0.10538874925440647,False,False,0.13689700130378096,1,1,12.92975928708911,False,False,33.94355064697903,52.21642764015645,Atencao,Atencao: sinais iniciais de risco,24.988795336598336
1777740890.2793124,1958,True,0.24046328679874338,0.251079613546358,0.2457714501725507,0.007607506072039318,False,False,0.136986301369863,1,1,11.510140164772217,False,False,33.88484844994946,52.21787345075016,Atencao,Atencao: sinais iniciais de risco,25.301834969585247
1777740890.3145294,1959,True,0.25459823449647434,0.26052437515510024,0.2575613048257873,0.005811421000865497,False,False,0.136986301369863,1,1,10.618890048762445,False,False,33.840285944148974,52.21787345075016,Atencao,Atencao: sinais iniciais de risco,25.619007558729304
1777740890.3522885,1960,True,0.24830960947439262,0.24853309118026876,0.2484213503273307,0.007440440278950599,False,False,0.136986301369863,1,1,11.01875312555666,False,False,33.86027909798868,52.21787345075016,Atencao,Atencao: sinais iniciais de risco,25.6918821488279
1777740890.3889291,1961,True,0.24916883467910889,0.2511707182691955,0.2501697764741522,0.17675175547266525,False,False,0.136986301369863,1,1,11.393793401202526,False,False,33.87903111177098,52.21787345075016,Atencao,Atencao: sinais iniciais de risco,25.853061904989744
1777740890.4397323,1962,True,0.27924371224582356,0.2941268724615382,0.2866852923536809,0.11286686038530688,False,False,0.136986301369863,1,1,11.154727727377956,False,False,33.86707782807974,52.21787345075016,Atencao,Atencao: sinais iniciais de risco,25.23030247300883
1777740890.4772098,1963,True,0.3422420833669664,0.3182123984886292,0.33022724092779776,0.0031552615581247325,False,False,0.136986301369863,1,1,11.934187683666293,False,False,33.90605082589416,52.21787345075016,Atencao,Atencao: sinais iniciais de risco,25.380961780639797
1777740890.5194368,1964,True,0.345227827879805,0.35086809700996424,0.3480479624448846,0.05210578317151098,False,False,0.136986301369863,1,1,17.905353043431585,False,False,34.204609093882425,52.21787345075016,Atencao,Atencao: sinais iniciais de risco,25.22059107128672
1777740890.5538962,1965,True,0.3612566055342307,0.3823660285417722,0.37181131703800147,0.35088449047028897,False,False,0.13633398564905413,1,1,18.387959723310036,False,False,34.139046016265134,52.21787345075016,Atencao,Atencao: sinais iniciais de risco,25.574690335550265
1777740890.5893052,1966,True,0.3433452691875772,0.3561420294875234,0.3497436493375503,0.25300238092713534,False,False,0.13568166992824526,1,1,18.83226065229286,False,False,34.07156765110305,52.21787345075016,Atencao,Atencao: sinais iniciais de risco,25.8675478092169
1777740890.6280153,1967,True,0.33384177012545807,0.30047684485970216,0.31715930749258014,0.4146476616936937,False,False,0.1350293542074364,1,1,22.40937101976438,False,False,34.16072975786541,52.21787345075016,Atencao,Atencao: sinais iniciais de risco,25.84986906030248
1777740890.6707954,1968,True,0.3463885393292339,0.27856762715730254,0.3124780832432682,0.42540035414718136,False,False,0.13381201044386423,1,1,30.643055768988347,False,False,34.405029227835435,52.21932114882507,Atencao,Atencao: sinais iniciais de risco,25.608361189099522
1777740890.7083282,1969,True,0.34176358300011217,0.29692805029855013,0.31934581664933115,0.7051577568113467,False,True,0.13381201044386423,1,1,34.75397495573217,False,False,34.68000162205418,52.21932114882507,Atencao,Atencao: sinais iniciais de risco,25.71908603815461
1777740890.7441041,1970,True,0.34542292208975534,0.31600486103990477,0.33071389156483005,0.9332980618392129,False,True,0.13381201044386423,1,1,34.75777491872961,False,False,34.68019162020405,52.21932114882507,Atencao,Atencao: sinais iniciais de risco,25.91382713080348
1777740890.7790794,1971,True,0.33861913713540354,0.2974497263493702,0.3180344317423869,0.8191948266876534,False,True,0.13381201044386423,1,1,34.184683525562285,False,False,34.651537050545684,52.21932114882507,Atencao,Atencao: sinais iniciais de risco,26.201973557287346
1777740890.8162253,1972,True,0.3168751271158778,0.2963236153880748,0.3065993712519763,0.7275498700859663,False,True,0.13381201044386423,1,1,33.73252066536383,False,False,34.62892890753576,52.21932114882507,Atencao,Atencao: sinais iniciais de risco,26.271596842749005
1777740890.8529966,1973,True,0.306655288184419,0.2996961061329757,0.30317569715869735,0.7288736385576924,False,True,0.13381201044386423,1,1,31.76146557629108,False,False,34.53037615308212,52.21932114882507,Atencao,Atencao: sinais iniciais de risco,26.365881048347177
1777740890.8870413,1974,True,0.28168431965855556,0.31283750853532416,0.2972609140969399,0.7151787049795677,False,True,0.13381201044386423,1,1,32.57940914387053,False,False,34.57127333146109,52.21932114882507,Atencao,Atencao: sinais iniciais de risco,26.67488780602945
1777740890.9217813,1975,True,0.3182422698350068,0.3232442901517742,0.3207432799933905,0.7570433718542661,False,True,0.13372472276581865,1,1,31.653104068474335,False,False,34.512956021960015,52.21787345075016,Atencao,Atencao: sinais iniciais de risco,26.86202166047432
1777740890.9577355,1976,True,0.3333995850775364,0.2918813041694705,0.3126404446235035,0.7002668829366484,False,True,0.13372472276581865,1,1,32.95781291831623,False,False,34.578191464452104,52.21787345075016,Atencao,Atencao: sinais iniciais de risco,26.9816477595487
1777740890.993682,1977,True,0.3228342057668653,0.3188885726866665,0.3208613892267659,0.70770201925677,False,True,0.13372472276581865,1,1,33.23728099492463,False,False,34.592164868282524,52.21787345075016,Atencao,Atencao: sinais iniciais de risco,27.060327433282893
1777740891.0314326,1978,True,0.3261218935146223,0.3105760382640893,0.3183489658893558,0.7047836513652832,False,True,0.13372472276581865,1,1,33.110693498633125,False,False,34.585835493467954,52.21787345075016,Atencao,Atencao: sinais iniciais de risco,27.02395849880676
1777740891.0686476,1979,True,0.2958486772212681,0.3203040134264238,0.308076345323846,0.7367162607827598,False,True,0.13372472276581865,1,1,33.196814307028596,False,False,34.590141533887724,52.21787345075016,Atencao,Atencao: sinais iniciais de risco,27.01163654561515
1777740891.104093,1980,True,0.3096437441892174,0.3396829036181479,0.3246633239036827,0.7466555758524474,False,True,0.13372472276581865,1,1,34.0646159234372,False,False,34.633531614708154,52.21787345075016,Atencao,Atencao: sinais iniciais de risco,27.103495921023978
1777740891.1402202,1981,True,0.32953558503427616,0.32183527539918527,0.3256854302167307,0.7223682376050886,False,True,0.13372472276581865,1,1,33.45337321568619,False,False,34.602969479320606,52.21787345075016,Atencao,Atencao: sinais iniciais de risco,27.12289568231721
1777740891.1957142,1982,True,0.3211722739221489,0.3402904693642117,0.33073137164318034,0.7302926071941931,False,True,0.13372472276581865,1,1,33.96605438102375,False,False,34.62860353758748,52.21787345075016,Atencao,Atencao: sinais iniciais de risco,26.234119221798124
1777740891.2343204,1983,True,0.3046577676955567,0.3279707306043881,0.3163142491499724,0.7009471549766234,False,True,0.13372472276581865,1,1,36.6505883783102,False,False,34.76283023745181,52.21787345075016,Atencao,Atencao: sinais iniciais de risco,26.202139506380313
1777740891.2706292,1984,True,0.32317715164298294,0.3103591021241296,0.31676812688355627,0.7516214121777604,False,True,0.13372472276581865,1,1,34.3092025640336,False,False,34.64576094673797,52.21787345075016,Atencao,Atencao: sinais iniciais de risco,26.324815298591744
1777740891.3068523,1985,True,0.3059823636914027,0.3205404656241622,0.31326141465778246,0.7292507929764727,False,True,0.13381201044386423,1,1,35.08906911313534,False,False,34.696756329924334,52.21932114882507,Atencao,Atencao: sinais iniciais de risco,26.444198158078176
1777740891.3438861,1986,True,0.31399178114618503,0.324605263517241,0.319298522331713,0.5776091722039152,False,False,0.13381201044386423,1,1,32.39796283678575,False,False,34.562201016106854,52.21932114882507,Atencao,Atencao: sinais iniciais de risco,26.51452866362861
1777740891.3818839,1987,True,0.34223996600802925,0.335061973780062,0.33865096989404564,0.22576163586813006,False,False,0.13381201044386423,1,1,28.54790720248764,False,False,34.36969823439195,52.21932114882507,Atencao,Atencao: sinais iniciais de risco,26.46607653815692
1777740891.4323132,1988,True,0.29574822730806194,0.31987927269573263,0.30781375000189726,0.0883897071447307,False,False,0.13381201044386423,1,1,21.103674233704805,False,False,33.99748658595281,52.21932114882507,Atencao,Atencao: sinais iniciais de risco,25.80061628557365
1777740891.471491,1989,True,0.2894461812099594,0.29344459497827785,0.29144538809411863,0.101017665676571,False,False,0.13381201044386423,1,1,26.042225699804046,False,False,34.24441415925777,52.21932114882507,Atencao,Atencao: sinais iniciais de risco,25.798492154493758
1777740891.5093937,1990,True,0.29591490143025073,0.28284599712208913,0.2893804492761699,0.14883983991312294,False,False,0.13381201044386423,1,1,22.715762320973656,False,False,34.07809099031625,52.21932114882507,Atencao,Atencao: sinais iniciais de risco,25.84984797544932
1777740891.5553164,1991,True,0.2841280025985211,0.2968399911887096,0.29048399689361537,0.16616885795469677,False,False,0.1338994121489223,1,1,23.563172729177907,False,False,34.13247924517194,52.220770738079686,Atencao,Atencao: sinais iniciais de risco,25.439362390972697
1777740891.5957203,1992,True,0.1878661482371709,0.1996364883764525,0.1937513183068117,0.19069657316291955,True,False,0.13455258001306336,1,1,15.195211620086974,False,False,33.803891771036795,52.220770738079686,Atencao,Atencao: sinais iniciais de risco,25.37653868462093
1777740891.6342459,1993,True,0.188148773469531,0.1978562522866593,0.19300251287809514,0.17749827688270822,True,False,0.13520574787720444,1,1,14.91733272956176,False,False,33.879808407829934,52.220770738079686,Atencao,Atencao: sinais iniciais de risco,25.401495806214243
1777740891.6740317,1994,True,0.24531248652873514,0.2565876989817724,0.25095009275525376,0.21422338412287123,False,False,0.13520574787720444,1,1,12.919850201633842,False,False,33.690577729281465,52.220770738079686,Atencao,Atencao: sinais iniciais de risco,25.387287644327905
1777740891.7223551,1995,True,0.29165794577057774,0.30653771586309514,0.29909783081683644,0.006082336683745399,False,False,0.13520574787720444,1,1,14.122000536458057,False,False,33.75068524602268,52.220770738079686,Atencao,Atencao: sinais iniciais de risco,24.93330810565516
1777740891.7609375,1996,True,0.2898782819384603,0.3481461232915361,0.3190122026149982,0.00638848774709718,False,False,0.13520574787720444,1,1,13.360410321707079,False,False,33.71260573528513,52.220770738079686,Atencao,Atencao: sinais iniciais de risco,25.026175272798092
1777740891.7986848,1997,True,0.325037181301644,0.35351852132198003,0.339277851311812,0.005752194840689218,False,False,0.13529411764705881,1,1,15.16111853014339,False,False,33.814791989061916,52.22222222222222,Atencao,Atencao: sinais iniciais de risco,25.157576628575473
1777740891.8394828,1998,True,0.30493676865216834,0.34374973103141676,0.3243432498417925,0.04471537666717649,False,False,0.13529411764705881,1,1,12.74632820365104,False,False,33.6940524727373,52.22222222222222,Atencao,Atencao: sinais iniciais de risco,25.09288346264564
1777740891.8737721,1999,True,0.31720655124285235,0.35462633092019663,0.3359164410815245,0.023747465232822503,False,False,0.13520574787720444,1,1,14.54523534585129,False,False,33.77184698649234,52.220770738079686,Atencao,Atencao: sinais iniciais de risco,25.52113422110792
1777740891.9130177,2000,True,0.305102176759218,0.35520762589815896,0.3301549013286885,0.09297632881670125,False,False,0.13520574787720444,1,1,13.910026956959204,False,False,33.74008656704773,52.220770738079686,Atencao,Atencao: sinais iniciais de risco,25.51875983485584
1777740891.9485872,2001,True,0.31088994094044115,0.3521974455790515,0.3315436932597463,0.12993286045614916,False,False,0.13520574787720444,1,1,14.10510081973943,False,False,33.749840260186744,52.220770738079686,Atencao,Atencao: sinais iniciais de risco,25.783356835463877
1777740891.9850419,2002,True,0.31251051437158467,0.3651264238833151,0.3388184691274499,0.15618054001206796,False,False,0.13520574787720444,1,1,13.82168172137304,False,False,33.735669305268424,52.220770738079686,Atencao,Atencao: sinais iniciais de risco,25.943329264114713
1777740892.021321,2003,True,0.28847473094493004,0.39167849422503814,0.3400766125849841,0.12893513993499273,False,False,0.13520574787720444,1,1,14.946712563254616,False,False,33.791920847362505,52.220770738079686,Atencao,Atencao: sinais iniciais de risco,26.101300016041094
1777740892.055603,2004,True,0.31298676524240854,0.3710101225923428,0.34199844391737566,0.13780226785486058,False,False,0.13520574787720444,1,1,14.785325823588805,False,False,33.783851510379215,52.220770738079686,Atencao,Atencao: sinais iniciais de risco,26.432009152197338
1777740892.0900567,2005,True,0.28689507644049267,0.3416992207049933,0.314297148572743,0.11381701475763091,False,False,0.13520574787720444,1,1,18.6948434417898,False,False,33.97932739128927,52.220770738079686,Atencao,Atencao: sinais iniciais de risco,26.666588893860798
1777740892.125783,2006,True,0.31448567287573853,0.3047761090593427,0.3096308909675406,0.172423692431778,False,False,0.13520574787720444,1,1,25.562896179611027,False,False,34.322730028180324,52.220770738079686,Atencao,Atencao: sinais iniciais de risco,26.806671794696555
1777740892.1703901,2007,True,0.312503070989402,0.3123280078097714,0.31241553939958666,0.18598212866300376,False,False,0.13520574787720444,1,1,25.48196438876065,False,False,34.318683438637805,52.220770738079686,Atencao,Atencao: sinais iniciais de risco,26.352814066089188
1777740892.2070866,2008,True,0.3224691504216153,0.3444693479082113,0.3334692491649133,0.2103727466157473,False,False,0.13520574787720444,1,1,38.058168888092034,False,True,34.94749366360438,52.220770738079686,Atencao,Atencao: sinais iniciais de risco,26.45948981410081
1777740892.2420323,2009,True,0.2912855353406386,0.37710104309148995,0.3341932892160643,0.20908072708001788,False,False,0.13520574787720444,1,1,36.694373428821564,False,True,34.879303890640855,52.220770738079686,Atencao,Atencao: sinais iniciais de risco,26.68958339584661
1777740892.2767575,2010,True,0.2899276010631499,0.43831388617525097,0.36412074361920044,0.18465918974533535,False,False,0.13520574787720444,1,1,35.68076637387275,False,True,34.828623537893414,52.220770738079686,Atencao,Atencao: sinais iniciais de risco,26.900543960883063
1777740892.3110125,2011,True,0.29389723756943326,0.4024826322603727,0.34818993491490297,0.167832103269275,False,False,0.13520574787720444,1,1,35.367108690738675,False,True,34.81294065373671,52.220770738079686,Atencao,Atencao: sinais iniciais de risco,27.00159487091139
1777740892.3474116,2012,True,0.30009137067548297,0.3954808162757331,0.34778609347560807,0.15772823537283262,False,False,0.13520574787720444,1,1,35.98402116298675,False,True,34.84378627734911,52.220770738079686,Atencao,Atencao: sinais iniciais de risco,27.111023947416417
1777740892.3874214,2013,True,0.2996400952345579,0.4050306346736247,0.35233536495409135,0.10290012570121013,False,False,0.13520574787720444,1,1,35.200432024896145,False,True,34.80460682044458,52.220770738079686,Atencao,Atencao: sinais iniciais de risco,26.945746398218272
1777740892.436821,2014,True,0.2983935796262246,0.3952174912039414,0.34680553541508297,0.033714595088221284,False,False,0.13520574787720444,1,1,36.098860907554624,False,True,34.84952826457751,52.220770738079686,Atencao,Atencao: sinais iniciais de risco,26.275795228448107
1777740892.4733412,2015,True,0.2923583005323658,0.412619259321178,0.35248877992677186,0.041236159027400354,False,False,0.13520574787720444,1,1,35.41345683336258,False,True,34.815258060867905,52.220770738079686,Atencao,Atencao: sinais iniciais de risco,26.36025662690583
1777740892.5116105,2016,True,0.29322765061525763,0.41543842506040884,0.3543330378378332,0.10047449853085057,False,False,0.13520574787720444,1,1,35.24650799036026,False,True,34.80691061871779,52.220770738079686,Atencao,Atencao: sinais iniciais de risco,26.35889524136533
1777740892.5472589,2017,True,0.2885729894231057,0.390830477937817,0.33970173368046136,0.09426266536443627,False,False,0.13520574787720444,1,1,35.33812103867531,False,True,34.81149127113354,52.220770738079686,Atencao,Atencao: sinais iniciais de risco,26.513861755108326
1777740892.5831506,2018,True,0.30532411058942405,0.3980267042175667,0.35167540740349534,0.12738099083606916,False,False,0.13520574787720444,1,1,35.3296173363924,False,True,34.811066086019395,52.220770738079686,Atencao,Atencao: sinais iniciais de risco,26.660656761661325
1777740892.6195822,2019,True,0.2903466685417723,0.4134543675775974,0.35190051805968486,0.0788439012124652,False,False,0.13520574787720444,1,1,35.2015058606863,False,True,34.804660512234086,52.220770738079686,Atencao,Atencao: sinais iniciais de risco,26.7442233240244
1777740892.663085,2020,True,0.2852045132101514,0.43192435102241766,0.3585644321162845,0.04528344278053282,False,False,0.13520574787720444,1,1,35.12203951776027,False,True,34.80068719508779,52.220770738079686,Atencao,Atencao: sinais iniciais de risco,26.353536909055926
1777740892.700865,2021,True,0.28699138283380177,0.46103822514906756,0.37401480399143466,0.08530357590332127,False,False,0.13520574787720444,1,1,35.24299247264862,False,True,34.806734842832206,52.220770738079686,Atencao,Atencao: sinais iniciais de risco,26.389287481646434
1777740892.7367592,2022,True,0.29866135446046255,0.4370873163904476,0.3678743354254551,0.09962306670472706,False,False,0.13520574787720444,1,1,35.312090414762494,False,True,34.8101897399379,52.220770738079686,Atencao,Atencao: sinais iniciais de risco,26.528190523377997
1777740892.7722168,2023,True,0.29617865025123347,0.41312287899650824,0.35465076462387085,0.07890200037184072,False,False,0.13520574787720444,1,1,35.63938836455345,False,True,34.82655463742745,52.220770738079686,Atencao,Atencao: sinais iniciais de risco,26.69097215076612
1777740892.8078132,2024,True,0.2986808158699913,0.41230588809354507,0.3554933519817682,0.029441013942947108,False,False,0.13520574787720444,1,1,35.78546994328499,False,True,34.83385871636403,52.220770738079686,Atencao,Atencao: sinais iniciais de risco,26.793516607652908
1777740892.846921,2025,True,0.30678414697314677,0.4403154963690199,0.3735498216710833,0.005569322022813211,False,False,0.13520574787720444,1,1,35.765310406684875,False,True,34.83285073953402,52.220770738079686,Atencao,Atencao: sinais iniciais de risco,26.642175302874076
1777740892.883854,2026,True,0.30489137204282474,0.4382495602968087,0.3715704661698167,0.00456568089894548,False,False,0.13520574787720444,1,1,35.85268116593361,False,True,34.83721927749645,52.220770738079686,Atencao,Atencao: sinais iniciais de risco,26.771355298001023
1777740892.919624,2027,True,0.30635736428538435,0.4607333853522705,0.38354537481882744,0.00483599375937902,False,False,0.13520574787720444,1,1,35.14614648818969,False,True,34.801892543609256,52.220770738079686,Atencao,Atencao: sinais iniciais de risco,26.88061213871377
1777740892.954342,2028,True,0.30812173180352026,0.46258774911045475,0.3853547404569875,0.004382411156917974,False,False,0.13520574787720444,1,1,35.14301782548427,False,True,34.80173611047399,52.220770738079686,Atencao,Atencao: sinais iniciais de risco,27.057601321445937
1777740892.990292,2029,True,0.30857710184711795,0.46355093969272887,0.3860640207699234,0.004291682701263993,False,False,0.13520574787720444,1,1,35.29526497125625,False,True,34.80934846776259,52.220770738079686,Atencao,Atencao: sinais iniciais de risco,27.138559692246595
1777740893.025841,2030,True,0.3119643991829023,0.47830239718906936,0.3951333981859858,0.003971174363525491,False,False,0.13520574787720444,1,1,35.107593059539795,False,True,34.799964872176766,52.220770738079686,Atencao,Atencao: sinais iniciais de risco,27.243987624709508
1777740893.0601878,2031,True,0.3106016795618784,0.4809463024425963,0.3957739910022373,0.003633285298915223,False,False,0.13520574787720444,1,1,35.171364966034886,False,True,34.80315346750152,52.220770738079686,Atencao,Atencao: sinais iniciais de risco,27.394110255007114
1777740893.0954385,2032,True,0.3093125437966854,0.48848692514660474,0.39889973447164506,0.0038032886494282978,False,False,0.13520574787720444,1,1,35.00146354389144,False,True,34.79465839639435,52.220770738079686,Atencao,Atencao: sinais iniciais de risco,27.524600848295925
1777740893.1300137,2033,True,0.3102912695702485,0.4681834969354752,0.38923738325286183,0.0027280839763760105,False,False,0.13520574787720444,1,1,35.06979270130396,False,True,34.798074854264975,52.220770738079686,Atencao,Atencao: sinais iniciais de risco,27.63713370118829
1777740893.1718762,2034,True,0.3106721754003023,0.45723527996973556,0.3839537276850189,0.0042669668065984405,False,False,0.13520574787720444,1,1,35.4086805164814,False,True,34.81501924502385,52.220770738079686,Atencao,Atencao: sinais iniciais de risco,27.280721192665535
1777740893.208998,2035,True,0.30594258833422155,0.4780848690520103,0.3920137286931159,0.004483580052827677,False,False,0.13520574787720444,1,1,35.07430564537644,False,True,34.798300501468596,52.220770738079686,Atencao,Atencao: sinais iniciais de risco,27.24754386379545
1777740893.243066,2036,True,0.3106071451910611,0.46882258540326865,0.38971486529716487,0.004509097548051074,False,False,0.13520574787720444,1,1,35.10088256150484,False,True,34.799629347275015,52.220770738079686,Atencao,Atencao: sinais iniciais de risco,27.400975989252338
1777740893.280591,2037,True,0.3082213370261514,0.48299374830504843,0.39560754266559994,0.004377544924630381,False,False,0.13520574787720444,1,1,35.11988878846169,False,True,34.80057965862286,52.220770738079686,Atencao,Atencao: sinais iniciais de risco,27.367875709769564
1777740893.3139238,2038,True,0.310597481140421,0.4612859295464554,0.3859417053434382,0.004575419334306788,False,False,0.13520574787720444,1,1,35.118460887670516,False,True,34.8005082635833,52.220770738079686,Atencao,Atencao: sinais iniciais de risco,27.647943307720382
1777740893.3494134,2039,True,0.30991413809335333,0.4650235030480857,0.3874688205707195,0.005071246659844187,False,False,0.13520574787720444,1,1,35.15465672165155,False,True,34.80231805528235,52.220770738079686,Atencao,Atencao: sinais iniciais de risco,27.647611261124744
1777740893.3871474,2040,True,0.31064069658137966,0.4524309180640555,0.3815358073227176,0.003750136335412556,False,False,0.13455258001306336,1,1,35.425802934169766,False,True,34.726064784588864,52.220770738079686,Atencao,Atencao: sinais iniciais de risco,27.542304362211116
1777740893.4381113,2041,True,0.30786810894501426,0.4634442063347316,0.38565615763987293,0.003794216976350773,False,False,0.1338994121489223,1,1,35.73230282068252,False,True,34.6515791975951,52.220770738079686,Atencao,Atencao: sinais iniciais de risco,26.755989037009172
1777740893.4781122,2042,True,0.30922802944478767,0.4504800845337894,0.37985405698928854,0.0037683810468766158,False,False,0.1338994121489223,1,1,35.68882474899292,False,True,34.73979361001434,52.220770738079686,Atencao,Atencao: sinais iniciais de risco,26.596569164500334
1777740893.519415,2043,True,0.30659370802194946,0.4702014815762796,0.3883975947991145,0.003976681883632188,False,False,0.13398692810457516,1,1,35.74480625987053,False,True,34.75462612946048,52.22222222222222,Atencao,Atencao: sinais iniciais de risco,26.36844041490307
1777740893.5715036,2044,True,0.30237646230886656,0.46868040153014334,0.3855284319195049,0.003928267806979032,False,False,0.13398692810457516,1,1,35.61958706378937,False,True,34.748365169656424,52.22222222222222,Atencao,Atencao: sinais iniciais de risco,25.652379439206836
1777740893.6108706,2045,True,0.3060458839730998,0.45298630526812983,0.3795160946206148,0.0041431173574844205,False,False,0.13398692810457516,1,1,35.85664691925049,False,True,34.76021816242948,52.22222222222222,Atencao,Atencao: sinais iniciais de risco,25.604568381377327
1777740893.6520696,2046,True,0.3043361415687552,0.4453156763732448,0.374825908971,0.004574020475495774,False,False,0.13398692810457516,1,1,36.09963756799698,False,True,34.77236769486681,52.22222222222222,Atencao,Atencao: sinais iniciais de risco,25.43104831733931
1777740893.7029366,2047,True,0.30820311842472925,0.43694286745468336,0.3725729929397063,0.003385937597373462,False,False,0.1338994121489223,1,1,36.09934349060058,False,True,34.76031954709472,52.220770738079686,Atencao,Atencao: sinais iniciais de risco,24.899611158427746
1777740893.746658,2048,True,0.3120125607658525,0.45330468971695825,0.38265862524140537,0.003760156438567657,False,False,0.13381201044386423,1,1,36.144625616073604,False,True,34.75056591892289,52.21932114882507,Atencao,Atencao: sinais iniciais de risco,24.658250848783084
1777740893.783652,2049,True,0.31134664008131535,0.44647185122186794,0.3789092456515917,0.004557556034908897,False,False,0.13372472276581865,1,1,35.914201653003694,False,True,34.72704266503812,52.21787345075016,Atencao,Atencao: sinais iniciais de risco,24.92063352263005
1777740894.0089755,2050,True,0.30525194799174316,0.4374258651114841,0.3713389065516136,0.004859138843387741,False,False,0.1340745585349902,1,1,36.22936421632767,False,True,34.79090321146542,52.223675604970566,Atencao,Atencao: sinais iniciais de risco,22.87292831054964
1777740894.044151,2051,True,0.3041878651134849,0.45317474154768445,0.3786813033305847,0.0047556005531750436,False,False,0.1340745585349902,1,1,36.628756403923035,False,True,34.810872820845184,52.223675604970566,Atencao,Atencao: sinais iniciais de risco,23.42190340818141
1777740894.0811167,2052,True,0.3063361582807945,0.4324648166532093,0.36940048746700194,0.0037866893959491777,False,False,0.1340745585349902,1,1,36.83609309196471,False,True,34.82123965524727,52.223675604970566,Atencao,Atencao: sinais iniciais de risco,23.745349019406113
1777740894.1185083,2053,True,0.3060043311702216,0.43510336786266096,0.37055384951644127,0.004016937513293349,False,False,0.1340745585349902,1,1,37.127082514762876,False,True,34.835789126387176,52.223675604970566,Atencao,Atencao: sinais iniciais de risco,24.095854790791698
1777740894.153038,2054,True,0.30818813680815116,0.4289104112319372,0.36854927402004417,0.0037059731126578887,False,False,0.1340745585349902,1,1,37.28243198394775,False,True,34.84355659984642,52.223675604970566,Atencao,Atencao: sinais iniciais de risco,24.558833736248786
1777740894.1896422,2055,True,0.30269219523977,0.44634989949855164,0.3745210473691608,0.0035869504943831123,False,False,0.1340745585349902,1,1,37.28838455677032,False,True,34.84385422848755,52.223675604970566,Atencao,Atencao: sinais iniciais de risco,24.863109125015846
1777740894.2232063,2056,True,0.3037374833757082,0.4486872167330438,0.37621235005437603,0.0037402331071234836,False,False,0.1340745585349902,1,1,37.630361914634705,False,True,34.86095309638077,52.223675604970566,Atencao,Atencao: sinais iniciais de risco,25.337015847028553
1777740894.25923,2057,True,0.30819793721116456,0.451910205733031,0.3800540714720978,0.003245487486538318,False,False,0.1340745585349902,1,1,37.39579994678497,False,True,34.84922499798828,52.223675604970566,Atencao,Atencao: sinais iniciais de risco,25.581802097330836
1777740894.297277,2058,True,0.3070845031604607,0.4543849304923359,0.3807347168263983,0.0037287086523951182,False,False,0.1340745585349902,1,1,37.58849477767944,False,True,34.858859739533,52.223675604970566,Atencao,Atencao: sinais iniciais de risco,25.571489961513983
1777740894.3389962,2059,True,0.3073341267036528,0.45533147795564893,0.38133280232965083,0.0034187982213690253,False,False,0.1340745585349902,1,1,37.59280712604522,False,True,34.859075356951294,52.223675604970566,Atencao,Atencao: sinais iniciais de risco,25.490078735503875
1777740894.3805997,2060,True,0.31018983669354494,0.4756216738566493,0.3929057552750971,0.003976130701949078,False,False,0.1340745585349902,1,1,37.46881353855132,False,True,34.8528756775766,52.223675604970566,Atencao,Atencao: sinais iniciais de risco,25.298488357836295
1777740894.4185426,2061,True,0.30780599697915706,0.45876376487892223,0.3832848809290397,0.0038213489962543655,False,False,0.1340745585349902,1,1,37.571040248870844,False,True,34.857987013092576,52.223675604970566,Atencao,Atencao: sinais iniciais de risco,25.400460871801254
1777740894.4654362,2062,True,0.3092060977197615,0.4546214298391172,0.3819137637794393,0.003875588155507361,False,False,0.13416230366492146,1,1,37.67804987430573,False,True,34.87540244972986,52.225130890052355,Atencao,Atencao: sinais iniciais de risco,25.02286215757698
1777740894.5082405,2063,True,0.31025837907000814,0.4409175113996689,0.3755879452348385,0.003412491751234439,False,False,0.13416230366492146,1,1,37.43205654621124,False,True,34.86310278332514,52.225130890052355,Atencao,Atencao: sinais iniciais de risco,24.845086981934458
1777740894.5456438,2064,True,0.30611066152951466,0.44932388068747403,0.37771727110849435,0.004213289713780554,False,False,0.13416230366492146,1,1,37.646031165122984,False,True,34.87380151427073,52.225130890052355,Atencao,Atencao: sinais iniciais de risco,25.06880723607027
1777740894.5911086,2065,True,0.30852828316815234,0.445283895712128,0.37690608944014015,0.003979322199913985,False,False,0.13416230366492146,1,1,37.55652499198913,False,True,34.86932620561404,52.225130890052355,Atencao,Atencao: sinais iniciais de risco,24.759873630599227
1777740894.6302252,2066,True,0.3099540763030201,0.44243749502402757,0.37619578566352385,0.004331283840790434,False,False,0.13416230366492146,1,1,37.81800324916839,False,True,34.882400118473,52.225130890052355,Atencao,Atencao: sinais iniciais de risco,24.82107511325742
1777740894.6657302,2067,True,0.30905729174133,0.4550113632860285,0.3820343275136793,0.003948693812183761,False,False,0.13416230366492146,1,1,37.87709403038025,False,True,34.88535465753359,52.225130890052355,Atencao,Atencao: sinais iniciais de risco,25.133528268623806
1777740894.702782,2068,True,0.3101677069493727,0.4608502379426137,0.3855089724459932,0.0034865772728190423,False,False,0.13416230366492146,1,1,37.82445299625397,False,True,34.882722605827276,52.225130890052355,Atencao,Atencao: sinais iniciais de risco,25.324178985739188
1777740894.743148,2069,True,0.30845986041829476,0.4606934781542262,0.38457666928626044,0.004570482175160685,False,False,0.13416230366492146,1,1,38.01461689472198,False,True,34.89223080075068,52.225130890052355,Atencao,Atencao: sinais iniciais de risco,25.25906316641189
1777740894.7758994,2070,True,0.2941346408133823,0.4375134873114115,0.36582406406239687,0.3542294244366754,False,False,0.13416230366492146,1,1,37.23118505477905,False,True,34.85305920875353,52.225130890052355,Atencao,Atencao: sinais iniciais de risco,25.671386452903935
1777740894.8137865,2071,True,0.31164990256522784,0.4364672960805623,0.3740585993228951,0.45440793388520984,False,False,0.13416230366492146,1,1,38.12809600830078,False,True,34.89790475642962,52.225130890052355,Atencao,Atencao: sinais iniciais de risco,25.823146325895465
1777740894.8527212,2072,True,0.3135173104550201,0.4095478464362379,0.361532578445629,0.477802222399335,False,False,0.13416230366492146,1,1,38.272890019416806,False,True,34.90514445698542,52.225130890052355,Atencao,Atencao: sinais iniciais de risco,25.84831203309974
1777740894.8883014,2073,True,0.30630774486154305,0.3838753782215951,0.34509156154156906,0.5575686597509423,False,False,0.13416230366492146,1,1,38.08475258350372,False,True,34.895737585189764,52.225130890052355,Atencao,Atencao: sinais iniciais de risco,26.03979333214634
1777740894.9248745,2074,True,0.2997422339855925,0.31197946780782565,0.3058608508967091,0.5676395846303028,False,False,0.13416230366492146,1,1,38.272612615607,False,True,34.905130586794925,52.225130890052355,Atencao,Atencao: sinais iniciais de risco,26.21563030901874
1777740894.9612114,2075,True,0.29727480268500095,0.36923082352759135,0.3332528131062962,0.5819293917711784,False,False,0.13416230366492146,1,1,28.261992914026436,False,False,34.4045996017159,52.225130890052355,Atencao,Atencao: sinais iniciais de risco,26.341176632514387
1777740894.9952784,2076,True,0.31202857336673345,0.3858402030089001,0.34893438818781675,0.5660379137493914,False,False,0.13416230366492146,1,1,24.03286303146319,False,False,34.19314310758774,52.225130890052355,Atencao,Atencao: sinais iniciais de risco,26.64102134072116
1777740895.0290186,2077,True,0.284274222087328,0.3562872977044653,0.32028075989589666,0.5662375147668722,False,False,0.13416230366492146,1,1,24.648809817162427,False,False,34.2239404468727,52.225130890052355,Atencao,Atencao: sinais iniciais de risco,26.933985561055387
1777740895.0624478,2078,True,0.26294641260734253,0.31781641935633165,0.2903814159818371,0.5881183893100473,False,False,0.13416230366492146,1,1,19.356215261058374,False,False,33.959310719067496,52.225130890052355,Atencao,Atencao: sinais iniciais de risco,27.226526216851216
1777740895.0978749,2079,True,0.2696239799703264,0.37243391183935026,0.3210289459048383,0.5766658546369832,False,False,0.13416230366492146,1,1,18.697069034793156,False,False,33.926353407754235,52.225130890052355,Atencao,Atencao: sinais iniciais de risco,27.32670693310861
1777740895.1365259,2080,True,0.2864613564469034,0.35965060182163777,0.3230559791342706,0.5705119066054143,False,False,0.13416230366492146,1,1,19.510575707121326,False,False,33.96702874137065,52.225130890052355,Atencao,Atencao: sinais iniciais de risco,27.20810095233584
1777740895.1778393,2081,True,0.28804024616735613,0.38291969266333026,0.3354799694153432,0.5732273810343046,False,False,0.13416230366492146,1,1,17.810448239337315,False,False,33.88202236798144,52.225130890052355,Atencao,Atencao: sinais iniciais de risco,26.880958170567
1777740895.2121933,2082,True,0.27743629933775765,0.36567629204509666,0.3215562956914272,0.5679267014695923,False,False,0.13416230366492146,1,1,18.0593256641518,False,False,33.89446623922217,52.225130890052355,Atencao,Atencao: sinais iniciais de risco,27.106810547835565
1777740895.2476382,2083,True,0.2671835005194111,0.37065758417354105,0.31892054234647604,0.5743888396959602,False,False,0.13416230366492146,1,1,17.542593909935515,False,False,33.868629651511355,52.225130890052355,Atencao,Atencao: sinais iniciais de risco,27.239623580762938
1777740895.2818198,2084,True,0.2647840586151948,0.31644080808344616,0.29061243334932046,0.5713706877131187,False,False,0.13416230366492146,1,1,19.44709220745347,False,False,33.963854566387255,52.225130890052355,Atencao,Atencao: sinais iniciais de risco,27.427454272636584
1777740895.317181,2085,True,0.2507841418260354,0.31809224246383244,0.28443819214493393,0.5567329060577232,False,False,0.13416230366492146,1,1,19.069240624796258,False,False,33.944961987254395,52.225130890052355,Atencao,Atencao: sinais iniciais de risco,27.510341859586248
1777740895.3537602,2086,True,0.2079922185997028,0.17000775090743003,0.1889999847535664,0.581663304858543,True,False,0.13481675392670156,1,1,20.8883672055873,False,False,34.12590522728871,52.225130890052355,Atencao,Atencao: sinais iniciais de risco,27.50403436709551
1777740895.3924277,2087,True,0.28900679770871207,0.23406226029244134,0.2615345290005767,0.5781422218990432,False,False,0.13481675392670156,1,1,22.40731515234167,False,False,34.104273379883054,52.225130890052355,Atencao,Atencao: sinais iniciais de risco,27.3208734311408
1777740895.4402773,2088,True,0.29315506800958635,0.3047468548165691,0.29895096141307775,0.5511865095838033,False,False,0.13481675392670156,1,1,24.36663984656334,False,False,34.202239614594134,52.225130890052355,Atencao,Atencao: sinais iniciais de risco,26.672162824948128
1777740895.4790232,2089,True,0.29734689742875686,0.32771095445237924,0.312528925940568,0.5751832031490273,False,False,0.13481675392670156,1,1,24.75652584785765,False,False,34.22173391465885,52.225130890052355,Atencao,Atencao: sinais iniciais de risco,26.574306410656412
1777740895.5182278,2090,True,0.30487228099161173,0.3482241172677277,0.3265481991296697,0.5025650839946675,False,False,0.13481675392670156,1,1,25.311190483786838,False,False,34.24946714645531,52.225130890052355,Atencao,Atencao: sinais iniciais de risco,26.522304441160337
1777740895.5677276,2091,True,0.3299774223870531,0.32617878192534383,0.3280781021561985,0.3509644476206617,False,False,0.13490504256712507,1,1,28.55860309167342,False,False,34.42397746490787,52.22658808120498,Atencao,Atencao: sinais iniciais de risco,25.8713588228325
1777740895.6031017,2092,True,0.3116747720469021,0.3351112404028238,0.32339300622486294,0.23026858954392404,False,False,0.13490504256712507,1,1,35.55210916345769,False,True,34.77365276849709,52.22658808120498,Atencao,Atencao: sinais iniciais de risco,26.114165999454045
1777740895.6384468,2093,True,0.32634022562474774,0.3475210991356048,0.33693066238017627,0.19805537052571515,False,False,0.13490504256712507,1,1,38.1179989722642,False,True,34.90194725893741,52.22658808120498,Atencao,Atencao: sinais iniciais de risco,26.337714730795206
1777740895.6758761,2094,True,0.3164069376005055,0.3489611787970006,0.332684058198753,0.18200686075086303,False,False,0.13490504256712507,1,1,39.37568342143839,False,True,34.96483148139612,52.22658808120498,Atencao,Atencao: sinais iniciais de risco,26.35200289173287
1777740895.7116084,2095,True,0.3258392958780099,0.3597476137665605,0.3427934548222852,0.1014736702177449,False,False,0.13490504256712507,1,1,38.47878078926693,False,True,34.91998634978755,52.22658808120498,Atencao,Atencao: sinais iniciais de risco,26.543505899280056
1777740895.7506733,2096,True,0.31370611689536787,0.3642426264108334,0.3389743716531006,0.10090665406989249,False,False,0.13490504256712507,1,1,36.922617687962266,False,True,34.842178194722315,52.22658808120498,Atencao,Atencao: sinais iniciais de risco,26.460973329362755
1777740895.7855895,2097,True,0.32825488530730346,0.3560173279441135,0.3421361066257085,0.062264299572533884,False,False,0.13490504256712507,1,1,38.31800294139168,False,True,34.91194745739379,52.22658808120498,Atencao,Atencao: sinais iniciais de risco,26.61371503827499
1777740895.8281543,2098,True,0.3227349509977129,0.371138617964706,0.34693678448120946,0.01896988246435403,False,False,0.13490504256712507,1,1,38.08350056138906,False,True,34.900222338393654,52.22658808120498,Atencao,Atencao: sinais iniciais de risco,26.34201251673216
1777740895.8628426,2099,True,0.31841650367101,0.37698283010430406,0.347699666887657,0.009438594509326098,False,False,0.13490504256712507,1,1,38.029722506891595,False,True,34.897533435668784,52.22658808120498,Atencao,Atencao: sinais iniciais de risco,26.573403525381593
1777740895.898355,2100,True,0.3174008115196552,0.37366615393767366,0.34553348272866447,0.006191329796600614,False,False,0.13490504256712507,1,1,37.619912248308005,False,True,34.8770429227396,52.22658808120498,Atencao,Atencao: sinais iniciais de risco,26.737367406657658
1777740895.9363036,2101,True,0.31718228673555665,0.37273457009742017,0.3449584284164884,0.006524302589245919,False,False,0.13490504256712507,1,1,37.524895992604165,False,True,34.87229210995441,52.22658808120498,Atencao,Atencao: sinais iniciais de risco,26.68851615662946
1777740895.9758937,2102,True,0.3312161377168335,0.36024500444528446,0.345730571081059,0.2604266219258389,False,False,0.13425016371971185,1,1,38.60378047932277,False,True,34.83619049277102,52.22658808120498,Atencao,Atencao: sinais iniciais de risco,26.55609400738334
1777740896.0149043,2103,True,0.33386634220879585,0.39354502594824614,0.363705684078521,0.4230773778321107,False,False,0.13359528487229863,1,1,39.71714949607849,False,True,34.80181310208949,52.22658808120498,Atencao,Atencao: sinais iniciais de risco,26.431527854057265
1777740896.0546725,2104,True,0.3197258862251165,0.3541430196368318,0.3369344529309741,0.5514339942154228,False,False,0.13294040602488538,1,1,37.881590603156525,False,True,34.619989315924066,52.22658808120498,Atencao,Atencao: sinais iniciais de risco,26.341570901533732
1777740896.0917594,2105,True,0.3355635269458898,0.36076741182572175,0.3481654693858058,0.5319467135909305,False,False,0.13294040602488538,1,1,34.877331869710574,False,True,34.54879420117029,52.22658808120498,Atencao,Atencao: sinais iniciais de risco,26.396395440720582
1777740896.1266072,2106,True,0.30244353577187666,0.3479787174490328,0.3252111266104547,0.5156456686503228,False,False,0.13294040602488538,1,1,34.41529493331909,False,True,34.52569235435072,52.22658808120498,Atencao,Atencao: sinais iniciais de risco,26.623785912683772
1777740896.1615307,2107,True,0.28223812896674694,0.2967325137952993,0.2894853213810231,0.5540363429165145,False,False,0.13294040602488538,1,1,31.446064903519368,False,False,34.37723085286073,52.22658808120498,Atencao,Atencao: sinais iniciais de risco,26.81222949989691
1777740896.2051897,2108,True,0.2643105724147215,0.34548080187669605,0.3048956871457088,0.5587616033766382,False,False,0.13294040602488538,1,1,26.58878992741758,False,False,34.13436710405564,52.22658808120498,Atencao,Atencao: sinais iniciais de risco,26.39182853892933
1777740896.2430162,2109,True,0.287419866467224,0.349683078844879,0.3185514726560515,0.5710505177297156,False,False,0.13294040602488538,1,1,26.653362017328085,False,False,34.13759570855117,52.22658808120498,Atencao,Atencao: sinais iniciais de risco,26.450535935598833
1777740896.2807617,2110,True,0.2633054498754859,0.3175125117895827,0.2904089808325343,0.5720979978335633,False,False,0.13294040602488538,1,1,26.03626789613204,False,False,34.10674100249136,52.22658808120498,Atencao,Atencao: sinais iniciais de risco,26.457446516045614
1777740896.3156397,2111,True,0.267202626310833,0.33260662252733064,0.29990462441908183,0.5736811283681854,False,False,0.13294040602488538,1,1,22.748669897697187,False,False,33.94236110256962,52.22658808120498,Atencao,Atencao: sinais iniciais de risco,26.62667640693154
1777740896.3490984,2112,True,0.27937307747249257,0.3477009186146706,0.3135369980435816,0.5579546254118055,False,False,0.13294040602488538,1,1,20.699283556233752,False,False,33.83989178549645,52.22658808120498,Atencao,Atencao: sinais iniciais de risco,27.024761650335815
1777740896.3875597,2113,True,0.2753808496574174,0.3314348004902005,0.3034078250738089,0.3987263310133409,False,False,0.13294040602488538,1,1,22.02304859215563,False,False,33.90608003729254,52.22658808120498,Atencao,Atencao: sinais iniciais de risco,26.900901026192795
1777740896.43026,2114,True,0.286860132135406,0.34054106488326985,0.31370059850933796,0.21581862456870193,False,False,0.13294040602488538,1,1,21.48459629606117,False,False,33.87915742248782,52.22658808120498,Atencao,Atencao: sinais iniciais de risco,26.537566518053453
1777740896.4717252,2115,True,0.3024602929935015,0.35605452474553745,0.3292574088695195,0.24104276041054096,False,False,0.13294040602488538,1,1,22.81695330170068,False,False,33.945775272769794,52.22658808120498,Atencao,Atencao: sinais iniciais de risco,26.28637388307127
1777740896.5125327,2116,True,0.2966883700363109,0.3365550693378108,0.3166217196870609,0.08806990733717586,False,False,0.13302752293577982,1,1,22.529485312646084,False,False,33.943380448565044,52.22804718217562,Atencao,Atencao: sinais iniciais de risco,26.153281946205
1777740896.5517633,2117,True,0.3054656932893344,0.32381325377920284,0.3146394735342686,0.011153162790234289,False,False,0.13294040602488538,1,1,24.307858090509065,False,False,34.02032051221021,52.22658808120498,Atencao,Atencao: sinais iniciais de risco,26.049103253887175
1777740896.5967119,2118,True,0.2866487763118806,0.321754781070707,0.30420177869129383,0.003679068629223413,False,False,0.13302752293577982,1,1,22.416676239804787,False,False,33.93773999492298,52.22804718217562,Atencao,Atencao: sinais iniciais de risco,25.704268911884412
1777740896.6349373,2119,True,0.28996625269056153,0.31247827199795714,0.3012222623442593,0.004559372503491265,False,False,0.13302752293577982,1,1,21.98048182427883,False,False,33.91593027414668,52.22804718217562,Atencao,Atencao: sinais iniciais de risco,25.734101527057163
1777740896.6734688,2120,True,0.293625316460355,0.3258706987434585,0.30974800760190674,0.003947007777309351,False,False,0.13302752293577982,1,1,21.571000771901822,False,False,33.89545622152783,52.22804718217562,Atencao,Atencao: sinais iniciais de risco,25.757473443506676
1777740896.7098541,2121,True,0.29327018223571477,0.32560652099206133,0.30943835161388805,0.004699409695161127,False,False,0.13302752293577982,1,1,21.651301384243098,False,False,33.89947125214489,52.22804718217562,Atencao,Atencao: sinais iniciais de risco,25.929024128800126
1777740896.7442007,2122,True,0.29355613172514705,0.3216084274287906,0.3075822795769688,0.0043775583368660395,False,False,0.13302752293577982,1,1,21.6831587030129,False,False,33.90106411808338,52.22804718217562,Atencao,Atencao: sinais iniciais de risco,26.227774382566796
1777740896.7799466,2123,True,0.2920315426278866,0.3293074006036699,0.3106694716157783,0.0033958334333925875,False,False,0.13302752293577982,1,1,21.83555408905853,False,False,33.90868388738566,52.22804718217562,Atencao,Atencao: sinais iniciais de risco,26.450117136847588
1777740896.82137,2124,True,0.3217284373072312,0.31963405088295127,0.32068124409509124,0.004348437875998456,False,False,0.13302752293577982,1,1,22.226211273941125,False,False,33.92821674662979,52.22804718217562,Atencao,Atencao: sinais iniciais de risco,26.193182233661187
1777740896.860249,2125,True,0.33983218111939045,0.3501685871147447,0.34500038411706757,0.030252369408630617,False,False,0.13302752293577982,1,1,23.228122860735112,False,False,33.9783123259695,52.22804718217562,Atencao,Atencao: sinais iniciais de risco,26.148164767345445
1777740896.8964353,2126,True,0.32453826039034805,0.33402727288587253,0.3292827666381103,0.022453207683466644,False,False,0.13302752293577982,1,1,23.541433316469192,False,False,33.9939778487562,52.22804718217562,Atencao,Atencao: sinais iniciais de risco,26.28734227017392
1777740896.9307957,2127,True,0.3316608793005368,0.3385561819326013,0.33510853061656903,0.4002197249953302,False,False,0.13302752293577982,1,1,21.72063298340548,False,False,33.902937832103014,52.22804718217562,Atencao,Atencao: sinais iniciais de risco,26.58313193031926
1777740896.965355,2128,True,0.32335358435733397,0.3514838655603849,0.33741872495885944,0.40474852081327484,False,False,0.13302752293577982,1,1,22.17664875841954,False,False,33.925738620853714,52.22804718217562,Atencao,Atencao: sinais iniciais de risco,26.797729769784322
1777740897.0024083,2129,True,0.3304869429762968,0.35079373921814677,0.3406403410972218,0.41933518205098275,False,False,0.13294040602488538,1,1,22.018519269133154,False,False,33.90585357114142,52.22658808120498,Atencao,Atencao: sinais iniciais de risco,26.825657768310982
1777740897.038559,2130,True,0.34528198169872587,0.33051403773300847,0.33789800971586714,0.7797311009290634,False,True,0.13294040602488538,1,1,30.52814524133097,False,False,34.33133486975131,52.22658808120498,Atencao,Atencao: sinais iniciais de risco,26.905057515129016
1777740897.0725307,2131,True,0.33642920164763274,0.33322292752287386,0.3348260645852533,0.7199118343025008,False,True,0.13294040602488538,1,1,33.84381287585605,False,False,34.497118251477566,52.22658808120498,Atencao,Atencao: sinais iniciais de risco,27.179271595424172
1777740897.106751,2132,True,0.36277044544538084,0.34614431042436405,0.3544573779348724,0.723716040262598,False,True,0.13294040602488538,1,1,41.41213317919861,False,False,34.87553426664469,52.22658808120498,Atencao,Atencao: sinais iniciais de risco,27.37490209419551
1777740897.1413038,2133,True,0.3642219142306396,0.34434379251675806,0.3542828533736988,0.7078481370558283,False,True,0.13294040602488538,1,1,47.9751553665508,False,False,35.2036853760123,52.22658808120498,Atencao,Atencao: sinais iniciais de risco,27.543315811098832
1777740897.1835747,2134,True,0.3590833477303,0.3452898164297276,0.3521865820800138,0.808997303728182,False,True,0.13294040602488538,1,1,49.702863927862865,False,False,35.29007080407791,52.22658808120498,Atencao,Atencao: sinais iniciais de risco,27.132249102089965
1777740897.2216487,2135,True,0.37956090807186166,0.35675732469832927,0.36815911638509546,0.7994687938937747,False,True,0.13302752293577982,1,1,51.16193371875719,False,False,35.3750028688706,52.22804718217562,Atencao,Atencao: sinais iniciais de risco,27.055890750450736
1777740897.2596126,2136,True,0.35159514261415536,0.35434983391093294,0.3529724882625441,0.8051970679316578,False,True,0.13302752293577982,1,1,55.19850710440765,False,False,35.57683153815312,52.22804718217562,Atencao,Atencao: sinais iniciais de risco,27.01214153707595
1777740897.296288,2137,True,0.38390490833070995,0.36138507685559307,0.37264499259315154,0.8233964325720486,False,True,0.13302752293577982,1,1,60.15627827048302,False,False,35.82472009645689,52.22804718217562,Atencao,Atencao: sinais iniciais de risco,26.956920027797793
1777740897.33355,2138,True,0.38417134218653826,0.3624473008438558,0.373309321515197,0.7879246310280607,False,True,0.13302752293577982,1,1,60.753180127252236,False,False,35.85456518929535,52.22804718217562,Atencao,Atencao: sinais iniciais de risco,27.008639274886942
1777740897.3713255,2139,True,0.3446117210812733,0.36682018319679893,0.3557159521390361,0.7457731214538141,False,True,0.13302752293577982,1,1,62.23041673275558,False,False,35.92842701957052,52.22804718217562,Atencao,Atencao: sinais iniciais de risco,26.94849256698356
1777740897.4117596,2140,True,0.37189839083268744,0.3396341747313615,0.3557662827820245,0.7680614168529099,False,True,0.13302752293577982,1,1,63.434908918359056,False,False,35.98865162885069,52.22804718217562,Atencao,Atencao: sinais iniciais de risco,26.713383515042267
1777740897.4624016,2141,True,0.3529461646603796,0.35098648255536363,0.3519663236078716,0.7888820603450544,False,True,0.13302752293577982,1,1,64.36966621062972,False,False,36.03538949346422,52.22804718217562,Atencao,Atencao: sinais iniciais de risco,26.04093777604498
1777740897.5022576,2142,True,0.3730271605729676,0.3603883015136533,0.36670773104331045,0.8019863784287048,False,True,0.13311475409836065,1,1,65.56823298335075,False,False,36.10731211695514,52.22950819672131,Atencao,Atencao: cabeca inclinada,25.924214374600016
1777740897.5397377,2143,True,0.34503112160350285,0.34128383144223046,0.34315747652286666,0.8193438897128238,False,True,0.13311475409836065,1,1,64.94718475775285,False,False,36.07625970567525,52.22950819672131,Atencao,Atencao: sinais iniciais de risco,25.989593182332772
1777740897.5879476,2144,True,0.3430223460863013,0.33953552641141593,0.34127893624885863,0.7685819818710992,False,True,0.13311475409836065,1,1,63.449627032334156,False,False,36.001381819404315,52.22950819672131,Atencao,Atencao: sinais iniciais de risco,25.47069110712954
1777740897.627496,2145,True,0.3784235901001044,0.34876489495217505,0.3635942425261397,0.7391262810053908,False,True,0.13311475409836065,1,1,63.982170996340834,False,False,36.028009017604646,52.22950819672131,Atencao,Atencao: sinais iniciais de risco,25.433888987539046
1777740897.6642666,2146,True,0.34246780323064996,0.33835787869378153,0.34041284096221575,0.7911618192899073,False,True,0.13311475409836065,1,1,62.533160407434806,False,False,35.95555848815935,52.22950819672131,Atencao,Atencao: sinais iniciais de risco,25.60985701720005
1777740897.704268,2147,True,0.3793459381805858,0.3636364937431758,0.37149121596188084,0.7467031063831456,False,True,0.13311475409836065,1,1,61.96441322565078,False,False,35.927121129070144,52.22950819672131,Atencao,Atencao: sinais iniciais de risco,25.56371518230297
1777740897.7429383,2148,True,0.3998996923864166,0.3600062887840563,0.37995299058523646,0.7630182727815338,False,True,0.13311475409836065,1,1,60.23490267043764,False,False,35.84064560130949,52.22950819672131,Atencao,Atencao: sinais iniciais de risco,25.603640304339194
1777740897.7825994,2149,True,0.3935119565864329,0.35482246387497846,0.37416721023070565,0.7573496884101515,False,True,0.13311475409836065,1,1,58.806647028435364,False,False,35.76923281920937,52.22950819672131,Atencao,Atencao: sinais iniciais de risco,25.54627361550226
1777740897.8235688,2150,True,0.36329034927637466,0.3431852038449673,0.353237776560671,0.6854748005416356,False,True,0.13311475409836065,1,1,57.80124942687424,False,False,35.718962939131316,52.22950819672131,Atencao,Atencao: sinais iniciais de risco,25.46169688968551
1777740897.8592124,2151,True,0.3816713918736073,0.36886048191961285,0.3752659368966101,0.6519511877991913,False,True,0.13311475409836065,1,1,57.73317889056422,False,False,35.71555941231581,52.22950819672131,Atencao,Atencao: sinais iniciais de risco,25.703994100151185
1777740897.8941934,2152,True,0.3515204523472361,0.35624889731243,0.35388467482983305,0.6418586029670628,False,False,0.13311475409836065,1,1,57.69538260319016,False,False,35.71366959794711,52.22950819672131,Atencao,Atencao: sinais iniciais de risco,25.94956801955127
1777740897.931097,2153,True,0.3586607802068567,0.34634161943977215,0.3525011998233144,0.5903675903458314,False,False,0.13311475409836065,1,1,56.479849165136166,False,False,35.652892926044416,52.22950819672131,Atencao,Atencao: sinais iniciais de risco,26.082930624171542
1777740897.9687967,2154,True,0.36768749193103617,0.36580459004572463,0.3667460409883804,0.5885133044285183,False,False,0.13311475409836065,1,1,54.69156038693407,False,False,35.56347848713431,52.22950819672131,Atencao,Atencao: sinais iniciais de risco,26.153362062309263
1777740898.002789,2155,True,0.3589044206504149,0.3645310465791157,0.36171773361476534,0.5796193969814392,False,False,0.13311475409836065,1,1,48.590020535208964,False,False,35.25840149454805,52.22950819672131,Atencao,Atencao: sinais iniciais de risco,26.473366176490636
1777740898.0371675,2156,True,0.345902124776894,0.35664578379387485,0.35127395428538444,0.6071125032167796,False,False,0.13311475409836065,1,1,50.748826654390854,False,False,35.36634180050715,52.22950819672131,Atencao,Atencao: sinais iniciais de risco,26.753712857550923
1777740898.0718906,2157,True,0.35991718416781593,0.3955124662033331,0.37771482518557453,0.6095020267422857,False,False,0.13311475409836065,1,1,40.685828984892844,False,False,34.863191917032246,52.22950819672131,Atencao,Atencao: sinais iniciais de risco,26.921221292741134
1777740898.1119778,2158,True,0.37047636479137735,0.3832301293667385,0.37685324707905793,0.6168471390063252,False,False,0.13302752293577982,1,1,38.63810573467477,False,False,34.74881146966648,52.22804718217562,Atencao,Atencao: sinais iniciais de risco,26.73995863063023
1777740898.1500976,2159,True,0.34244166110376795,0.3549913860694512,0.34871652358660954,0.6096029908886377,False,False,0.13302752293577982,1,1,40.907924606854266,False,False,34.86230241327545,52.22804718217562,Atencao,Atencao: sinais iniciais de risco,26.688583395051342
1777740898.1963243,2160,True,0.3724378717694153,0.36496170863909794,0.3686997902042566,0.6296563555749812,False,False,0.13311475409836065,1,1,36.380772422118625,False,False,34.64793908889354,52.22950819672131,Atencao,Atencao: sinais iniciais de risco,26.17894601003368
1777740898.233946,2161,True,0.3467684313888336,0.3250457344335882,0.3359070829112109,0.6213701859193002,False,False,0.13311475409836065,1,1,35.417840344526546,False,False,34.599792485013936,52.22950819672131,Atencao,Atencao: sinais iniciais de risco,26.218964678212426
1777740898.2689838,2162,True,0.3731393464574717,0.359979290347109,0.3665593184022904,0.5994364516733048,False,False,0.13311475409836065,1,1,40.2633105689829,False,False,34.84206599623675,52.22950819672131,Atencao,Atencao: sinais iniciais de risco,26.45212279946721
1777740898.3035724,2163,True,0.3811051829956047,0.3817282130319172,0.38141669801376094,0.6136618481596906,False,False,0.13311475409836065,1,1,40.480066162347796,False,False,34.85290377590499,52.22950819672131,Atencao,Atencao: sinais iniciais de risco,26.681365810319914
1777740898.3426929,2164,True,0.35581620666672326,0.3755727398791754,0.36569447327294935,0.6072284696668755,False,False,0.13311475409836065,1,1,41.90797602723945,False,False,34.92429926914958,52.22950819672131,Atencao,Atencao: sinais iniciais de risco,26.585027406556847
1777740898.3779845,2165,True,0.3538683223998778,0.38501903360524004,0.36944367800255895,0.5360587749189195,False,False,0.13311475409836065,1,1,43.926393002271645,False,False,35.025220117901185,52.22950819672131,Atencao,Atencao: sinais iniciais de risco,26.746754738016865
1777740898.4165697,2166,True,0.36365971951086407,0.3693835102689477,0.36652161488990587,0.5205582375053993,False,False,0.13311475409836065,1,1,42.359025381370024,False,False,34.946851736856104,52.22950819672131,Atencao,Atencao: sinais iniciais de risco,26.65476391279978
1777740898.4643807,2167,True,0.35735047771295925,0.3706001786351578,0.36397532817405853,0.5018471763810489,False,False,0.13311475409836065,1,1,42.20199342803521,False,True,34.93900013918937,52.22950819672131,Atencao,Atencao: sinais iniciais de risco,26.0564282540655
1777740898.5056865,2168,True,0.3352049010248226,0.3656090615469019,0.35040698128586223,0.3550523166186047,False,False,0.13311475409836065,1,1,42.43269408020106,False,True,34.95053517179766,52.22950819672131,Atencao,Atencao: sinais iniciais de risco,25.933061974120566
1777740898.5465047,2169,True,0.3500792597160906,0.4105562119155898,0.38031773581584016,0.25647020664764525,False,False,0.1332020997375328,1,1,46.268442661112005,False,True,35.15433262622938,52.23097112860892,Atencao,Atencao: sinais iniciais de risco,25.799483877267498
1777740898.5947397,2170,True,0.3457017990160891,0.4079779027148065,0.3768398508654478,0.01417360922706328,False,False,0.1332020997375328,1,1,43.1950343132019,False,True,35.00066220883387,52.23097112860892,Atencao,Atencao: sinais iniciais de risco,25.28528413845359
1777740898.6353412,2171,True,0.31091431555134635,0.40936045597167214,0.3601373857615092,0.004802075083315063,False,False,0.1332020997375328,1,1,42.1517249584198,False,True,34.94849674109477,52.23097112860892,Atencao,Atencao: sinais iniciais de risco,25.216556431011103
1777740898.670484,2172,True,0.3334963886018528,0.41268307125436554,0.3730897299281092,0.006491042097457796,False,False,0.13311475409836065,1,1,42.67225246429443,False,True,34.96251309100233,52.22950819672131,Atencao,Atencao: sinais iniciais de risco,25.461030086932922
1777740898.708878,2173,True,0.3342834551455939,0.3869543929992218,0.3606189240724078,0.004059469432732671,False,False,0.13302752293577982,1,1,40.962735605239864,False,True,34.86504296319473,52.22804718217562,Atencao,Atencao: sinais iniciais de risco,25.54785020428819
1777740898.7485218,2174,True,0.32213358508168993,0.4019584441705125,0.3620460146261012,0.004705556209829008,False,False,0.13294040602488538,1,1,40.448714923858645,False,True,34.82736335387769,52.22658808120498,Atencao,Atencao: sinais iniciais de risco,25.556977097323493
1777740898.7839031,2175,True,0.3394869527378355,0.40573110884401603,0.3726090307909258,0.005870190941172425,False,False,0.13285340314136126,1,1,38.489096021652216,False,True,34.7174195122828,52.225130890052355,Atencao,Atencao: sinais iniciais de risco,25.806352078525688
1777740899.0188117,2176,True,0.33198473491516317,0.4086661540734434,0.37032544449430327,0.0035835013721374695,False,False,0.1332020997375328,1,1,37.03529839515686,False,True,34.69267541293162,52.23097112860892,Atencao,Atencao: sinais iniciais de risco,23.652063561305038
1777740899.0518246,2177,True,0.3154985995581354,0.3954057511374952,0.3554521753478153,0.004332474132823422,False,False,0.1332020997375328,1,1,36.330254435539246,False,True,34.65742321495074,52.23097112860892,Atencao,Atencao: sinais iniciais de risco,24.262321529008567
1777740899.087794,2178,True,0.32050908733328914,0.42607918277400736,0.3732941350536483,0.08674705170270514,False,False,0.1332020997375328,1,1,36.037298309803006,False,True,34.64277540866393,52.23097112860892,Atencao,Atencao: sinais iniciais de risco,24.642232585865006
1777740899.1217716,2179,True,0.30826559850016766,0.398649933084655,0.35345776579241134,0.09687923385074483,False,False,0.1332020997375328,1,1,36.262051010131835,False,True,34.65401304368037,52.23097112860892,Atencao,Atencao: sinais iniciais de risco,25.122927575879707
1777740899.155819,2180,True,0.3178450561952762,0.38978457059730554,0.35381481339629084,0.26638555212930015,False,False,0.13311475409836065,1,1,36.95226364135742,False,True,34.67651364985548,52.22950819672131,Atencao,Atencao: sinais iniciais de risco,25.559104411390877
1777740899.190353,2181,True,0.3196694913838721,0.41450127444154283,0.3670853829127074,0.31707879479834006,False,False,0.13311475409836065,1,1,38.17625110149383,False,True,34.737713022862295,52.22950819672131,Atencao,Atencao: sinais iniciais de risco,25.889230174037365
1777740899.2258036,2182,True,0.3060209235643067,0.40171202618359986,0.3538664748739533,0.29610456335390456,False,False,0.13311475409836065,1,1,36.64795018434525,False,True,34.661297977004864,52.22950819672131,Atencao,Atencao: sinais iniciais de risco,26.107695080041896
1777740899.259304,2183,True,0.3155710400363853,0.40095053286345445,0.3582607864499199,0.30758293284052834,False,False,0.13311475409836065,1,1,37.46242408752441,False,True,34.70202167216382,52.22950819672131,Atencao,Atencao: sinais iniciais de risco,26.49623572789323
1777740899.297305,2184,True,0.33749754759563383,0.41326156076598725,0.37537955418081054,0.3918245912646418,False,False,0.1332020997375328,1,1,37.95673139095307,False,True,34.73874706272143,52.23097112860892,Atencao,Atencao: sinais iniciais de risco,26.4773880254347
1777740899.3405056,2185,True,0.33446001582459567,0.38651017631919854,0.3604850960718971,0.41196054681155525,False,False,0.1332020997375328,1,1,37.99595773220062,False,True,34.74070837978381,52.23097112860892,Atencao,Atencao: sinais iniciais de risco,26.138094439351804
1777740899.3783913,2186,True,0.3340789051121757,0.41743681692041507,0.3757578610162954,0.4427405995507701,False,False,0.1332020997375328,1,1,37.800920796394344,False,True,34.730956532993496,52.23097112860892,Atencao,Atencao: sinais iniciais de risco,26.171076024186007
1777740899.4147344,2187,True,0.3377536103811479,0.4185641599918741,0.378158885186511,0.43468841199296654,False,False,0.1332020997375328,1,1,37.609757399559015,False,True,34.72139836315173,52.23097112860892,Atencao,Atencao: sinais iniciais de risco,26.321682485922494
1777740899.451868,2188,True,0.32040217629979173,0.35186193802431653,0.33613205716205413,0.4738067076492587,False,False,0.1332020997375328,1,1,37.03506257534027,False,True,34.692663621940795,52.23097112860892,Atencao,Atencao: sinais iniciais de risco,26.36292502735033
1777740899.4974792,2189,True,0.32105943462769143,0.33890225883374614,0.3299808467307188,0.4953046089334503,False,False,0.1332020997375328,1,1,37.459816336631775,False,True,34.71390131000537,52.23097112860892,Atencao,Atencao: sinais iniciais de risco,25.916335228276342
1777740899.5358644,2190,True,0.3251240594631451,0.3262888465169205,0.3257064529900328,0.5326232841447192,False,False,0.1332020997375328,1,1,37.456300282478324,False,True,34.713725507297696,52.23097112860892,Atencao,Atencao: sinais iniciais de risco,25.93383523919823
1777740899.5779557,2191,True,0.29041498431053847,0.39253600903018515,0.3414754966703618,0.5043797490102605,False,False,0.13328956007879186,1,1,36.086404621601105,False,True,34.657256521176954,52.23243598161523,Atencao,Atencao: sinais iniciais de risco,25.74016758787307
1777740899.6270442,2192,True,0.219324122707323,0.31518910831390073,0.26725661551061186,0.5391627151179266,False,False,0.13328956007879186,1,1,35.341649162769315,False,True,34.62001874823537,52.23243598161523,Atencao,Atencao: sinais iniciais de risco,25.179483116697128
1777740899.6652114,2193,True,0.21779183125832893,0.28731714055522467,0.2525544859067768,0.5444521195389529,False,False,0.13328956007879186,1,1,35.51738706827163,False,True,34.62880564351048,52.23243598161523,Atencao,Atencao: sinais iniciais de risco,25.264752381298386
1777740899.7013488,2194,True,0.16808892872588274,0.2751603816894343,0.2216246552076585,0.5651204864932893,False,False,0.13328956007879186,1,1,35.452335345745084,False,True,34.62555305738415,52.23243598161523,Atencao,Atencao: sinais iniciais de risco,25.535722514840216
1777740899.7394297,2195,True,0.28096227877880553,0.30182566753571355,0.29139397315725957,0.5379590892997782,False,False,0.13328956007879186,1,1,35.83483610749244,False,True,34.64467809547152,52.23243598161523,Atencao,Atencao: sinais iniciais de risco,25.621905506828163
1777740899.777057,2196,True,0.30888628325650974,0.3362101130271748,0.32254819814184227,0.5588696491258942,False,False,0.13328956007879186,1,1,35.217824822664255,False,True,34.613827531230115,52.23243598161523,Atencao,Atencao: sinais iniciais de risco,25.738052029284702
1777740899.8134596,2197,True,0.29593899423970166,0.35408477274187483,0.32501188349078824,0.5807428678265496,False,False,0.13328956007879186,1,1,36.03111056089401,False,True,34.6544918181416,52.23243598161523,Atencao,Atencao: sinais iniciais de risco,25.859032683457723
1777740899.8529582,2198,True,0.28669571250623277,0.3644022246003242,0.3255489685532785,0.6008718266486982,False,False,0.13328956007879186,1,1,35.940158462524415,False,True,34.64994421322312,52.23243598161523,Atencao,Atencao: sinais iniciais de risco,25.848716455498227
1777740899.888169,2199,True,0.28199712853789377,0.3320287753352396,0.3070129519365667,0.5690559603758704,False,False,0.13328956007879186,1,1,35.654661238193505,False,True,34.63566935200657,52.23243598161523,Atencao,Atencao: sinais iniciais de risco,26.0721157329492
1777740899.923392,2200,True,0.27543112161181776,0.3382653891801634,0.3068482553959906,0.5668676054597166,False,False,0.13328956007879186,1,1,35.232453885674474,False,True,34.61455898438062,52.23243598161523,Atencao,Atencao: sinais iniciais de risco,26.307937447400825
1777740899.9606957,2201,True,0.280773755667063,0.3486721970430888,0.3147229763550759,0.5776347266218356,False,False,0.13328956007879186,1,1,35.51902884840965,False,True,34.628887732517384,52.23243598161523,Atencao,Atencao: sinais iniciais de risco,26.36201018279643
1777740899.9944777,2202,True,0.28340963279641,0.3461474656723103,0.31477854923436016,0.5821085551487669,False,False,0.13328956007879186,1,1,35.53448684811592,False,True,34.62966063250269,52.23243598161523,Atencao,Atencao: sinais iniciais de risco,26.684704194196822
1777740900.031314,2203,True,0.279854940743593,0.34025583868031756,0.3100553897119553,0.5689228851587299,False,False,0.13328956007879186,1,1,35.71255441308021,False,True,34.63856401075091,52.23243598161523,Atencao,Atencao: sinais iniciais de risco,26.713847468573995
1777740900.071023,2204,True,0.29258412169683956,0.3595167788127109,0.3260504502547752,0.5617593876965575,False,False,0.13328956007879186,1,1,35.36521416604519,False,True,34.62119699839916,52.23243598161523,Atencao,Atencao: sinais iniciais de risco,26.577394073777356
1777740900.107001,2205,True,0.29108243897333225,0.3453995354885056,0.3182409872309189,0.5336119036011199,False,False,0.13328956007879186,1,1,35.06159081459045,False,True,34.60601583082642,52.23243598161523,Atencao,Atencao: sinais iniciais de risco,26.705643374276534
1777740900.1434977,2206,True,0.2930317179489306,0.3418519469899054,0.31744183246941804,0.5181943432936361,False,False,0.13328956007879186,1,1,35.21582665741443,False,True,34.61372762296762,52.23243598161523,Atencao,Atencao: sinais iniciais de risco,26.7702713862099
1777740900.1842093,2207,True,0.29900473593180543,0.32190694619656396,0.31045584106418467,0.5458114437744559,False,False,0.13328956007879186,1,1,35.662636840343474,False,True,34.636068132114076,52.23243598161523,Atencao,Atencao: sinais iniciais de risco,26.539404266252998
1777740900.2206209,2208,True,0.29494815843201766,0.31438977182045,0.30466896512623387,0.5825568976060225,False,False,0.13328956007879186,1,1,35.336662641167635,False,True,34.61976942215528,52.23243598161523,Atencao,Atencao: sinais iniciais de risco,26.63647277126894
1777740900.260171,2209,True,0.2942286466630368,0.3106390485855538,0.30243384762429526,0.5690247182143207,False,False,0.13328956007879186,1,1,35.64956863522529,False,True,34.63541472185816,52.23243598161523,Atencao,Atencao: sinais iniciais de risco,26.504708228401746
1777740900.300355,2210,True,0.2904073573148066,0.3180802549173768,0.3042438061160917,0.556489294249622,False,False,0.13328956007879186,1,1,35.7464696586132,False,True,34.64025977302756,52.23243598161523,Atencao,Atencao: sinais iniciais de risco,26.316806356870522
1777740900.3385124,2211,True,0.2862697733727978,0.33397995371935746,0.3101248635460776,0.5655408706965229,False,False,0.13328956007879186,1,1,35.19199541807174,False,True,34.61253606100048,52.23243598161523,Atencao,Atencao: sinais iniciais de risco,26.282278722456454
1777740900.3766527,2212,True,0.2808275353241059,0.3232570460758286,0.30204229069996724,0.5561951391721832,False,False,0.13328956007879186,1,1,35.77814354300499,False,True,34.64184346724715,52.23243598161523,Atencao,Atencao: sinais iniciais de risco,26.330645902603404
1777740900.4104269,2213,True,0.2837006708715773,0.3314389725813921,0.3075698217264847,0.5728745449724921,False,False,0.13328956007879186,1,1,35.673756742477416,False,True,34.63662412722077,52.23243598161523,Atencao,Atencao: sinais iniciais de risco,26.60699384227231
1777740900.4552052,2214,True,0.2892050343352945,0.3357450486020269,0.3124750414686607,0.5707175805598304,False,False,0.133377135348226,1,1,35.55445305109024,False,True,34.642700542198604,52.23390275952694,Atencao,Atencao: sinais iniciais de risco,26.21857243931769
1777740900.4960613,2215,True,0.2827017106166777,0.33237811861589545,0.3075399146162866,0.5573461656533968,False,False,0.133377135348226,1,1,35.298133566975594,False,True,34.629884567992875,52.23390275952694,Atencao,Atencao: sinais iniciais de risco,26.049156232173285
1777740900.53816,2216,True,0.288380504172336,0.33893046630075035,0.3136554852365432,0.5624427312635247,False,False,0.133377135348226,1,1,35.32376931607723,False,True,34.63116635544796,52.23390275952694,Atencao,Atencao: sinais iniciais de risco,25.819368272901734
1777740900.5811272,2217,True,0.2920276052576636,0.34859423897441416,0.32031092211603884,0.5615840645070241,False,False,0.133377135348226,1,1,35.239301887154575,False,True,34.62694298400182,52.23390275952694,Atencao,Atencao: sinais iniciais de risco,25.54291226475884
1777740900.6209822,2218,True,0.2894151235564173,0.3566564108886473,0.3230357672225323,0.5775304675876457,False,False,0.133377135348226,1,1,35.1214426189661,False,True,34.6210500205924,52.23390275952694,Atencao,Atencao: sinais iniciais de risco,25.498094300260362
1777740900.6592796,2219,True,0.29415276640008864,0.3230061163044934,0.308579441352291,0.6116824870483109,False,False,0.133377135348226,1,1,34.64080621058291,False,True,34.59701820017324,52.23390275952694,Atencao,Atencao: sinais iniciais de risco,25.562964728289614
1777740900.698308,2220,True,0.2954271219881374,0.3665302723356122,0.3309786971618748,0.7066375043878429,False,True,0.1334648257725181,1,1,33.50818952139129,False,True,34.552444799053816,52.2353714661407,Atencao,Atencao: sinais iniciais de risco,25.56944343548501
1777740900.7340436,2221,True,0.28363727828759383,0.3248685769012205,0.30425292759440714,0.6662166804850832,False,True,0.1334648257725181,1,1,31.547401107441292,False,True,34.45440537835632,52.2353714661407,Atencao,Atencao: sinais iniciais de risco,25.80544410917468
1777740900.7708356,2222,True,0.3020262311833953,0.37520194233780657,0.3386140867606009,0.7067787532569529,False,True,0.133377135348226,1,1,33.14917810613459,False,True,34.52243679495083,52.23390275952694,Atencao,Atencao: sinais iniciais de risco,25.975023455008717
1777740900.8082683,2223,True,0.29748050355049677,0.34271262288610804,0.3200965632183024,0.664371711845665,False,True,0.133377135348226,1,1,31.97498231814666,False,True,34.463727005551426,52.23390275952694,Atencao,Atencao: sinais iniciais de risco,26.02546154024651
1777740900.8428237,2224,True,0.2874488808465798,0.34503996295991585,0.31624442190324786,0.6786967399611653,False,True,0.133377135348226,1,1,32.12791283780878,False,True,34.47137353153453,52.23390275952694,Atencao,Atencao: sinais iniciais de risco,26.323450244532744
1777740900.8796034,2225,True,0.29434329839188716,0.3440246939366605,0.31918399616427384,0.6883038878888925,False,True,0.133377135348226,1,1,32.575256477431815,False,True,34.493740713515685,52.23390275952694,Atencao,Atencao: sinais iniciais de risco,26.426664203952395
1777740900.9150841,2226,True,0.28726504833674427,0.32881461426600117,0.3080398313013727,0.7030096560304825,False,True,0.133377135348226,1,1,32.66534085436301,False,True,34.49824493236225,52.23390275952694,Atencao,Atencao: sinais iniciais de risco,26.587772787549465
1777740900.9502664,2227,True,0.2989007586139587,0.3564801704051611,0.3276904645095599,0.695106301980089,False,True,0.133377135348226,1,1,33.32915070382032,False,True,34.53143542483511,52.23390275952694,Atencao,Atencao: sinais iniciais de risco,26.76907355380771
1777740900.9856613,2228,True,0.2905982754312195,0.3275568893983062,0.30907758241476285,0.690964053717834,False,True,0.133377135348226,1,1,32.723708586936645,False,True,34.501163318990926,52.23390275952694,Atencao,Atencao: sinais iniciais de risco,26.926544948243304
1777740901.0215015,2229,True,0.2804296085023023,0.3593925124786592,0.3199110604904808,0.7077310538203766,False,True,0.133377135348226,1,1,33.31158734560013,False,True,34.5305572569241,52.23390275952694,Atencao,Atencao: sinais iniciais de risco,26.98161121512675
1777740901.0574903,2230,True,0.289872604497374,0.3351744794124241,0.31252354195489906,0.6859177172272272,False,True,0.133377135348226,1,1,34.1917575050484,False,True,34.57456576489651,52.23390275952694,Atencao,Atencao: sinais iniciais de risco,27.086266366577334
1777740901.093938,2231,True,0.2953251276285506,0.3357118767106819,0.3155185021696163,0.6768924643121073,False,True,0.133377135348226,1,1,33.86897271763195,False,True,34.55842652552569,52.23390275952694,Atencao,Atencao: sinais iniciais de risco,27.12842920394385
1777740901.129536,2232,True,0.29428258169452765,0.32997833814869654,0.3121304599216121,0.6943767346212806,False,True,0.13328956007879186,1,1,33.56077561757781,False,True,34.53097507097579,52.23243598161523,Atencao,Atencao: sinais iniciais de risco,27.2207219284186
1777740901.175165,2233,True,0.29593346402182874,0.3372800252111842,0.3166067446165065,0.6936184615250132,False,True,0.13328956007879186,1,1,33.24286733052947,False,True,34.51507965662337,52.23243598161523,Atencao,Atencao: sinais iniciais de risco,26.70458723645389
1777740901.212241,2234,True,0.28454122593409936,0.34489148356157584,0.3147163547478376,0.6891894243621575,False,True,0.13328956007879186,1,1,33.635576881061894,False,True,34.53471513414999,52.23243598161523,Atencao,Atencao: sinais iniciais de risco,26.71258036757227
1777740901.247908,2235,True,0.2972961686224236,0.34661179194379615,0.32195398028310984,0.7050518630592808,False,True,0.13328956007879186,1,1,34.388914807818146,False,True,34.57238203048781,52.23243598161523,Atencao,Atencao: sinais iniciais de risco,26.854554650239063
1777740901.2845814,2236,True,0.2955414812762672,0.3424245591664664,0.3189830202213668,0.6980886867654054,False,True,0.133377135348226,1,1,33.572734763405535,False,True,34.54361462781437,52.23390275952694,Atencao,Atencao: sinais iniciais de risco,26.90478539178346
1777740901.3205402,2237,True,0.2856011162339326,0.3540820502369871,0.31984158323545986,0.6845979672009508,False,True,0.133377135348226,1,1,33.395806768265636,False,True,34.534768228057374,52.23390275952694,Atencao,Atencao: sinais iniciais de risco,26.974145678075594
1777740901.355543,2238,True,0.288896998045571,0.354612330941356,0.3217546644934635,0.6886375300800052,False,True,0.13328956007879186,1,1,34.08813911622221,False,True,34.55734324590801,52.23243598161523,Atencao,Atencao: sinais iniciais de risco,27.093838839201485
1777740901.393359,2239,True,0.28318606860219236,0.35630929841151404,0.31974768350685323,0.7193252597963418,False,True,0.13328956007879186,1,1,32.78198136362162,False,True,34.49203535827798,52.23243598161523,Atencao,Atencao: sinais iniciais de risco,27.072612548434037
1777740901.4288094,2240,True,0.2756713568659341,0.33817411681442916,0.3069227368401816,0.7109156289401994,False,True,0.13328956007879186,1,1,32.66344193057581,False,True,34.48610838662569,52.23243598161523,Atencao,Atencao: sinais iniciais de risco,27.198027917566286
1777740901.479248,2241,True,0.2797591803165408,0.3483928595919263,0.3140760199542335,0.7185818406013642,False,True,0.133377135348226,1,1,32.83722896359183,False,True,34.506839337823685,52.23390275952694,Atencao,Atencao: foco visual fora da direcao,26.446182837664114
1777740901.5193613,2242,True,0.2935686066068252,0.3558708472463004,0.3247197269265628,0.7161677596128222,False,True,0.133377135348226,1,1,33.24195847457106,False,True,34.52707581337265,52.23390275952694,Atencao,Atencao: foco visual fora da direcao,26.29771424404914
1777740901.5587144,2243,True,0.2848642640072938,0.3528063560524218,0.31883531002985777,0.7262506167903728,False,True,0.133377135348226,1,1,33.76714455322786,False,True,34.55333511730549,52.23390275952694,Atencao,Atencao: foco visual fora da direcao,26.160247828669533
1777740901.6108313,2244,True,0.28311051191214365,0.3466302029836146,0.3148703574478791,0.7345147472005269,False,True,0.1334648257725181,1,1,33.97907983064651,False,True,34.57598931451658,52.2353714661407,Atencao,Atencao: foco visual fora da direcao,25.489820255065617
1777740901.6467838,2245,True,0.28847839994391306,0.35290873799556255,0.3206935689697378,0.741356636139231,False,True,0.1334648257725181,1,1,34.42805588462136,False,True,34.59843811721532,52.2353714661407,Atencao,Atencao: foco visual fora da direcao,25.621731505006707
1777740901.6853943,2246,True,0.2965457104224851,0.3601640900581207,0.3283549002403029,0.7323608293886072,False,True,0.1334648257725181,1,1,34.31108894835819,False,True,34.592589770402164,52.2353714661407,Atencao,Atencao: foco visual fora da direcao,25.744922313447034
1777740901.722947,2247,True,0.30182242131016257,0.3590186995870686,0.33042056044861556,0.7336563966942586,False,True,0.1334648257725181,1,1,34.54244190562854,False,True,34.604157418265686,52.2353714661407,Atencao,Atencao: foco visual fora da direcao,25.854403006314755
1777740901.767276,2248,True,0.29675525683978593,0.3372507113329048,0.31700298408634536,0.7647236702655399,False,True,0.1334648257725181,1,1,34.90328659469431,False,True,34.62219965271897,52.2353714661407,Atencao,Atencao: foco visual fora da direcao,25.516184018785502
1777740901.8147013,2249,True,0.29984671633342347,0.33055499795341814,0.31520085714342083,0.7372882828838232,False,True,0.1334648257725181,1,1,34.133477517149664,False,True,34.58370919884174,52.2353714661407,Atencao,Atencao: foco visual fora da direcao,25.086626560994894
1777740901.8530793,2250,True,0.2764271885357119,0.3290635239890012,0.30274535626235655,0.7420236402924213,False,True,0.1334648257725181,1,1,34.18331250114874,False,True,34.58620094804169,52.2353714661407,Atencao,Atencao: foco visual fora da direcao,25.162931800982214
1777740901.8891346,2251,True,0.31689622673905987,0.3244843712513145,0.3206902989951872,0.7411871049317507,False,True,0.1334648257725181,1,1,35.86821076544848,False,True,34.67044586125668,52.2353714661407,Atencao,Atencao: foco visual fora da direcao,25.440863518431932
1777740901.925728,2252,True,0.335564399821144,0.3488255186687759,0.34219495924495996,0.7290648411496453,False,True,0.1334648257725181,1,1,36.13232974680987,False,True,34.68365181032475,52.2353714661407,Atencao,Atencao: foco visual fora da direcao,25.574683900413103
1777740901.9614897,2253,True,0.31541634036467037,0.3294297724584474,0.3224230564115589,0.7265604628808069,False,True,0.1334648257725181,1,1,36.100181409987535,False,True,34.68204439348363,52.2353714661407,Atencao,Atencao: foco visual fora da direcao,25.854191520401276
1777740901.997206,2254,True,0.3223788453165953,0.32567069166125867,0.324024768488927,0.7712196527890938,False,True,0.1334648257725181,1,1,37.08585851571776,False,True,34.73132824877014,52.2353714661407,Atencao,Atencao: foco visual fora da direcao,26.003059784493406
1777740902.0333984,2255,True,0.3220428868787994,0.3349356364174082,0.32848926164810377,0.7851907374037795,False,True,0.133377135348226,1,1,36.40814304135062,False,True,34.685385041711626,52.23390275952694,Atencao,Atencao: foco visual fora da direcao,26.23385858960428
1777740902.07004,2256,True,0.3243348954880909,0.33086176189266375,0.3275983286903773,0.7459781005957022,False,True,0.133377135348226,1,1,36.61777328306978,False,True,34.695866553797586,52.23390275952694,Atencao,Atencao: foco visual fora da direcao,26.34500688537956
1777740902.1035597,2257,True,0.32744310413382494,0.3364403029856659,0.3319417035597454,0.7441216240855508,False,True,0.133377135348226,1,1,36.93359448638829,False,True,34.71165761396351,52.23390275952694,Atencao,Atencao: foco visual fora da direcao,26.63937281613517
1777740902.1394286,2258,True,0.3299299654898487,0.34155723389452297,0.3357435996921858,0.7362456060913157,False,True,0.133377135348226,1,1,37.1175813588229,False,True,34.72085695758524,52.23390275952694,Atencao,Atencao: foco visual fora da direcao,26.81037675006631
1777740902.1842287,2259,True,0.329761186320472,0.3474897425988612,0.33862546445966657,0.7447284290286228,False,True,0.13272010512483573,1,1,36.6717953513969,False,True,34.60822600149778,52.23390275952694,Atencao,Atencao: foco visual fora da direcao,26.37129046979668
1777740902.220696,2260,True,0.3246598081152284,0.35464976974727747,0.3396547889312529,0.7747119265452492,False,True,0.13206307490144548,2,1,35.26858811974525,False,True,38.19772398419903,52.23390275952694,Atencao,Atencao: bocejo detectado,26.44829282015716
1777740902.255785,2261,True,0.336615193726632,0.348775380509284,0.34269528711795805,0.7703832257614973,False,True,0.13206307490144548,2,1,36.27823068770495,False,True,38.34960042468074,52.23390275952694,Atencao,Atencao: foco visual fora da direcao,26.668284113045942
1777740902.2922444,2262,True,0.3305845743743193,0.35305189990165586,0.3418182371379876,0.7967305950029936,False,True,0.13206307490144548,2,1,35.537357015501364,False,True,38.31255674107056,52.23390275952694,Atencao,Atencao: foco visual fora da direcao,26.72438165231098
1777740902.3301492,2263,True,0.3266076202109208,0.3562776164957902,0.34144261835335554,0.7927594067753165,False,True,0.13206307490144548,2,1,36.74839838634838,False,True,38.37310880961291,52.23390275952694,Atencao,Atencao: foco visual fora da direcao,26.692974544724013
1777740902.3655245,2264,True,0.33288490031044415,0.35386955831591715,0.34337722931318065,0.7720229704848767,False,True,0.13206307490144548,2,1,35.704250975630494,False,True,38.32090143907701,52.23390275952694,Atencao,Atencao: foco visual fora da direcao,26.857782718410224
1777740902.407559,2265,True,0.3340290070499732,0.3563328370130266,0.34518092203149986,0.7552454587605352,False,True,0.13206307490144548,2,1,36.5168727284128,False,True,38.36153252671613,52.23390275952694,Atencao,Atencao: foco visual fora da direcao,26.56385683979564
1777740902.4485016,2266,True,0.3306283501353555,0.3611362027235051,0.3458822764294303,0.8182699606638861,False,True,0.13214990138067062,2,1,35.46711785468188,False,True,38.320983423923046,52.2353714661407,Atencao,Atencao: foco visual fora da direcao,26.279072651086036
1777740902.501273,2267,True,0.33122867329350303,0.35618342839655515,0.3437060508450291,0.8102250926136869,False,True,0.13214990138067062,2,1,35.1285437643528,False,True,38.304054719406594,52.2353714661407,Atencao,Atencao: foco visual fora da direcao,25.582547250680093
1777740902.5404315,2268,True,0.32993377097602145,0.3528604252778325,0.341397098126927,0.7751251054290907,False,True,0.13214990138067062,2,1,36.454781096089974,False,True,38.37036658599345,52.2353714661407,Atencao,Atencao: foco visual fora da direcao,25.580751931299705
1777740902.580139,2269,True,0.3296668981932192,0.3533512668513498,0.3415090825222845,0.7780492387377096,False,True,0.13214990138067062,2,1,36.57554777156223,False,True,38.37640491976706,52.2353714661407,Atencao,Atencao: foco visual fora da direcao,25.5606898282359
1777740902.6293654,2270,True,0.3318471395438944,0.3603733689492505,0.34611025424657244,0.7178861828454888,False,True,0.13223684210526315,2,1,36.26388852704655,False,True,38.37277630717275,52.23684210526316,Atencao,Atencao: foco visual fora da direcao,25.01006361698166
1777740902.6699693,2271,True,0.3307185181029894,0.34590940662855446,0.33831396236577194,0.7400220294954973,False,True,0.13223684210526315,2,1,36.58155836625532,False,True,38.388659799133194,52.23684210526316,Atencao,Atencao: foco visual fora da direcao,24.94226568641264
1777740902.712783,2272,True,0.3206496459875391,0.34627332432829155,0.3334614851579153,0.7340622496958632,False,True,0.13223684210526315,2,1,36.579151575131846,False,True,38.38853945957702,52.23684210526316,Atencao,Atencao: foco visual fora da direcao,24.82116582959371
1777740902.7539878,2273,True,0.3175925725876522,0.34453819114972034,0.3310653818686863,0.7285349340713693,False,True,0.13223684210526315,2,1,37.16712846918539,False,True,38.417938304279694,52.23684210526316,Atencao,Atencao: foco visual fora da direcao,24.7789662877439
1777740902.788797,2274,True,0.3216662349803424,0.34269437374883505,0.33218030436458873,0.7250942814324526,False,True,0.13223684210526315,2,1,37.157967927239156,False,True,38.417480277182385,52.23684210526316,Atencao,Atencao: foco visual fora da direcao,25.161367017813753
1777740902.8267596,2275,True,0.3179189667513163,0.34628259206946616,0.33210077941039123,0.7091049077617136,False,True,0.13223684210526315,2,1,37.71199033260345,False,True,38.4451813974506,52.23684210526316,Atencao,Atencao: foco visual fora da direcao,25.25264946621273
1777740902.8632286,2276,True,0.31924062636313066,0.327329804811749,0.32328521558743983,0.7219142577784147,False,True,0.13223684210526315,2,1,37.87287073135376,False,True,38.45322541738811,52.23684210526316,Atencao,Atencao: foco visual fora da direcao,25.49863446653928
1777740902.9010386,2277,True,0.31950655066720646,0.3428925055656985,0.3311995281164525,0.693860411427524,False,True,0.13223684210526315,2,1,37.83141322135925,False,True,38.45115254188838,52.23684210526316,Atencao,Atencao: foco visual fora da direcao,25.60529331205316
1777740902.9386644,2278,True,0.3211984330827147,0.35534243732924337,0.338270435205979,0.6980281414257032,False,True,0.13223684210526315,2,1,37.91530478000641,False,True,38.45534711982074,52.23684210526316,Atencao,Atencao: foco visual fora da direcao,25.678567800108624
1777740902.9731643,2279,True,0.32208253522178815,0.3335895556906035,0.3278360454561958,0.6931090757004708,False,True,0.13223684210526315,2,1,38.31944029331207,False,True,38.47555389548603,52.23684210526316,Atencao,Atencao: foco visual fora da direcao,26.03009514709474
1777740903.0078142,2280,True,0.3231968326597233,0.328829627538602,0.32601323009916267,0.6877380811860115,False,True,0.13223684210526315,2,1,38.29101424217224,False,True,38.47413259292904,52.23684210526316,Atencao,Atencao: foco visual fora da direcao,26.344800242360897
1777740903.042335,2281,True,0.3289202500531844,0.3277121002481158,0.32831617515065015,0.6317445991828973,False,False,0.13223684210526315,2,1,38.658128833770746,False,True,38.49248832250896,52.23684210526316,Atencao,Atencao: foco visual fora da direcao,26.58135066247769
1777740903.0768194,2282,True,0.32908112124196004,0.3299315104423736,0.32950631584216683,0.5786921222732078,False,False,0.13223684210526315,2,1,38.03911597728729,False,True,38.46153767968479,52.23684210526316,Atencao,Atencao: foco visual fora da direcao,26.787609461988712
1777740903.1118755,2283,True,0.32137751021709793,0.3348474663879217,0.32811248830250983,0.6068862013913943,False,False,0.13223684210526315,2,1,38.07894077301025,False,True,38.46352891947094,52.23684210526316,Atencao,Atencao: foco visual fora da direcao,26.99767770055856
1777740903.1462996,2284,True,0.3219806153336144,0.3404670994410571,0.33122385738733573,0.5367337620107226,False,False,0.13214990138067062,2,1,37.5535071849823,False,True,38.42530289043807,52.2353714661407,Atencao,Atencao: foco visual fora da direcao,27.18468761993362
1777740903.186436,2285,True,0.32644992683694524,0.34984828875528823,0.33814910779611673,0.4251962455481399,False,False,0.13214990138067062,2,1,37.61453473567962,False,True,38.428354267972935,52.2353714661407,Atencao,Atencao: foco visual fora da direcao,26.956612166387455
1777740903.2220223,2286,True,0.31867711668898635,0.3444975058468279,0.33158731126790714,0.3232245390850643,False,False,0.13214990138067062,2,1,37.13516540527343,False,True,38.40438580145262,52.2353714661407,Atencao,Atencao: foco visual fora da direcao,27.086639854906615
1777740903.2558756,2287,True,0.3242043476319172,0.364094880075786,0.34414961385385157,0.28567739337100323,False,False,0.13214990138067062,2,1,37.41433272361755,False,True,38.41834416736983,52.2353714661407,Atencao,Atencao: foco visual fora da direcao,27.285189243785037
1777740903.2925062,2288,True,0.3256713063898855,0.36458650060379694,0.3451289034968412,0.28093386630855294,False,False,0.13223684210526315,2,1,37.37265698909759,False,True,38.4282147302753,52.23684210526316,Atencao,Atencao: foco visual fora da direcao,27.281807532894543
1777740903.3280141,2289,True,0.32780360771911843,0.3613207358045339,0.34456217176182613,0.21295226034503148,False,False,0.13223684210526315,2,1,36.80125420093536,False,True,38.39964459086719,52.23684210526316,Atencao,Atencao: foco visual fora da direcao,27.38275320241044
1777740903.3651912,2290,True,0.3237753168308724,0.34205881212510864,0.3329170644779905,0.20667336014845236,False,False,0.13223684210526315,2,1,35.85040236115455,False,True,38.352101998878155,52.23684210526316,Atencao,Atencao: foco visual fora da direcao,27.343256414030773
1777740903.4021757,2291,True,0.32638990572787724,0.35503635664295274,0.340713131185415,0.204245772306452,False,False,0.13223684210526315,2,1,36.61061812639236,False,True,38.39011278714004,52.23684210526316,Atencao,Atencao: foco visual fora da direcao,27.329922956690766
1777740903.438454,2292,True,0.32911322353441924,0.3443089793596782,0.33671110144704874,0.0904649696175911,False,False,0.13223684210526315,2,1,35.59646309614181,False,True,38.339405035627514,52.23684210526316,Atencao,Atencao: foco visual fora da direcao,27.349878376033253
1777740903.4870505,2293,True,0.3240508235256435,0.347032410413787,0.3355416169697153,0.0756155399656308,False,False,0.13223684210526315,2,1,35.42725030779839,False,True,38.33094439621034,52.23684210526316,Atencao,Atencao: foco visual fora da direcao,26.69130250082509
1777740903.5298314,2294,True,0.312851175474579,0.38143398251715915,0.3471425789958691,0.017779948158034575,False,False,0.13223684210526315,2,1,35.32229085564613,False,True,38.32569642360273,52.23684210526316,Atencao,Atencao: foco visual fora da direcao,26.347288622146678
1777740903.5677497,2295,True,0.3121375837701588,0.36938658468339236,0.34076208422677556,0.005298363481705332,False,False,0.13223684210526315,2,1,35.61777667999267,False,True,38.34047071482006,52.23684210526316,Atencao,Atencao: foco visual fora da direcao,26.359042584203948
1777740903.6113634,2296,True,0.3125368151735719,0.36762168498554465,0.3400792500795583,0.0052237269061478405,False,False,0.13232389730085584,2,1,35.66883601546287,False,True,38.35499377098756,52.23831468071099,Atencao,Atencao: foco visual fora da direcao,26.00508674266673
1777740903.6497874,2297,True,0.31434798887838605,0.36266839976707765,0.3385081943227318,0.005237479781962662,False,False,0.13232389730085584,2,1,35.86398115158081,False,True,38.36475102779345,52.23831468071099,Atencao,Atencao: foco visual fora da direcao,26.013936273272122
1777740903.6847405,2298,True,0.3135152112122834,0.3635053586132107,0.33851028491274704,0.005317008252741747,False,False,0.13223684210526315,2,1,35.65359044671059,False,True,38.34226140315595,52.23684210526316,Atencao,Atencao: foco visual fora da direcao,26.276690388412888
1777740903.7202516,2299,True,0.3038998151824774,0.3760877928655599,0.33999380402401863,0.005359129590095405,False,False,0.13214990138067062,2,1,36.372860467433924,False,True,38.36627055456065,52.2353714661407,Atencao,Atencao: foco visual fora da direcao,26.45605465086704
1777740903.7576635,2300,True,0.30991184947397404,0.37796958442419737,0.3439407169490857,0.004886761245617334,False,False,0.13206307490144548,2,1,36.321356368064876,False,True,38.35175670869873,52.23390275952694,Atencao,Atencao: foco visual fora da direcao,26.47604250862613
1777740903.796149,2301,True,0.3110137083939674,0.36994740614117394,0.34048055726757065,0.004958061341313412,False,False,0.1319763624425476,2,1,36.32798614501953,False,True,38.34016523444801,52.23243598161523,Atencao,Atencao: foco visual fora da direcao,26.425921814675362
1777740904.0260365,2302,True,0.3058538927646336,0.3684586381365792,0.3371562654506064,0.004360381933888406,False,False,0.13232389730085584,2,1,36.59308452606201,False,True,38.40120619651751,52.23831468071099,Atencao,Atencao: foco visual fora da direcao,24.218869133876566
1777740904.0616972,2303,True,0.31057506831119724,0.36894716753932333,0.3397611179252603,0.004673508914001879,False,False,0.13232389730085584,2,1,36.34860482215881,False,True,38.38898221132236,52.23831468071099,Atencao,Atencao: foco visual fora da direcao,24.57999360344528
1777740904.0984917,2304,True,0.30619309784887355,0.3614029917252837,0.33379804478707864,0.004303465882863533,False,False,0.13232389730085584,2,1,36.478875315189356,False,True,38.39549573597388,52.23831468071099,Atencao,Atencao: foco visual fora da direcao,24.835367100553782
1777740904.133434,2305,True,0.30586114483955656,0.3650958016858375,0.33547847326269703,0.004174136516731826,False,False,0.13223684210526315,2,1,36.574675023555756,False,True,38.38831563199821,52.23684210526316,Atencao,Atencao: foco visual fora da direcao,25.212463219815977
1777740904.169672,2306,True,0.30813347254905454,0.3687183312279352,0.33842590188849486,0.004324053447596892,False,False,0.13223684210526315,2,1,36.67547994852065,False,True,38.39335587824646,52.23684210526316,Atencao,Atencao: foco visual fora da direcao,25.43255768773952
1777740904.205593,2307,True,0.30952237978045816,0.37431132574719755,0.3419168527638279,0.004239999537082726,False,False,0.13223684210526315,2,1,36.723205459117885,False,True,38.39574215377632,52.23684210526316,Atencao,Atencao: foco visual fora da direcao,25.72356820054787
1777740904.2413085,2308,True,0.3099804282840207,0.37528408673080665,0.34263225750741366,0.003997917836238212,False,False,0.13157894736842105,2,1,36.64745751619339,False,True,38.3014942303143,52.23684210526316,Atencao,Atencao: foco visual fora da direcao,25.934749533000122
1777740904.2769468,2309,True,0.3094825064636089,0.37554690724910633,0.34251470685635765,0.004217117131538618,False,False,0.13092105263157894,2,1,36.56423887014389,False,True,38.206872771696034,52.23684210526316,Atencao,Atencao: foco visual fora da direcao,26.144955252296672
1777740904.3106222,2310,True,0.309340135504841,0.379494531070307,0.344417333287574,0.004324184634868459,False,False,0.13026315789473683,2,1,36.41412045955658,False,True,38.108906324850885,52.23684210526316,Atencao,Atencao: foco visual fora da direcao,26.499951175383327
1777740904.3476639,2311,True,0.3116245691823216,0.3680005373914923,0.33981255328690696,0.003945877341624219,False,False,0.12960526315789472,2,1,36.906808567047115,False,True,38.04308020390962,52.23684210526316,Atencao,Atencao: foco visual fora da direcao,26.537600685417505
1777740904.3896143,2312,True,0.30629637334594356,0.3646097169126834,0.3354530451293135,0.004094775134168528,False,False,0.12894736842105264,2,1,36.82594983577728,False,True,37.948576741030344,52.23684210526316,Atencao,Atencao: foco visual fora da direcao,26.28860011728644
1777740904.4270177,2313,True,0.3094998972614557,0.36438780634625706,0.3369438518038564,0.003714010599343727,False,False,0.12828947368421054,2,1,36.76675133705139,False,True,37.85515628977825,52.23684210526316,Atencao,Atencao: foco visual fora da direcao,26.314858776349027
1777740904.4640198,2314,True,0.3122562566007245,0.3666115929967346,0.3394339247987296,0.004173086985134107,False,False,0.12763157894736843,2,1,36.72890783548355,False,True,37.762803588384074,52.23684210526316,Atencao,Atencao: foco visual fora da direcao,26.37832579046907
1777740904.5033789,2315,True,0.31842994270974667,0.3693123781185596,0.3438711604141531,0.0041500610703308445,False,False,0.12763157894736843,2,1,36.75229573249817,False,True,37.83452030169337,52.23684210526316,Atencao,Atencao: foco visual fora da direcao,26.26643463015725
1777740904.5543687,2316,True,0.3201122458902396,0.3697859655569576,0.3449491057235986,0.0034446751934503472,False,False,0.12771560236998025,2,1,37.568624114990236,False,True,37.88688994142709,52.23831468071099,Atencao,Atencao: foco visual fora da direcao,25.611660479279635
1777740904.5953422,2317,True,0.31737141379596845,0.3627244451823856,0.34004792948917706,0.0031425912499254724,False,False,0.12771560236998025,2,1,37.301548624038695,False,True,37.87353616687951,52.23831468071099,Atencao,Atencao: foco visual fora da direcao,25.44254707639245
1777740904.6364563,2318,True,0.31985540544368474,0.3592972606751256,0.33957633305940516,0.0034124650624278788,False,False,0.12771560236998025,2,1,37.41802473068237,False,True,37.879359972211695,52.23831468071099,Atencao,Atencao: foco visual fora da direcao,25.35943704626061
1777740904.6888466,2319,True,0.31826337924891573,0.3485394046004471,0.33340139192468143,0.0036820373743507604,False,False,0.12779973649538867,2,1,37.04859442710876,False,True,37.87245689927667,52.23978919631094,Atencao,Atencao: foco visual fora da direcao,24.752836920337955
1777740904.728814,2320,True,0.32049368163373326,0.3565592719003018,0.3385264767670175,0.003841760897334342,False,False,0.12779973649538867,2,1,37.713029098510745,False,True,37.90567863284677,52.23978919631094,Atencao,Atencao: foco visual fora da direcao,24.792403419630823
1777740904.7697084,2321,True,0.3170841306022646,0.35442127465369666,0.3357527026279806,0.0038714124749257327,False,False,0.12779973649538867,2,1,37.09250476360321,False,True,37.8746524161014,52.23978919631094,Atencao,Atencao: foco visual fora da direcao,24.70014542940574
1777740904.8193002,2322,True,0.3190787246581698,0.3618788535645472,0.3404787891113585,0.003958990022922148,False,False,0.12779973649538867,2,1,37.44953768253326,False,True,37.8925040620479,52.23978919631094,Atencao,Atencao: foco visual fora da direcao,24.271026350400042
1777740904.8605194,2323,True,0.32034006066231235,0.3644331183786422,0.3423865895204773,0.003976939113052515,False,False,0.12779973649538867,2,1,38.11783237457275,False,True,37.925918796649874,52.23978919631094,Atencao,Atencao: foco visual fora da direcao,24.242103018287175
1777740904.8959029,2324,True,0.3169657633404529,0.3590462874686655,0.3380060254045592,0.004422313582137182,False,False,0.12779973649538867,2,1,37.2651186466217,False,True,37.88328311025232,52.23978919631094,Atencao,Atencao: foco visual fora da direcao,24.68386275914966
1777740904.93147,2325,True,0.3164643570306166,0.3712223258249751,0.3438433414277958,0.0037730836481937825,False,False,0.12779973649538867,2,1,37.50095090866088,False,True,37.89507472335428,52.23978919631094,Atencao,Atencao: foco visual fora da direcao,25.032695327359505
1777740904.96874,2326,True,0.31905014114459257,0.3682664848602188,0.3436583130024057,0.0037678647223823654,False,False,0.12779973649538867,2,1,37.54069545269012,False,True,37.897061950555745,52.23978919631094,Atencao,Atencao: foco visual fora da direcao,25.232026235174065
1777740905.0044634,2327,True,0.31640892121668357,0.3605607381049205,0.33848482966080207,0.004290125605870044,False,False,0.12779973649538867,2,1,37.4081383228302,False,True,37.89043409406275,52.23978919631094,Atencao,Atencao: foco visual fora da direcao,25.489173212726293
1777740905.0382636,2328,True,0.3164382192499372,0.36465597119551024,0.34054709522272375,0.004469394323321199,False,False,0.12779973649538867,2,1,37.38138296604156,False,True,37.88909632622332,52.23978919631094,Atencao,Atencao: foco visual fora da direcao,25.87223973191501
1777740905.0845883,2329,True,0.3138710306076826,0.37154076709768924,0.34270589885268593,0.004327263569906787,False,False,0.12779973649538867,2,1,37.74195425510406,False,True,37.90712489067644,52.23978919631094,Atencao,Atencao: foco visual fora da direcao,25.45932584892855
1777740905.1209326,2330,True,0.320318439872459,0.3550437990078997,0.3376811194401793,0.002872130008243833,False,False,0.12779973649538867,2,1,38.84997029304505,False,True,37.962525692573486,52.23978919631094,Atencao,Atencao: foco visual fora da direcao,25.659951826570516
1777740905.1549366,2331,True,0.321770857440784,0.3707420740371989,0.34625646573899144,0.004305023230407289,False,False,0.12779973649538867,2,1,40.00839705467224,False,True,38.02044703065485,52.23978919631094,Atencao,Atencao: foco visual fora da direcao,26.046770674596324
1777740905.192773,2332,True,0.3272596316773474,0.3915582653110137,0.35940894849418054,0.002494005997104214,False,False,0.12779973649538867,2,1,39.270646238327025,False,True,37.98355948983759,52.23978919631094,Atencao,Atencao: foco visual fora da direcao,26.070428639191086
1777740905.2284005,2333,True,0.31988521950138554,0.3655947416081822,0.3427399805547839,0.005276188441678128,False,False,0.12779973649538867,2,1,39.92353711128235,False,True,38.01620403348535,52.23978919631094,Atencao,Atencao: foco visual fora da direcao,26.271822318807533
1777740905.264977,2334,True,0.3162338948904028,0.37118451422957505,0.34370920455998893,0.004893848542219738,False,False,0.12771560236998025,2,1,39.98179769515991,False,True,38.00754862043557,52.23831468071099,Atencao,Atencao: foco visual fora da direcao,26.39437817261987
1777740905.3024402,2335,True,0.31718723686970196,0.3579102341759075,0.33754873552280473,0.005174287552269956,False,False,0.12771560236998025,2,1,39.75252804756164,False,True,37.99608513805566,52.23831468071099,Atencao,Atencao: foco visual fora da direcao,26.423998497272137
1777740905.3369656,2336,True,0.31471815743776343,0.3678787816220733,0.3412984695299184,0.004445585291154675,False,False,0.12771560236998025,2,1,39.32554912567138,False,True,37.97473619196115,52.23831468071099,Atencao,Atencao: foco visual fora da direcao,26.63980312416175
1777740905.3719857,2337,True,0.3182286203810579,0.37079402667035866,0.3445113235257083,0.0044672920330937164,False,False,0.12771560236998025,2,1,39.86817932128906,False,True,38.00186770174203,52.23831468071099,Atencao,Atencao: foco visual fora da direcao,26.86751728759082
1777740905.4056911,2338,True,0.3183048738613379,0.36793767994823817,0.343121276904788,0.0043427949035548695,False,False,0.12771560236998025,2,1,39.778041219711305,False,True,37.997360796663145,52.23831468071099,Atencao,Atencao: foco visual fora da direcao,27.08950107160802
1777740905.4511611,2339,True,0.31454649187640776,0.3724665216369646,0.34350650675668615,0.004509906778613295,False,False,0.12779973649538867,2,1,39.5529146194458,False,True,37.99767290889353,52.23978919631094,Atencao,Atencao: foco visual fora da direcao,26.604132041419525
1777740905.489247,2340,True,0.3195588739065796,0.3670571958140302,0.3433080348603049,0.004493623490670101,False,False,0.12779973649538867,2,1,39.51344108581543,False,True,37.995699232212004,52.23978919631094,Atencao,Atencao: foco visual fora da direcao,26.591420897732693
1777740905.5337481,2341,True,0.32135868006496215,0.364648158823272,0.34300341944411705,0.004659041351653148,False,False,0.12779973649538867,2,1,39.60376372337341,False,True,38.000215364089904,52.23978919631094,Atencao,Atencao: foco visual fora da direcao,26.162624443814146
1777740905.582095,2342,True,0.31886932044160227,0.3651851521531657,0.34202723629738396,0.004603610338360902,False,False,0.12779973649538867,2,1,39.09172959327697,False,True,37.97461365758508,52.23978919631094,Atencao,Atencao: foco visual fora da direcao,25.616035488714356
1777740905.6216745,2343,True,0.3215211742408728,0.38066479718495483,0.3510929857129138,0.004154414634044416,False,False,0.12788398154251812,2,1,38.792751693725585,False,True,37.971248456587816,52.2412656558998,Atencao,Atencao: foco visual fora da direcao,25.592883127814247
1777740905.6599495,2344,True,0.3173521617448437,0.3915071384747205,0.3544296501097821,0.004837520849385416,False,False,0.12788398154251812,2,1,39.190410423278806,False,True,37.99113139306547,52.2412656558998,Atencao,Atencao: foco visual fora da direcao,25.638867368773063
1777740905.697119,2345,True,0.32190821815424353,0.37824899219929936,0.3500786051767715,0.0045181511733602825,False,False,0.12788398154251812,2,1,39.078337001800534,False,True,37.98552772199156,52.2412656558998,Atencao,Atencao: foco visual fora da direcao,25.753920414161758
1777740905.736626,2346,True,0.32569082232630486,0.37963551893745523,0.35266317063188,0.0046452924650797495,False,False,0.12788398154251812,2,1,39.15870027542114,False,True,37.98954588567259,52.2412656558998,Atencao,Atencao: foco visual fora da direcao,25.72993930222345
1777740905.771692,2347,True,0.32429354401510874,0.3774523454196148,0.35087294471736175,0.00449538010093644,False,False,0.12788398154251812,2,1,38.89533953666687,False,True,37.97637784873488,52.2412656558998,Atencao,Atencao: foco visual fora da direcao,25.969054313642946
1777740905.814226,2348,True,0.32877531673281846,0.3820114633790417,0.35539339005593007,0.004640231565979098,False,False,0.12788398154251812,2,1,38.71923470497131,False,True,37.9675726071501,52.2412656558998,Atencao,Atencao: foco visual fora da direcao,25.757798719864166
1777740905.8497071,2349,True,0.3286656767384179,0.3767337773441088,0.35269972704126334,0.004545400060075948,False,False,0.12788398154251812,2,1,38.65475225448608,False,True,37.96434848462584,52.2412656558998,Atencao,Atencao: foco visual fora da direcao,25.97208843389614
1777740905.8836453,2350,True,0.330959409957582,0.3774456441338621,0.3542025270457221,0.004609883941159481,False,False,0.12788398154251812,2,1,38.72979016304016,False,True,37.96810038005354,52.2412656558998,Atencao,Atencao: foco visual fora da direcao,26.31607336365538
1777740905.9201994,2351,True,0.3317363582253656,0.37793356877215994,0.35483496349876276,0.004391457674351674,False,False,0.12788398154251812,2,1,38.6494637966156,False,True,37.964084061732315,52.2412656558998,Atencao,Atencao: foco visual fora da direcao,26.424665020716176
1777740905.9563282,2352,True,0.32915421777006254,0.3828396187974998,0.35599691828378116,0.0047170247128043175,False,False,0.12788398154251812,2,1,38.751658535003656,False,True,37.969193798651716,52.2412656558998,Atencao,Atencao: foco visual fora da direcao,26.526993011639956
1777740905.9930608,2353,True,0.33458588404333206,0.3712199614232283,0.35290292273328017,0.005431188737228172,False,False,0.12788398154251812,2,1,38.471967005729674,False,True,37.95520922218802,52.2412656558998,Atencao,Atencao: foco visual fora da direcao,26.622611053807667
1777740906.0292094,2354,True,0.3287884090014356,0.4042785028155674,0.3665334559085015,0.005366361251482494,False,False,0.12788398154251812,2,1,39.173897457122806,False,True,37.99030574475768,52.2412656558998,Atencao,Atencao: foco visual fora da direcao,26.723643462429667
1777740906.0638978,2355,True,0.32833060629480093,0.3808700395778465,0.3546003229363237,0.0047228652239368705,False,False,0.12788398154251812,2,1,38.87094001770019,False,True,37.975157872786546,52.2412656558998,Atencao,Atencao: foco visual fora da direcao,26.92554438556702
1777740906.1012561,2356,True,0.3323573132014649,0.37830110859316773,0.3553292108973163,0.0049173863693263735,False,False,0.12788398154251812,2,1,39.071882963180535,False,True,37.98520502006056,52.2412656558998,Atencao,Atencao: foco visual fora da direcao,26.936766851825578
1777740906.1372309,2357,True,0.33178050533721737,0.3868721181188074,0.3593263117280124,0.004208249750302977,False,False,0.12788398154251812,2,1,39.03111681938171,False,True,37.98316671287062,52.2412656558998,Atencao,Atencao: foco visual fora da direcao,27.003149896075616
1777740906.1783292,2358,True,0.3355806344351988,0.3761449881257842,0.35586281128049146,0.0040235608454734515,False,False,0.12779973649538867,2,1,38.701999044418336,False,True,37.95512713014215,52.23978919631094,Atencao,Atencao: foco visual fora da direcao,26.72774160584917
1777740906.2130852,2359,True,0.3325899925170336,0.3880950148155277,0.3603425036662806,0.003922481838365801,False,False,0.12779973649538867,2,1,39.09165062904358,False,True,37.97460970937342,52.23978919631094,Atencao,Atencao: foco visual fora da direcao,26.951050203734972
1777740906.2503982,2360,True,0.33256066646381355,0.3836288538913959,0.3580947601776047,0.004622084780254869,False,False,0.12779973649538867,2,1,39.094426822662356,False,True,37.97474851905435,52.23978919631094,Atencao,Atencao: foco visual fora da direcao,26.929713380140374
1777740906.2854009,2361,True,0.3339458021110854,0.3728033565368216,0.3533745793239535,0.004396161322976178,False,False,0.12779973649538867,2,1,38.96257886886597,False,True,37.96815612136454,52.23978919631094,Atencao,Atencao: foco visual fora da direcao,27.106997864946976
1777740906.319541,2362,True,0.3312516671789298,0.381853184699481,0.3565524259392054,0.004548602112871748,False,False,0.12779973649538867,2,1,39.23106970787048,False,True,37.98158066331476,52.23978919631094,Atencao,Atencao: foco visual fora da direcao,27.333863076035268
1777740906.3564556,2363,True,0.33064158470594607,0.38055269814293025,0.35559714142443816,0.00451101826484377,False,False,0.12779973649538867,2,1,39.37553691864014,False,True,37.98880402385324,52.23978919631094,Atencao,Atencao: foco visual fora da direcao,27.316362524418746
1777740906.3909867,2364,True,0.32829408434587976,0.37903393499371246,0.3536640096697961,0.004691145044315733,False,False,0.12779973649538867,2,1,39.35346126556396,False,True,37.987700241199434,52.23978919631094,Atencao,Atencao: foco visual fora da direcao,27.451139931052513
1777740906.4259412,2365,True,0.3327071918802516,0.3721775153013516,0.3524423535908016,0.0038354688283020813,False,False,0.12779973649538867,2,1,39.06755108833313,False,True,37.97340473233789,52.23978919631094,Atencao,Atencao: foco visual fora da direcao,27.53181864179199
1777740906.4627893,2366,True,0.33549491004470455,0.38036237196965506,0.3579286410071798,0.004480928050088741,False,False,0.12779973649538867,2,1,39.503115224838254,False,True,37.99518293916315,52.23978919631094,Atencao,Atencao: foco visual fora da direcao,27.554733478077004
1777740906.5107539,2367,True,0.3308669696804809,0.37898853894833406,0.3549277543144075,0.0038624435010778816,False,False,0.12788398154251812,2,1,39.36704182624817,False,True,37.999962963213946,52.2412656558998,Atencao,Atencao: foco visual fora da direcao,26.854129245018346
1777740906.551467,2368,True,0.33403330683127685,0.3730927187277713,0.35356301277952407,0.0037902706029868272,False,False,0.12788398154251812,2,1,39.12584257125854,False,True,37.98790300046446,52.2412656558998,Atencao,Atencao: foco visual fora da direcao,26.614511385229513
1777740906.5895848,2369,True,0.33314671861787076,0.3761967761393057,0.3546717473785882,0.004248291445226937,False,False,0.12788398154251812,2,1,39.21502108573913,False,True,37.992361926188494,52.2412656558998,Atencao,Atencao: foco visual fora da direcao,26.597107968246807
1777740906.639359,2370,True,0.332365211603515,0.3809365918576123,0.3566509017305637,0.0038419237164634195,False,False,0.12788398154251812,2,1,39.19619498252869,False,True,37.99142062102797,52.2412656558998,Atencao,Atencao: foco visual fora da direcao,25.962627489988837
1777740906.6761138,2371,True,0.3327820278060538,0.379124966028964,0.3559534969175089,0.0044922708573827365,False,False,0.12788398154251812,2,1,39.13414154052734,False,True,37.9883179489279,52.2412656558998,Atencao,Atencao: foco visual fora da direcao,26.09536170008266
1777740906.7203555,2372,True,0.3314877889143741,0.3863903430936376,0.3589390660040058,0.004112784869861616,False,False,0.1279683377308707,2,1,39.14995970726013,False,True,38.00070783316303,52.24274406332454,Atencao,Atencao: foco visual fora da direcao,25.74807959313733
1777740906.7745597,2373,True,0.3322798120161233,0.38499576490207915,0.3586377884591012,0.004478035448896559,False,False,0.1279683377308707,2,1,39.32383337020874,False,True,38.00940151631046,52.24274406332454,Atencao,Atencao: foco visual fora da direcao,24.97875271424717
1777740906.816708,2374,True,0.33225318246344937,0.3793405603332218,0.3557968713983356,0.0047657316426771915,False,False,0.1279683377308707,2,1,39.28916249275207,False,True,38.00766797243762,52.24274406332454,Atencao,Atencao: foco visual fora da direcao,24.890295374418038
1777740906.8551009,2375,True,0.33269850732024664,0.3792731700943423,0.3559858387072945,0.004268767414284698,False,False,0.1279683377308707,2,1,39.2798734664917,False,True,38.00720352112461,52.24274406332454,Atencao,Atencao: foco visual fora da direcao,24.991429433693455
1777740906.8976715,2376,True,0.33037601691679896,0.38076405341082203,0.35557003516381047,0.004865944250818138,False,False,0.1279683377308707,2,1,39.29066667556763,False,True,38.007743181578405,52.24274406332454,Atencao,Atencao: foco visual fora da direcao,24.845056052739245
1777740906.935857,2377,True,0.33170527324938276,0.3783755480553718,0.3550404106523773,0.0043900938181094685,False,False,0.12805280528052806,2,1,39.132085466384886,False,True,38.01142840919715,52.244224422442244,Atencao,Atencao: foco visual fora da direcao,25.00582215542275
1777740906.972195,2378,True,0.331792940661501,0.3743843057488655,0.35308862320518325,0.00372749844486492,False,False,0.12805280528052806,2,1,39.21207408905029,False,True,38.015427840330425,52.244224422442244,Atencao,Atencao: foco visual fora da direcao,25.212940911117986
1777740907.0095024,2379,True,0.33394881504324164,0.38750129105683967,0.36072505305004066,0.004615963436989062,False,False,0.12805280528052806,2,1,39.39611010551452,False,True,38.02462964115364,52.244224422442244,Atencao,Atencao: foco visual fora da direcao,25.408174447626678
1777740907.04539,2380,True,0.33091593221235827,0.37736021828895194,0.3541380752506551,0.0036252068833143476,False,False,0.1279683377308707,2,1,39.239115476608276,False,True,38.00516562163043,52.24274406332454,Atencao,Atencao: foco visual fora da direcao,25.648340637013305
1777740907.0807743,2381,True,0.3322998870742417,0.38068655238420496,0.3564932197292233,0.004073464582581016,False,False,0.1279683377308707,2,1,39.165434980392455,False,True,38.001481596819644,52.24274406332454,Atencao,Atencao: foco visual fora da direcao,25.909962196702764
1777740907.1165738,2382,True,0.33256481234711327,0.37978812912834997,0.3561764707377316,0.004093665233865343,False,False,0.1279683377308707,2,1,39.15869855880737,False,True,38.00114477574039,52.24274406332454,Atencao,Atencao: foco visual fora da direcao,26.141281460826377
1777740907.1528835,2383,True,0.33195001386897827,0.3833682756370103,0.3576591447529943,0.003989605690148817,False,False,0.1279683377308707,2,1,39.332321596145626,False,True,38.0098259276073,52.24274406332454,Atencao,Atencao: foco visual fora da direcao,26.248723117767263
1777740907.196125,2384,True,0.3338755715888567,0.38085039326711634,0.35736298242798653,0.0038829036837568706,False,False,0.1279683377308707,2,1,39.50284442901611,False,True,38.018352069250824,52.24274406332454,Atencao,Atencao: foco visual fora da direcao,25.928731157767757
1777740907.2344644,2385,True,0.33003680303621075,0.3827285526999751,0.3563826778680929,0.0036833318820347163,False,False,0.1279683377308707,2,1,39.44277367591857,False,True,38.01534853159595,52.24274406332454,Atencao,Atencao: foco visual fora da direcao,25.98501203862881
1777740907.2693918,2386,True,0.3347329727203876,0.3814826530274785,0.35810781287393306,0.003678081723577398,False,False,0.1279683377308707,2,1,39.53387823104858,False,True,38.01990375935245,52.24274406332454,Atencao,Atencao: foco visual fora da direcao,26.144188205466637
1777740907.3067276,2387,True,0.3288261149551604,0.391741872125411,0.36028399354028573,0.003948029640512212,False,False,0.1279683377308707,2,1,39.7360622882843,False,True,38.030012962214236,52.24274406332454,Atencao,Atencao: foco visual fora da direcao,26.307763228841974
1777740907.3471987,2388,True,0.330206128982422,0.37955703368629895,0.3548815813343605,0.0033788345311034557,False,False,0.1279683377308707,2,1,39.430239820480345,False,True,38.01472183882404,52.24274406332454,Atencao,Atencao: foco visual fora da direcao,26.118214356451954
1777740907.383778,2389,True,0.3309494282946764,0.3858892793406763,0.3584193538176763,0.004349494997204304,False,False,0.1279683377308707,2,1,39.65513768196106,False,True,38.02596673189807,52.24274406332454,Atencao,Atencao: foco visual fora da direcao,26.265264760060816
1777740907.4193947,2390,True,0.33477673357967713,0.3744898565217377,0.3546332950507074,0.0035965021182031084,False,False,0.1279683377308707,2,1,39.552565288543704,False,True,38.02083811222721,52.24274406332454,Atencao,Atencao: foco visual fora da direcao,26.445535224961944
1777740907.4563243,2391,True,0.3346529856433401,0.3810878403596509,0.35787041300149547,0.004044261283479305,False,False,0.1279683377308707,2,1,39.85501160621643,False,True,38.03596042811084,52.24274406332454,Atencao,Atencao: foco visual fora da direcao,26.50058351225236
1777740907.5070114,2392,True,0.3362402909365335,0.3733172498765556,0.3547787704065446,0.0032647549648990993,False,False,0.12805280528052806,2,1,39.517601299285886,False,True,38.0307042008422,52.244224422442244,Atencao,Atencao: foco visual fora da direcao,25.835132544932023
1777740907.5458143,2393,True,0.3340357459089976,0.37659710987999007,0.3553164278944938,0.003821878979840568,False,False,0.12805280528052806,2,1,39.600490140914914,False,True,38.034848642923656,52.244224422442244,Atencao,Atencao: foco visual fora da direcao,25.829477040635172
1777740907.5865698,2394,True,0.33143506675309004,0.37182001373598117,0.3516275402445356,0.0031018176131620387,False,False,0.12805280528052806,2,1,39.728887701034544,False,True,38.041268520929634,52.244224422442244,Atencao,Atencao: foco visual fora da direcao,25.682529521312055
1777740907.631157,2395,True,0.3317693186137872,0.3673070133259544,0.3495381659698708,0.003106204448499336,False,False,0.12805280528052806,2,1,39.53608794212341,False,True,38.03162853298408,52.244224422442244,Atencao,Atencao: foco visual fora da direcao,25.371689348535266
1777740907.6715314,2396,True,0.3339104023548197,0.3707598287792698,0.3523351155670448,0.00320663965945212,False,False,0.12805280528052806,2,1,39.902210760116574,False,True,38.04993467388374,52.244224422442244,Atencao,Atencao: foco visual fora da direcao,25.270568072484004
1777740907.708197,2397,True,0.333289361463701,0.37053358417350263,0.3519114728186018,0.0030048087578455735,False,False,0.12805280528052806,2,1,39.746346092224115,False,True,38.04214144048911,52.244224422442244,Atencao,Atencao: foco visual fora da direcao,25.494868373895102
1777740907.7529712,2398,True,0.3329279514061409,0.36706663945934054,0.3499972954327407,0.0030988100087042457,False,False,0.12805280528052806,2,1,39.548620510101316,False,True,38.03225516138298,52.244224422442244,Atencao,Atencao: foco visual fora da direcao,25.185911375193676
1777740907.7917974,2399,True,0.3307497988331041,0.3722938549261877,0.35152182687964595,0.003914707467412275,False,False,0.12813738441215325,2,1,39.640941286087035,False,True,38.048500830780725,52.24570673712021,Atencao,Atencao: foco visual fora da direcao,25.25023169674226
1777740907.8293614,2400,True,0.3349093851064582,0.362302387283224,0.3486058861948411,0.003319955759103004,False,False,0.12813738441215325,2,1,40.0332622051239,False,True,38.06811687673257,52.24570673712021,Atencao,Atencao: foco visual fora da direcao,25.330277471819237
1777740907.8651114,2401,True,0.3277673016876057,0.36500117523043923,0.34638423845902244,0.0033979444543729264,False,False,0.12813738441215325,2,1,39.78169717788696,False,True,38.05553862537072,52.24570673712021,Atencao,Atencao: foco visual fora da direcao,25.617034461255113
1777740907.902695,2402,True,0.3289170183873357,0.36633374076197556,0.34762537957465567,0.0034657657598375865,False,False,0.12813738441215325,2,1,39.70989122390747,False,True,38.051948327671745,52.24570673712021,Atencao,Atencao: foco visual fora da direcao,25.767268967234255
1777740907.9395795,2403,True,0.3321224847158502,0.36455108062744995,0.3483367826716501,0.00390209012285712,False,False,0.12813738441215325,2,1,39.34298090934753,False,True,38.03360281194375,52.24570673712021,Atencao,Atencao: foco visual fora da direcao,25.90375296376912
1777740907.9750645,2404,True,0.33117760198697677,0.3778390243557715,0.3545083131713741,0.004413681782450856,False,False,0.12813738441215325,2,1,39.574960660934444,False,True,38.04520179952309,52.24570673712021,Atencao,Atencao: foco visual fora da direcao,26.107017110759372
1777740908.01122,2405,True,0.3374261030553218,0.35396373261154634,0.3456949178334341,0.0032340032805593844,False,False,0.12813738441215325,2,1,39.33493342399597,False,True,38.03320043767617,52.24570673712021,Atencao,Atencao: foco visual fora da direcao,26.252016945726382
1777740908.0460396,2406,True,0.3336706246746069,0.3666128614908556,0.35014174308273127,0.003996508918010065,False,False,0.12805280528052806,2,1,39.67564477920532,False,True,38.038606374838174,52.244224422442244,Atencao,Atencao: foco visual fora da direcao,26.52822533300433
1777740908.0839117,2407,True,0.3330922510029556,0.3612761715145735,0.34718421125876453,0.003151510911306222,False,False,0.12805280528052806,2,1,39.346397399902344,False,True,38.022144005873024,52.244224422442244,Atencao,Atencao: foco visual fora da direcao,26.46960475977672
1777740908.1208797,2408,True,0.3334674484005221,0.3568735882463438,0.34517051832343293,0.003210360650143966,False,False,0.12805280528052806,2,1,39.568635797500605,False,True,38.03325592575294,52.244224422442244,Atencao,Atencao: foco visual fora da direcao,26.534589590587103
1777740908.154876,2409,True,0.3301603172602188,0.36490259145252757,0.3475314543563732,0.0033576434291040388,False,False,0.12805280528052806,2,1,39.24024243354797,False,True,38.016836257555305,52.244224422442244,Atencao,Atencao: foco visual fora da direcao,26.845534075518476
1777740908.1986668,2410,True,0.3308280509630644,0.36424304041441696,0.3475355456887407,0.0036429510019833074,False,False,0.12805280528052806,2,1,39.42195329666137,False,True,38.025921800710975,52.244224422442244,Atencao,Atencao: foco visual fora da direcao,26.45465860246535
1777740908.2347996,2411,True,0.33050534225961875,0.36759985350277796,0.34905259788119836,0.003988369161059845,False,False,0.12805280528052806,2,1,39.5114339351654,False,True,38.03039583263618,52.244224422442244,Atencao,Atencao: foco visual fora da direcao,26.56493225852911
1777740908.270848,2412,True,0.3326404305734533,0.35811318297186456,0.3453768067726589,0.0035272666865690666,False,False,0.12805280528052806,2,1,39.36888718605041,False,True,38.02326849518043,52.244224422442244,Atencao,Atencao: foco visual fora da direcao,26.670564764362126
1777740908.3071523,2413,True,0.32872928213372354,0.36079206123492114,0.34476067168432234,0.004110536367973262,False,False,0.12805280528052806,2,1,39.30285377502441,False,True,38.01996682462913,52.244224422442244,Atencao,Atencao: foco visual fora da direcao,26.79211515530893
1777740908.3421822,2414,True,0.3318650629285865,0.36076927494043687,0.3463171689345117,0.003947745909953641,False,False,0.12805280528052806,2,1,39.77744770050048,False,True,38.043696520902934,52.244224422442244,Atencao,Atencao: foco visual fora da direcao,26.926033076592212
1777740908.378123,2415,True,0.333546389536789,0.3587574515351629,0.346151920535976,0.003978348717205926,False,False,0.12805280528052806,2,1,39.56731958389282,False,True,38.03319011507255,52.244224422442244,Atencao,Atencao: foco visual fora da direcao,27.028131016014804
1777740908.4142427,2416,True,0.3354445189131236,0.35688116410524273,0.3461628415091832,0.003931835658836484,False,False,0.12805280528052806,2,1,39.83380498886108,False,True,38.04651438532096,52.244224422442244,Atencao,Atencao: foco visual fora da direcao,27.098127742085403
1777740908.450527,2417,True,0.3338884922295019,0.3615744871222207,0.3477314896758613,0.003506315894149168,False,False,0.12805280528052806,2,1,39.448483562469484,False,True,38.02724831400138,52.244224422442244,Atencao,Atencao: foco visual fora da direcao,27.143090372366558
1777740908.4916515,2418,True,0.3342865160883258,0.35876833028385696,0.3465274231860914,0.00407290984032778,False,False,0.12805280528052806,2,1,39.51777982711791,False,True,38.0307131272338,52.244224422442244,Atencao,Atencao: foco visual fora da direcao,26.864585708922462
1777740908.53879,2419,True,0.3317131051263207,0.36328454326714565,0.34749882419673317,0.0038339841862226514,False,False,0.12813738441215325,2,1,39.88031063079834,False,True,38.06046929801629,52.24570673712021,Atencao,Atencao: foco visual fora da direcao,26.27127647029368
1777740908.5788665,2420,True,0.3371154186251203,0.37371068256035206,0.3554130505927362,0.0034047647969168834,False,False,0.12813738441215325,2,1,39.66226592063904,False,True,38.04956706250832,52.24570673712021,Atencao,Atencao: foco visual fora da direcao,26.157835848574752
1777740908.6189246,2421,True,0.3355256578565174,0.3691092041051636,0.3523174309808405,0.003521496589362005,False,False,0.12813738441215325,2,1,39.5382972240448,False,True,38.04336862767861,52.24570673712021,Atencao,Atencao: foco visual fora da direcao,26.050191175727385
1777740908.653208,2422,True,0.32568803840572214,0.3693480360949702,0.34751803725034613,0.003447108137995557,False,False,0.12813738441215325,2,1,39.634116029739374,False,True,38.04815956796334,52.24570673712021,Atencao,Atencao: foco visual fora da direcao,26.38630527774344
1777740908.6853719,2423,True,0.32633586626139816,0.3563820909876964,0.3413589786245473,0.0035458106359140505,False,False,0.12805280528052806,2,1,39.425328159332274,False,True,38.026090543844525,52.244224422442244,Atencao,Atencao: foco visual fora da direcao,26.718154121471045
1777740908.7316477,2424,True,0.3372149715973203,0.3537432236657003,0.3454790976315103,0.0029608599101218235,False,False,0.1279683377308707,2,1,39.55170311927795,False,True,38.02079500376392,52.24274406332454,Atencao,Atencao: foco visual fora da direcao,26.268728847551206
1777740908.77004,2425,True,0.33372652936231345,0.35888285042016804,0.34630468989124075,0.0034981270263086104,False,False,0.12788398154251812,2,1,39.28688797950745,False,True,37.995955270876905,52.2412656558998,Atencao,Atencao: foco visual fora da direcao,26.24622609610858
1777740908.8047411,2426,True,0.3361757604474973,0.35611116402162984,0.3461434622345636,0.0035764102868721176,False,False,0.12779973649538867,2,1,39.48478779792786,False,True,37.994266567817625,52.23978919631094,Atencao,Atencao: foco visual fora da direcao,26.515565811396467
1777740909.0320742,2427,True,0.330477507818661,0.36118828105798345,0.3458328944383222,0.002980129150480355,False,False,0.12813738441215325,2,1,39.29922442436218,False,True,38.03141498769448,52.24570673712021,Atencao,Atencao: foco visual fora da direcao,24.303844397623745
1777740909.0685105,2428,True,0.32977410693679104,0.36566947390016014,0.3477217904184756,0.002841067865756885,False,False,0.12813738441215325,2,1,39.79103813171386,False,True,38.05600567306207,52.24570673712021,Atencao,Atencao: foco visual fora da direcao,24.623394646655303
1777740909.1044219,2429,True,0.33458752401917335,0.3662268166243829,0.35040717032177815,0.002681624016007137,False,False,0.12813738441215325,2,1,39.632409715652464,False,True,38.04807425225899,52.24570673712021,Atencao,Atencao: foco visual fora da direcao,24.904599621315594
1777740909.1393597,2430,True,0.3337737256645867,0.3641091238480777,0.34894142475633216,0.0024459170016805317,False,False,0.12813738441215325,2,1,39.57864451408386,False,True,38.04538599218056,52.24570673712021,Atencao,Atencao: foco visual fora da direcao,25.310474060294524
1777740909.1762848,2431,True,0.3330056970992004,0.3659528205967379,0.34947925884796915,0.002395567363561241,False,False,0.12813738441215325,2,1,39.538557291030884,False,True,38.04338163102791,52.24570673712021,Atencao,Atencao: foco visual fora da direcao,25.481464800014425
1777740909.2115777,2432,True,0.3332910360651252,0.3659910461627392,0.34964104111393224,0.0024655085631506025,False,False,0.12813738441215325,2,1,39.55159454345703,False,True,38.04403349364922,52.24570673712021,Atencao,Atencao: foco visual fora da direcao,25.753532489331576
1777740909.2481482,2433,True,0.20296060648474187,0.19739893770463057,0.20017977209468624,0.0037080566294696066,True,False,0.1287978863936592,2,1,38.80032539367676,False,True,38.09728905861728,52.24570673712021,Atencao,Atencao: foco visual fora da direcao,25.951773511334707
1777740909.2832935,2434,True,0.22488611033496994,0.26056522970728646,0.24272567002112821,0.005282016323002631,False,False,0.1287978863936592,2,1,39.30318851470947,False,True,38.00079521998914,52.24570673712021,Atencao,Atencao: foco visual fora da direcao,26.182524618375975
1777740909.3200293,2435,True,0.23612540975664487,0.28295425831907084,0.25953983403785785,0.005194701203028612,False,False,0.1287978863936592,2,1,39.229051399230954,False,True,37.997088364215216,52.24570673712021,Atencao,Atencao: foco visual fora da direcao,26.286049371328218
1777740909.363955,2436,True,0.26170049609805923,0.29967857155721,0.2806895338276346,0.004717592299819939,False,False,0.1287978863936592,2,1,39.627935361862185,False,True,38.017032562346785,52.24570673712021,Atencao,Atencao: foco visual fora da direcao,25.92901011129648
1777740909.3999612,2437,True,0.2754622401765644,0.32021408458785283,0.2978381623822086,0.0036449548474541678,False,False,0.1287978863936592,2,1,39.23579683303833,False,True,37.997425635905586,52.24570673712021,Atencao,Atencao: foco visual fora da direcao,26.076503330572177
1777740909.4371874,2438,True,0.28980838750087423,0.33260580023404124,0.3112070938674577,0.004083192042706594,False,False,0.1287978863936592,2,1,39.419622564315794,False,True,38.00661692246946,52.24570673712021,Atencao,Atencao: foco visual fora da direcao,26.1882542964043
1777740909.4735456,2439,True,0.2971285881561379,0.3453859330358159,0.3212572605959769,0.0038491437397185036,False,False,0.1287978863936592,2,1,39.48538303375244,False,True,38.009904945941294,52.24570673712021,Atencao,Atencao: foco visual fora da direcao,26.344139045675085
1777740909.5119047,2440,True,0.30222463764630464,0.34595280018720137,0.324088718916753,0.0036492850404645756,False,False,0.1287978863936592,2,1,39.43218431472778,False,True,38.00724500999006,52.24570673712021,Atencao,Atencao: foco visual fora da direcao,26.273840855295163
1777740909.5485628,2441,True,0.2988774566915025,0.35172550589249213,0.3253014812919973,0.0037861812382080414,False,False,0.1287978863936592,2,1,39.33104829788208,False,True,38.002188209147775,52.24570673712021,Atencao,Atencao: foco visual fora da direcao,26.36483052860457
1777740909.5924594,2442,True,0.3050980114820029,0.3527056860000735,0.3289018487410382,0.003577033983579029,False,False,0.1287978863936592,2,1,39.17950048446655,False,True,37.994610818477,52.24570673712021,Atencao,Atencao: foco visual fora da direcao,26.048861517983877
1777740909.631882,2443,True,0.30516082296026614,0.36080355726915375,0.33298219011471,0.0036910251105521643,False,False,0.1287978863936592,2,1,39.01453518867493,False,True,37.98636255368742,52.24570673712021,Atencao,Atencao: foco visual fora da direcao,25.96809331078759
1777740909.67174,2444,True,0.30463526834310334,0.35788895171318263,0.331262110028143,0.003449647944659979,False,False,0.1287978863936592,2,1,39.18490009307861,False,True,37.9948807989076,52.24570673712021,Atencao,Atencao: foco visual fora da direcao,25.888850298222735
1777740909.720087,2445,True,0.30199408179489445,0.36399205636143717,0.33299306907816584,0.004319976562683067,False,False,0.12888301387970919,2,1,39.18542108535766,False,True,38.006611877853416,52.247191011235955,Atencao,Atencao: foco visual fora da direcao,25.35209764003545
1777740909.7609305,2446,True,0.30579790312388694,0.36280220012812137,0.3343000516260042,0.00367718856179194,False,False,0.12888301387970919,2,1,39.34930834770202,False,True,38.014806240970636,52.247191011235955,Atencao,Atencao: foco visual fora da direcao,25.273238526320235
1777740909.8009686,2447,True,0.30389950463797694,0.3634944922830989,0.3336969984605379,0.003833896424957776,False,False,0.12888301387970919,2,1,39.17526130676269,False,True,38.00610388892367,52.247191011235955,Atencao,Atencao: foco visual fora da direcao,25.23272834281057
1777740909.842506,2448,True,0.30101926085623093,0.3441409563319551,0.32258010859409303,0.004434501498477887,False,False,0.12888301387970919,2,1,39.12960968017578,False,True,38.00382130759432,52.247191011235955,Atencao,Atencao: foco visual fora da direcao,25.1313435626346
1777740909.8759584,2449,True,0.29958353209691524,0.3388836019810362,0.3192335670389757,0.004934635913913969,False,False,0.12888301387970919,2,1,39.51041812896728,False,True,38.0228617300339,52.247191011235955,Atencao,Atencao: foco visual fora da direcao,25.61585605382437
1777740909.9119368,2450,True,0.29976193121462286,0.34769491365778094,0.3237284224362019,0.003949824388271813,False,False,0.12888301387970919,2,1,39.60530738830566,False,True,38.02760619300082,52.247191011235955,Atencao,Atencao: foco visual fora da direcao,25.81795344564274
1777740909.9471757,2451,True,0.30408898901225656,0.3562397282648902,0.3301643586385734,0.0040942881302651005,False,False,0.12888301387970919,2,1,39.508886051177974,False,True,38.022785126144434,52.247191011235955,Atencao,Atencao: foco visual fora da direcao,26.085916012134675
1777740909.9808254,2452,True,0.30145430404589385,0.35297503346472947,0.3272146687553117,0.004289528070197866,False,False,0.12888301387970919,2,1,39.584042406082155,False,True,38.026542943889645,52.247191011235955,Atencao,Atencao: foco visual fora da direcao,26.43698132763541
1777740910.0182838,2453,True,0.2986403595194273,0.36531446080817453,0.3319774101638009,0.0038924249608323132,False,False,0.12888301387970919,2,1,39.493827915191645,False,True,38.02203221934512,52.247191011235955,Atencao,Atencao: foco visual fora da direcao,26.457016203573787
1777740910.0532362,2454,True,0.30501480885289084,0.3666667020684673,0.33584075546067904,0.004039970272047793,False,False,0.12888301387970919,2,1,39.40814700126648,False,True,38.01774817364886,52.247191011235955,Atencao,Atencao: foco visual fora da direcao,26.682279086055246
1777740910.0886235,2455,True,0.3071353503641824,0.3767623870501385,0.34194886870716046,0.003747881849173097,False,False,0.12888301387970919,2,1,39.46031403541564,False,True,38.02035652535632,52.247191011235955,Atencao,Atencao: foco visual fora da direcao,26.829207982394344
1777740910.1249733,2456,True,0.30458590926620904,0.37446878734863387,0.3395273483074215,0.004128841290683889,False,False,0.12888301387970919,2,1,39.34746556282043,False,True,38.014714101726554,52.247191011235955,Atencao,Atencao: foco visual fora da direcao,26.883965576573328
1777740910.1631021,2457,True,0.30477680700470045,0.38072852438522653,0.3427526656949635,0.0041023099706501654,False,False,0.12888301387970919,2,1,39.29267511367798,False,True,38.011974579269435,52.247191011235955,Atencao,Atencao: foco visual fora da direcao,26.83498982344579
1777740910.2039127,2458,True,0.30842655350234993,0.3589969091245886,0.33371173131346926,0.004578096160517998,False,False,0.12888301387970919,2,1,39.08991942405701,False,True,38.00183679478839,52.247191011235955,Atencao,Atencao: foco visual fora da direcao,26.621449962276397
1777740910.2390347,2459,True,0.3088916257155474,0.36807746753340853,0.33848454662447797,0.004673505168582736,False,False,0.12888301387970919,2,1,39.02605066299438,False,True,37.99864335673526,52.247191011235955,Atencao,Atencao: foco visual fora da direcao,26.777127130195993
1777740910.2735028,2460,True,0.30878925224728604,0.3546785738369534,0.33173391304211974,0.004891868657841431,False,False,0.12888301387970919,2,1,38.98574371337891,False,True,37.99662800925448,52.247191011235955,Atencao,Atencao: foco visual fora da direcao,27.02297215032899
1777740910.3094683,2461,True,0.3047052068965457,0.3657202812725537,0.3352127440845497,0.004606078263487722,False,False,0.12888301387970919,2,1,39.10969738960266,False,True,38.00282569306567,52.247191011235955,Atencao,Atencao: foco visual fora da direcao,27.057109745903837
1777740910.3441796,2462,True,0.3075895503368653,0.37437076216431164,0.3409801562505885,0.0035391210652274854,False,False,0.12888301387970919,2,1,39.17415580749511,False,True,38.00604861396029,52.247191011235955,Atencao,Atencao: foco visual fora da direcao,27.263793926578085
1777740910.3825955,2463,True,0.31229892582527713,0.3646421525465495,0.3384705391859133,0.0044471434004613895,False,False,0.12888301387970919,2,1,39.38697428703308,False,True,38.01668953793719,52.247191011235955,Atencao,Atencao: foco visual fora da direcao,27.14143200962978
1777740910.4196718,2464,True,0.3109576704681092,0.36156708300194573,0.33626237673502746,0.004089228997706809,False,False,0.12888301387970919,2,1,39.21010556221008,False,True,38.00784610169604,52.247191011235955,Atencao,Atencao: foco visual fora da direcao,27.123106249796017
1777740910.4579232,2465,True,0.3047373198547292,0.36693414311239836,0.33583573148356377,0.005070569522933618,False,False,0.12888301387970919,2,1,39.35217981338501,False,True,38.014949814254784,52.247191011235955,Atencao,Atencao: foco visual fora da direcao,27.054214306372383
1777740910.4941103,2466,True,0.296318828904737,0.3310104015160125,0.31366461521037475,0.0048009239862471876,False,False,0.12888301387970919,2,1,39.262087202072145,False,True,38.01044518368914,52.247191011235955,Atencao,Atencao: foco visual fora da direcao,27.09302997810552
1777740910.5395484,2467,True,0.2945381329174607,0.33638285263134454,0.31546049277440263,0.004390851750834907,False,False,0.12888301387970919,2,1,39.3563889503479,False,True,38.01516027110293,52.247191011235955,Atencao,Atencao: foco visual fora da direcao,26.54486114318316
1777740910.57947,2468,True,0.2967859585842259,0.3172583633503998,0.30702216096731283,0.005897712112883962,False,False,0.12888301387970919,2,1,38.3556640625,False,True,37.965124026710534,52.247191011235955,Atencao,Atencao: foco visual fora da direcao,26.41880085320722
1777740910.6206946,2469,True,0.29554604279020236,0.3115448094272959,0.30354542610874913,0.00470800631316174,False,False,0.12896825396825398,2,1,38.790101242065425,False,True,37.998566397863726,52.24867724867725,Atencao,Atencao: foco visual fora da direcao,26.221334794242456
1777740910.664971,2470,True,0.3039425942370137,0.3200115120645781,0.31197705315079594,0.00714280459703129,False,False,0.12896825396825398,2,1,38.290278458595274,False,True,37.97357525869022,52.24867724867725,Atencao,Atencao: foco visual fora da direcao,25.853784317750254
1777740910.706769,2471,True,0.3011297648881673,0.31820234331933245,0.30966605410374987,0.00414417276034263,False,False,0.12896825396825398,2,1,38.88081269264221,False,True,38.003101970392564,52.24867724867725,Atencao,Atencao: foco visual fora da direcao,25.628811497756725
1777740910.7456958,2472,True,0.3009742573637097,0.3220485580502029,0.3115114077069563,0.006208119552035031,False,False,0.12896825396825398,2,1,38.906793642044065,False,True,38.004401017862655,52.24867724867725,Atencao,Atencao: foco visual fora da direcao,25.666920286839336
1777740910.7863138,2473,True,0.3008443992158424,0.3171016365582216,0.308973017887032,0.007000770766432471,False,False,0.12896825396825398,2,1,39.05606908798217,False,True,38.011864790159564,52.24867724867725,Atencao,Atencao: foco visual fora da direcao,25.580922255808208
1777740910.8218317,2474,True,0.3075906925155222,0.3253572290574195,0.31647396078647083,0.006633366911207868,False,False,0.12896825396825398,2,1,38.99254922866821,False,True,38.00868879719386,52.24867724867725,Atencao,Atencao: foco visual fora da direcao,25.82699814546004
1777740910.8616824,2475,True,0.307289802911894,0.32613652442808444,0.31671316366998925,0.006077285276786491,False,False,0.12896825396825398,2,1,39.14271302223206,False,True,38.01619698687206,52.24867724867725,Atencao,Atencao: foco visual fora da direcao,25.752078721745242
1777740910.9026568,2476,True,0.30054046104285875,0.31375038592807836,0.3071454234854686,0.006471847374437798,False,False,0.12896825396825398,2,1,38.78995704650879,False,True,37.99855918808589,52.24867724867725,Atencao,Atencao: foco visual fora da direcao,25.626218343918694
1777740910.9361587,2477,True,0.29044115976257334,0.2787143956040955,0.2845777776833344,0.006827007932618753,False,False,0.12896825396825398,2,1,38.0857861995697,False,True,37.96335064573894,52.24867724867725,Atencao,Atencao: foco visual fora da direcao,25.972890537842755
1777740910.972045,2478,True,0.2691381106723371,0.26069753101818216,0.2649178208452596,0.005265586485950671,False,False,0.12896825396825398,2,1,38.00340054035187,False,True,37.95923136277805,52.24867724867725,Atencao,Atencao: foco visual fora da direcao,26.215623067461124
1777740911.0068321,2479,True,0.26446536499863227,0.25156631850832206,0.25801584175347714,0.005497924614122823,False,False,0.12896825396825398,2,1,38.02405226230621,False,True,37.96026394887576,52.24867724867725,Atencao,Atencao: foco visual fora da direcao,26.43865489516394
1777740911.0458434,2480,True,0.27072988138426357,0.2639434754427791,0.2673366784135213,0.005148201742506553,False,False,0.12896825396825398,2,1,37.96226789951324,False,True,37.957174730736114,52.24867724867725,Atencao,Atencao: foco visual fora da direcao,26.356218887647163
1777740911.082755,2481,True,0.26204313803824286,0.24251937798114676,0.2522812580096948,0.0050097669445227444,False,False,0.12896825396825398,2,1,38.013239955902094,False,True,37.95972333355556,52.24867724867725,Atencao,Atencao: foco visual fora da direcao,26.456051220008487
1777740911.1201663,2482,True,0.2500310972080801,0.24560092040950893,0.2478160088087945,0.0047983782552908335,False,False,0.12896825396825398,2,1,37.978262019157405,False,True,37.957974436718324,52.24867724867725,Atencao,Atencao: foco visual fora da direcao,26.493922058627614
1777740911.1609845,2483,True,0.25313633126355406,0.23744293869284674,0.2452896349782004,0.004605250009561832,False,False,0.12896825396825398,2,1,37.833784294128414,False,True,37.95075055046687,52.24867724867725,Atencao,Atencao: foco visual fora da direcao,26.297109231150824
1777740911.20487,2484,True,0.24505984970684977,0.23677794884135064,0.2409188992741002,0.004181264787101718,False,False,0.12896825396825398,2,1,37.91534297466278,False,True,37.95482848449359,52.24867724867725,Atencao,Atencao: foco visual fora da direcao,25.953849483218775
1777740911.2423012,2485,True,0.24498203363970414,0.23644546779598108,0.24071375071784262,0.004530507652440207,False,False,0.12896825396825398,2,1,38.011692857742304,False,True,37.95964597864757,52.24867724867725,Atencao,Atencao: foco visual fora da direcao,25.96402897974651
1777740911.2774923,2486,True,0.2506355183736575,0.24504430324340887,0.24783991080853318,0.005679009905365275,False,False,0.12896825396825398,2,1,38.08632092475891,False,True,37.9633773819984,52.24867724867725,Atencao,Atencao: foco visual fora da direcao,26.257607385855977
1777740911.3122861,2487,True,0.2481481446455086,0.2344333355287042,0.2412907400871064,0.0054432578314200855,False,False,0.12896825396825398,2,1,38.062154221534726,False,True,37.96216904683719,52.24867724867725,Atencao,Atencao: foco visual fora da direcao,26.45253015186563
1777740911.353979,2488,True,0.24651882828465424,0.2367134837464524,0.2416161560155533,0.005210829616454149,False,False,0.12896825396825398,2,1,38.068019890785216,False,True,37.962462330299715,52.24867724867725,Atencao,Atencao: foco visual fora da direcao,26.26278939532564
1777740911.3903515,2489,True,0.24691074779199654,0.25807285134983027,0.2524917995709134,0.006217027484910763,False,False,0.12896825396825398,2,1,38.30650131702423,False,True,37.97438640161167,52.24867724867725,Atencao,Atencao: foco visual fora da direcao,26.400208724636137
1777740911.4252603,2490,True,0.242714653122512,0.2395088350016209,0.24111174406206645,0.005363586687398311,False,False,0.12896825396825398,2,1,38.18322141170501,False,True,37.9682224063457,52.24867724867725,Atencao,Atencao: foco visual fora da direcao,26.608030471300612
1777740911.4613297,2491,True,0.24819678570201392,0.23390474506828596,0.24105076538514994,0.00617518166582221,False,False,0.12896825396825398,2,1,38.110277986526484,False,True,37.96457523508678,52.24867724867725,Atencao,Atencao: foco visual fora da direcao,26.714918503159268
1777740911.4981918,2492,True,0.2472856234436342,0.2343153928279562,0.24080050813579518,0.0062104542113692865,False,False,0.12896825396825398,2,1,38.23513481616973,False,True,37.97081807656894,52.24867724867725,Atencao,Atencao: foco visual fora da direcao,26.73002429099171
1777740911.5454137,2493,True,0.24121141098623144,0.22816333686961104,0.23468737392792124,0.005611295545432269,False,False,0.12905360688285902,2,1,38.17680084705353,False,True,37.97963740387132,52.250165453342156,Atencao,Atencao: foco visual fora da direcao,26.20417945596004
1777740911.586276,2494,True,0.2417626737266622,0.22792868600568578,0.234845679866174,0.005628552103495862,False,False,0.12905360688285902,2,1,38.15880365371704,False,True,37.97873754420449,52.250165453342156,Atencao,Atencao: foco visual fora da direcao,26.009109306262754
1777740911.6275048,2495,True,0.2401868143364868,0.228589329403307,0.2343880718698969,0.005125096454481396,False,False,0.12905360688285902,2,1,38.04111175537109,False,True,37.9728529492872,52.250165453342156,Atencao,Atencao: foco visual fora da direcao,25.794605398853047
1777740911.6783094,2496,True,0.2409220963574029,0.23089174987947153,0.2359069231184372,0.00526876120252704,False,False,0.12905360688285902,2,1,37.96511297225952,False,True,37.96905301013162,52.250165453342156,Atencao,Atencao: foco visual fora da direcao,25.205020372172186
1777740911.7170873,2497,True,0.24024585396174747,0.2313853082654851,0.23581558111361628,0.005667644005950254,False,False,0.12905360688285902,2,1,38.006780767440794,False,True,37.97113639989068,52.250165453342156,Atencao,Atencao: foco visual fora da direcao,25.220542561640123
1777740911.7551625,2498,True,0.215333888628333,0.20803447228940344,0.21168418045886822,0.005606300228058706,False,False,0.12905360688285902,2,1,37.89039006233215,False,True,37.96531686463525,52.250165453342156,Atencao,Atencao: foco visual fora da direcao,25.378339839759498
1777740911.7932556,2499,True,0.21419473674730163,0.2072521192702846,0.21072342800879312,0.005771672247446432,False,False,0.12905360688285902,2,1,38.0785847902298,False,True,37.974726601030135,52.250165453342156,Atencao,Atencao: foco visual fora da direcao,25.49731752321103
1777740911.8359098,2500,True,0.176575961773643,0.15676887996265323,0.1666724208681481,0.005335137457774046,True,False,0.12971542025148908,2,1,38.383065080642695,False,True,38.08094995373741,52.250165453342156,Atencao,Atencao: foco visual fora da direcao,25.26888625482572
1777740911.8730154,2501,True,0.17153296216107172,0.15721623667163814,0.16437459941635493,0.004996576296488815,True,False,0.13037723362011913,2,1,37.97624456882477,False,True,38.15160826633314,52.250165453342156,Atencao,Atencao: foco visual fora da direcao,25.41708905413044
1777740911.9104779,2502,True,0.17484560914577846,0.1581932794832599,0.16651944431451918,0.0050391576097123065,True,False,0.13103904698874919,2,1,38.17168898582458,False,True,38.252379825369765,52.250165453342156,Atencao,Atencao: foco visual fora da direcao,25.569948165646665
1777740911.9519694,2503,True,0.17308968479800924,0.1573687444706652,0.1652292146343372,0.004907239621737439,True,False,0.1317008603573792,2,1,38.02485585212707,False,True,38.33603750687153,52.250165453342156,Atencao,Atencao: foco visual fora da direcao,25.428715715022534
1777740911.987343,2504,True,0.16751866903359078,0.16108004946674992,0.16429935925017036,0.004532479858553757,True,False,0.13236267372600927,2,1,38.29326064586639,False,True,38.44045708474512,52.250165453342156,Atencao,Atencao: foco visual fora da direcao,25.71650816353438
1777740912.0252166,2505,True,0.1753093334773685,0.16606783342888964,0.17068858345312907,0.005207705312439029,True,False,0.13302448709463932,2,1,38.522004580497736,False,True,38.542893619663325,52.250165453342156,Atencao,Atencao: foco visual fora da direcao,25.77481679292811
1777740912.0599997,2506,True,0.1757208374631023,0.16978666916269353,0.1727537533128979,0.005029349739062221,True,False,0.13368630046326935,2,1,37.963401079177856,False,True,38.605962782783955,52.250165453342156,Atencao,Atencao: foco visual fora da direcao,26.08488802638639
1777740912.0951335,2507,True,0.18707399927268772,0.17776886439235212,0.1824214318325199,0.005203019641566138,True,False,0.1343481138318994,2,1,38.327522325515744,False,True,38.71516818328748,52.250165453342156,Atencao,Atencao: foco visual fora da direcao,26.302255815006458
1777740912.1310234,2508,True,0.18808319968476422,0.17544631016951684,0.18176475492714053,0.005454587066200499,True,False,0.13500992720052946,2,1,38.41641910076141,False,True,38.8106123602364,52.250165453342156,Atencao,Atencao: foco visual fora da direcao,26.494281994535733
1777740912.1668155,2509,True,0.1697439032401272,0.15153523448454934,0.16063956886233827,0.006047591874914031,True,False,0.1356717405691595,2,1,38.4975344657898,False,True,38.90566746667446,52.250165453342156,Atencao,Atencao: foco visual fora da direcao,26.59553733658114
1777740912.2084954,2510,True,0.1770639397858372,0.16571020250132473,0.17138707114358098,0.00604770879022849,True,False,0.13633355393778954,2,1,38.50011367797851,False,True,38.99679576547051,52.250165453342156,Atencao,Atencao: foco visual fora da direcao,26.354942434844812
1777740912.243986,2511,True,0.18319022001066593,0.1580322207439774,0.17061122037732168,0.005717349022327871,True,False,0.1369953673064196,2,1,38.43459825515747,False,True,39.084519332516095,52.250165453342156,Atencao,Atencao: foco visual fora da direcao,26.54017148272801
1777740912.2786026,2512,True,0.17875109438301526,0.16287605030067007,0.17081357234184266,0.005561809899473666,True,False,0.13756613756613756,2,1,38.16165280342102,False,True,39.14935297064049,52.24867724867725,Atencao,Atencao: foco visual fora da direcao,26.772048947624977
1777740912.3142805,2513,True,0.17901633487686655,0.15086504256827726,0.1649406887225719,0.0065769241122149835,True,False,0.13822751322751323,2,1,38.29397218227386,False,True,39.246908093022284,52.24867724867725,Atencao,Atencao: foco visual fora da direcao,26.872452089436827
1777740912.3482172,2514,True,0.181425183563762,0.1530569602874843,0.16724107192562315,0.007018864709065964,True,False,0.1388888888888889,2,1,38.22206001281738,False,True,39.33425163798862,52.24867724867725,Atencao,Atencao: foco visual fora da direcao,27.139678469544037
1777740912.384277,2515,True,0.17911180945613947,0.16242095830043615,0.1707663838782878,0.006314625988897995,True,False,0.13955026455026456,2,1,38.30667684078216,False,True,39.42942163282602,52.24867724867725,Atencao,Atencao: foco visual fora da direcao,27.21353230503657
1777740912.420353,2516,True,0.17390159827637142,0.14865796365691217,0.1612797809666418,0.006212820434719198,True,False,0.1402116402116402,2,1,38.60379457473755,False,True,39.53521667296293,52.24867724867725,Atencao,Atencao: foco visual fora da direcao,27.256947080463455
1777740912.456175,2517,True,0.18438324691406258,0.1441499276054716,0.1642665872597671,0.006790250134758485,True,False,0.14087301587301587,2,1,38.28325343132018,False,True,39.610128769231224,52.24867724867725,Atencao,Atencao: foco visual fora da direcao,27.339065956063365
1777740912.4912739,2518,True,0.18028209693561,0.15546315540385433,0.16787262616973217,0.005952145890733657,True,False,0.14153439153439154,2,1,38.291964602470394,False,True,39.70150348122788,52.24867724867725,Atencao,Atencao: foco visual fora da direcao,27.429124662581547
1777740912.5369096,2519,True,0.15251714485627596,0.13527307165631294,0.14389510825629445,0.005638214989730357,True,False,0.14228987425545997,2,1,38.5732257604599,False,True,39.819445413274266,52.250165453342156,Atencao,Atencao: foco visual fora da direcao,26.877493526614042
1777740912.5824547,2520,True,0.11411297378656962,0.09871142102129692,0.10641219740393326,0.005435644693935602,True,False,0.14295168762409,2,1,38.13046622276306,False,True,39.88830677457605,52.250165453342156,Atencao,Atencao: foco visual fora da direcao,26.40227550749203
1777740912.618187,2521,True,0.12319378182176081,0.09749292355666417,0.1103433526892125,0.005656233636035912,True,False,0.14361350099272005,2,1,38.15387761592865,False,True,39.980476682420964,52.250165453342156,Atencao,Atencao: foco visual fora da direcao,26.516284662995904
1777740912.664492,2522,True,0.07898544873127358,0.030904632782935943,0.05494504075710476,0.005678142652368263,True,False,0.1442753143613501,2,1,38.31389348506927,False,True,40.079476814064634,52.250165453342156,Atencao,Atencao: foco visual fora da direcao,26.002454392308476
1777740912.707945,2523,True,0.10576584405690755,0.04582397094080123,0.07579490749885438,0.005794379387655263,True,False,0.14493712772998016,2,1,37.9488823890686,False,True,40.152225597451235,52.250165453342156,Atencao,Atencao: foco visual fora da direcao,25.74529812852699
1777740912.7485309,2524,True,0.1613177560182694,0.06096480578100499,0.1111412808996372,0.004572695388090219,True,False,0.14559894109861019,2,1,39.72248816490173,False,True,40.33190522442952,52.250165453342156,Atencao,Atencao: foco visual fora da direcao,25.62906938240378
1777740912.7859123,2525,True,0.1504838112588397,0.13287146058882496,0.1416776359238323,0.005397336744097483,True,False,0.14626075446724024,2,1,38.00066275596619,False,True,40.33681329216937,52.250165453342156,Atencao,Atencao: foco visual fora da direcao,25.741239556690026
1777740912.8241162,2526,True,0.1617128648491385,0.11909296791559808,0.1404029163823683,0.006009254283523192,True,False,0.1469225678358703,2,1,38.60452928543091,False,True,40.45800595682924,52.250165453342156,Atencao,Atencao: foco visual fora da direcao,25.816052051259597
1777740912.8588717,2527,True,0.16457211705263192,0.11956458984630107,0.1420683534494665,0.004630715567396347,True,False,0.14758438120450032,2,1,38.89615664482117,False,True,40.56358666298539,52.250165453342156,Atencao,Atencao: foco visual fora da direcao,26.06015171589131
1777740912.8982885,2528,True,0.16790238472957295,0.10551747268599967,0.1367099287077863,0.005400766968461016,True,False,0.14834437086092717,2,1,37.803285646438596,False,True,40.61344169082494,52.25165562913907,Atencao,Atencao: foco visual fora da direcao,26.01218506063763
1777740912.9345515,2529,True,0.16086071099176286,0.09084654092584188,0.12585362595880237,0.005314570624026099,True,False,0.1490066225165563,2,1,39.23825931549072,False,True,40.77624997692656,52.25165562913907,Atencao,Atencao: foco visual fora da direcao,26.172276190893953
1777740912.977681,2530,True,0.14949936705187744,0.11388083467463785,0.13169010086325764,0.006138846363148726,True,False,0.14966887417218544,2,1,37.87571451663971,False,True,40.799182339633006,52.25165562913907,Atencao,Atencao: foco visual fora da direcao,25.8598226812937
1777740913.022932,2531,True,0.12882129480722587,0.09786185201152395,0.11334157340937491,0.005229382325608853,True,False,0.14966887417218544,2,1,38.49541916847229,False,True,40.83016757222464,52.25165562913907,Atencao,Atencao: foco visual fora da direcao,25.492286345297146
1777740913.0593617,2532,True,0.12230214256467731,0.10034300322918288,0.1113225728969301,0.004960590844954713,True,False,0.14966887417218544,2,1,38.12022469043732,False,True,40.81140784832289,52.25165562913907,Atencao,Atencao: foco visual fora da direcao,25.692810923179078
1777740913.09517,2533,True,0.12430575268959539,0.10096608511846374,0.11263591890402956,0.0052918053289476115,True,False,0.14966887417218544,2,1,38.23520240783691,False,True,40.81715673419287,52.25165562913907,Atencao,Atencao: foco visual fora da direcao,25.915944512475114
1777740913.1319952,2534,True,0.11614417910502915,0.09274271104599119,0.10444344507551018,0.005149532533094912,True,False,0.15033112582781458,2,1,38.08085951805115,False,True,40.999855017141,52.25165562913907,Atencao,Atencao: foco visual fora da direcao,26.03166251236836
1777740913.169226,2535,True,0.05030075824949781,0.08206310054507804,0.06618192939728793,0.004480871037161537,True,False,0.15033112582781458,2,1,38.83054423332214,False,True,41.03733925290455,52.25165562913907,Atencao,Atencao: foco visual fora da direcao,26.10204285446357
1777740913.205515,2536,True,0.033839897831738436,0.04307222983398032,0.03845606383285938,0.004456599174442327,True,False,0.15089344804765056,2,1,37.38923196792602,False,True,41.04259294486219,52.250165453342156,Atencao,Atencao: foco visual fora da direcao,26.278106724921923
1777740913.2540946,2537,True,0.04904893799333254,0.050327273331984765,0.04968810566265865,0.004346260233943338,True,False,0.15033112582781458,2,1,37.831199932098386,False,True,40.987372037843365,52.25165562913907,Atencao,Atencao: foco visual fora da direcao,25.70444759694949
1777740913.2920446,2538,True,0.04482326900761097,0.048042133631728864,0.04643270131966992,0.0037583840336188785,True,False,0.1509933774834437,2,1,37.68780195713043,False,True,41.18637365212383,52.25165562913907,Atencao,Atencao: foco visual fora da direcao,25.752359085123665
1777740913.3307447,2539,True,0.042496662371277465,0.042239414981658834,0.04236803867646815,0.006812974307383822,True,False,0.15165562913907285,2,1,38.62672724723816,False,True,41.32437951927822,52.25165562913907,Atencao,Atencao: foco visual fora da direcao,25.743061372756156
1777740913.370204,2540,True,0.05100617323752289,0.0636267821744528,0.05731647770598785,0.004628491332118751,True,False,0.152317880794702,2,1,38.65448489189148,False,True,41.41682700415989,52.25165562913907,Atencao,Atencao: foco visual fora da direcao,25.752948243063706
1777740913.4043787,2541,True,0.05646758044456254,0.05969303993158078,0.058080310188071665,0.004153092981649136,True,False,0.15298013245033112,2,1,38.35358052253723,False,True,41.49284138834118,52.25165562913907,Atencao,Atencao: foco visual fora da direcao,26.08616897211867
1777740913.4391596,2542,True,0.058758681750051875,0.07183095702152943,0.06529481938579065,0.005179479800749047,True,False,0.15364238410596026,2,1,38.80482807159424,False,True,41.60646336844304,52.25165562913907,Atencao,Atencao: foco visual fora da direcao,26.34334964197594
1777740913.4730017,2543,True,0.051613003612686045,0.09367233474113706,0.07264266917691156,0.0038517521348295945,True,False,0.1542025148908008,2,1,38.36241250038147,False,True,41.661360572797975,52.250165453342156,Atencao,Atencao: foco visual fora da direcao,26.651662469642226
1777740913.510926,2544,True,0.059184723830295195,0.08245797748002298,0.07082135065515908,0.0037939399396327844,True,False,0.15486432825943083,2,1,38.177123355865476,False,True,41.743095453758805,52.250165453342156,Atencao,Atencao: foco visual fora da direcao,26.618975757943453
1777740913.5490031,2545,True,0.04925501313844719,0.09870076803649745,0.07397789058747233,0.002677110968303383,True,False,0.15562913907284767,2,1,38.328495860099785,False,True,41.85582556581534,52.25165562913907,Atencao,Atencao: foco visual fora da direcao,26.616079830338723
1777740913.5992064,2546,True,0.051595464532865384,0.07862711025112083,0.06511128739199311,0.00400727447153036,True,False,0.1562913907284768,2,1,37.82614300251007,False,True,41.92176752558486,52.25165562913907,Atencao,Atencao: foco visual fora da direcao,25.946329135779035
1777740913.6372032,2547,True,0.061557639831678064,0.08196182319542482,0.07175973151355144,0.002305502153806848,True,False,0.15695364238410597,2,1,38.17443299293518,False,True,42.030241627755125,52.25165562913907,Atencao,Atencao: foco visual fora da direcao,25.91634459708804
1777740913.674336,2548,True,0.04068915787099765,0.060558754763597296,0.05062395631729748,0.00331501828338331,True,False,0.1576158940397351,2,1,37.42451117038726,False,True,42.083805139276734,52.25165562913907,Atencao,Atencao: foco visual fora da direcao,26.056868460448477
1777740913.7230067,2549,True,0.0615598101456236,0.0573960939614367,0.05947795205353015,0.002372447151832735,True,False,0.15817339510258108,2,1,38.28146772384643,False,True,42.20330936309101,52.250165453342156,Atencao,Atencao: foco visual fora da direcao,25.512357307365317
1777740913.7641335,2550,True,0.05487314179256415,0.09865424437673617,0.07676369308465016,0.002777038345019773,True,False,0.15873015873015872,2,1,37.7605979681015,False,True,42.25382087409569,52.24867724867725,Atencao,Atencao: foco visual fora da direcao,25.372381193815556
1777740913.8044467,2551,True,0.0675066837265853,0.0982592612398012,0.08288297248319325,0.002490122332412357,True,False,0.15928618638466624,2,1,38.01771366596222,False,True,42.34313046148351,52.247191011235955,Atencao,Atencao: foco visual fora da direcao,25.2868084914458
1777740913.845152,2552,True,0.07080411532751535,0.11959521669078536,0.09519966600915036,0.00316682238851744,True,False,0.15984147952443858,2,2,37.41041176319122,False,True,58.389118173063665,52.24570673712021,Atencao,Risco: olhos fechados por tempo prolongado,25.26625397275704
1777740914.0763233,2553,True,0.06617578912577678,0.08747823619676441,0.0768270126612706,0.002280483949846198,True,False,0.1610337972166998,2,2,38.71590104103088,False,True,58.61833631964156,52.25314777998675,Atencao,Risco: olhos fechados por tempo prolongado,23.172148727669477
1777740914.113424,2554,True,0.06322214723773745,0.09768172834578476,0.0804519377917611,0.0024616659933637645,True,False,0.16169648774022533,2,2,38.37648251056671,False,True,58.69248534010311,52.25314777998675,Atencao,Risco: olhos fechados por tempo prolongado,23.576274060340666
1777740914.1534157,2555,True,0.07020032199659734,0.09504000923885501,0.08262016561772617,0.0034592907563398695,True,False,0.16235917826375082,2,2,38.48837676048279,False,True,58.78919999958367,52.25314777998675,Atencao,Risco: olhos fechados por tempo prolongado,23.70584999470577
1777740914.1896021,2556,True,0.06692493155562937,0.09581801457168092,0.08137147306365514,0.0034521008197783464,True,False,0.16302186878727634,2,2,38.282088494300844,False,True,58.87000553325933,52.25314777998675,Atencao,Risco: olhos fechados por tempo prolongado,24.115429079017787
1777740914.2258148,2557,True,0.06052900521839052,0.10222028342397735,0.08137464432118394,0.0029210190624225927,True,False,0.16368455931080186,2,2,38.204136633872984,False,True,58.95722788722269,52.25314777998675,Atencao,Risco: olhos fechados por tempo prolongado,24.437045127792246
1777740914.2635086,2558,True,0.05339389562349714,0.10803608849903587,0.0807149920612665,0.0048358364950447895,True,False,0.16434724983432736,2,2,38.26339349746704,False,True,59.05131067738716,52.25314777998675,Atencao,Risco: olhos fechados por tempo prolongado,24.666472698244597
1777740914.3033643,2559,True,0.05653864317551897,0.10957629142494403,0.0830574673002315,0.003730516991540406,True,False,0.16500994035785288,2,2,38.47120225429534,False,True,59.152821062213334,52.25314777998675,Atencao,Risco: olhos fechados por tempo prolongado,24.701482775781606
1777740914.3366308,2560,True,0.05652685506185919,0.11030409233672234,0.08341547369929077,0.003285151938354006,True,False,0.1656726308813784,2,2,38.3032942533493,False,True,59.23554560915078,52.25314777998675,Atencao,Risco: olhos fechados por tempo prolongado,25.230608676007186
1777740914.3714328,2561,True,0.06136237288872812,0.10920033603489185,0.08528135446180998,0.003494028692772479,True,False,0.1663353214049039,2,2,38.05300381183624,False,True,59.31415103405989,52.25314777998675,Atencao,Risco: olhos fechados por tempo prolongado,25.61139278992062
1777740914.4138865,2562,True,0.06920383828788776,0.1076092906141891,0.08840656445103842,0.0031837203110617724,True,False,0.16699801192842942,2,2,37.820112752914426,False,True,59.39362642809856,52.25314777998675,Atencao,Risco: olhos fechados por tempo prolongado,25.380191346384695
1777740914.4535055,2563,True,0.0658875854334051,0.1065866964771757,0.08623714095529039,0.003741449408957903,True,False,0.16766070245195494,2,2,37.666290426254264,False,True,59.47705525875031,52.25314777998675,Atencao,Risco: olhos fechados por tempo prolongado,25.391274291120418
1777740914.4899077,2564,True,0.06444358154386551,0.10585495903587587,0.08514927028987068,0.003681540768332953,True,False,0.16832339297548046,2,2,37.67520565986633,False,True,59.56862096741567,52.25314777998675,Atencao,Risco: olhos fechados por tempo prolongado,25.58178444615649
1777740914.52718,2565,True,0.060149301774915384,0.09813541965125003,0.0791423607130827,0.0031425680600217385,True,False,0.16898608349900596,2,2,38.165774607658385,False,True,59.68426936179003,52.25314777998675,Atencao,Risco: olhos fechados por tempo prolongado,25.701727889822642
1777740914.5642695,2566,True,0.05642598637935573,0.09624388136914991,0.07633493387425282,0.0028540836136986534,True,False,0.16964877402253148,2,2,38.475624036788936,False,True,59.79088178023132,52.25314777998675,Atencao,Risco: olhos fechados por tempo prolongado,25.820008998540757
1777740914.6039548,2567,True,0.06499123276983489,0.10110244117060704,0.08304683697022097,0.002790605995927088,True,False,0.170311464546057,2,2,38.341609716415405,False,True,59.8753010111974,52.25314777998675,Atencao,Risco: olhos fechados por tempo prolongado,25.748501963892384
1777740914.6502404,2568,True,0.05860408391825404,0.10039871939875052,0.07950140165850228,0.002358265878671812,True,False,0.17108753315649866,2,2,38.79538111686706,False,True,60.00469901515571,52.254641909814325,Risco por fadiga,Risco: olhos fechados por tempo prolongado,25.36130421746289
1777740914.6851547,2569,True,0.05846272680033727,0.10339325194600986,0.08092798937317357,0.002729532099300285,True,False,0.17175066312997347,2,2,37.683164954185486,False,True,60.040268578374416,52.254641909814325,Risco por fadiga,Risco: olhos fechados por tempo prolongado,25.630899723635004
1777740914.72429,2570,True,0.07366751403621788,0.0902039550682154,0.08193573455221664,0.0033024229965156844,True,False,0.1724137931034483,2,2,38.18102221488952,False,True,60.15634181276241,52.254641909814325,Risco por fadiga,Risco: olhos fechados por tempo prolongado,25.667136526864983
1777740914.7591953,2571,True,0.0646642899170539,0.12070630862650741,0.09268529927178065,0.0029680227253423455,True,False,0.17307692307692307,2,2,38.5603985786438,False,True,60.2664910023029,52.254641909814325,Risco por fadiga,Risco: olhos fechados por tempo prolongado,25.860673062011486
1777740914.7976942,2572,True,0.060913792089815934,0.11442709588119514,0.08767044398550554,0.003353422356192054,True,False,0.17374005305039789,2,2,37.891747903823855,False,True,60.3242388399147,52.254641909814325,Risco por fadiga,Risco: olhos fechados por tempo prolongado,25.972103015596232
1777740914.837654,2573,True,0.06060290976776674,0.1082628047443748,0.08443285725607078,0.0037493844742981807,True,False,0.17440318302387267,2,2,38.133881211280816,False,True,60.427525876640324,52.254641909814325,Risco por fadiga,Risco: olhos fechados por tempo prolongado,25.852974084592788
1777740914.8747742,2574,True,0.06009852379056994,0.10917053623282441,0.08463453001169717,0.00374294450563682,True,False,0.17506631299734748,2,2,38.250531339645384,False,True,60.524538754411346,52.254641909814325,Risco por fadiga,Risco: olhos fechados por tempo prolongado,25.986079998043863
1777740914.910666,2575,True,0.06255021268583015,0.10365454864822599,0.08310238066702808,0.003315953726841672,True,False,0.17572944297082227,2,2,38.210795164108276,False,True,60.61373231698727,52.254641909814325,Risco por fadiga,Risco: olhos fechados por tempo prolongado,26.158545314626465
1777740914.9479437,2576,True,0.052612709544891036,0.12009857913906065,0.08635564434197585,0.0035580325622618903,True,False,0.17639257294429708,2,2,38.00225427150726,False,True,60.69448564371,52.254641909814325,Risco por fadiga,Risco: olhos fechados por tempo prolongado,26.214373090609705
1777740914.985897,2577,True,0.060570905220735057,0.11444077004006556,0.0875058376304003,0.0035822006520992433,True,False,0.1770557029177719,2,2,37.601191067695616,False,True,60.76561285487221,52.254641909814325,Risco por fadiga,Risco: olhos fechados por tempo prolongado,26.233492621742755
1777740915.0213475,2578,True,0.06126912607535269,0.10248034168433418,0.08187473387984343,0.003635273898023342,True,False,0.17771883289124668,2,2,38.12691347599029,False,True,60.883079346639725,52.254641909814325,Risco por fadiga,Risco: olhos fechados por tempo prolongado,26.39012195081946
1777740915.0589402,2579,True,0.05906374605278606,0.12202546844486666,0.09054460724882636,0.0032066436325959204,True,False,0.1783819628647215,2,2,37.521999382972716,False,True,60.94401401334163,52.254641909814325,Risco por fadiga,Risco: olhos fechados por tempo prolongado,26.452914291832002
1777740915.0960097,2580,True,0.06858985987523619,0.10121491198559382,0.084902385930415,0.004039087522917056,True,False,0.17892644135188868,2,2,37.94456381797791,False,True,61.04000802707738,52.25314777998675,Risco por fadiga,Risco: olhos fechados por tempo prolongado,26.487912549752725
1777740915.1338532,2581,True,0.06442872515897971,0.10928375098426234,0.08685623807162102,0.0032943611866108296,True,False,0.17958913187541417,2,2,38.56789267063141,False,True,61.162294416694806,52.25314777998675,Risco por fadiga,Risco: olhos fechados por tempo prolongado,26.49668844986836
1777740915.1701505,2582,True,0.06483148059029573,0.1189635603966129,0.09189752049345432,0.0027693658046049493,True,False,0.1802518223989397,2,2,37.868393373489376,False,True,61.21843939882247,52.25314777998675,Risco por fadiga,Risco: olhos fechados por tempo prolongado,26.592688314910752
1777740915.2124856,2583,True,0.07068115938131235,0.10705280505841917,0.08886698221986576,0.0033487974107252352,True,False,0.18091451292246521,2,2,38.24635202884674,False,True,61.3284572785751,52.25314777998675,Risco por fadiga,Risco: olhos fechados por tempo prolongado,26.30048507789428
1777740915.252042,2584,True,0.06767890237453603,0.11711475549187171,0.09239682893320386,0.002603706313031183,True,False,0.1815772034459907,2,2,37.93448257446289,False,True,61.40398375284066,52.25314777998675,Risco por fadiga,Risco: olhos fechados por tempo prolongado,26.193026362497037
1777740915.289795,2585,True,0.06722755811156572,0.11268445357277293,0.08995600584216933,0.0030985056535291007,True,False,0.18223989396951623,2,2,37.80527498722076,False,True,61.48864332046331,52.25314777998675,Risco por fadiga,Risco: olhos fechados por tempo prolongado,26.22216207309069
1777740915.3269536,2586,True,0.06490804056428622,0.10760210525807991,0.08625507291118306,0.003463928589762937,True,False,0.18290258449304175,2,2,38.09107422828674,False,True,61.59405322950137,52.25314777998675,Risco por fadiga,Risco: olhos fechados por tempo prolongado,26.28949883578631
1777740915.3650029,2587,True,0.06241628689025275,0.11989245150282138,0.09115436919653706,0.0028330828100629674,True,False,0.18356527501656728,2,2,37.8444839477539,False,True,61.67284366245949,52.25314777998675,Risco por fadiga,Risco: olhos fechados por tempo prolongado,26.288448839864564
1777740915.4033678,2588,True,0.06439125757781644,0.11255844036353883,0.08847484897067764,0.003266444694636667,True,False,0.18422796554009277,2,2,37.839373803138734,False,True,61.76370810221348,52.25314777998675,Risco por fadiga,Risco: olhos fechados por tempo prolongado,26.227809064261734
1777740915.4434462,2589,True,0.06360776774284431,0.11837228000885522,0.09099002387584976,0.002609357492151001,True,False,0.18501326259946949,2,2,37.81559162139892,False,True,61.8704973387908,52.254641909814325,Risco por fadiga,Risco: olhos fechados por tempo prolongado,26.133780066503977
1777740915.4831474,2590,True,0.07414404713262535,0.1111245799038451,0.09263431351823523,0.002886604092115403,True,False,0.1856763925729443,2,2,38.533988046646115,False,True,61.99759753140593,52.254641909814325,Risco por fadiga,Risco: olhos fechados por tempo prolongado,26.01996463801843
1777740915.5192354,2591,True,0.06759207733138939,0.10874803732561215,0.08817005732850078,0.0026043015522772533,True,False,0.1863395225464191,2,2,38.31925189495087,False,True,62.07804109517396,52.254641909814325,Risco por fadiga,Risco: olhos fechados por tempo prolongado,26.232348531503288
1777740915.5623262,2592,True,0.07888619034241057,0.11376804092863699,0.09632711563552378,0.0029704638243020173,True,False,0.1870026525198939,2,2,38.272037935256954,False,True,62.16686076854205,52.254641909814325,Risco por fadiga,Risco: olhos fechados por tempo prolongado,25.89355389793077
1777740915.605836,2593,True,0.09361557984153655,0.11529135583262895,0.10445346783708276,0.0023502756216368364,True,False,0.1876657824933687,2,2,38.68287596702575,False,True,62.27858304148327,52.254641909814325,Risco por fadiga,Risco: olhos fechados por tempo prolongado,25.599324121185372
1777740915.6467824,2594,True,0.09914648117371071,0.1053995460668,0.10227301362025536,0.003524401558242058,True,False,0.1883289124668435,2,2,38.581977486610405,False,True,62.36471848881529,52.254641909814325,Risco por fadiga,Risco: olhos fechados por tempo prolongado,25.527764785542878
1777740915.6849902,2595,True,0.11584259961433484,0.10909806111941026,0.11247033036687254,0.002659634919291485,True,False,0.1889920424403183,2,2,39.25137982368469,False,True,62.48936897702179,52.254641909814325,Risco por fadiga,Risco: olhos fechados por tempo prolongado,25.545041532747394
1777740915.7381902,2596,True,0.1458570506208809,0.1273163142459901,0.1365866824334355,0.003130488777807487,True,False,0.1897810218978102,2,2,38.7370668888092,False,True,62.57213800568315,52.25613802256138,Risco por fadiga,Risco: olhos fechados por tempo prolongado,24.878897526498683
1777740915.7795556,2597,True,0.22435713652517086,0.2084124859839191,0.21638481125454498,0.0025066311328214574,False,False,0.1897810218978102,2,2,39.55058817863464,False,True,56.4529830597961,52.25613802256138,Atencao,Atencao: foco visual fora da direcao,24.820822574104326
1777740915.8265908,2598,True,0.228232116664118,0.23020837267374525,0.22922024466893162,0.004596783164723459,False,False,0.1897810218978102,2,2,39.42414755821228,False,True,56.44666102877498,52.25613802256138,Atencao,Atencao: foco visual fora da direcao,24.459046489755615
1777740915.867154,2599,True,0.24528906782645687,0.2622208489991151,0.25375495841278595,0.004511016276124724,False,False,0.1897810218978102,2,2,38.966321516036984,False,True,56.423769726666215,52.25613802256138,Atencao,Atencao: foco visual fora da direcao,24.44098630282382
1777740915.9075491,2600,True,0.23304287176238395,0.25302199343982995,0.24303243260110696,0.0032187059047356407,False,False,0.1897810218978102,2,2,39.338742589950556,False,True,56.4423907803619,52.25613802256138,Atencao,Atencao: foco visual fora da direcao,24.523594967431407
1777740915.9457262,2601,True,0.24476066510322178,0.28399785046989434,0.2643792577865581,0.003665501661394943,False,False,0.1899070385126162,2,2,39.74283003807068,False,True,56.47992243730373,52.257636122177956,Atencao,Atencao: foco visual fora da direcao,24.70452605783846
1777740915.99275,2602,True,0.2357429944184247,0.26764894413878537,0.25169596927860505,0.003495600116560459,False,False,0.1899070385126162,2,2,40.30474338531494,False,True,56.508018104665936,52.257636122177956,Atencao,Atencao: foco visual fora da direcao,24.338122907322475
1777740916.0289564,2603,True,0.2611412818905817,0.2905339716026887,0.2758376267466352,0.0039692475175998766,False,False,0.1899070385126162,2,2,40.08792734146118,False,True,56.49717730247325,52.257636122177956,Atencao,Atencao: foco visual fora da direcao,24.696717500586818
1777740916.0667377,2604,True,0.2525171424297392,0.2859317149607043,0.2692244286952218,0.0036598230576853383,False,False,0.1899070385126162,2,2,39.45072546005249,False,True,56.465317208402816,52.257636122177956,Atencao,Atencao: foco visual fora da direcao,24.889218669800243
1777740916.1024475,2605,True,0.2563312988962054,0.2948806354952668,0.27560596719573605,0.003951336539137015,False,False,0.1899070385126162,2,2,39.77714729309082,False,True,56.48163830005473,52.257636122177956,Atencao,Atencao: foco visual fora da direcao,25.177943415756076
1777740916.1375484,2606,True,0.2578367700167848,0.3062713270545107,0.28205404853564775,0.004421279350588088,False,False,0.1899070385126162,2,2,39.70338697433471,False,True,56.47795028411693,52.257636122177956,Atencao,Atencao: foco visual fora da direcao,25.51907262891301
1777740916.1734986,2607,True,0.25814621982735814,0.29297265517815685,0.27555943750275746,0.0037635881032449235,False,False,0.1897810218978102,2,2,39.455299806594844,False,True,56.44821864119411,52.25613802256138,Atencao,Atencao: foco visual fora da direcao,25.727049892859004
1777740916.210423,2608,True,0.2560140360659969,0.3045231078226643,0.2802685719443306,0.003252243748949527,False,False,0.1897810218978102,2,2,39.64955053329467,False,True,56.4579311775291,52.25613802256138,Atencao,Atencao: foco visual fora da direcao,25.889073497569566
1777740916.2454755,2609,True,0.26164539434694023,0.31795225336598515,0.2897988238564627,0.0033748184467706646,False,False,0.1897810218978102,2,2,39.63826465606689,False,True,56.45736688366771,52.25613802256138,Atencao,Atencao: foco visual fora da direcao,26.096766601762596
1777740916.282515,2610,True,0.26707922613072976,0.29747293536465014,0.28227608074768995,0.004147538288383856,False,False,0.1897810218978102,2,2,40.04271388053894,False,True,56.477589344891314,52.25613802256138,Atencao,Atencao: foco visual fora da direcao,26.233437298405182
1777740916.317562,2611,True,0.2606646030898769,0.3003300984710527,0.2804973507804648,0.004739437255836101,False,False,0.1897810218978102,2,2,39.848939943313596,False,True,56.467900648030046,52.25613802256138,Atencao,Atencao: foco visual fora da direcao,26.45557806770709
1777740916.3616014,2612,True,0.2631677185058922,0.3136260222248892,0.28839687036539075,0.004671208522344906,False,False,0.1897810218978102,2,2,39.917159461975096,False,True,56.471311623963125,52.25613802256138,Atencao,Atencao: foco visual fora da direcao,26.071297249129003
1777740916.399639,2613,True,0.26790590501820694,0.3155304739599628,0.2917181894890849,0.0045297997082507984,False,False,0.1897810218978102,2,2,39.952492952346795,False,True,56.47307829848171,52.25613802256138,Atencao,Atencao: foco visual fora da direcao,26.098699923342657
1777740916.4364526,2614,True,0.2710137996578852,0.3114309179093549,0.29122235878362,0.005387452310217619,False,False,0.1897810218978102,2,2,39.889012575149536,False,True,56.469904279621844,52.25613802256138,Atencao,Atencao: foco visual fora da direcao,26.2023353190042
1777740916.472162,2615,True,0.2739830297799108,0.30916118240031754,0.2915721060901142,0.005080096001518518,False,False,0.1897810218978102,2,2,39.89588975906372,False,True,56.47024813881755,52.25613802256138,Atencao,Atencao: foco visual fora da direcao,26.32412660449431
1777740916.5090132,2616,True,0.27402664593708265,0.30833546760348507,0.29118105677028383,0.004852735011224069,False,False,0.1897810218978102,2,2,40.00270648002624,False,True,56.47558897486568,52.25613802256138,Atencao,Atencao: foco visual fora da direcao,26.46245711576003
1777740916.5458243,2617,True,0.27144233470286694,0.312033893269047,0.29173811398595695,0.004337628999722293,False,False,0.1897810218978102,2,2,40.07495317459106,False,True,56.47920130959392,52.25613802256138,Atencao,Atencao: foco visual fora da direcao,26.530895397834033
1777740916.586575,2618,True,0.2693336780267283,0.3203591608831357,0.294846419454932,0.0051778380148252015,False,False,0.1897810218978102,2,2,39.77946214675903,False,True,56.46442675820232,52.25613802256138,Atencao,Atencao: foco visual fora da direcao,26.33555711540634
1777740916.6384504,2619,True,0.27135323971540243,0.3141976894607325,0.29277546458806747,0.004831841220819491,False,False,0.1897810218978102,2,2,40.105820894241326,False,True,56.48074469557643,52.25613802256138,Atencao,Atencao: foco visual fora da direcao,25.62901388034017
1777740916.6816416,2620,True,0.2703361384751058,0.31995693309182616,0.29514653578346595,0.005656185297375157,False,False,0.1892430278884462,2,2,39.99385004043579,False,True,56.401171976598604,52.257636122177956,Atencao,Atencao: foco visual fora da direcao,25.382096019784285
1777740916.7188725,2621,True,0.276986711974183,0.30727794902416455,0.29213233049917375,0.00640812334433357,False,False,0.18911745189117452,2,2,40.46891818046569,False,True,56.40765868397525,52.25613802256138,Atencao,Atencao: foco visual fora da direcao,25.541310918321074
1777740916.7702177,2622,True,0.27696461197151545,0.31355314173850074,0.29525887685500807,0.005864656844581493,False,False,0.18791500664010624,2,2,39.979218053817746,False,True,56.21783745562096,52.257636122177956,Atencao,Atencao: foco visual fora da direcao,24.93008559748451
1777740916.8109536,2623,True,0.2683014823494888,0.3337791328460941,0.30104030759779143,0.0054372980475151525,False,False,0.18725099601593626,2,2,39.430922174453734,False,True,56.09912120082938,52.257636122177956,Atencao,Atencao: foco visual fora da direcao,24.828969478643053
1777740916.8538437,2624,True,0.2627304038496387,0.33150243656654277,0.2971164202080907,0.005662050935059174,False,False,0.18658698539176627,2,2,39.325073623657225,False,True,56.002527312466185,52.257636122177956,Atencao,Atencao: foco visual fora da direcao,24.741993714736317
1777740916.891688,2625,True,0.2520672266347982,0.2979189236743475,0.27499307515457283,0.003174995371702063,False,False,0.18592297476759628,2,2,39.48505430221557,False,True,55.919224885570735,52.257636122177956,Atencao,Atencao: foco visual fora da direcao,24.905391173338447
1777740916.930506,2626,True,0.2598817463519842,0.2903852096948866,0.2751334780234354,0.004155146443215493,False,False,0.1852589641434263,2,2,39.15879383087158,False,True,55.81161040118016,52.257636122177956,Atencao,Atencao: foco visual fora da direcao,25.005914962850294
1777740916.9724069,2627,True,0.264167734980284,0.29573452814794843,0.2799511315641162,0.0035794777984073695,False,False,0.1845949535192563,2,2,38.99575242996215,False,True,55.71215687031132,52.257636122177956,Atencao,Atencao: foco visual fora da direcao,24.857788615422184
1777740917.0137324,2628,True,0.26021147766098984,0.30714156599669207,0.28367652182884096,0.0027025441588862395,False,False,0.18393094289508632,2,2,39.29635081291198,False,True,55.63588532863543,52.257636122177956,Atencao,Atencao: foco visual fora da direcao,24.814047977229045
1777740917.056291,2629,True,0.26107277801828616,0.3008259814801946,0.2809493797492404,0.004248940917712279,False,False,0.18272425249169436,2,2,39.25362901687622,False,True,55.46782930836725,52.25913621262458,Atencao,Atencao: foco visual fora da direcao,24.688083894950903
1777740917.1017244,2630,True,0.256659945375228,0.30418395757854894,0.2804219514768885,0.004235413546410977,False,False,0.18205980066445182,2,2,39.29800734519958,False,True,55.37868609853757,52.25913621262458,Atencao,Atencao: foco visual fora da direcao,24.42722943654466
1777740917.1514723,2631,True,0.26564922464141827,0.3017529837357182,0.2837011041885682,0.005171845321630388,False,False,0.1813953488372093,2,2,39.25755233764649,False,True,55.28530122191407,52.25913621262458,Atencao,Atencao: foco visual fora da direcao,24.001916744884678
1777740917.1929362,2632,True,0.26008549080978044,0.30576622045546914,0.2829258556326248,0.0063415528008281515,False,False,0.18073089700996678,2,2,39.27693376541138,False,True,55.19490816705647,52.25913621262458,Atencao,Atencao: foco visual fora da direcao,23.990446482035754
1777740917.2315652,2633,True,0.2569848313405952,0.31089610013724317,0.2839404657389192,0.005901372528155528,False,False,0.18006644518272424,2,2,39.3219030380249,False,True,55.10579450444129,52.25913621262458,Atencao,Atencao: foco visual fora da direcao,24.198270410653702
1777740917.2723932,2634,True,0.26049163453926066,0.309896468871009,0.28519405170513484,0.00450523458279523,False,False,0.1799468791500664,2,2,39.253319597244264,False,True,55.085925002911814,52.257636122177956,Atencao,Atencao: foco visual fora da direcao,24.213032057215898
1777740917.3107812,2635,True,0.2614313782070699,0.30850706003270706,0.2849692191198885,0.004965514356394294,False,False,0.17928286852589642,2,2,39.25068674087524,False,True,54.99449189926999,52.257636122177956,Atencao,Atencao: foco visual fora da direcao,24.394485691320938
1777740917.3513222,2636,True,0.26124610374973195,0.30874943217097783,0.2849977679603549,0.004793036006866272,False,False,0.17807308970099667,2,2,39.23408966064453,False,True,54.82731745683474,52.25913621262458,Atencao,Atencao: foco visual fora da direcao,24.439293150326826
1777740917.391982,2637,True,0.2634572316580007,0.3168783526619058,0.29016779215995325,0.0049893131296236265,False,False,0.17740863787375416,2,2,39.324223041534424,False,True,54.74046199963338,52.25913621262458,Atencao,Atencao: foco visual fora da direcao,24.437551157648272
1777740917.4299736,2638,True,0.2600867084447653,0.31655119638645823,0.2883189524156118,0.00463431995260715,False,False,0.17674418604651163,2,2,39.0967734336853,False,True,54.63772739299508,52.25913621262458,Atencao,Atencao: foco visual fora da direcao,24.649619862576266
1777740917.4693398,2639,True,0.26693582445727077,0.3136364684765188,0.29028614646689477,0.0039965827625357345,False,False,0.17662682602921648,2,2,39.24360098838806,False,True,54.62893176835213,52.257636122177956,Atencao,Atencao: foco visual fora da direcao,24.677484768037147
1777740917.5113308,2640,True,0.2609297374807458,0.3197899161889827,0.2903598268348643,0.004098445328385077,False,False,0.17541528239202658,2,2,39.37630639076233,False,True,54.46897978835724,52.25913621262458,Atencao,Atencao: foco visual fora da direcao,24.598999895766788
1777740917.5535595,2641,True,0.2618927878602778,0.3169662256260029,0.2894295067431404,0.004722454347141332,False,False,0.17475083056478405,2,2,39.27249073982239,False,True,54.37242687956439,52.25913621262458,Atencao,Atencao: foco visual fora da direcao,24.527792791324497
1777740917.610989,2642,True,0.26304471184950284,0.31415801680385497,0.28860136432667893,0.004589453039843084,False,False,0.17408637873754154,2,2,39.37649393081665,False,True,54.28626491286826,52.25913621262458,Atencao,Atencao: foco visual fora da direcao,23.802165024676075
1777740917.656489,2643,True,0.26313407282807977,0.3162579084900182,0.289695990659049,0.004206114618778535,False,False,0.173421926910299,2,2,39.237319469451904,False,True,54.18794406355418,52.25913621262458,Atencao,Atencao: foco visual fora da direcao,23.60987858725499
1777740917.7012446,2644,True,0.26014001138091913,0.3178421154758606,0.28899106342838987,0.0042867299923578855,False,False,0.17220744680851063,2,2,39.3604118347168,False,True,54.02710766782151,52.26063829787234,Atencao,Atencao: foco visual fora da direcao,23.51800289279051
1777740917.751275,2645,True,0.2609702851585159,0.312475626686427,0.28672295592247143,0.004529139865441523,False,False,0.17154255319148937,2,2,39.23445615768432,False,True,53.92938701162947,52.26063829787234,Atencao,Atencao: foco visual fora da direcao,23.178291230806323
1777740917.8046103,2646,True,0.2663017301771882,0.3183424069337503,0.29232206855546927,0.005718940078283537,False,False,0.17087765957446807,2,2,39.110040712356565,False,True,53.83174336702265,52.26063829787234,Atencao,Atencao: foco visual fora da direcao,22.69169562740455
1777740917.8492537,2647,True,0.2685154445567878,0.33045892440908325,0.29948718448293554,0.004115727837852757,False,False,0.1702127659574468,2,2,39.30849370956421,False,True,53.75024314454261,52.26063829787234,Atencao,Atencao: foco visual fora da direcao,22.68767538282898
1777740917.8891041,2648,True,0.27140321818885127,0.3256199081344781,0.2985115631616647,0.004045444651186027,False,False,0.16954787234042554,2,2,39.44076952934265,False,True,53.665434063191114,52.26063829787234,Atencao,Atencao: foco visual fora da direcao,22.920145957230446
1777740917.9248662,2649,True,0.27363236908488137,0.32904269415930476,0.3013375316220931,0.0036719469423205716,False,False,0.16888297872340424,2,2,39.325974416732784,False,True,53.56827143522019,52.26063829787234,Atencao,Atencao: foco visual fora da direcao,23.456017714743595
1777740917.9623013,2650,True,0.2689807085506192,0.3246099275447686,0.2967953180476939,0.0037260245306896637,False,False,0.16821808510638298,2,2,39.33778471946716,False,True,53.477439078016474,52.26063829787234,Atencao,Atencao: foco visual fora da direcao,23.78838721980088
1777740918.0017843,2651,True,0.268968725079198,0.3215835882103865,0.29527615664479223,0.003426438076385228,False,False,0.1675531914893617,2,2,39.21906456947327,False,True,53.380080198176366,52.26063829787234,Atencao,Atencao: foco visual fora da direcao,23.957319200241113
1777740918.039349,2652,True,0.26729107342909453,0.3262459851820368,0.29676852930556563,0.004082706392394515,False,False,0.1668882978723404,2,2,39.12900371551513,False,True,53.28415428313803,52.26063829787234,Atencao,Atencao: foco visual fora da direcao,24.196883382102115
1777740918.076807,2653,True,0.2669124180431603,0.3244783288809553,0.29569537346205776,0.003962246294661532,False,False,0.16622340425531915,2,2,39.400184059143065,False,True,53.206290427979,52.26063829787234,Atencao,Atencao: foco visual fora da direcao,24.483884626930397
1777740918.1151445,2654,True,0.2644240299666134,0.30873597929699037,0.2865800046318019,0.0034195737862774654,False,False,0.16622340425531915,2,2,39.390034151077266,False,True,53.049280676549074,52.26063829787234,Atencao,Atencao: foco visual fora da direcao,24.61432449669563
1777740918.155842,2655,True,0.26985316935711556,0.3069100008358944,0.288381585096505,0.004564021904167692,False,False,0.16622340425531915,2,2,39.57386288642883,False,True,53.058472113316654,52.26063829787234,Atencao,Atencao: foco visual fora da direcao,24.609707376934843
1777740918.1955366,2656,True,0.26758890184487294,0.30774716986231676,0.28766803585359485,0.0049501168375819865,False,False,0.16622340425531915,2,2,39.531323480606076,False,True,53.05634514302552,52.26063829787234,Atencao,Atencao: foco visual fora da direcao,24.671580993924206
1777740918.236989,2657,True,0.26871962286581275,0.3031443803830423,0.28593200162442756,0.0033994127632903516,False,False,0.16622340425531915,2,2,39.54212055206299,False,True,53.05688499659836,52.26063829787234,Atencao,Atencao: foco visual fora da direcao,24.609303842233658
1777740918.2771852,2658,True,0.26998217084935017,0.32618041007024223,0.2980812904597962,0.003383864076193823,False,False,0.16622340425531915,2,2,39.707832145690915,False,True,53.06517057627976,52.26063829787234,Atencao,Atencao: foco visual fora da direcao,24.659762608135104
1777740918.3148403,2659,True,0.28339539152394894,0.30112576003696256,0.2922605757804557,0.0049265612391448475,False,False,0.16622340425531915,2,2,39.78818597793579,False,True,53.069188267892,52.26063829787234,Atencao,Atencao: foco visual fora da direcao,24.815375659825683
1777740918.3548539,2660,True,0.28994620254378345,0.3240462462761526,0.306996224409968,0.005219527053130756,False,False,0.16622340425531915,2,2,39.788021612167356,False,True,53.06918004960358,52.26063829787234,Atencao,Atencao: foco visual fora da direcao,24.858370231986633
1777740918.3954544,2661,True,0.2925756844727295,0.3322549391351676,0.31241531180394855,0.004663604471380987,False,False,0.16622340425531915,2,2,39.81578912734985,False,True,53.07056842536271,52.26063829787234,Atencao,Atencao: foco visual fora da direcao,24.826514917631776
1777740918.4343762,2662,True,0.2953536658759425,0.33103407971976534,0.31319387279785393,0.004537126788175498,False,False,0.16622340425531915,2,2,39.67455945014953,False,True,53.06350694150269,52.26063829787234,Atencao,Atencao: foco visual fora da direcao,24.898624736501286
1777740918.471904,2663,True,0.2979576668294761,0.33421820837961574,0.3160879376045459,0.0043305799586685,False,False,0.16622340425531915,2,2,39.65769929885864,False,True,53.06266393393815,52.26063829787234,Atencao,Atencao: foco visual fora da direcao,25.087501110545325
1777740918.5114653,2664,True,0.2984782803818766,0.3387191136910325,0.3185986970364546,0.004743438353147465,False,False,0.16622340425531915,2,2,39.84591398239136,False,True,53.07207466811478,52.26063829787234,Atencao,Atencao: foco visual fora da direcao,25.115785357585985
1777740918.5514882,2665,True,0.29763423172551506,0.3395588221414144,0.31859652693346474,0.0054155371508932595,False,False,0.16622340425531915,2,2,39.755248880386354,False,True,53.06754141301453,52.26063829787234,Atencao,Atencao: foco visual fora da direcao,25.109712674068597
1777740918.5903516,2666,True,0.2956865183107928,0.3447977170763904,0.32024211769359157,0.005375848509087093,False,False,0.16622340425531915,2,2,39.886329078674315,False,True,53.07409542292893,52.26063829787234,Atencao,Atencao: foco visual fora da direcao,25.091238987527884
1777740918.6462083,2667,True,0.29617892348335983,0.355215330435099,0.3256971269592294,0.006586632632200117,False,False,0.16622340425531915,2,2,39.911228561401366,False,True,53.07534039706528,52.26063829787234,Atencao,Atencao: foco visual fora da direcao,24.3996029577605
1777740918.6881514,2668,True,0.29624905813293356,0.3448055184385225,0.320527288285728,0.0058444840378889095,False,False,0.16622340425531915,2,2,39.933323526382445,False,True,53.07644514531434,52.26063829787234,Atencao,Atencao: foco visual fora da direcao,24.328491353015846
1777740918.7288363,2669,True,0.29814473633411354,0.3488292508988886,0.3234869936165011,0.005460579865888443,False,False,0.16611295681063123,2,2,40.16201639175414,False,True,53.07269326493834,52.25913621262458,Atencao,Atencao: foco visual fora da direcao,24.368337478777573
1777740918.770416,2670,True,0.2910708310107492,0.3586179008688286,0.32484436593978894,0.0052788813440866915,False,False,0.16600265604249667,2,2,39.65454802513123,False,True,53.032153490988684,52.257636122177956,Atencao,Atencao: foco visual fora da direcao,24.351539694204018
1777740918.8075886,2671,True,0.29927655115849205,0.3432555820097871,0.3212660665841396,0.0045584844262989855,False,False,0.16589250165892502,2,2,40.01235899925232,False,True,53.034897811953634,52.25613802256138,Atencao,Atencao: foco visual fora da direcao,24.618168361645605
1777740918.8565087,2672,True,0.297647225256602,0.3461167054596461,0.3218819653581241,0.005307661246603421,False,False,0.16578249336870027,2,2,39.7256844997406,False,True,53.005437947072146,52.254641909814325,Atencao,Atencao: foco visual fora da direcao,24.19878512618726
1777740919.083941,2673,True,0.2984650959844731,0.3550301814524513,0.32674763871846224,0.005310234291294247,False,False,0.16633399866932802,2,2,40.077171039581295,False,True,53.0988442529005,52.26214238190286,Atencao,Atencao: foco visual fora da direcao,22.21832914206071
1777740919.1240494,2674,True,0.29197809351191745,0.35256745442912907,0.32227277397052323,0.006134360484016309,False,False,0.16633399866932802,2,2,39.93430972099304,False,True,53.091701186971086,52.26214238190286,Atencao,Atencao: foco visual fora da direcao,22.483050187550965
1777740919.1617806,2675,True,0.2963996147410033,0.34697241515725286,0.3216860149491281,0.004413393622955021,False,False,0.16633399866932802,2,2,39.86511130332946,False,True,53.088241266087906,52.26214238190286,Atencao,Atencao: foco visual fora da direcao,22.852333791502595
1777740919.2010143,2676,True,0.2966984155506814,0.3500427145061961,0.32337056502843875,0.005122048311044641,False,False,0.16633399866932802,2,2,39.82740845680237,False,True,53.086356123761554,52.26214238190286,Atencao,Atencao: foco visual fora da direcao,23.155031853465267
1777740919.2379458,2677,True,0.29591694995089063,0.34958002337155936,0.322748486661225,0.005682352457780126,False,False,0.16633399866932802,2,2,40.08839769363403,False,True,53.09940558560314,52.26214238190286,Atencao,Atencao: foco visual fora da direcao,23.515350212993894
1777740919.2783225,2678,True,0.29309856143453594,0.34593033027760617,0.319514445856071,0.004494429964209634,False,False,0.16633399866932802,2,2,39.93731679916382,False,True,53.091851540879624,52.26214238190286,Atencao,Atencao: foco visual fora da direcao,23.663346527309884
1777740919.316721,2679,True,0.29721345265235877,0.35025308209342443,0.3237332673728916,0.0044807379818584975,False,False,0.16633399866932802,2,2,39.82737970352173,False,True,53.08635468609752,52.26214238190286,Atencao,Atencao: foco visual fora da direcao,23.90577104638278
1777740919.3535554,2680,True,0.2979040147794699,0.35362001297782114,0.3257620138786455,0.005280849905428005,False,False,0.16633399866932802,2,2,39.681258535385126,False,True,53.07904862769069,52.26214238190286,Atencao,Atencao: foco visual fora da direcao,24.226132032673444
1777740919.3929665,2681,True,0.2980887193475254,0.3520416419780615,0.32506518066279344,0.004653871354779142,False,False,0.16633399866932802,2,2,39.773782300949094,False,True,53.08367481596889,52.26214238190286,Atencao,Atencao: foco visual fora da direcao,24.35178944736406
1777740919.4300308,2682,True,0.29436072194040325,0.35848522263396654,0.32642297228718486,0.004680910732737065,False,False,0.16633399866932802,2,2,39.650985622406004,False,True,53.07753498204173,52.26214238190286,Atencao,Atencao: foco visual fora da direcao,24.60110940058324
1777740919.4709888,2683,True,0.2981494706802278,0.35174820110046745,0.3249488358903476,0.005757000368679727,False,False,0.16633399866932802,2,2,39.69280061721802,False,True,53.079625731782336,52.26214238190286,Atencao,Atencao: foco visual fora da direcao,24.591876730952457
1777740919.5123518,2684,True,0.2994379314716956,0.3553474485190913,0.32739268999539345,0.005362102198293391,False,False,0.16633399866932802,2,2,39.56215815544128,False,True,53.0730936086935,52.26214238190286,Atencao,Atencao: foco visual fora da direcao,24.548638188707482
1777740919.551993,2685,True,0.2975141935685175,0.3570770697629414,0.32729563166572945,0.005196419554154933,False,False,0.16633399866932802,2,2,39.75414381027221,False,True,53.082692891435045,52.26214238190286,Atencao,Atencao: foco visual fora da direcao,24.634076260724992
1777740919.588378,2686,True,0.29711229524166766,0.3589397189143451,0.3280260070780064,0.005070257670662331,False,False,0.16633399866932802,2,2,39.42611994743347,False,True,53.06629169829311,52.26214238190286,Atencao,Atencao: foco visual fora da direcao,24.85972980379529
1777740919.631251,2687,True,0.29179547222676994,0.3546987368980949,0.32324710456243244,0.005254193094516528,False,False,0.16633399866932802,2,2,39.79628453254699,False,True,53.08479992754879,52.26214238190286,Atencao,Atencao: foco visual fora da direcao,24.730752031265027
1777740919.6726553,2688,True,0.2954330968940401,0.3510104941181339,0.323221795506087,0.006014082437931923,False,False,0.16633399866932802,2,2,39.62292628288269,False,True,53.07613201506557,52.26214238190286,Atencao,Atencao: foco visual fora da direcao,24.631372482150965
1777740919.7145944,2689,True,0.26311167486720655,0.2984365699655532,0.2807741224163799,0.004245299134018279,False,False,0.16633399866932802,2,2,39.31449627876282,False,True,53.06071051485957,52.26214238190286,Atencao,Atencao: foco visual fora da direcao,24.5979673803742
1777740919.7704349,2690,True,0.056289588191332486,0.08057937333633798,0.06843448076383524,0.005158492875994797,True,False,0.16711051930758988,2,2,38.281116890907285,False,True,53.1158131332278,52.26364846870839,Atencao,Atencao: foco visual fora da direcao,23.923419487049344
1777740919.815003,2691,True,0.05345955025378107,0.06040516849669347,0.056932359375237274,0.005973827109167517,True,False,0.1677762982689747,2,2,38.38679249286651,False,True,53.21264152051618,52.26364846870839,Atencao,Atencao: foco visual fora da direcao,23.789163177830215
1777740919.8554,2692,True,0.05356730347798678,0.08921696866688877,0.07139213607243777,0.006834304433523053,True,False,0.16844207723035953,2,2,38.560841894149775,False,True,53.31288859777075,52.26364846870839,Atencao,Atencao: foco visual fora da direcao,23.886744896214708
1777740919.8960018,2693,True,0.048600683557897456,0.08778259905051727,0.06819164130420736,0.006806031146943098,True,False,0.16910785619174434,2,2,38.44233245849609,False,True,53.398507733178484,52.26364846870839,Atencao,Atencao: foco visual fora da direcao,23.93373832815686
1777740919.936865,2694,True,0.050406758177724754,0.09382429947696727,0.07211552882734601,0.004740657645048856,True,False,0.16977363515312915,2,2,39.36731820106506,False,True,53.536301627497345,52.26364846870839,Atencao,Atencao: foco visual fora da direcao,24.00072803887739
1777740919.975929,2695,True,0.04980307314496413,0.09449287595728363,0.07214797455112387,0.006563746425468531,True,False,0.170439414114514,2,2,38.928428125381465,False,True,53.60590173090358,52.26364846870839,Atencao,Atencao: foco visual fora da direcao,24.165843068319816
1777740920.012657,2696,True,0.04255277648539492,0.10055644168835094,0.07155460908687293,0.005793309818230531,True,False,0.1711051930758988,2,2,38.93339900970459,False,True,53.697694882310145,52.26364846870839,Atencao,Atencao: foco visual fora da direcao,24.469444168963634
1777740920.0493386,2697,True,0.04827121391314064,0.09755543893338171,0.07291332642326118,0.005783602188430701,True,False,0.17177097203728361,2,2,38.925431346893305,False,True,53.78884110635999,52.26364846870839,Atencao,Atencao: foco visual fora da direcao,24.703529592097304
1777740920.086966,2698,True,0.05242164770973107,0.08523135821940375,0.06882650296456741,0.0038997372362274667,True,False,0.17243675099866845,2,2,38.91269536018371,False,True,53.87974891421493,52.26364846870839,Atencao,Atencao: foco visual fora da direcao,24.956050679455586
1777740920.1266768,2699,True,0.045814778037354495,0.09401383883844577,0.06991430843790014,0.005982907426616804,True,False,0.17310252996005326,2,2,39.25032539367675,False,True,53.98817502307999,52.26364846870839,Atencao,Atencao: foco visual fora da direcao,24.956190368291704
1777740920.1700745,2700,True,0.051056018363442535,0.09541719827860985,0.07323660832102619,0.005495529295303073,True,False,0.17376830892143807,2,2,39.24390697479247,False,True,54.07939870932619,52.26364846870839,Atencao,Atencao: foco visual fora da direcao,24.767876719793993
1777740920.209743,2701,True,0.04855918319721343,0.06392354276614783,0.05624136298168063,0.006601724817426913,True,False,0.1744340878828229,2,2,38.83671073913574,False,True,54.15058350473377,52.26364846870839,Atencao,Atencao: foco visual fora da direcao,24.822638484779127
1777740920.2449026,2702,True,0.051856928344907245,0.07598251019058899,0.06391971926774812,0.004516593665011322,True,False,0.17509986684420772,2,2,38.93972687721252,False,True,54.247278918828016,52.26364846870839,Atencao,Atencao: foco visual fora da direcao,25.189791503260217
1777740920.2812529,2703,True,0.04663323475411766,0.06113322378850496,0.05388322927131131,0.006323262301219948,True,False,0.17564870259481039,2,2,38.790523529052734,False,True,54.3152836671279,52.26214238190286,Atencao,Atencao: foco visual fora da direcao,25.41236357480046
1777740920.3164048,2704,True,0.058704696144125386,0.06680937378093563,0.0627570349625305,0.00437828482481475,True,False,0.1763140385894877,2,2,38.69615654945373,False,True,54.402049017416076,52.26214238190286,Atencao,Atencao: foco visual fora da direcao,25.691436833891494
1777740920.3497128,2705,True,0.062490897242448086,0.058575521453089786,0.060533209347768936,0.005640702169420282,True,False,0.17697937458416502,2,2,39.08196206092834,False,True,54.512822992257945,52.26214238190286,Atencao,Atencao: foco visual fora da direcao,26.14701419083937
1777740920.3878925,2706,True,0.05703426220453966,0.05622416803388822,0.05662921511921394,0.004564918748610657,True,False,0.17764471057884232,2,2,39.04542694091796,False,True,54.60247993552555,52.26214238190286,Atencao,Atencao: foco visual fora da direcao,26.139093009924437
1777740920.425821,2707,True,0.05461764796273988,0.05702651283830673,0.055822080400523305,0.0057251484157577245,True,False,0.17831004657351962,2,2,38.906085109710695,False,True,54.686996543233306,52.26214238190286,Atencao,Atencao: foco visual fora da direcao,26.17730261725214
1777740920.4629743,2708,True,0.0633894037833203,0.07865588694049616,0.07102264536190822,0.003430248049835314,True,False,0.17897538256819695,2,2,39.03457021713257,False,True,54.78490449787254,52.26214238190286,Atencao,Atencao: foco visual fora da direcao,26.276365669662102
1777740920.5009227,2709,True,0.06778877786165917,0.06475331469321184,0.0662710462774355,0.00455507308439584,True,False,0.17964071856287425,2,2,39.24495797157287,False,True,54.88690758486268,52.26214238190286,Atencao,Atencao: foco visual fora da direcao,26.280702849100194
1777740920.5369065,2710,True,0.05926837391681675,0.07953590551810379,0.06940213971746026,0.0033776343520962038,True,False,0.17964071856287425,2,2,39.32693099975586,False,True,54.89100623627183,52.26214238190286,Atencao,Atencao: foco visual fora da direcao,26.399915498509365
1777740920.5707774,2711,True,0.04583592730301573,0.07597902623249901,0.060907476767757374,0.0038033751602694066,True,False,0.17964071856287425,2,2,39.820782756805414,False,True,54.915698824124306,52.26214238190286,Atencao,Atencao: foco visual fora da direcao,26.725531793946136
1777740920.6135495,2712,True,0.05869634845194658,0.07419752545672648,0.06644693695433652,0.003701966460264533,True,False,0.17964071856287425,2,2,39.125187533551994,False,True,54.88091906296164,52.26214238190286,Atencao,Atencao: foco visual fora da direcao,26.402641322278093
1777740920.6632745,2713,True,0.06164670679201816,0.07910485981252323,0.07037578330227069,0.0041321431045304785,True,False,0.17964071856287425,2,2,39.74991149902344,False,True,54.91215526123521,52.26214238190286,Atencao,Atencao: foco visual fora da direcao,25.77714138235874
1777740920.7027924,2714,True,0.03927789278858318,0.09188134647525403,0.0655796196319186,0.005337199400567036,True,False,0.17964071856287425,2,2,39.232071765986355,False,True,54.88626327458336,52.26214238190286,Atencao,Atencao: foco visual fora da direcao,25.658459759497557
1777740920.7464192,2715,True,0.04063776536353315,0.08747212909201052,0.06405494722777183,0.0031763548710961385,True,False,0.17909454061251665,2,2,39.67636176781221,False,True,54.83337830650048,52.26364846870839,Atencao,Atencao: foco visual fora da direcao,25.447355646815826
1777740920.7842445,2716,True,0.03935998098927041,0.08280283200804953,0.061081406498659965,0.0046531839207840115,True,False,0.17964071856287425,2,2,39.64715971946716,False,True,54.907017672257396,52.26214238190286,Atencao,Atencao: foco visual fora da direcao,25.51895543365114
1777740920.8275566,2717,True,0.04628106707923773,0.088632087856472,0.06745657746785487,0.004283784666889728,True,False,0.17909454061251665,2,2,39.68694009780884,False,True,54.83390722300031,52.26364846870839,Atencao,Atencao: foco visual fora da direcao,25.26439475134352
1777740920.8655262,2718,True,0.04771258116875079,0.08295299736331638,0.06533278926603359,0.0038869791208014357,True,False,0.17909454061251665,2,2,39.76079740524292,False,True,54.837600088372014,52.26364846870839,Atencao,Atencao: foco visual fora da direcao,25.37925141418678
1777740920.9017863,2719,True,0.036569577250152384,0.07724361104607327,0.05690659414811283,0.005469047587784635,True,False,0.17909454061251665,2,2,39.885075620087704,False,True,54.843813999114246,52.26364846870839,Atencao,Atencao: foco visual fora da direcao,25.618934309342446
1777740920.9369829,2720,True,0.044897208944325785,0.07544985265915176,0.060173530801738775,0.004607664822600898,True,False,0.17909454061251665,2,2,39.56902374245903,False,True,54.828011405232814,52.26364846870839,Atencao,Atencao: foco visual fora da direcao,25.911989503233123
1777740920.9736574,2721,True,0.036933668255629264,0.08440003838007033,0.060666853317849795,0.004837734653640859,True,False,0.17909454061251665,2,2,39.735170481421726,False,True,54.83631874218095,52.26364846870839,Atencao,Atencao: foco visual fora da direcao,26.026938108181124
1777740921.009702,2722,True,0.040289078305892054,0.09025465315696107,0.06527186573142657,0.004866336447130479,True,False,0.17909454061251665,2,2,39.79105131734501,False,True,54.839112783977114,52.26364846870839,Atencao,Atencao: foco visual fora da direcao,26.19338389770027
1777740921.045905,2723,True,0.042663607834905866,0.08865166679530978,0.06565763731510782,0.0044221134931657176,True,False,0.17964071856287425,2,2,39.4987748010592,False,True,54.899598426337,52.26214238190286,Atencao,Atencao: foco visual fora da direcao,26.32266501231188
1777740921.081455,2724,True,0.03526862712083596,0.0909507995134415,0.06310971331713873,0.004530882289540583,True,False,0.17964071856287425,2,2,40.02001692598516,False,True,54.925660532583294,52.26214238190286,Atencao,Atencao: foco visual fora da direcao,26.521872037902007
1777740921.117253,2725,True,0.044459255089442186,0.08835495575153783,0.06640710542049001,0.004659040540989935,True,False,0.17964071856287425,2,2,39.68047213066708,False,True,54.90868329281739,52.26214238190286,Atencao,Atencao: foco visual fora da direcao,26.671739302391185
1777740921.153546,2726,True,0.047852033921527586,0.09265220657555776,0.07025212024854267,0.006109344009441665,True,False,0.17964071856287425,2,2,40.08628952015529,False,True,54.9289741622918,52.26214238190286,Atencao,Atencao: foco visual fora da direcao,26.75818775937127
1777740921.1906726,2727,True,0.051364877335860946,0.09176488525510562,0.07156488129548329,0.004870623815332592,True,False,0.17964071856287425,2,2,39.704300579699606,False,True,54.90987471526902,52.26214238190286,Atencao,Atencao: foco visual fora da direcao,26.76656524295974
1777740921.2267027,2728,True,0.04852540698341014,0.09280899290245533,0.07066719994293273,0.00532611953783701,True,False,0.17964071856287425,2,2,39.80715474919839,False,True,54.915017423743954,52.26214238190286,Atencao,Atencao: foco visual fora da direcao,26.885211492562103
1777740921.2617576,2729,True,0.047273213162806554,0.07961694671710916,0.06344507993995785,0.004945627016595408,True,False,0.17964071856287425,2,2,39.73314079859039,False,True,54.911316726213556,52.26214238190286,Atencao,Atencao: foco visual fora da direcao,26.999648023930224
1777740921.298854,2730,True,0.054461688101993026,0.0715232016783343,0.06299244489016366,0.004044025083865628,True,False,0.17964071856287425,2,2,39.210278698531056,False,True,54.88517362121059,52.26214238190286,Atencao,Atencao: foco visual fora da direcao,27.024300684116813
1777740921.3445854,2731,True,0.05580971656871718,0.08219384727293204,0.06900178192082461,0.0034999232886123634,True,False,0.17964071856287425,2,2,39.59552998542785,False,True,54.90443618555543,52.26214238190286,Atencao,Atencao: foco visual fora da direcao,26.51457898342477
1777740921.3821242,2732,True,0.06104246129683644,0.0863503062529257,0.07369638377488107,0.005986711254142609,True,False,0.17964071856287425,2,2,39.84529900550842,False,True,54.91692463655946,52.26214238190286,Atencao,Atencao: foco visual fora da direcao,26.522716774818292
1777740921.4182615,2733,True,0.05462136116125981,0.09988032232651256,0.07725084174388619,0.005202257155522178,True,False,0.17964071856287425,2,2,39.569154516675255,False,True,54.9031174121178,52.26214238190286,Atencao,Atencao: foco visual fora da direcao,26.605166208202775
1777740921.45469,2734,True,0.05177365585376415,0.09289696969196745,0.0723353127728658,0.004696187441370395,True,False,0.17964071856287425,2,2,39.760530900955196,False,True,54.9126862313318,52.26214238190286,Atencao,Atencao: foco visual fora da direcao,26.705075024241022
1777740921.490381,2735,True,0.05621439876528548,0.09766858779747883,0.07694149328138215,0.005329466892322467,True,False,0.17964071856287425,2,2,39.34070167541503,False,True,54.89169477005479,52.26214238190286,Atencao,Atencao: foco visual fora da direcao,26.854646485252925
1777740921.5277066,2736,True,0.068132444959769,0.0983309547662837,0.08323169986302635,0.003781854643706534,True,False,0.17964071856287425,2,2,39.861139917373656,False,True,54.91771668215272,52.26214238190286,Atencao,Atencao: foco visual fora da direcao,26.835869834577178
1777740921.5622826,2737,True,0.07117512835879054,0.09277858863725813,0.08197685849802433,0.006923164514720904,True,False,0.17964071856287425,2,2,39.886467695236206,False,True,54.91898307104585,52.26214238190286,Atencao,Atencao: foco visual fora da direcao,27.061018368820537
1777740921.5992327,2738,True,0.06419639453430642,0.11268709823023611,0.08844174638227126,0.005174179475034188,True,False,0.17964071856287425,2,2,39.51593790054321,False,True,54.9004565813112,52.26214238190286,Atencao,Atencao: foco visual fora da direcao,27.080707419324547
1777740921.6387181,2739,True,0.07150389437418639,0.08977539818974738,0.08063964628196688,0.006065057231055667,True,False,0.17964071856287425,2,2,40.17049946784973,False,True,54.93318465967653,52.26214238190286,Atencao,Atencao: foco visual fora da direcao,26.860570199742426
1777740921.6874683,2740,True,0.06404755205757498,0.09326669260614161,0.07865712233185829,0.006676845928787787,True,False,0.17964071856287425,2,2,39.92814407348633,False,True,54.921066889958354,52.26214238190286,Atencao,Atencao: foco visual fora da direcao,26.212854378263465
1777740921.7295468,2741,True,0.061680214488449105,0.08781306218285222,0.07474663833565066,0.0042098718843836015,True,False,0.17964071856287425,2,2,39.81725339889526,False,True,54.9155223562288,52.26214238190286,Atencao,Atencao: foco visual fora da direcao,26.002880886714433
1777740921.7700188,2742,True,0.054320422573668335,0.09691671401703232,0.07561856829535032,0.005089861217591466,True,False,0.17964071856287425,2,2,40.19161896705627,False,True,54.93424063463685,52.26214238190286,Atencao,Atencao: foco visual fora da direcao,25.86427668798778
1777740921.807318,2743,True,0.054351914998826585,0.09335501132696215,0.07385346316289437,0.0066055193233902805,True,False,0.17964071856287425,2,3,40.078878211975095,False,True,61.928603596882795,52.26214238190286,Risco por fadiga,Risco: olhos fechados por tempo prolongado,25.932847850339275
1777740921.8546486,2744,True,0.05482048408058313,0.09430343249652705,0.0745619582885551,0.006002972086843408,True,False,0.17964071856287425,2,3,39.98036475181579,False,True,61.92367792387483,52.26214238190286,Risco por fadiga,Risco: olhos fechados por tempo prolongado,25.471982018372938
1777740921.8952498,2745,True,0.05558352574126038,0.08435489781885933,0.06996921178005985,0.006996569898023466,True,False,0.17964071856287425,2,3,40.129244518280025,False,True,61.93112191219804,52.26214238190286,Risco por fadiga,Risco: olhos fechados por tempo prolongado,25.415772662323185
1777740921.9327526,2746,True,0.05310123106730828,0.09006302080647004,0.07158212593688916,0.00582160124458721,True,False,0.17964071856287425,2,3,39.964350032806394,False,True,61.92287718792436,52.26214238190286,Risco por fadiga,Risco: olhos fechados por tempo prolongado,25.521511945888868
1777740921.9702241,2747,True,0.05220705093796716,0.09680376603093711,0.07450540848445214,0.005927720361081191,True,False,0.17964071856287425,2,3,39.9482361793518,False,True,61.92207149525163,52.26214238190286,Risco por fadiga,Risco: olhos fechados por tempo prolongado,25.611724716941474
1777740922.0103164,2748,True,0.0502096361128751,0.0796926954073028,0.06495116576008894,0.006308267612509061,True,False,0.17909454061251665,2,3,40.0707959651947,False,True,61.8531000163696,52.26364846870839,Risco por fadiga,Risco: olhos fechados por tempo prolongado,25.553223846984952
1777740922.0486367,2749,True,0.05781623912590525,0.07260224661902423,0.06520924287246474,0.00756829478529395,True,False,0.17909454061251665,2,3,40.43064284324645,False,True,61.871092360272186,52.26364846870839,Risco por fadiga,Risco: olhos fechados por tempo prolongado,25.62546990805207
1777740922.0902507,2750,True,0.06362484139729421,0.10478483578012529,0.08420483858870975,0.007351825559353426,True,False,0.17909454061251665,2,3,39.70827374458313,False,True,61.83497390533902,52.26364846870839,Risco por fadiga,Risco: olhos fechados por tempo prolongado,25.459544641440914
1777740922.1275787,2751,True,0.052571075075841196,0.09606008561595572,0.07431558034589845,0.005606381479208971,True,False,0.17909454061251665,2,3,39.91565227508544,False,True,61.84534283186414,52.26364846870839,Risco por fadiga,Risco: olhos fechados por tempo prolongado,25.582876300155558
1777740922.165204,2752,True,0.05531216556934274,0.10582576726623702,0.08056896641778988,0.006087646419736468,True,False,0.17909454061251665,2,3,39.84314122200012,False,True,61.841717279209874,52.26364846870839,Risco por fadiga,Risco: olhos fechados por tempo prolongado,25.691710526585585
1777740922.2037318,2753,True,0.05300252325644816,0.09292439918270222,0.07296346121957518,0.006943251241720348,True,False,0.17964071856287425,2,3,40.01242594718933,False,True,61.9252809836435,52.26214238190286,Risco por fadiga,Risco: olhos fechados por tempo prolongado,25.686839294037487
1777740922.2392802,2754,True,0.05829598939079538,0.09702214476041139,0.07765906707560338,0.006663496249605535,True,False,0.17964071856287425,2,3,39.919618082046505,False,True,61.92064059038636,52.26214238190286,Risco por fadiga,Risco: olhos fechados por tempo prolongado,25.955662670073245
1777740922.2835166,2755,True,0.05763252971768986,0.09926716840493374,0.0784498490613118,0.006286192244129774,True,False,0.17964071856287425,2,3,40.0440906047821,False,True,61.92686421652314,52.26214238190286,Risco por fadiga,Risco: olhos fechados por tempo prolongado,25.613983230846927
1777740922.3185737,2756,True,0.06490881415574752,0.0958470065837711,0.0803779103697593,0.006566769786466909,True,False,0.17964071856287425,2,3,39.84955320358276,False,True,61.91713734646318,52.26214238190286,Risco por fadiga,Risco: olhos fechados por tempo prolongado,25.894107510506668
1777740922.3566954,2757,True,0.06289755018561898,0.09650001156790868,0.07969878087676383,0.007070718649788481,True,False,0.17964071856287425,2,3,39.748373413085936,False,True,61.91207835693834,52.26214238190286,Risco por fadiga,Risco: olhos fechados por tempo prolongado,25.978994085324018
1777740922.3921304,2758,True,0.06300664064559128,0.1100991394345884,0.08655289004008984,0.0066857021762556125,True,False,0.17964071856287425,2,3,39.17677321434021,False,True,61.88349834700105,52.26214238190286,Risco por fadiga,Risco: olhos fechados por tempo prolongado,26.183816682858918
1777740922.4309278,2759,True,0.06086995338705881,0.10853454327823663,0.08470224833264772,0.0062542836421857,True,False,0.17964071856287425,2,3,39.677303886413576,False,True,61.908524880604716,52.26214238190286,Risco por fadiga,Risco: olhos fechados por tempo prolongado,26.13704139445611
1777740922.470567,2760,True,0.059780407187612315,0.07234010662496865,0.06606025690629048,0.006838636170805867,True,False,0.17964071856287425,2,3,40.01879930496216,False,True,61.925599651532146,52.26214238190286,Risco por fadiga,Risco: olhos fechados por tempo prolongado,26.070277360402557
1777740922.5063827,2761,True,0.056565988486851126,0.08180324299327911,0.06918461574006513,0.0063655129906716465,True,False,0.17964071856287425,2,3,39.74308581352234,False,True,61.911813976960154,52.26214238190286,Risco por fadiga,Risco: olhos fechados por tempo prolongado,26.228812830526998
1777740922.546465,2762,True,0.061355865822738054,0.09691150659367435,0.07913368620820621,0.005578369408110918,True,False,0.17964071856287425,2,3,40.0739116191864,False,True,61.928355267243354,52.26214238190286,Risco por fadiga,Risco: olhos fechados por tempo prolongado,26.107864288340206
1777740922.5847433,2763,True,0.057105159631250534,0.07758503206654356,0.06734509584889704,0.005790184045567923,True,False,0.17964071856287425,2,2,40.04544758796691,False,True,61.92693206568238,52.26214238190286,Risco por fadiga,Risco: olhos fechados por tempo prolongado,26.10188216409482
1777740922.6254263,2764,True,0.05568208821017297,0.09257502286407891,0.07412855553712594,0.006011218764135488,True,False,0.17964071856287425,2,2,40.00291676521301,False,True,61.92480552454469,52.26214238190286,Risco por fadiga,Risco: olhos fechados por tempo prolongado,25.97102869167756
1777740922.6748912,2765,True,0.05758396269969969,0.10095812433391309,0.07927104351680639,0.006815275730246929,True,False,0.17909454061251665,2,2,39.5895188331604,False,True,61.82903615976788,52.26364846870839,Risco por fadiga,Risco: olhos fechados por tempo prolongado,25.356817433152962
1777740922.725179,2766,True,0.06278947250407516,0.1007408527650184,0.08176516263454678,0.006256860746598326,True,False,0.17909454061251665,2,2,39.80054259300232,False,True,61.83958734775998,52.26364846870839,Risco por fadiga,Risco: olhos fechados por tempo prolongado,24.838602920723993
1777740922.7808146,2767,True,0.06830685521612943,0.06768567597440005,0.06799626559526474,0.006014065036986759,True,False,0.17909454061251665,2,2,40.337251329421996,False,True,61.86642278458096,52.26364846870839,Risco por fadiga,Risco: olhos fechados por tempo prolongado,24.1372452268427
1777740922.8404748,2768,True,0.05427864744331842,0.09198275601376997,0.07313070172854419,0.005811797357128596,True,False,0.17854763491005995,2,2,39.88937735557556,False,True,61.768829551800856,52.26515656229181,Risco por fadiga,Risco: olhos fechados por tempo prolongado,23.410310775853652
1777740922.8787227,2769,True,0.06046692152222043,0.10532024992410703,0.08289358572316373,0.004826380558812173,True,False,0.17854763491005995,2,2,39.624983644485475,False,True,61.75560986624635,52.26515656229181,Risco por fadiga,Risco: olhos fechados por tempo prolongado,23.681760041941207
1777740922.91803,2770,True,0.06928350603678934,0.10343786281276668,0.08636068442477801,0.0033723609237792176,True,False,0.17854763491005995,2,2,39.788830995559685,False,True,61.763802233800064,52.26515656229181,Risco por fadiga,Risco: olhos fechados por tempo prolongado,23.843583504234175
1777740922.95957,2771,True,0.07646399347209488,0.09556574548908212,0.08601486948058851,0.004388899899224771,True,False,0.178,2,2,40.312255716323854,False,True,61.71467366970502,52.266666666666666,Risco por fadiga,Risco: olhos fechados por tempo prolongado,23.881940534707105
1777740922.998128,2772,True,0.07826543932413987,0.09582971492628382,0.08704757712521186,0.005334824706154665,True,False,0.178,2,2,40.088515281677246,False,True,61.70348664797269,52.266666666666666,Risco por fadiga,Risco: olhos fechados por tempo prolongado,24.080720550504367
1777740923.038062,2773,True,0.08929682792396869,0.1038304928544412,0.09656366038920494,0.00453849016716007,True,False,0.178,2,2,39.9764319896698,False,True,61.69788248337232,52.266666666666666,Risco por fadiga,Risco: olhos fechados por tempo prolongado,24.18929611939074
1777740923.072989,2774,True,0.08730828220086904,0.098328722181408,0.09281850219113852,0.0044516011373951754,True,False,0.178,2,2,39.89443750381469,False,True,61.69378275907956,52.266666666666666,Risco por fadiga,Risco: olhos fechados por tempo prolongado,24.63383353392276
1777740923.109761,2775,True,0.08491621465966102,0.10287595090299603,0.09389608278132852,0.005002917247351561,True,False,0.178,2,2,39.61366815567016,False,True,61.679744291672336,52.266666666666666,Risco por fadiga,Risco: olhos fechados por tempo prolongado,24.871276905484226
1777740923.1489477,2776,True,0.09085424437532932,0.11246307518744048,0.1016586597813849,0.005437435724104645,True,False,0.178,2,2,39.74649715423584,False,True,61.68638574160062,52.266666666666666,Risco por fadiga,Risco: olhos fechados por tempo prolongado,24.94276714897412
1777740923.1872258,2777,True,0.09776389618815004,0.08913078526455388,0.09344734072635197,0.006780370768697136,True,False,0.178,2,2,40.17807745933533,False,True,61.707964756855596,52.266666666666666,Risco por fadiga,Risco: olhos fechados por tempo prolongado,25.046932410621423
1777740923.2297244,2778,True,0.10804227761840327,0.12196909641062542,0.11500568701451434,0.006013797051943914,True,False,0.178,2,2,38.83036441802978,False,True,61.64057910479031,52.266666666666666,Risco por fadiga,Risco: olhos fechados por tempo prolongado,24.90071304945505
1777740923.2679696,2779,True,0.10671525631755012,0.10761321795871363,0.10716423713813188,0.003344080746266575,True,False,0.17854763491005995,2,2,39.58305106163025,False,True,61.75351323710359,52.26515656229181,Risco por fadiga,Risco: olhos fechados por tempo prolongado,25.030356141162805
1777740923.3040006,2780,True,0.11562591929337089,0.0991282654172883,0.10737709235532959,0.006004774859172471,True,False,0.17854763491005995,2,2,40.04781823158264,False,True,61.77675159560121,52.26515656229181,Risco por fadiga,Risco: olhos fechados por tempo prolongado,25.336916984512875
1777740923.3393707,2781,True,0.10118669077643018,0.11195811110826122,0.1065724009423457,0.005673820445560489,True,False,0.17854763491005995,2,2,39.399882793426514,False,True,61.744354823693406,52.26515656229181,Risco por fadiga,Risco: olhos fechados por tempo prolongado,25.55200345390235
1777740923.3765218,2782,True,0.10676366752817586,0.11046954146661613,0.10861660449739599,0.003900614144442669,True,False,0.17854763491005995,2,2,40.21198143959045,False,True,61.7849597560016,52.26515656229181,Risco por fadiga,Risco: olhos fechados por tempo prolongado,25.747812040153363
1777740923.4124448,2783,True,0.10379111925365837,0.10074013204698899,0.10226562565032368,0.0055526126366099255,True,False,0.17854763491005995,2,2,40.332319498062134,False,True,61.79097665892518,52.26515656229181,Risco por fadiga,Risco: olhos fechados por tempo prolongado,25.947972011015622
1777740923.4486318,2784,True,0.11110907580591244,0.11539428647747814,0.11325168114169529,0.0057089465255392375,True,False,0.17854763491005995,2,2,39.79226851463318,False,True,61.76397410975374,52.26515656229181,Risco por fadiga,Risco: olhos fechados por tempo prolongado,26.11449969165802
1777740923.4841723,2785,True,0.11013450475502296,0.10446655839955857,0.10730053157729076,0.0031455913066058714,True,False,0.17854763491005995,2,2,40.19377589225769,False,True,61.78404947863496,52.26515656229181,Risco por fadiga,Risco: olhos fechados por tempo prolongado,26.32479180961592
1777740923.521386,2786,True,0.09915203739334458,0.10089432451718315,0.10002318095526386,0.005271313688905315,True,False,0.17854763491005995,2,2,40.268823242187494,False,True,61.78780184613145,52.26515656229181,Risco por fadiga,Risco: olhos fechados por tempo prolongado,26.389031531054002
1777740923.5576243,2787,True,0.11037422699676741,0.10477211398029225,0.10757317048852982,0.0056060530552231,True,False,0.17854763491005995,2,2,39.73546447753906,False,True,61.76113390789903,52.26515656229181,Risco por fadiga,Risco: olhos fechados por tempo prolongado,26.483698253859387
1777740923.595695,2788,True,0.09872413106752795,0.10216068771275492,0.10044240939014143,0.003538175549634598,True,False,0.17854763491005995,2,2,39.915011119842525,False,True,61.7701112400142,52.26515656229181,Risco por fadiga,Risco: olhos fechados por tempo prolongado,26.443529658141294
1777740923.647983,2789,True,0.09750417754534549,0.10883786925667939,0.10317102340101245,0.005477970079432659,True,False,0.178,2,2,39.59257354736328,False,True,61.67868956125699,52.266666666666666,Risco por fadiga,Risco: olhos fechados por tempo prolongado,25.721480996586024
1777740923.6878667,2790,True,0.10475521660561535,0.113301058239639,0.10902813742262718,0.0050492840510977,True,False,0.178,2,2,40.14741487503052,False,True,61.706431627640356,52.266666666666666,Risco por fadiga,Risco: olhos fechados por tempo prolongado,25.64542651104216
1777740923.7286446,2791,True,0.09993675288710763,0.08267369591027815,0.09130522439869289,0.007168299979147683,True,False,0.17854763491005995,2,2,40.19159064292908,False,True,61.78394021616853,52.26515656229181,Risco por fadiga,Risco: olhos fechados por tempo prolongado,25.498526851807327
1777740923.7700288,2792,True,0.10214411090844763,0.11084503924625115,0.10649457507734938,0.005592310424873932,True,False,0.17909454061251665,2,2,39.641998291015625,False,True,61.831660132660645,52.26364846870839,Risco por fadiga,Risco: olhos fechados por tempo prolongado,25.428420834355396
1777740923.8228552,2793,True,0.10269779913921029,0.11346914491234966,0.10808347202577998,0.004440106086604576,True,False,0.17964071856287425,2,2,40.0690016746521,False,True,61.92810977001664,52.26214238190286,Risco por fadiga,Risco: olhos fechados por tempo prolongado,24.783843169131845
1777740923.8618937,2794,True,0.11293993128224984,0.08899584854199538,0.1009678899121226,0.006771671970715291,True,False,0.18018617021276595,2,2,40.28688244819641,False,True,62.01400341055397,52.26063829787234,Risco por fadiga,Risco: olhos fechados por tempo prolongado,24.843910040189986
1777740924.0917163,2795,True,0.12428079230243329,0.1300943559717677,0.1271875741371005,0.00651685302720807,True,False,0.17878585723815876,2,2,39.12465939521789,False,True,60.96352568069643,51.867911941294196,Risco por fadiga,Risco: olhos fechados por tempo prolongado,22.793668918654816
1777740924.130803,2796,True,0.11565438765235274,0.11299372933545888,0.11432405849390581,0.006333063443861659,True,False,0.17945296864576385,2,2,39.92004036903381,False,True,61.09502254793293,51.80120080053369,Risco por fadiga,Risco: olhos fechados por tempo prolongado,23.115116078400092
1777740924.1706638,2797,True,0.11561995553163351,0.0962147266729795,0.10591734110230651,0.0070171964826093525,True,False,0.1801200800533689,2,2,40.33385887145996,False,True,61.20744129159993,51.73448965977318,Risco por fadiga,Risco: olhos fechados por tempo prolongado,23.302473732190943
1777740924.211474,2798,True,0.11645605809062873,0.12387068554674711,0.12016337181868791,0.00746972296423707,True,False,0.180787191460974,2,2,39.433179950714106,False,True,61.254135164108334,51.66777851901268,Risco por fadiga,Risco: olhos fechados por tempo prolongado,23.424102168855217
1777740924.252295,2799,True,0.10952290929414779,0.11439245173804947,0.11195768051609864,0.004862919381830967,True,False,0.18145430286857905,2,2,39.9184718132019,False,True,61.370127575778426,51.60106737825217,Risco por fadiga,Risco: olhos fechados por tempo prolongado,23.54282451497824
1777740924.2914548,2800,True,0.11046190106177686,0.08942340229660858,0.09994265167919272,0.005823621827102154,True,False,0.1821214142761841,2,2,40.54632673263549,False,True,61.4932481402958,51.60106737825217,Risco por fadiga,Risco: olhos fechados por tempo prolongado,23.74048038769407
1777740924.3281622,2801,True,0.10571510162309282,0.1132931696570402,0.1095041356400665,0.0058797992671587255,True,False,0.1827885256837892,2,2,39.282668542861934,False,True,61.521793049352816,51.60106737825217,Risco por fadiga,Risco: olhos fechados por tempo prolongado,24.085153463914928
1777740924.36151,2802,True,0.09437088333749218,0.1046448828144379,0.09950788307596503,0.004852357225589228,True,False,0.18345563709139426,2,2,39.81888031959534,False,True,61.64033145673518,51.60106737825217,Risco por fadiga,Risco: olhos fechados por tempo prolongado,24.587753042107405
1777740924.4018905,2803,True,0.11262530300829211,0.06687905115381973,0.08975217708105593,0.006105959922677333,True,False,0.18412274849899934,2,2,40.73883123397827,False,True,61.77805682100002,51.60106737825217,Risco por fadiga,Risco: olhos fechados por tempo prolongado,24.642696360635078
1777740924.4464533,2804,True,0.11367301177083786,0.10629070519793042,0.10998185848438413,0.006553000760499905,True,False,0.1847898599066044,2,2,39.52452570579268,False,True,61.809069363136445,51.60106737825217,Risco por fadiga,Risco: olhos fechados por tempo prolongado,24.44344264613969
1777740924.4836423,2805,True,0.10588334637632736,0.1043168005218692,0.10510007344909827,0.00466912545310202,True,False,0.18545697131420946,2,2,40.20092816352844,False,True,61.93461730456893,51.60106737825217,Risco por fadiga,Risco: olhos fechados por tempo prolongado,24.678009457007324
1777740924.5208468,2806,True,0.09705650208812093,0.0835736140706934,0.09031505807940717,0.005756102906664782,True,False,0.18612408272181455,2,2,40.40560474395752,False,True,62.036578952136075,51.60106737825217,Risco por fadiga,Risco: olhos fechados por tempo prolongado,24.89729705374267
1777740924.5586052,2807,True,0.10357952006340258,0.09390102935316032,0.09874027470828145,0.005919725522101498,True,False,0.1867911941294196,2,2,40.055411672592165,False,True,62.110797117113506,51.60106737825217,Risco por fadiga,Risco: olhos fechados por tempo prolongado,25.03488036875019
1777740924.5956883,2808,True,0.09616020112845321,0.08970030935483889,0.09293025524164605,0.007035682159945285,True,False,0.1874583055370247,2,2,40.15843939781188,False,True,62.2076763219202,51.60106737825217,Risco por fadiga,Risco: olhos fechados por tempo prolongado,25.253443666367435
1777740924.6356947,2809,True,0.10912708205939885,0.05689054097245354,0.08300881151592619,0.006295311718526597,True,False,0.18812541694462975,2,2,40.701973819732665,False,True,62.32658086156192,51.60106737825217,Risco por fadiga,Risco: olhos fechados por tempo prolongado,25.18382863916616
1777740924.672905,2810,True,0.09794361492550002,0.09933417507680309,0.09863889500115156,0.006401654943420553,True,False,0.1887925283522348,2,2,39.44234795570373,False,True,62.355327386906175,51.60106737825217,Risco por fadiga,Risco: olhos fechados por tempo prolongado,25.34312305326008
1777740924.7248054,2811,True,0.08771671548258024,0.11170638356445756,0.0997115495235189,0.005674040621966872,True,False,0.18958611481975968,2,2,40.044974660873415,False,True,62.49457686144933,51.60213618157543,Risco por fadiga,Risco: olhos fechados por tempo prolongado,24.73454295935089
1777740924.7679818,2812,True,0.11160211458104884,0.07359480427784525,0.09259845942944704,0.0062783028337707845,True,False,0.19025367156208278,2,2,40.30677671432495,False,True,62.59945601619134,51.60213618157543,Risco por fadiga,Risco: olhos fechados por tempo prolongado,24.61204949994166
1777740924.8125813,2813,True,0.09571977982011964,0.10803698732358274,0.1018783835718512,0.005715292943063216,True,False,0.1909212283044059,2,2,39.42146534919739,False,True,62.646979500004385,51.60213618157543,Risco por fadiga,Risco: olhos fechados por tempo prolongado,24.422601164943536
1777740924.8513536,2814,True,0.09788401262468195,0.1085188165357599,0.10320141458022092,0.004610334792379504,True,False,0.19158878504672897,2,2,40.20243191719055,False,True,62.777816880473466,51.60213618157543,Risco por fadiga,Risco: olhos fechados por tempo prolongado,24.5331718812315
1777740924.888091,2815,True,0.09658858830049218,0.06986194326278498,0.08322526578163858,0.007003617295034731,True,False,0.19225634178905207,2,2,40.18326034545898,False,True,62.86864735395631,51.60213618157543,Risco por fadiga,Risco: olhos fechados por tempo prolongado,24.8085240023753
1777740924.92303,2816,True,0.10127470887838282,0.10389339031042334,0.10258404959440308,0.005841427640841997,True,False,0.19292389853137518,2,2,39.626437187194824,False,True,62.932595248112534,51.60213618157543,Risco por fadiga,Risco: olhos fechados por tempo prolongado,25.203242761410362
1777740924.9608848,2817,True,0.10685996028479691,0.09966595081116732,0.10326295554798212,0.005607730676117756,True,False,0.19359145527369825,2,2,40.24490995407104,False,True,63.055307938525765,51.60213618157543,Risco por fadiga,Risco: olhos fechados por tempo prolongado,25.319284518403407
1777740924.9979358,2818,True,0.10797533183424389,0.06805298094019627,0.08801415638722007,0.006891121932361847,True,False,0.19425901201602136,2,2,40.7536696434021,False,True,63.172534975061744,51.60213618157543,Risco por fadiga,Risco: olhos fechados por tempo prolongado,25.442291461679915
1777740925.0355892,2819,True,0.06658213287891146,0.09082718970147706,0.07870466129019427,0.007714002578812967,True,False,0.19372077488309952,2,2,39.62218302217397,False,True,63.04195303822358,51.60320641282565,Risco por fadiga,Risco: olhos fechados por tempo prolongado,25.610000263335632
1777740925.0707786,2820,True,0.06111262591476838,0.051948920968807565,0.056530773441787974,0.005206557895302258,True,False,0.19372077488309952,2,2,40.27686343193054,False,True,63.07468705871141,51.60320641282565,Risco por fadiga,Risco: olhos fechados por tempo prolongado,25.879143526040412
1777740925.1064339,2821,True,0.054878729813868994,0.07502495904369372,0.06495184442878135,0.003984493904896259,True,False,0.19438877755511022,2,2,39.31869230703874,False,True,63.260468447261395,51.60320641282565,Risco por fadiga,Risco: olhos fechados por tempo prolongado,26.094619035424518
1777740925.1417298,2822,True,0.04985132042913302,0.0677423689745839,0.05879684470185846,0.005975441095940428,True,False,0.19492656875834447,2,2,39.67907429445873,False,True,63.35243383707711,51.60213618157543,Risco por fadiga,Risco: olhos fechados por tempo prolongado,26.31421952399854
1777740925.1771758,2823,True,0.03962864687792781,0.0748591510301192,0.0572438989540235,0.004920320496916554,True,False,0.19559412550066757,2,2,39.29215148253874,False,True,63.42487674855054,51.60213618157543,Risco por fadiga,Risco: olhos fechados por tempo prolongado,26.495072586799857
1777740925.2146325,2824,True,0.0780958219522752,0.09324825160273972,0.08567203677750745,0.0047279828584890935,True,False,0.19626168224299065,2,2,38.91871854717081,False,True,63.49799415385156,51.60213618157543,Risco por fadiga,Risco: olhos fechados por tempo prolongado,26.524734786811408
1777740925.2515497,2825,True,0.07937065239090187,0.08736611620576014,0.083368384298331,0.0067557989017912375,True,False,0.19692923898531375,2,2,39.948182664676146,False,True,63.641256411796256,51.60213618157543,Risco por fadiga,Risco: olhos fechados por tempo prolongado,26.584809830454812
1777740925.2980855,2826,True,0.07396554387233917,0.08618780027137472,0.08007667207185695,0.006717274248058547,True,False,0.19759679572763686,2,2,39.61981734037399,False,True,63.71662719765057,51.60213618157543,Risco por fadiga,Risco: olhos fechados por tempo prolongado,26.08751438741966
1777740925.3352358,2827,True,0.0781293310260433,0.0918376802656107,0.084983505645827,0.006561905997072967,True,False,0.19826435246995994,2,2,39.44212462414394,False,True,63.79953161390849,51.60213618157543,Risco por fadiga,Risco: olhos fechados por tempo prolongado,26.11664504537331
1777740925.372249,2828,True,0.09468712784445493,0.08050440235071946,0.0875957650975872,0.00645788092252004,True,False,0.19893190921228304,2,2,39.782224562493234,False,True,63.908325662895386,51.60213618157543,Risco por fadiga,Risco: olhos fechados por tempo prolongado,26.219391892244353
1777740925.409802,2829,True,0.0817346018496987,0.08580218054513082,0.08376839119741476,0.006867473555924521,True,False,0.19959946595460615,2,2,40.23480747016993,False,True,64.02274386034865,51.60213618157543,Risco por fadiga,Risco: olhos fechados por tempo prolongado,26.27879165745848
1777740925.446244,2830,True,0.07873716911212607,0.0982623184308337,0.08849974377147989,0.0071272107765440185,True,False,0.20026702269692923,2,2,39.47843676968054,False,True,64.0767143773936,51.60213618157543,Risco por fadiga,Risco: olhos fechados por tempo prolongado,26.399872011652192
1777740925.484174,2831,True,0.08438552058833189,0.092774443874575,0.08857998223145344,0.006261502688906073,True,False,0.20093457943925233,2,2,39.45567104112018,False,True,64.16736514303501,51.60213618157543,Risco por fadiga,Risco: olhos fechados por tempo prolongado,26.397773865675884
1777740925.520387,2832,True,0.0824821748951969,0.09110470291440012,0.08679343890479851,0.006484094925920931,True,False,0.20160213618157544,2,2,39.7638687941161,False,True,64.27456408275424,51.60213618157543,Risco por fadiga,Risco: olhos fechados por tempo prolongado,26.513280425678257
1777740925.557768,2833,True,0.08784538071678126,0.09535529357945835,0.0916003371481198,0.00655362367799351,True,False,0.20226969292389854,2,2,39.85235490907322,False,True,64.37077744057152,51.60213618157543,Risco por fadiga,Risco: olhos fechados por tempo prolongado,26.534877257408336
1777740925.5930824,2834,True,0.08803027913975527,0.09447637583897996,0.09125332748936761,0.006559291369436284,True,False,0.20293724966622162,2,2,40.16662374301389,False,True,64.47827993433796,51.60213618157543,Risco por fadiga,Risco: olhos fechados por tempo prolongado,26.72435007517699
1777740925.6297271,2835,True,0.07277781473017295,0.09637431785165117,0.08457606629091205,0.005730862093553034,True,False,0.20360480640854473,2,2,40.01841543750329,False,True,64.56265857113186,51.60213618157543,Risco por fadiga,Risco: olhos fechados por tempo prolongado,26.798262424478136
1777740925.680956,2836,True,0.05565275713308313,0.08012582465428764,0.06788929089368538,0.005305231018372224,True,False,0.20440881763527055,2,2,38.913819740035315,False,True,64.61798032993327,51.60320641282565,Risco por fadiga,Risco: olhos fechados por tempo prolongado,26.062531769570214
1777740925.7206023,2837,True,0.03507409615277852,0.06713336378526996,0.051103729969024236,0.004635899966179498,True,False,0.20507682030728122,2,2,39.408977300470525,False,True,64.7345885753565,51.60320641282565,Risco por fadiga,Risco: olhos fechados por tempo prolongado,25.94918005736125
1777740925.760735,2838,True,0.03716109866245858,0.07488566428587724,0.05602338147416791,0.005686542573466528,True,False,0.20574482297929192,2,2,39.60041741457852,False,True,64.83601094846337,51.60320641282565,Risco por fadiga,Risco: olhos fechados por tempo prolongado,25.842895217683274
1777740925.801142,2839,True,0.03299260281431899,0.0667167982229588,0.0498547005186389,0.004473519822990057,True,False,0.20641282565130262,2,2,39.059959276697846,False,True,64.9008384089708,51.60320641282565,Risco por fadiga,Risco: olhos fechados por tempo prolongado,25.73535521070478
1777740925.850719,2840,True,0.055908810085175266,0.10086794326255448,0.07838837667386488,0.005395637176132132,True,False,0.2070808283233133,2,2,39.15638701265509,False,True,64.99751016317015,51.60320641282565,Risco por fadiga,Risco: olhos fechados por tempo prolongado,25.196817582661037
1777740925.8885663,2841,True,0.06575920503901188,0.09665866981600568,0.08120893742750879,0.00705890595578578,True,False,0.20774883099532399,2,2,40.12492852210998,False,True,65.13778760604436,51.60320641282565,Risco por fadiga,Risco: olhos fechados por tempo prolongado,25.311654341967007
1777740925.929071,2842,True,0.06601858317237262,0.10306298287665443,0.08454078302451352,0.006806505299164149,True,False,0.20855614973262032,2,2,39.57672662734985,False,True,65.22138383768458,51.60427807486631,Risco por fadiga,Risco: olhos fechados por tempo prolongado,25.24754141960114
1777740925.9650583,2843,True,0.06297722211595849,0.11347640437581599,0.08822681324588724,0.005168702037213629,True,False,0.2092245989304813,2,2,39.566747976975,False,True,65.31279666987173,51.60427807486631,Risco por fadiga,Risco: olhos fechados por tempo prolongado,25.482702272897086
1777740926.0031242,2844,True,0.06640938577848969,0.09590906197176663,0.08115922387512817,0.006055266630353456,True,False,0.20989304812834225,2,2,40.03022723197937,False,True,65.42788239732783,51.60427807486631,Risco por fadiga,Risco: olhos fechados por tempo prolongado,25.58310188389275
1777740926.0385695,2845,True,0.05331363320487712,0.10187274914073662,0.07759319117280687,0.007182528312962179,True,False,0.21056149732620322,2,2,39.63080382347107,False,True,65.4998229916083,51.60427807486631,Risco por fadiga,Risco: olhos fechados por tempo prolongado,25.84755331922938
1777740926.0766566,2846,True,0.06021361282878012,0.09884093125074174,0.07952727203976093,0.006614211284781246,True,False,0.21122994652406418,2,2,39.81194176673889,False,True,65.60079165347757,51.60427807486631,Risco por fadiga,Risco: olhos fechados por tempo prolongado,25.909939336163767
1777740926.112714,2847,True,0.07646046706104181,0.09226877039639361,0.08436461872871771,0.006728050402346601,True,False,0.21189839572192512,2,2,40.20873231887817,False,True,65.71254294579042,51.60427807486631,Risco por fadiga,Risco: olhos fechados por tempo prolongado,26.082048037951225
1777740926.1572425,2848,True,0.05560603673790728,0.11176594453019872,0.083685990634053,0.007725813918207224,True,False,0.21256684491978609,2,2,38.92867844158953,False,True,65.74045201663186,51.60427807486631,Risco por fadiga,Risco: olhos fechados por tempo prolongado,25.707900996403843
1777740926.1947255,2849,True,0.06139747982047732,0.10992599653845768,0.0856617381794675,0.0069271179132187645,True,False,0.21323529411764705,2,2,39.720851802825926,False,True,65.87197244939958,51.60427807486631,Risco por fadiga,Risco: olhos fechados por tempo prolongado,25.817407767894146
1777740926.229095,2850,True,0.06868553904774304,0.09937132465477778,0.08402843185126041,0.007141693669266778,True,False,0.21390374331550802,2,2,40.024811315536496,False,True,65.97908218974098,51.60427807486631,Risco por fadiga,Risco: olhos fechados por tempo prolongado,26.12477994726429
1777740926.2654219,2851,True,0.06372245692557987,0.10273240444920123,0.08322743068739055,0.007170643395985426,True,False,0.21457219251336898,2,2,39.578944492340085,False,True,66.04870061328704,51.60427807486631,Risco por fadiga,Risco: olhos fechados por tempo prolongado,26.287512661611537
1777740926.3057246,2852,True,0.059371246850740925,0.09614197850072809,0.0777566126757345,0.007289622817414225,True,False,0.21524064171122995,2,2,39.97820568084717,False,True,66.16057543741827,51.60427807486631,Risco por fadiga,Risco: olhos fechados por tempo prolongado,26.1281532812345
1777740926.344353,2853,True,0.06592902756878548,0.09693067358349361,0.08142985057613955,0.00744546401964202,True,False,0.2159090909090909,2,2,39.86447701454162,False,True,66.24680076880888,51.60427807486631,Risco por fadiga,Risco: olhos fechados por tempo prolongado,26.124975344773684
1777740926.3829582,2854,True,0.06494376883805537,0.1053752195002142,0.08515949416913479,0.007577127666797137,True,False,0.21643286573146292,2,2,39.387810707092285,False,True,66.29498649151257,51.60320641282565,Risco por fadiga,Risco: olhos fechados por tempo prolongado,26.09449560391297
1777740926.422633,2855,True,0.06471938914669796,0.0983244973028578,0.08152194322477788,0.005960881757956829,True,False,0.21724598930481284,2,2,40.019784641265865,False,True,66.43838967955686,51.60427807486631,Risco por fadiga,Risco: olhos fechados por tempo prolongado,25.961679011433535
1777740926.4605567,2856,True,0.06411885395046107,0.08689970070121042,0.07550927732583575,0.008303939175634219,True,False,0.2179144385026738,2,2,39.571313727985725,False,True,66.50787789859875,51.60427807486631,Risco por fadiga,Risco: olhos fechados por tempo prolongado,26.042786927928884
1777740926.4962254,2857,True,0.06620398190641187,0.1039036900564839,0.08505383598144789,0.005679658818821866,True,False,0.21858288770053477,2,2,39.838702487945554,False,True,66.61315910130261,51.60427807486631,Risco por fadiga,Risco: olhos fechados por tempo prolongado,26.264508568530907
1777740926.5301063,2858,True,0.07011006362148306,0.09946990487472893,0.08478998424810599,0.0063744490375020136,True,False,0.21910487641950568,2,2,39.77468996047973,False,True,66.68173192378782,51.60320641282565,Risco por fadiga,Risco: olhos fechados por tempo prolongado,26.503576073552242
1777740926.5654426,2859,True,0.07170886648470962,0.09703136240527256,0.0843701144449911,0.007049310295475217,True,False,0.21977287909151635,2,2,39.88521285057068,False,True,66.77910843569383,51.60320641282565,Risco por fadiga,Risco: olhos fechados por tempo prolongado,26.75258437544487
1777740926.6091497,2860,True,0.057649950811278536,0.09143849333996149,0.07454422207562,0.006573682883675067,True,False,0.22058823529411764,2,2,39.86523146629333,False,True,66.89022084433765,51.60427807486631,Risco por fadiga,Risco: olhos fechados por tempo prolongado,26.348406676860478
1777740926.6474423,2861,True,0.06061133403339874,0.09460706133873209,0.07760919768606542,0.006489166601286007,True,False,0.2212566844919786,2,2,39.845063829421996,False,True,66.98112422719996,51.60427807486631,Risco por fadiga,Risco: olhos fechados por tempo prolongado,26.316729372227638
1777740926.6886814,2862,True,0.05924394258074712,0.09686139382581048,0.0780526682032788,0.006269418841466458,True,False,0.22192513368983957,2,2,39.90550451278686,False,True,67.0760580260741,51.60427807486631,Risco por fadiga,Risco: olhos fechados por tempo prolongado,26.092003848240825
1777740926.7316568,2863,True,0.06480796679142226,0.09462097013880454,0.0797144684651134,0.006567484089176265,True,False,0.22259358288770054,2,2,39.987586975097656,False,True,67.1720739138955,51.60427807486631,Risco por fadiga,Risco: olhos fechados por tempo prolongado,25.859472181366108
1777740926.771468,2864,True,0.05963407344401697,0.10622980120144916,0.08293193732273307,0.006949951003058007,True,False,0.2232620320855615,2,2,39.56821093125777,False,True,67.24301687640938,51.60427807486631,Risco por fadiga,Risco: olhos fechados por tempo prolongado,25.78261413992307
1777740926.8207355,2865,True,0.06151291655342594,0.10143640602020744,0.08147466128681669,0.0064887336860579925,True,False,0.22408026755852842,2,2,39.993416166305536,False,True,67.37678451569474,51.60535117056856,Risco por fadiga,Risco: olhos fechados por tempo prolongado,25.237641731845464
1777740926.8627264,2866,True,0.07286100118682298,0.09758265762922039,0.08522182940802168,0.007655416992498679,True,False,0.22474916387959867,2,2,40.09990801811218,False,True,67.47408235243223,51.60535117056856,Risco por fadiga,Risco: olhos fechados por tempo prolongado,25.074940794101384
1777740926.9038055,2867,True,0.06477869493514246,0.118104319626081,0.09144150728061173,0.006959303609555415,True,False,0.2254180602006689,2,2,39.31857151985168,False,True,67.52698877166635,51.60535117056856,Risco por fadiga,Risco: olhos fechados por tempo prolongado,25.010069503412467
1777740926.9394825,2868,True,0.06999948908225664,0.09815969194098545,0.08407959051162105,0.006584510061148148,True,False,0.22608695652173913,2,2,40.07135558128357,False,True,67.65660121888511,51.60535117056856,Risco por fadiga,Risco: olhos fechados por tempo prolongado,25.301921770871818
1777740926.9780805,2869,True,0.07917252999157555,0.07442442200381623,0.07679847599769589,0.006255110246701827,True,False,0.22675585284280936,2,2,40.17710242271423,False,True,67.7538618051038,51.60535117056856,Risco por fadiga,Risco: olhos fechados por tempo prolongado,25.38287972748232
1777740927.0131016,2870,True,0.06494258240531355,0.11428165598269963,0.08961211919400658,0.0063338539565702115,True,False,0.22742474916387959,2,2,39.439240026473996,False,True,67.80894192943894,51.60535117056856,Risco por fadiga,Risco: olhos fechados por tempo prolongado,25.67561638841018
1777740927.0477333,2871,True,0.06459131071384627,0.10433059182491385,0.08446095126938005,0.0057319381910430674,True,False,0.22809364548494984,2,2,40.0053457736969,False,True,67.92922046094723,51.60535117056856,Risco por fadiga,Risco: olhos fechados por tempo prolongado,25.939424055282853
1777740927.0905845,2872,True,0.06905033110564911,0.07494707641495983,0.07199870376030447,0.007309347647596372,True,False,0.22876254180602007,2,2,40.19789319038391,False,True,68.03082107592876,51.60535117056856,Risco por fadiga,Risco: olhos fechados por tempo prolongado,25.718000292465813
1777740927.1279924,2873,True,0.06466708513251443,0.09382462342408818,0.0792458542783013,0.007036196326894812,True,False,0.2294314381270903,2,2,39.84936008453369,False,True,68.1053676647834,51.60535117056856,Risco por fadiga,Risco: olhos fechados por tempo prolongado,25.831852702527513
1777740927.163715,2874,True,0.06890946096524656,0.10893409898385535,0.08892177997455095,0.007452408843489268,True,False,0.23010033444816053,2,2,39.47958216667175,False,True,68.17885201303747,51.60535117056856,Risco por fadiga,Risco: olhos fechados por tempo prolongado,25.935236199286077
1777740927.2035267,2875,True,0.07046242550328127,0.08602686369281726,0.07824464459804926,0.007299035023563523,True,False,0.23076923076923078,2,2,40.16036887168884,False,True,68.30486459243548,51.60535117056856,Risco por fadiga,Risco: olhos fechados por tempo prolongado,25.953599277750513
1777740927.2390676,2876,True,0.07237621702446115,0.09330001263393836,0.08283811482919975,0.007420725282324319,True,False,0.231438127090301,2,2,39.81228723526001,False,True,68.37943375476118,51.60535117056856,Risco por fadiga,Risco: olhos fechados por tempo prolongado,26.148620348119692
1777740927.2764254,2877,True,0.0774904375925121,0.114195664810958,0.09584305120173506,0.006455638202641291,True,False,0.23210702341137124,2,2,39.36525526046753,False,True,68.44905540016872,51.60535117056856,Risco por fadiga,Risco: olhos fechados por tempo prolongado,26.24005234231376
1777740927.3130088,2878,True,0.08087564456438179,0.09600322119111451,0.08843943287774815,0.006059977836267143,True,False,0.23277591973244147,2,2,39.81712765693665,False,True,68.56362226413934,51.60535117056856,Risco por fadiga,Risco: olhos fechados por tempo prolongado,26.31503687684593
1777740927.3496969,2879,True,0.08086842752763591,0.0819885480322534,0.08142848777994466,0.007129708183405018,True,False,0.2334448160535117,2,2,40.25128889083862,False,True,68.67730356998159,51.60535117056856,Risco por fadiga,Risco: olhos fechados por tempo prolongado,26.415669118176304
1777740927.3851109,2880,True,0.07987154127640718,0.10221800293251862,0.0910447721044629,0.007065242917777487,True,False,0.2339572192513369,2,2,39.07963562011719,False,True,68.68917634614648,51.60427807486631,Risco por fadiga,Risco: olhos fechados por tempo prolongado,26.609421204347527
1777740927.4205675,2881,True,0.08525592637137958,0.10940028611959565,0.09732810624548761,0.005886294603187445,True,False,0.23462566844919786,2,2,39.804479646682736,False,True,68.81733031218064,51.60427807486631,Risco por fadiga,Risco: olhos fechados por tempo prolongado,26.768414902308578
1777740927.4592907,2882,True,0.17594434654901628,0.1403046729849339,0.1581245097669751,0.007948176287035013,True,False,0.23529411764705882,2,2,40.33151097297668,False,True,68.93559364320122,51.60427807486631,Risco por fadiga,Risco: olhos fechados por tempo prolongado,26.672844740257407
1777740927.4976575,2883,True,0.21625101088921045,0.19956340639369313,0.2079072086414518,0.006367789478426481,True,False,0.23612040133779263,2,2,40.581785106658934,False,True,69.06172135736124,51.60535117056856,Risco por fadiga,Risco: olhos fechados por tempo prolongado,26.630404417062493
1777740927.5390458,2884,True,0.21246213834022723,0.20717458116288734,0.20981835975155727,0.006036974299291684,True,False,0.23678929765886286,2,2,40.09670739173889,False,True,69.12944071576239,51.60535117056856,Risco por fadiga,Risco: olhos fechados por tempo prolongado,26.351529303354077
1777740927.5771515,2885,True,0.2326550865604877,0.2269955843026854,0.22982533543158656,0.006873359022324918,False,False,0.23678929765886286,2,2,41.77113237380981,False,True,64.31794792017942,51.60535117056856,Risco por fadiga,Atencao: sinais de sonolencia,26.36061985414659
1777740927.6127708,2886,True,0.23488124281347803,0.2656319120453569,0.2502565774294175,0.007432260650818446,False,False,0.23678929765886286,2,2,41.54441704750061,False,True,64.30661215386397,51.60535117056856,Risco por fadiga,Atencao: sinais de sonolencia,26.497706028653166
1777740927.6482158,2887,True,0.25125995821028374,0.27607651788915505,0.2636682380497194,0.006439826455179497,False,False,0.23678929765886286,2,2,41.56804838180542,False,True,64.3077937205792,51.60535117056856,Risco por fadiga,Atencao: sinais de sonolencia,26.676773737974074
1777740927.6887326,2888,True,0.25013827319520854,0.2701716816032414,0.260154977399225,0.006345669894732772,False,False,0.23678929765886286,2,2,41.646759843826295,False,True,64.31172929368024,51.60535117056856,Risco por fadiga,Atencao: sinais de sonolencia,26.502874385489804
1777740927.7272735,2889,True,0.25294141587804636,0.2841691231621285,0.26855526952008746,0.0058903473689518576,False,False,0.23678929765886286,2,2,41.906399393081664,False,True,64.32471127114302,51.60535117056856,Risco por fadiga,Atencao: sinais de sonolencia,26.392863025360036
1777740927.7766576,2890,True,0.25127073883039974,0.27500930369108995,0.26314002126074487,0.0064911384751616084,False,False,0.23678929765886286,2,2,41.757345819473265,False,True,64.3172585924626,51.60535117056856,Risco por fadiga,Atencao: sinais de sonolencia,25.77008791590031
1777740927.8240073,2891,True,0.2515105594333136,0.2894366764060015,0.2704736179196575,0.006967648635620949,False,False,0.23694779116465864,2,2,42.35026636123657,False,True,64.36869747659767,51.606425702811244,Risco por fadiga,Atencao: sinais de sonolencia,25.33265202245532
1777740927.8646393,2892,True,0.2543506944424737,0.2766096845405042,0.265480189491489,0.007060214867778613,False,False,0.23694779116465864,2,2,42.38082981109619,False,True,64.37022564909066,51.606425702811244,Risco por fadiga,Atencao: sinais de sonolencia,25.272387832495408
1777740927.9060209,2893,True,0.2565376076059068,0.2845750719467578,0.2705563397763323,0.007315963146846348,False,False,0.23694779116465864,2,2,41.9800283908844,False,True,64.35018557808006,51.606425702811244,Risco por fadiga,Atencao: sinais de sonolencia,25.172262823398576
1777740927.9475863,2894,True,0.25927351773240614,0.29027174034480147,0.2747726290386038,0.007085350645217239,False,False,0.23694779116465864,2,2,42.05618424415588,False,True,64.35399337074364,51.606425702811244,Risco por fadiga,Atencao: sinais de sonolencia,25.053791106024295
1777740927.985122,2895,True,0.26657268950930196,0.30060785248204097,0.28359027099567147,0.007015410727722924,False,False,0.23694779116465864,2,2,41.4867504119873,False,True,64.3255216791352,51.606425702811244,Risco por fadiga,Atencao: sinais de sonolencia,25.218681746152136
1777740928.0205646,2896,True,0.25851107420825176,0.29213701240815837,0.27532404330820504,0.006319349447063895,False,False,0.23694779116465864,2,2,41.32884383201599,False,True,64.31762635013663,51.606425702811244,Risco por fadiga,Atencao: sinais de sonolencia,25.51343728734326
1777740928.0610497,2897,True,0.2562751291023944,0.30254761622670145,0.27941137266454796,0.006182101962741213,False,False,0.23694779116465864,2,2,41.456344032287596,False,True,64.32400136015022,51.606425702811244,Risco por fadiga,Atencao: sinais de sonolencia,25.42251158426531
1777740928.0993564,2898,True,0.2591418292585986,0.2942893404980523,0.2767155848783254,0.006705423959003008,False,False,0.23710649698593436,2,2,41.5734806060791,False,True,64.35168023926522,51.60750167448091,Risco por fadiga,Atencao: sinais de sonolencia,25.499947370956594
1777740928.1381857,2899,True,0.2741134417040973,0.2999670087137587,0.287040225208928,0.006014118303841007,False,False,0.23694779116465864,2,2,41.337911415100095,False,True,64.31807972929084,51.606425702811244,Risco por fadiga,Atencao: sinais de sonolencia,25.51509441017715
1777740928.1733146,2900,True,0.2710169485062499,0.2997975285270653,0.2854072385166576,0.005880811591984812,False,False,0.23694779116465864,2,2,41.37884750366211,False,True,64.32012653371895,51.606425702811244,Risco por fadiga,Atencao: sinais de sonolencia,25.822631136499815
1777740928.2093077,2901,True,0.2713854674861929,0.30434962358437273,0.2878675455352828,0.005962790132155771,False,False,0.23694779116465864,2,2,41.421650838851924,False,True,64.32226670047844,51.606425702811244,Risco por fadiga,Atencao: sinais de sonolencia,26.02359628862411
1777740928.2463367,2902,True,0.27021203694034823,0.3086963249212257,0.28945418093078695,0.006518269666252863,False,False,0.23694779116465864,2,2,41.53724374771118,False,True,64.32804634592141,51.606425702811244,Risco por fadiga,Atencao: sinais de sonolencia,26.142495404400414
1777740928.2815309,2903,True,0.2680845380181282,0.31400062623444575,0.291042582126287,0.007102740398384231,False,False,0.23694779116465864,2,2,41.693740129470825,False,True,64.33587116500938,51.606425702811244,Risco por fadiga,Atencao: sinais de sonolencia,26.360457170214545
1777740928.3151195,2904,True,0.2727285585625598,0.3118692357052984,0.2922988971339291,0.007656627620083241,False,False,0.23694779116465864,2,2,41.687363338470455,False,True,64.33555232545936,51.606425702811244,Risco por fadiga,Atencao: sinais de sonolencia,26.684944582614104
1777740928.349243,2905,True,0.27025142915945305,0.31010966958681463,0.29018054937313387,0.0036045229525141476,False,False,0.23694779116465864,2,2,41.640013980865476,False,True,64.33318485757911,51.606425702811244,Risco por fadiga,Atencao: sinais de sonolencia,26.96269587530191
1777740928.385819,2906,True,0.2703886070899271,0.31053971267268704,0.2904641598813071,0.004522797185764325,False,False,0.23678929765886286,2,2,41.663195562362674,False,True,64.31255107960706,51.60535117056856,Risco por fadiga,Atencao: sinais de sonolencia,26.998189036587355
1777740928.422865,2907,True,0.2670562309661965,0.31501865355102016,0.29103744225860834,0.00297348079876496,False,False,0.23678929765886286,2,2,40.47406373023987,False,True,64.25309448800093,51.60535117056856,Risco por fadiga,Atencao: sinais de sonolencia,26.966203534327942
1777740928.4619968,2908,True,0.27382550320563276,0.32246936616614263,0.29814743468588767,0.003686591319027917,False,False,0.23694779116465864,2,2,41.49892807006836,False,True,64.32613056203925,51.606425702811244,Risco por fadiga,Atencao: sinais de sonolencia,26.839359017193328
1777740928.5048926,2909,True,0.27345943020971836,0.34114951188952586,0.3073044710496221,0.004412667477103555,False,False,0.23694779116465864,2,2,41.28787813186645,False,True,64.31557806512916,51.606425702811244,Risco por fadiga,Atencao: sinais de sonolencia,26.458233466117004
1777740928.5463574,2910,True,0.24461060155346223,0.25750217673114195,0.2510563891423021,0.003459072884678271,False,False,0.23694779116465864,2,2,36.19907962571491,False,True,64.0611381398216,51.606425702811244,Risco por fadiga,Atencao: sinais de sonolencia,26.253864053740603
1777740928.585265,2911,True,0.23951703444315503,0.25549152763631117,0.2475042810397331,0.005465235417171225,False,False,0.23694779116465864,2,2,36.16151709123091,False,True,64.05926001309739,51.606425702811244,Risco por fadiga,Atencao: sinais de sonolencia,26.209962210556593
1777740928.62205,2912,True,0.06093049598048665,0.09287849459761538,0.07690449528905102,0.006341843506145883,True,False,0.23761713520749667,2,2,31.306360540064897,False,True,63.908536991429315,51.606425702811244,Risco por fadiga,Atencao: sinais de sonolencia,26.327049164160105
1777740928.6598365,2913,True,0.25097690087791585,0.2500209727370076,0.2504989368074617,0.007806898884358588,False,False,0.23761713520749667,2,2,25.850189521095967,False,False,63.325066118925555,51.606425702811244,Risco por fadiga,Atencao: sinais de sonolencia,26.304472066251233
1777740928.6973004,2914,True,0.2983676981263026,0.29800038977147253,0.29818404394888753,0.005588399010920158,False,False,0.23761713520749667,2,2,25.436695416678084,False,False,63.304391413704664,51.606425702811244,Risco por fadiga,Atencao: sinais de sonolencia,26.323129726597703
1777740928.7371826,2915,True,0.3044362247991689,0.29919576639803613,0.3018159955986025,0.004271017973200724,False,False,0.23761713520749667,2,2,25.67351894297383,False,False,63.31623259001945,51.606425702811244,Risco por fadiga,Atencao: sinais de sonolencia,26.183016169700725
1777740928.7780352,2916,True,0.31942482120117627,0.31718935195679626,0.31830708657898626,0.005022567929240179,False,False,0.23745819397993312,2,2,25.447800563953137,False,False,63.28309225227843,51.60535117056856,Risco por fadiga,Atencao: sinais de sonolencia,26.056206110838197
1777740928.8163857,2917,True,0.3156933637827775,0.33822765017096623,0.32696050697687185,0.005553382602881554,False,False,0.23729946524064172,2,2,25.873998315225943,False,False,63.28257693818951,51.60427807486631,Risco por fadiga,Atencao: sinais de sonolencia,26.079770502836876
1777740928.8529966,2918,True,0.32314460202610684,0.3370687334626005,0.3301066677443537,0.0070226602072142996,False,False,0.23714094856379425,2,2,25.542261764678088,False,False,63.24419406759558,51.60320641282565,Risco por fadiga,Atencao: sinais de sonolencia,26.143154591280453
1777740928.8875668,2919,True,0.32185522888063195,0.3417640891088617,0.3318096589947468,0.006278207842135711,False,False,0.2369826435246996,2,2,26.132133993235502,False,False,63.251920736147945,51.60213618157543,Risco por fadiga,Atencao: sinais de sonolencia,26.457259746473902
1777740929.1100786,2920,True,0.3118243402887945,0.3874216670954469,0.34962300369212074,0.005051524171480275,False,False,0.23761713520749667,2,2,27.0967444062233,False,False,63.38739386318193,51.606425702811244,Risco por fadiga,Atencao: sinais de sonolencia,24.260858077942267
1777740929.1457949,2921,True,0.33398393752281946,0.3679235108473085,0.350953724185064,0.010704288662363597,False,False,0.23761713520749667,2,2,26.146234920349986,False,False,63.339868388888256,51.606425702811244,Risco por fadiga,Atencao: sinais de sonolencia,24.59192501540182
1777740929.187645,2922,True,0.35141783724778247,0.3911873994251491,0.3713026183364658,0.00894552893009605,False,False,0.23761713520749667,2,2,27.225508170236246,False,False,63.393832051382574,51.606425702811244,Risco por fadiga,Atencao: sinais de sonolencia,24.552259062005483
1777740929.2261548,2923,True,0.33480658539001706,0.38726906859398524,0.36103782699200115,0.00818234980714114,False,False,0.23761713520749667,2,2,27.166170504418286,False,False,63.39086516809167,51.606425702811244,Risco por fadiga,Atencao: sinais de sonolencia,24.69079774385083
1777740929.2635863,2924,True,0.3313058145934474,0.38736758790425696,0.3593367012488522,0.008610280496119081,False,False,0.23761713520749667,2,2,27.571022559295997,False,False,63.41110777083556,51.606425702811244,Risco por fadiga,Atencao: sinais de sonolencia,24.89339313483522
1777740929.3025594,2925,True,0.3281860919132344,0.40073105674790743,0.36445857433057094,0.008674870367710238,False,False,0.23761713520749667,2,2,28.522529249299655,False,False,63.458683105335744,51.606425702811244,Risco por fadiga,Atencao: sinais de sonolencia,24.98375364756675
1777740929.3369591,2926,True,0.31684243989740013,0.3832452877512886,0.3500438638243444,0.008286713904780713,False,False,0.23745819397993312,2,2,28.10377562208609,False,False,63.41589100518508,51.60535117056856,Risco por fadiga,Atencao: sinais de sonolencia,25.389197967404954
1777740929.374729,2927,True,0.31678556285526777,0.3782823011502916,0.3475339320027797,0.009497026267066902,False,False,0.23745819397993312,2,2,28.371460453488606,False,False,63.4292752467552,51.60535117056856,Risco por fadiga,Atencao: sinais de sonolencia,25.510829118064056
1777740929.40971,2928,True,0.32842990158526963,0.3862040397605101,0.35731697067288987,0.010290442143797332,False,False,0.23745819397993312,2,2,28.31197853359309,False,False,63.42630115076043,51.60535117056856,Risco por fadiga,Atencao: sinais de sonolencia,25.804275607960463
1777740929.443919,2929,True,0.3159638951769476,0.37962386651484564,0.34779388084589663,0.005953945292954923,False,False,0.23745819397993312,2,2,28.971020097082313,False,False,63.45925322893489,51.60535117056856,Risco por fadiga,Atencao: sinais de sonolencia,26.14777335848748
1777740929.4898899,2930,True,0.3181333305197333,0.37726142551676556,0.3476973780182494,0.006262921580422542,False,False,0.23745819397993312,2,2,28.923661966215477,False,False,63.45688532239155,51.60535117056856,Risco por fadiga,Atencao: sinais de sonolencia,25.688010525055983
1777740929.5268302,2931,True,0.32264208794857796,0.3808305632407141,0.35173632559464607,0.007087915835885935,False,False,0.23745819397993312,2,2,29.458406070687555,False,False,63.483622527615154,51.60535117056856,Risco por fadiga,Atencao: sinais de sonolencia,25.84874275132833
1777740929.5639782,2932,True,0.3290785737360904,0.3999011155734953,0.36448984465479284,0.005099256800575457,False,False,0.23745819397993312,2,2,28.98935325795954,False,False,63.46016988697875,51.60535117056856,Risco por fadiga,Atencao: sinais de sonolencia,25.95518762769055
1777740929.6009347,2933,True,0.3636618954190814,0.3969983129819166,0.380330104200499,0.007701677196268523,False,False,0.23745819397993312,2,2,29.05832691897045,False,False,63.4636185700293,51.60535117056856,Risco por fadiga,Atencao: sinais de sonolencia,26.06259802591238
1777740929.6365266,2934,True,0.358078593074156,0.4214894078172097,0.38978400044568284,0.006893447081941851,False,False,0.23745819397993312,2,2,29.237594153122465,False,False,63.4725819317369,51.60535117056856,Risco por fadiga,Atencao: sinais de sonolencia,26.28737888661101
1777740929.6748476,2935,True,0.36171163656235805,0.39828808368547725,0.3799998601239176,0.010547088574713412,False,False,0.23745819397993312,2,2,30.002327588471495,False,False,63.51081860350435,51.60535117056856,Risco por fadiga,Atencao: sinais de sonolencia,26.277168653080352
1777740929.7241137,2936,True,0.355522759429304,0.41666547275487875,0.3860941160920914,0.008979529965618056,False,False,0.23761713520749667,2,2,28.993225513263184,False,False,63.48221791853392,51.606425702811244,Risco por fadiga,Atencao: sinais de sonolencia,25.67639390269496
1777740929.7813475,2937,True,0.34086256327207853,0.4085464495396407,0.3747045064058596,0.009782078980279442,False,False,0.2377762893503014,2,2,30.35680966052142,False,True,63.572280820532484,51.60750167448091,Risco por fadiga,Atencao: sinais de sonolencia,24.860310330881788
1777740929.8240101,2938,True,0.36977474259579535,0.41755260508768255,0.39366367384173895,0.010301441150443654,False,False,0.2377762893503014,2,2,28.63796139251102,False,False,63.48633840713197,51.60750167448091,Risco por fadiga,Atencao: sinais de sonolencia,24.681568718238278
1777740929.8687298,2939,True,0.3556481100692974,0.4030613119835162,0.37935471102640683,0.007904874496789211,False,False,0.2377762893503014,2,2,30.783283027193757,False,True,63.5936044888661,51.60750167448091,Risco por fadiga,Atencao: sinais de sonolencia,24.432113728144714
1777740929.9111865,2940,True,0.34380668847153323,0.4080655871114356,0.3759361377914844,0.0075436072386930834,False,False,0.2377762893503014,2,2,29.517222878607836,False,False,63.53030148143681,51.60750167448091,Risco por fadiga,Atencao: sinais de sonolencia,24.351114520233082
1777740929.9509006,2941,True,0.34749184321156623,0.401587380735458,0.37453961197351215,0.006735983178617082,False,False,0.2377762893503014,2,2,30.752334347638214,False,True,63.59205705488832,51.60750167448091,Risco por fadiga,Atencao: sinais de sonolencia,24.45689878318695
1777740930.0041654,2942,True,0.34779086859167324,0.4107674206161187,0.379279144603896,0.007035928317075108,False,False,0.23793565683646112,2,2,30.193246569958603,False,True,63.58601569535131,51.60857908847185,Risco por fadiga,Atencao: sinais de sonolencia,23.896244362984383
1777740930.0435467,2943,True,0.33632199235871607,0.396489879219802,0.36640593578925906,0.007388960715150589,False,False,0.23793565683646112,2,2,30.75857402899048,False,True,63.6142820683029,51.60857908847185,Risco por fadiga,Atencao: sinais de sonolencia,24.062942097321518
1777740930.0863285,2944,True,0.3485250843865621,0.3944686807853792,0.3714968825859707,0.006739644066545103,False,False,0.23793565683646112,2,2,31.158111647042357,False,True,63.634258949205496,51.60857908847185,Risco por fadiga,Atencao: sinais de sonolencia,23.95787904438116
1777740930.129182,2945,True,0.34045631692521316,0.405804603668126,0.3731304602966696,0.009962406445481919,False,False,0.23793565683646112,2,2,30.282877847281362,False,True,63.59049725921744,51.60857908847185,Risco por fadiga,Atencao: sinais de sonolencia,23.89728484447168
1777740930.1880798,2946,True,0.3254606085026589,0.40608147713461973,0.3657710428186393,0.007255821437864623,False,False,0.23809523809523808,2,2,31.58270643461834,False,True,63.677431111666124,51.60965794768612,Risco por fadiga,Atencao: sinais de sonolencia,23.199268830212517
1777740930.2276447,2947,True,0.35007229732617123,0.3969105574416544,0.37349142738391283,0.006292872880533012,False,False,0.23809523809523808,2,2,30.744064794887194,False,True,63.635499029679565,51.60965794768612,Risco por fadiga,Atencao: sinais de sonolencia,23.44431265485344
1777740930.266409,2948,True,0.31722137134188366,0.395607299290084,0.3564143353159838,0.007169903874724897,False,False,0.23793565683646112,2,2,31.667395056919613,False,True,63.65972311969936,51.60857908847185,Risco por fadiga,Atencao: sinais de sonolencia,23.68812094550845
1777740930.305514,2949,True,0.33598397131371627,0.3912756514449736,0.3636298113793449,0.008514335338356115,False,False,0.23793565683646112,2,2,31.202060559662904,False,True,63.63645639483652,51.60857908847185,Risco por fadiga,Atencao: sinais de sonolencia,23.821160221817237
1777740930.3460884,2950,True,0.3219481705278733,0.3908546784358075,0.3564014244818404,0.008789354998051595,False,False,0.23793565683646112,2,2,31.408284664154053,False,True,63.646767600061075,51.60857908847185,Risco por fadiga,Atencao: sinais de sonolencia,23.938787975257036
1777740930.3872783,2951,True,0.33531308795160897,0.3954659614467601,0.3653895246991845,0.009847509317534687,False,False,0.23793565683646112,2,2,31.573063963109792,False,True,63.65500656500887,51.60857908847185,Risco por fadiga,Atencao: sinais de sonolencia,24.00330694090661
1777740930.4285028,2952,True,0.32959151190605823,0.40070469324223856,0.3651481025741484,0.010426105675854894,False,False,0.23793565683646112,2,2,31.689117316766218,False,True,63.66080923269168,51.60857908847185,Risco por fadiga,Atencao: sinais de sonolencia,23.994817201424265
1777740930.4657612,2953,True,0.3253974471148565,0.4052034990040363,0.3653004730594464,0.007998663908776382,False,False,0.23793565683646112,2,2,31.184687629613006,False,True,63.635587748334025,51.60857908847185,Risco por fadiga,Atencao: sinais de sonolencia,24.29315294713567
1777740930.5036247,2954,True,0.3367081685298169,0.40033940030715454,0.3685237844184857,0.0058233754119017475,False,False,0.23793565683646112,2,2,31.433054427667095,False,True,63.64800608823673,51.60857908847185,Risco por fadiga,Atencao: sinais de sonolencia,24.49678850407539
1777740930.5406616,2955,True,0.32106442234499394,0.4008042218766131,0.3609343221108035,0.006785170094062986,False,False,0.23793565683646112,2,2,31.923683948950334,False,True,63.67253756430089,51.60857908847185,Risco por fadiga,Atencao: sinais de sonolencia,24.73429928270116
1777740930.5783007,2956,True,0.3375371144190377,0.4019496256670702,0.36974337004305396,0.008369440495747657,False,False,0.23809523809523808,2,2,31.25689370794729,False,True,63.66114047533257,51.60965794768612,Risco por fadiga,Atencao: sinais de sonolencia,24.954907449147385
1777740930.6227202,2957,True,0.3372473008137126,0.40607920493540645,0.37166325287455954,0.007725086612307993,False,False,0.23809523809523808,2,2,31.50861596465111,False,True,63.67372658816776,51.60965794768612,Risco por fadiga,Atencao: sinais de sonolencia,24.694488103943538
1777740930.6646595,2958,True,0.33102194683377545,0.40502198653775107,0.36802196668576326,0.008501687439714975,False,False,0.23809523809523808,2,2,31.66983012936332,False,True,63.68178729640337,51.60965794768612,Risco por fadiga,Atencao: sinais de sonolencia,24.640865856670374
1777740930.7069695,2959,True,0.342069169201295,0.40477093418813875,0.37342005169471687,0.007973503233280574,False,False,0.23809523809523808,2,2,31.298100725087252,False,True,63.663200826189566,51.60965794768612,Risco por fadiga,Atencao: sinais de sonolencia,24.464281727856935
1777740930.7493768,2960,True,0.35384083003055666,0.4238400249076186,0.38884042746908765,0.006773137138664307,False,False,0.23809523809523808,2,2,32.463273699717085,False,True,63.72145947492106,51.60965794768612,Risco por fadiga,Atencao: sinais de sonolencia,24.420319445819516
1777740930.7885895,2961,True,0.33440878135056384,0.44346710287263813,0.388937942111601,0.006907955424912079,False,False,0.23809523809523808,2,2,30.10031360441988,False,True,63.6033114701562,51.60965794768612,Risco por fadiga,Atencao: sinais de sonolencia,24.50521188092148
1777740930.8445103,2962,True,0.29202768850243416,0.2909091006098944,0.29146839455616425,0.007633722203338056,False,False,0.23825503355704697,2,2,29.469863822243425,False,True,63.5937608570461,51.61073825503356,Risco por fadiga,Atencao: sinais de sonolencia,23.85814647550023
1777740930.8819754,2963,True,0.07797744990164884,0.03271196349486633,0.055344706698257584,0.00880262818840206,True,False,0.2389261744966443,2,2,29.642700340531086,False,True,63.694684562155125,51.61073825503356,Risco por fadiga,Atencao: sinais de sonolencia,24.131177941794316
1777740930.9197786,2964,True,0.051968695029868534,0.04107429576210188,0.046521495395985206,0.012474088646965384,True,False,0.2395973154362416,2,2,29.157649740847667,False,False,63.76271391136557,51.61073825503356,Risco por fadiga,Atencao: sinais de sonolencia,24.370685585413742
1777740930.9546566,2965,True,0.30044515780839387,0.2983215103691,0.29938333408874696,0.009270119962536813,False,False,0.2395973154362416,2,2,29.33241774006323,False,False,63.51389399762648,51.61073825503356,Risco por fadiga,Atencao: sinais de sonolencia,24.748044909744255
1777740930.9929395,2966,True,0.3122295552493432,0.34537972000183564,0.3288046376255894,0.01420783801030882,False,False,0.2395973154362416,2,2,29.970469202778556,False,False,63.54579657076225,51.61073825503356,Risco por fadiga,Atencao: sinais de sonolencia,24.9468156040309
1777740931.028724,2967,True,0.32967241838540284,0.40571050933886443,0.36769146386213364,0.006464007295073138,False,False,0.2395973154362416,2,2,29.23118192932822,False,False,63.50883220708973,51.61073825503356,Risco por fadiga,Atencao: sinais de sonolencia,25.21249090213057
1777740931.073328,2968,True,0.3502033073268588,0.42351929343273403,0.3868613003797964,0.0064748732759498,False,False,0.2395973154362416,2,2,29.030156511068338,False,False,63.49878093617674,51.61073825503356,Risco por fadiga,Atencao: sinais de sonolencia,24.955186009521928
1777740931.1077764,2969,True,0.33308933621252,0.4161910352153722,0.3746401857139461,0.013022243411214659,False,False,0.2395973154362416,2,2,29.359086363965815,False,False,63.51522742882161,51.61073825503356,Risco por fadiga,Atencao: sinais de sonolencia,25.363824416755943
1777740931.1445708,2970,True,0.3547688930421673,0.41935888820366274,0.387063890622915,0.010235525120683327,False,False,0.2395973154362416,2,2,29.481964970176872,False,False,63.52137135913217,51.61073825503356,Risco por fadiga,Atencao: sinais de sonolencia,25.53674219246802
1777740931.180531,2971,True,0.3549633721405926,0.4243222618410354,0.389642816990814,0.00672308853499271,False,False,0.2395973154362416,2,2,30.32445922060446,False,False,63.563496071653546,51.61073825503356,Risco por fadiga,Atencao: sinais de sonolencia,25.75780894877505
1777740931.2153807,2972,True,0.3458279823492105,0.3970484252685029,0.3714382038088567,0.006308589254570322,False,False,0.2395973154362416,2,2,33.25701460892504,False,True,63.710123841069574,51.61073825503356,Risco por fadiga,Atencao: sinais de sonolencia,26.041401222165277
1777740931.2508595,2973,True,0.35987552937919975,0.44400151143644745,0.40193852040782363,0.007283779601946049,False,False,0.2395973154362416,2,2,34.80175555890257,False,True,63.78736088856845,51.61073825503356,Risco por fadiga,Atencao: sinais de sonolencia,26.237918694794715
1777740931.2876358,2974,True,0.348815695230286,0.4264273980200564,0.38762154662517123,0.010889684982056455,False,False,0.2395973154362416,2,2,36.74452635916796,False,True,63.88449942858172,51.61073825503356,Risco por fadiga,Atencao: sinais de sonolencia,26.36745353143582
1777740931.3229535,2975,True,0.3571811739792341,0.4157223864225678,0.386451780200901,0.005363342038549197,False,False,0.2395973154362416,2,2,40.80261110934344,False,True,64.0874036660905,51.61073825503356,Risco por fadiga,Atencao: sinais de sonolencia,26.58392175337928
1777740931.3585303,2976,True,0.3569165774272862,0.4632484639678971,0.41008252069759166,0.006535920934488299,False,False,0.2395973154362416,2,2,40.02396674156189,False,True,64.04847144770142,51.61073825503356,Risco por fadiga,Atencao: sinais de sonolencia,26.72084797958125
1777740931.392326,2977,True,0.38036071145599104,0.4327097235381681,0.40653521749707955,0.007648365725970274,False,False,0.2395973154362416,2,2,40.28987193107605,False,True,64.06176670717713,51.61073825503356,Risco por fadiga,Atencao: sinais de sonolencia,27.01366760716671
1777740931.428311,2978,True,0.36436300525602366,0.4679494243598477,0.4161562148079357,0.004023292235683227,False,False,0.2395973154362416,2,2,39.4878613948822,False,True,64.02166618036743,51.61073825503356,Risco por fadiga,Atencao: sinais de sonolencia,27.07460969579474
1777740931.461731,2979,True,0.3473089954219355,0.44082158420616896,0.3940652898140522,0.0039741772875638145,False,False,0.23943661971830985,2,2,39.62892198562622,False,True,64.00662354868902,51.60965794768612,Risco por fadiga,Atencao: sinais de sonolencia,27.335767459511253
1777740931.5075831,2980,True,0.34404768365381505,0.45967069134661953,0.4018591875002173,0.005047263787097176,False,False,0.2395973154362416,2,2,38.60247921943664,False,True,63.977397071595156,51.61073825503356,Risco por fadiga,Atencao: sinais de sonolencia,26.794783695193694
1777740931.5433013,2981,True,0.3591114146374882,0.49768300318929753,0.42839720891339284,0.004517438195751472,False,False,0.2395973154362416,2,2,37.903463578224176,False,True,63.94244628953453,51.61073825503356,Risco por fadiga,Atencao: sinais de sonolencia,26.869898609917385
1777740931.5798857,2982,True,0.32279026170416936,0.4674389868161685,0.39511462426016897,0.003967922256955477,False,False,0.2395973154362416,2,2,38.617912435531615,False,True,63.9781687323999,51.61073825503356,Risco por fadiga,Atencao: sinais de sonolencia,26.96263233285515
1777740931.6154926,2983,True,0.3393106816282993,0.49924655178497795,0.41927861670663863,0.0019342248870049678,False,False,0.2395973154362416,2,2,36.969385576248165,False,True,63.89574238943573,51.61073825503356,Risco por fadiga,Atencao: sinais de sonolencia,27.086694620014278
1777740931.651112,2984,True,0.3376815719795112,0.4911110229248397,0.41439629745217543,0.004978551880931827,False,False,0.2395973154362416,2,2,35.992888545989985,False,True,63.84691753792282,51.61073825503356,Risco por fadiga,Atencao: sinais de sonolencia,27.192500568075047
1777740931.6879148,2985,True,0.3425324700575013,0.5028132685583062,0.42267286930790376,0.0020119542882850163,False,False,0.2395973154362416,2,2,35.26888233423232,False,True,63.81071722733494,51.61073825503356,Risco por fadiga,Atencao: sinais de sonolencia,27.190073349812028
1777740931.7242048,2986,True,0.35077772959301756,0.5147605992865308,0.4327691644397742,0.0051978972659498385,False,False,0.2395973154362416,2,2,35.37455957233905,False,True,63.816001089240274,51.61073825503356,Risco por fadiga,Atencao: sinais de sonolencia,27.24588398946391
1777740931.7723444,2987,True,0.3339999261549083,0.5355781660829921,0.4347890461189502,0.06247501707314643,False,False,0.2395973154362416,2,2,35.79175344705581,False,True,63.83686078297611,51.61073825503356,Risco por fadiga,Atencao: sinais de sonolencia,26.531576164553226
1777740931.813356,2988,True,0.3415965525709623,0.5119011559204982,0.4267488542457303,0.059228234727929006,False,False,0.2395973154362416,2,2,35.77206184864044,False,True,63.83587620305534,51.61073825503356,Risco por fadiga,Atencao: sinais de sonolencia,26.4102820510667
1777740931.8528297,2989,True,0.3432849000048566,0.5354286612507744,0.43935678062781547,0.011176991998267006,False,False,0.2395973154362416,2,2,37.02491331100464,False,True,63.89851877617355,51.61073825503356,Risco por fadiga,Atencao: sinais de sonolencia,26.250495657149784
1777740931.893295,2990,True,0.3415727790601683,0.4976912456460052,0.4196320123530868,0.024579867853117873,False,False,0.2395973154362416,2,2,38.14547114372253,False,True,63.95454666780945,51.61073825503356,Risco por fadiga,Atencao: sinais de sonolencia,26.123092061664316
1777740931.9348574,2991,True,0.3532732991766331,0.5218462530850347,0.4375597761308339,0.016768886314286163,False,False,0.2397582269979852,2,2,38.392586493492125,False,True,63.989027775037684,51.61182001343183,Risco por fadiga,Atencao: sinais de sonolencia,25.876700393199403
1777740931.9847093,2992,True,0.33759422747487533,0.46645945635975855,0.40202684191731697,0.07091578807556519,False,False,0.2397582269979852,2,2,39.03494873046875,False,True,64.02114588688652,51.61182001343183,Risco por fadiga,Atencao: sinais de sonolencia,25.323403115378895
1777740932.0213144,2993,True,0.33988996973185776,0.4881835567596576,0.41403676324575767,0.07758985558151728,False,False,0.2397582269979852,2,2,39.71336607933044,False,True,64.0550667543296,51.61182001343183,Risco por fadiga,Atencao: sinais de sonolencia,25.540037437535624
1777740932.0557365,2994,True,0.3497614881320317,0.5216041205790053,0.4356828043555185,0.09313164897031295,False,False,0.2397582269979852,2,2,38.34666793346405,False,True,63.986731847036275,51.61182001343183,Risco por fadiga,Atencao: sinais de sonolencia,25.876633172453598
1777740932.0961878,2995,True,0.34639333182113563,0.4792185691304066,0.4128059504757711,0.0577828376702466,False,False,0.2397582269979852,2,2,39.16861715316772,False,True,64.02782930802147,51.61182001343183,Risco por fadiga,Atencao: sinais de sonolencia,25.77023629307363
1777740932.1349494,2996,True,0.33803322664016083,0.4596010819230335,0.39881715428159714,0.11553666795115446,False,False,0.2397582269979852,2,2,39.37288131713867,False,True,64.03804251622,51.61182001343183,Risco por fadiga,Atencao: sinais de sonolencia,25.78298720092119
1777740932.1724913,2997,True,0.19428973780072356,0.25692158771807816,0.22560566275940086,0.09035801287939178,False,False,0.2397582269979852,2,2,41.06546034812927,False,True,64.12267146776954,51.61182001343183,Risco por fadiga,Atencao: sinais de sonolencia,25.867946178142688
1777740932.209206,2998,True,0.29084638614794767,0.3326252214512076,0.31173580379957766,0.061325070476790235,False,False,0.2397582269979852,2,2,41.364542961120605,False,True,64.1376255984191,51.61182001343183,Risco por fadiga,Atencao: sinais de sonolencia,25.954934051204063
1777740932.2454247,2999,True,0.2677157094007644,0.3420276457218051,0.30487167756128475,0.08291794176851901,False,False,0.2397582269979852,2,2,41.7724262714386,False,True,64.158019763935,51.61182001343183,Risco por fadiga,Atencao: sinais de sonolencia,26.146135847126025
1777740932.281571,3000,True,0.31649971021152307,0.41409982002379314,0.3652997651176581,0.012035695258548838,False,False,0.2395973154362416,2,2,40.23388800621033,False,True,64.05896751093384,51.61073825503356,Risco por fadiga,Atencao: sinais de sonolencia,26.272915658373893
1777740932.318955,3001,True,0.3178014450819244,0.40858696199851413,0.36319420354021925,0.00858784656606838,False,False,0.2395973154362416,2,2,40.12084169387818,False,True,64.05331519531723,51.61073825503356,Risco por fadiga,Atencao: sinais de sonolencia,26.366660700453895
1777740932.3535278,3002,True,0.32609474057032894,0.4409273472840555,0.38351104392719226,0.009288516943740801,False,False,0.2395973154362416,2,2,39.767091798782346,False,True,64.03562770056244,51.61073825503356,Risco por fadiga,Atencao: sinais de sonolencia,26.613900130249537
1777740932.3926566,3003,True,0.33398802881048606,0.44064252293083617,0.3873152758706611,0.009367365939968763,False,False,0.2395973154362416,2,2,39.97271294593811,False,True,64.04590875792023,51.61073825503356,Risco por fadiga,Atencao: sinais de sonolencia,26.495822732814432
1777740932.441321,3004,True,0.32400932240105174,0.4310432153416487,0.3775262688713502,0.008684132211354048,False,False,0.2395973154362416,2,2,39.91569476127624,False,True,64.04305784868714,51.61073825503356,Risco por fadiga,Atencao: sinais de sonolencia,25.914291754062244
1777740932.4791796,3005,True,0.3214960645046455,0.4469927777870214,0.38424442114583346,0.008385083234899655,False,False,0.2395973154362416,2,2,39.87097311019897,False,True,64.04082176613328,51.61073825503356,Risco por fadiga,Atencao: sinais de sonolencia,25.96985678414745
1777740932.512929,3006,True,0.32533317509197035,0.4381417358208042,0.38173745545638726,0.007439446270326098,False,False,0.2389261744966443,2,2,39.596282720565796,False,True,63.93480536745699,51.61073825503356,Risco por fadiga,Atencao: sinais de sonolencia,26.31907345011819
1777740932.549317,3007,True,0.32266982071119926,0.44373434617351465,0.38320208344235696,0.008362733320914438,False,False,0.23825503355704697,2,2,40.17086510658264,False,True,63.87125260756319,51.61073825503356,Risco por fadiga,Atencao: sinais de sonolencia,26.444318850360148
1777740932.5850356,3008,True,0.32294526223725967,0.4497300707084626,0.38633766647286116,0.007534739007283867,False,False,0.23758389261744967,2,2,39.665150260925294,False,True,63.753684986085695,51.61073825503356,Risco por fadiga,Atencao: sinais de sonolencia,26.581288289855987
1777740932.6233864,3009,True,0.3241480170262056,0.44284129586887927,0.38349465644754244,0.007591606531956068,False,False,0.23691275167785236,2,2,39.434339952468875,False,True,63.64986259146825,51.61073825503356,Risco por fadiga,Atencao: sinais de sonolencia,26.53679374493118
1777740932.6612983,3010,True,0.3315151654880409,0.4761165879229066,0.40381587670547375,0.008067890921951142,False,False,0.23624161073825503,2,2,39.47703213691711,False,True,63.55971532149602,51.61073825503356,Risco por fadiga,Atencao: sinais de sonolencia,26.49985365082724
1777740932.7051291,3011,True,0.3358036126598927,0.4894960255923419,0.4126498191261173,0.009331168326786874,False,False,0.23505708529214236,2,2,39.15745873451233,False,True,63.380864402535295,51.61182001343183,Risco por fadiga,Atencao: sinais de sonolencia,26.157647580577088
1777740932.7456822,3012,True,0.34031014426760303,0.5047716579064206,0.4225409010870118,0.008266597762319215,False,False,0.2348993288590604,2,2,39.03554353713989,False,True,63.35307713311791,51.61073825503356,Risco por fadiga,Atencao: sinais de sonolencia,25.970511495916075
1777740932.8034613,3013,True,0.2934911778097728,0.470852165199026,0.3821716715043994,0.007433537920102115,False,False,0.23371390194761585,2,2,39.46925973892212,False,True,63.21176674288339,51.61182001343183,Risco por fadiga,Atencao: sinais de sonolencia,25.110602886648017
1777740932.848764,3014,True,0.28520967179718903,0.42073300408553244,0.3529713379413607,0.007023835076242245,False,False,0.23304231027535258,2,2,40.00091948509216,False,True,63.146005875255696,51.61182001343183,Risco por fadiga,Atencao: sinais de sonolencia,24.803554780752037
1777740932.8903043,3015,True,0.08323048313596008,0.09362207360497893,0.08842627837046951,0.005557072313541005,True,False,0.2325268817204301,2,2,41.07457213401794,False,True,63.12881708140014,51.61290322580645,Risco por fadiga,Atencao: sinais de sonolencia,24.721907839336705
1777740932.9313939,3016,True,0.07070610753244684,0.11025673431709884,0.09048142092477285,0.006989524759852988,True,False,0.2325268817204301,2,2,41.26186070442199,False,True,63.138181509920344,51.61290322580645,Risco por fadiga,Atencao: sinais de sonolencia,24.68035278829427
1777740932.971148,3017,True,0.26209521496442195,0.3594486484987293,0.31077193173157563,0.0060049701812222465,False,False,0.2318548387096774,2,2,36.96797730922698,False,True,62.60976880395284,51.61290322580645,Risco por fadiga,Atencao: sinais de sonolencia,24.753994661159734
1777740933.0071912,3018,True,0.2685144205994821,0.3193144470209256,0.2939144338102039,0.006481395021389475,False,False,0.23118279569892472,2,2,37.3878769159317,False,True,62.53835787030958,51.61290322580645,Risco por fadiga,Atencao: sinais de sonolencia,25.066665599440352
1777740933.0446682,3019,True,0.317215920093977,0.33518074939219206,0.3261983347430845,0.006690563154716644,False,False,0.23051075268817203,2,2,33.353425045853314,False,True,62.24422936282716,51.545698924731184,Risco por fadiga,Atencao: sinais de sonolencia,25.21237118837255
1777740933.0815952,3020,True,0.327507751370319,0.35692812688036313,0.34221793912534104,0.00343647754879184,False,False,0.22983870967741934,2,2,29.770243255929508,False,True,61.972664359352486,51.47849462365591,Risco por fadiga,Atencao: sinais de sonolencia,25.42781600647246
1777740933.1156576,3021,True,0.30947352672397027,0.3826399414978632,0.34605673411091675,0.004575379345961761,False,False,0.22916666666666666,2,2,30.12544959011403,False,True,61.89801876208322,51.41129032258065,Risco por fadiga,Atencao: sinais de sonolencia,25.8077035046066
1777740933.1583726,3022,True,0.332231168763652,0.367262849820851,0.3497470092922515,0.004520389636222082,False,False,0.22849462365591397,2,2,27.05591963637958,False,True,61.652136350418,51.344086021505376,Risco por fadiga,Atencao: sinais de sonolencia,25.539430119256597
1777740933.1946125,3023,True,0.3244922303953611,0.38250665693780334,0.35349944366658226,0.0040101579087622845,False,False,0.22782258064516128,2,2,27.003085858171637,False,True,61.55708874752911,51.276881720430104,Risco por fadiga,Atencao: sinais de sonolencia,25.78966308600433
1777740933.228644,3024,True,0.32593603655752823,0.3651752677645359,0.34555565216103207,0.00363748107007031,False,False,0.2271505376344086,2,2,23.957088796658947,False,False,61.31238298047498,51.20967741935484,Risco por fadiga,Atencao: sinais de sonolencia,26.139143119089198
1777740933.2640715,3025,True,0.3181576110400184,0.3663696943604914,0.3422636527002549,0.0028111013338136736,False,False,0.2269979852249832,2,2,23.831656893275,False,False,61.285135429009785,51.20886501007387,Risco por fadiga,Atencao: sinais de sonolencia,26.33078155373233
1777740933.3025177,3026,True,0.302426566564675,0.34844949288408494,0.32543802972437996,0.003404017678557256,False,False,0.22632639355271994,2,2,24.390064840967003,False,False,61.220711971458186,51.14170584284755,Risco por fadiga,Atencao: sinais de sonolencia,26.299776212017335
1777740933.338929,3027,True,0.305759922404987,0.3454702171040542,0.3256150697545206,0.0035045561264066476,False,False,0.2256548018804567,2,2,24.204272734035143,False,False,61.1190785111754,51.07454667562122,Risco por fadiga,Atencao: sinais de sonolencia,26.45232985801984
1777740933.3769612,3028,True,0.31771117476156235,0.35083786006179607,0.33427451741167924,0.0034806268054484936,False,False,0.22498321020819342,2,2,24.157685656981034,False,False,61.02440530238649,51.0073875083949,Risco por fadiga,Atencao: sinais de sonolencia,26.429559310843487
1777740933.413748,3029,True,0.3152021776027834,0.33639397126208026,0.3257980744324318,0.003022527204938563,False,False,0.22431161853593015,2,2,25.035535226084964,False,False,60.97595392590549,50.94022834116857,Risco por fadiga,Atencao: sinais de sonolencia,26.46766916014964
1777740933.4496841,3030,True,0.3116001387196376,0.3407876120246377,0.3261938753721376,0.0029313574403809924,False,False,0.22364002686366688,2,2,24.55619869963689,False,False,60.85964324464689,50.87306917394224,Risco por fadiga,Atencao: sinais de sonolencia,26.623357195094997
1777740933.486278,3031,True,0.30598483070732646,0.3647978591115825,0.3353913449094545,0.0033554587765524256,False,False,0.22296843519140364,2,2,23.607054367119613,False,False,60.719842173084835,50.80591000671592,Risco por fadiga,Atencao: sinais de sonolencia,26.63037172626876
1777740933.5247731,3032,True,0.31784831967135135,0.36359558107297874,0.340721950372165,0.0016501695111876735,False,False,0.22229684351914036,2,2,23.231306184421886,False,False,60.60871090901375,50.73875083948959,Risco por fadiga,Atencao: sinais de sonolencia,26.63687721043575
1777740933.561197,3033,True,0.3013176473806943,0.3474972866816171,0.3244074670311557,0.002718313851285765,False,False,0.2216252518468771,2,2,24.714203333041883,False,False,60.59051191150855,50.67159167226326,Risco por fadiga,Atencao: sinais de sonolencia,26.705295560239158
1777740933.5962253,3034,True,0.3069356314403968,0.35426588233855794,0.3306007568894774,0.002480466916432053,False,False,0.22095366017461385,2,2,23.634143890034068,False,False,60.444165084421954,50.60443250503694,Risco por fadiga,Atencao: sinais de sonolencia,26.845112577075948
1777740933.639826,3035,True,0.31597594986930544,0.3426578036465469,0.3293168767579262,0.0028216860858595997,False,False,0.22028206850235058,2,2,23.451790717515074,False,False,60.3427035708598,50.53727333781061,Risco por fadiga,Atencao: sinais de sonolencia,26.483406150110707
1777740933.676701,3036,True,0.31281760663817626,0.35142494885654246,0.33212127774735933,0.002944413006831473,False,False,0.2196104768300873,2,2,23.76957825395194,False,False,60.26624909274545,50.47011417058428,Risco por fadiga,Atencao: sinais de sonolencia,26.50400257991968
1777740933.715998,3037,True,0.3112644280921931,0.34246522857142564,0.3268648283318094,0.002445854929027983,False,False,0.21893888515782403,2,2,23.507601789994673,False,False,60.160806414611386,50.40295500335796,Risco por fadiga,Atencao: sinais de sonolencia,26.437655096929724
1777740933.7538397,3038,True,0.31180305675782904,0.3424955145023026,0.32714928563006584,0.002369193180542615,False,False,0.2182672934855608,2,2,23.96925380907275,False,False,60.091545160629096,50.33579583613163,Risco por fadiga,Atencao: sinais de sonolencia,26.4328646090297
1777740933.7907786,3039,True,0.3130439116760666,0.3334256841595121,0.32323479791778936,0.0029635324755482263,False,False,0.2181208053691275,2,2,23.503873549266295,False,False,60.048134031629196,50.33557046979866,Risco por fadiga,Atencao: sinais de sonolencia,26.509208713230564
1777740933.8319278,3040,True,0.3074073442733783,0.33479900688875963,0.32110317558106893,0.0026855889311743326,False,False,0.21797451374916163,2,2,24.00953129123558,False,False,60.05330182098236,50.33534540576794,Risco por fadiga,Atencao: sinais de sonolencia,26.276345899613904
1777740933.869088,3041,True,0.31118644795191186,0.34704673696924704,0.32911659246057945,0.0027019803978349643,False,False,0.217828418230563,2,2,23.33749925494194,False,False,59.999612085360354,50.33512064343164,Atencao,Atencao: sinais iniciais de risco,26.31659453370704
1777740933.9040253,3042,True,0.3102583773737678,0.33387274877548057,0.3220655630746242,0.0027851101243913873,False,False,0.21768251841929,2,2,23.856193399971183,False,False,60.00548556856179,50.33489618218352,Risco por fadiga,Atencao: sinais de sonolencia,26.567493869203027
1777740934.131899,3043,True,0.31470298161859295,0.35403283381822204,0.3343679077184075,0.0014732424300371643,False,False,0.21490933512424445,2,2,25.265330160747872,False,False,59.69462970353186,50.0,Atencao,Atencao: sinais iniciais de risco,24.349913048331473
1777740934.1654174,3044,True,0.3174877237969982,0.3827280897883717,0.35010790679268494,0.0023306945978968075,False,False,0.21476510067114093,2,2,24.0272479981184,False,False,59.44364332678634,50.0,Atencao,Atencao: sinais iniciais de risco,24.895032486297556
1777740934.2026644,3045,True,0.30865829034410636,0.36360585189950145,0.3361320711218039,0.002124378899920473,False,False,0.21476510067114093,2,2,24.077799904888327,False,False,59.44617092212484,50.0,Atencao,Atencao: sinais iniciais de risco,25.090078582695824
1777740934.2377684,3046,True,0.31827097033556606,0.3599591925273911,0.3391150814314786,0.0022099518312710957,False,False,0.21409395973154363,2,2,23.852548470551316,False,False,59.34262647121336,50.0,Atencao,Atencao: sinais iniciais de risco,25.44902165805964
1777740934.2738304,3047,True,0.337200554542993,0.39687125770179965,0.36703590612239634,0.0021001818903620046,False,False,0.21409395973154363,2,2,24.81122104850682,False,False,59.62368646074762,50.0,Atencao,Atencao: sinais iniciais de risco,25.683935802340706
1777740934.3104885,3048,True,0.34162602734321484,0.4123594135446047,0.37699272044390975,0.002143521438263282,False,False,0.21409395973154363,2,2,25.60271805687384,False,False,59.66326131116597,50.0,Atencao,Atencao: sinais iniciais de risco,25.831612392905086
1777740934.347285,3049,True,0.3471384477838559,0.4133203844764115,0.3802294161301337,0.0023107196041382894,False,False,0.21409395973154363,2,2,26.140703259814874,False,False,59.69016057131302,50.0,Atencao,Atencao: sinais iniciais de risco,25.941009463379608
1777740934.3818252,3050,True,0.34027145776890794,0.4120788037255662,0.3761751307472371,0.0023956659213428787,False,False,0.21395036887994634,2,2,26.62706241336735,False,False,59.69473478689602,50.0,Atencao,Atencao: sinais iniciais de risco,26.259015309116318
1777740934.418223,3051,True,0.3472074797622416,0.4160434971008582,0.38162548843154986,0.0023049872114057433,False,False,0.21395036887994634,2,2,26.856245498765595,False,False,59.706193941165935,50.0,Atencao,Atencao: sinais iniciais de risco,26.37014027046978
1777740934.4540215,3052,True,0.34580041047735066,0.40266672098898293,0.3742335657331668,0.002297965692797628,False,False,0.21395036887994634,2,2,27.905391003326933,False,False,59.758651216394,50.0,Atencao,Atencao: sinais iniciais de risco,26.535769698587117
1777740934.5028026,3053,True,0.3415693894129633,0.41408750375926756,0.3778284465861154,0.0020471624024163896,False,False,0.21395036887994634,2,2,28.116702741926368,False,False,59.76921680332397,50.0,Atencao,Atencao: sinais iniciais de risco,25.93211657282145
1777740934.5372748,3054,True,0.33895713326163956,0.4153200694168515,0.37713860133924554,0.0023197869354750944,False,False,0.21395036887994634,2,2,28.17445680336519,False,False,59.77210450639591,50.0,Atencao,Atencao: sinais iniciais de risco,26.23428331206944
1777740934.574969,3055,True,0.3357385897949716,0.40438617921117226,0.37006238450307194,0.002270768514474577,False,False,0.21395036887994634,2,2,28.23482623533769,False,False,59.775122977994535,50.0,Atencao,Atencao: sinais iniciais de risco,26.26493071278356
1777740934.611811,3056,True,0.3370146699127159,0.40895984073656266,0.3729872553246393,0.0022320261298810692,False,False,0.21395036887994634,2,2,28.309280464324083,False,False,59.778845689443855,50.0,Atencao,Atencao: sinais iniciais de risco,26.357040497627185
1777740934.6480033,3057,True,0.33411474576070366,0.419479787615506,0.3767972666881048,0.0021209773071449566,False,False,0.21395036887994634,2,2,28.127394104003905,False,False,59.76975137142785,50.0,Atencao,Atencao: sinais iniciais de risco,26.47356437595502
1777740934.6865838,3058,True,0.3375466651619053,0.40835670011562103,0.37295168263876316,0.0026674608542062244,False,False,0.21395036887994634,2,2,27.670961938121096,False,False,59.74692976313371,50.0,Atencao,Atencao: sinais iniciais de risco,26.36069598655229
1777740934.7262673,3059,True,0.33567006181398107,0.4042133930637841,0.3699417274388826,0.0019718409416270926,False,False,0.21409395973154363,2,2,27.57514930584214,False,False,59.76188287361438,50.0,Atencao,Atencao: sinais iniciais de risco,26.29624599426763
1777740934.7650867,3060,True,0.3375632350881576,0.3894308775723946,0.36349705633027607,0.0018706695282821612,False,False,0.21409395973154363,2,2,27.75287253694101,False,False,59.77076903516933,50.0,Atencao,Atencao: sinais iniciais de risco,26.28119187182706
1777740934.8163624,3061,True,0.33623349293570126,0.39297736093973856,0.3646054269377199,0.0020505258391934423,False,False,0.21409395973154363,2,2,27.69986472617496,False,False,59.76811864463102,50.0,Atencao,Atencao: sinais iniciais de risco,25.603447351121645
1777740934.856912,3062,True,0.3366513110470355,0.3892283758289645,0.362939843438,0.0022481617632962624,False,False,0.21409395973154363,2,2,27.627123552018944,False,False,59.76448158592323,50.0,Atencao,Atencao: sinais iniciais de risco,25.48809637127283
1777740934.9016414,3063,True,0.3389285442842743,0.3945816679508258,0.36675510611755,0.002521875606202482,False,False,0.21409395973154363,2,2,27.333931494301016,False,False,59.74982198303733,50.0,Atencao,Atencao: sinais iniciais de risco,25.17698387523436
1777740934.9473886,3064,True,0.33829052756735956,0.40021358754123376,0.3692520575542967,0.0028215771509276944,False,False,0.21423774345198118,2,2,28.04259865067222,False,False,59.80502560241605,50.0,Atencao,Atencao: sinais iniciais de risco,24.850494794112493
1777740934.9876397,3065,True,0.33276531554156163,0.4050008088567173,0.36888306219913947,0.0028934660882784665,False,False,0.21423774345198118,2,2,27.77468850395896,False,False,59.791630095080386,50.0,Atencao,Atencao: sinais iniciais de risco,24.844276098627883
1777740935.0364413,3066,True,0.3414011620464159,0.3973260471343441,0.36936360459038,0.003117907546604651,False,False,0.21423774345198118,2,2,27.595340871269048,False,False,59.782662713445895,50.0,Atencao,Atencao: sinais iniciais de risco,24.405101762513723
1777740935.0764098,3067,True,0.3170467497365346,0.315872046058536,0.3164593978975353,0.0032691500569812845,False,False,0.21423774345198118,2,2,25.925951016491112,False,False,59.699193220706995,50.0,Atencao,Atencao: sinais iniciais de risco,24.486901415389536
1777740935.114608,3068,True,0.29753803003867507,0.31458130143116275,0.30605966573491894,0.004886697863662739,False,False,0.21423774345198118,2,2,26.75850576162338,False,False,59.74082095796361,50.0,Atencao,Atencao: sinais iniciais de risco,24.600224811591442
1777740935.1497421,3069,True,0.032823220930931735,0.06941719304136151,0.051120206986146624,0.00583154564157803,True,False,0.21490933512424445,2,2,25.86369620886716,False,False,59.788424335262,50.0,Atencao,Atencao: sinais iniciais de risco,25.027997066167654
1777740935.184775,3070,True,0.21514057461114955,0.23633883593217056,0.22573970527166004,0.007253878006396669,False,False,0.21490933512424445,2,2,23.734720198674633,False,False,59.44464764270567,50.0,Atencao,Atencao: sinais iniciais de risco,25.396005263433167
1777740935.2212334,3071,True,0.24991734858954284,0.26219719994493784,0.25605727426724034,0.006508064046993007,False,False,0.21490933512424445,2,2,24.982381136850876,False,False,59.50703068961448,50.0,Atencao,Atencao: sinais iniciais de risco,25.594667855331313
1777740935.2568796,3072,True,0.255946813058245,0.2758864105107753,0.26591661178451015,0.006168217215373798,False,False,0.21490933512424445,2,2,24.07730498584834,False,False,59.461776882064356,50.0,Atencao,Atencao: sinais iniciais de risco,25.832349098745706
1777740935.2932217,3073,True,0.25210539567999185,0.2687890954570571,0.2604472455685245,0.00983540729152346,False,False,0.21490933512424445,2,2,24.733660647543992,False,False,59.49459466514914,50.0,Atencao,Atencao: sinais iniciais de risco,25.992169458740598
1777740935.3295074,3074,True,0.28606576678988105,0.29384614871118664,0.28995595775053384,0.32703087894795313,False,False,0.21476510067114093,2,2,25.57246750322255,False,False,59.51670277063133,50.0,Atencao,Atencao: sinais iniciais de risco,26.146483917577708
1777740935.36401,3075,True,0.28818536249069704,0.33588815913315817,0.3120367608119276,0.5314208247669515,False,False,0.21476510067114093,2,2,23.321113293279303,False,False,59.40413506013417,50.0,Atencao,Atencao: sinais iniciais de risco,26.431100561937207
1777740935.4041839,3076,True,0.28891982386941156,0.3035714940537909,0.29624565896160127,0.5887015329676714,False,False,0.21476510067114093,2,2,23.853857044740156,False,False,59.43077224770722,50.0,Atencao,Atencao: sinais iniciais de risco,26.264887253322037
1777740935.4394813,3077,True,0.28870983978408893,0.3075172184990849,0.29811352914158695,0.6164389395984231,False,False,0.21476510067114093,2,2,24.12417954667048,False,False,59.44428837280373,50.0,Atencao,Atencao: sinais iniciais de risco,26.508028371383958
1777740935.4796934,3078,True,0.2902038983173842,0.3116923813848802,0.3009481398511322,0.6448488487292885,False,False,0.21476510067114093,2,2,24.046993300047788,False,False,59.440429060472596,50.0,Atencao,Atencao: sinais iniciais de risco,26.35650699030183
1777740935.5207973,3079,True,0.2907504139310305,0.3027789530141264,0.29676468347257845,0.7301831477314722,False,True,0.21476510067114093,2,2,24.114233738183977,False,False,59.443791082379406,50.0,Atencao,Atencao: sinais iniciais de risco,26.14206999758494
1777740935.5570521,3080,True,0.29447376665915603,0.32429277870348366,0.3093832726813198,0.6780786149614776,False,True,0.21476510067114093,2,2,22.31285990259864,False,False,59.35372239060014,50.0,Atencao,Atencao: sinais iniciais de risco,26.25166411805891
1777740935.5908344,3081,True,0.2936341958582989,0.323102684420335,0.30836844013931697,0.7063688651439125,False,True,0.21476510067114093,2,2,22.37481893192638,False,False,59.35682034206653,50.0,Atencao,Atencao: sinais iniciais de risco,26.622088197301082
1777740935.6272006,3082,True,0.29212013038605356,0.3226522051726047,0.30738616777932914,0.6947223357881885,False,True,0.21476510067114093,2,2,22.965965963764624,False,False,59.38637769365844,50.0,Atencao,Atencao: sinais iniciais de risco,26.709178992801803
1777740935.6624987,3083,True,0.2919251711602176,0.32493350084912537,0.3084293360046715,0.7062294441847297,False,True,0.21476510067114093,2,2,23.56856428357688,False,False,59.41650760964905,50.0,Atencao,Atencao: sinais iniciais de risco,26.85729861565292
1777740935.7034292,3084,True,0.2868508153197851,0.32235112640323593,0.3046009708615105,0.7127308307476358,False,True,0.21476510067114093,2,2,23.63287836936387,False,False,59.419723313938405,50.0,Atencao,Atencao: sinais iniciais de risco,26.620976243393397
1777740935.742969,3085,True,0.29047586012635457,0.3222573235024839,0.3063665918144192,0.722357606639379,False,True,0.21476510067114093,2,2,22.96500994590196,False,False,59.3863298927653,50.0,Atencao,Atencao: sinais iniciais de risco,26.492499770992328
1777740935.786411,3086,True,0.29324186127580354,0.3253317267608977,0.30928679401835063,0.7445830017536116,False,True,0.21476510067114093,2,2,23.25360009047118,False,False,59.40075939999377,50.0,Atencao,Atencao: sinais iniciais de risco,26.11306757507494
1777740935.8332598,3087,True,0.2925411979034533,0.3306510111254139,0.3115961045144336,0.7363576697945249,False,True,0.21490933512424445,2,2,23.206282960555768,False,False,59.41822578079972,50.0,Atencao,Atencao: sinais iniciais de risco,25.680315126948326
1777740935.8702714,3088,True,0.2873218173750584,0.32599603903910424,0.3066589282070813,0.714571979429704,False,True,0.21490933512424445,2,2,23.202315737442536,False,False,59.41802741964406,50.0,Atencao,Atencao: sinais iniciais de risco,25.801388170726515
1777740935.9096594,3089,True,0.2954085193672045,0.30217360687153644,0.2987910631193705,0.7394491170752665,False,True,0.21490933512424445,2,2,22.49015301628546,False,False,59.38241928358621,50.0,Atencao,Atencao: sinais iniciais de risco,25.767430719160046
1777740935.9481788,3090,True,0.30341884472626046,0.2997695097179271,0.3015941772220938,0.7685535016866771,False,True,0.21490933512424445,2,2,23.015373144908384,False,False,59.40868029001736,50.0,Atencao,Atencao: sinais iniciais de risco,25.78371913479345
1777740935.9980361,3091,True,0.35057507890898043,0.3500676163428583,0.3503213476259194,0.7901743065753288,False,True,0.21490933512424445,2,2,24.024983270872724,False,False,59.45916079631557,50.0,Atencao,Atencao: sinais iniciais de risco,25.201534502925504
1777740936.037216,3092,True,0.3518855240419884,0.3686354584409093,0.3602604912414489,0.7721268443805677,False,True,0.21490933512424445,2,2,23.52827644591981,False,False,59.43432545506793,50.0,Atencao,Atencao: sinais iniciais de risco,25.222173476364105
1777740936.0755103,3093,True,0.3407211513431439,0.3593689934871632,0.3500450724151536,0.7551231080344476,False,True,0.21490933512424445,2,2,23.05473698513074,False,False,59.41064848202847,50.0,Atencao,Atencao: sinais iniciais de risco,25.321435481318442
1777740936.1114924,3094,True,0.35146349777517294,0.3663080251153076,0.35888576144524026,0.6069850418875969,False,False,0.21423774345198118,2,2,24.189511361447245,False,False,59.3750433459081,50.0,Atencao,Atencao: sinais iniciais de risco,25.563794257120495
1777740936.1635015,3095,True,0.34810252036539757,0.38690688662053857,0.36750470349296804,0.354628229798984,False,False,0.21303763440860216,2,2,23.44400048120455,False,False,59.172752808431355,50.0,Atencao,Atencao: sinais iniciais de risco,24.93997243598699
1777740936.2032943,3096,True,0.35616341949390545,0.35414250273263664,0.35515296111327105,0.3485095640105652,False,False,0.21303763440860216,2,2,27.051583614674477,False,False,59.56792776087564,50.0,Atencao,Atencao: sinais iniciais de risco,24.95593345222431
1777740936.237632,3097,True,0.3246688865891064,0.38335329799762585,0.35401109229336614,0.12072158753193461,False,False,0.21303763440860216,2,2,26.170492131601677,False,False,59.523873186722,50.0,Atencao,Atencao: sinais iniciais de risco,25.35879841557982
1777740936.2735832,3098,True,0.33740491612398626,0.387124612336207,0.3622647642300966,0.04796280787801988,False,False,0.21303763440860216,2,2,26.18296177983284,False,False,59.524496669133555,50.0,Atencao,Atencao: sinais iniciais de risco,25.62462761585205
1777740936.3099027,3099,True,0.361426702293502,0.372770285550057,0.3670984939217795,0.04811406860864185,False,False,0.21303763440860216,2,2,24.8827156196941,False,False,59.45948436112662,50.0,Atencao,Atencao: sinais iniciais de risco,25.790067481311063
1777740936.3454726,3100,True,0.34733583665994944,0.3711101117928978,0.35922297422642363,0.0035460917392882737,False,False,0.21289456010745467,2,2,24.235811709273946,False,False,59.40746644919783,50.0,Atencao,Atencao: sinais iniciais de risco,26.02299570921238
1777740936.3819513,3101,True,0.32794759319795885,0.36738943010080544,0.3476685116493822,0.0028794908372337022,False,False,0.21289456010745467,2,2,23.60611843520945,False,False,59.3759817854946,50.0,Atencao,Atencao: sinais iniciais de risco,26.170978727816735
1777740936.415604,3102,True,0.3267001780514503,0.3750853814207091,0.3508927797360797,0.00225005379721488,False,False,0.21289456010745467,2,2,23.68991296128793,False,False,59.38017151179853,50.0,Atencao,Atencao: sinais iniciais de risco,26.48763664923193
1777740936.452715,3103,True,0.32835304849544394,0.37294897006983035,0.35065100928263715,0.0029256631160319018,False,False,0.2122229684351914,2,2,24.37817037864165,False,False,59.32224052773001,50.0,Atencao,Atencao: sinais iniciais de risco,26.57719608900027
1777740936.4888825,3104,True,0.32988802068297735,0.36445109485605864,0.34716955776951797,0.0042496247994719205,False,False,0.21155137676292815,2,2,25.121320414001286,False,False,59.2670541745618,50.0,Atencao,Atencao: sinais iniciais de risco,26.655072881184633
1777740936.5260823,3105,True,0.1278175266648901,0.15566650651513017,0.14174201659001012,0.004513636277013798,True,False,0.2122229684351914,2,2,24.131969486583365,False,False,59.57441650026257,50.0,Atencao,Atencao: sinais iniciais de risco,26.6596856180511
1777740936.5706763,3106,True,0.13087146982487727,0.15562606948288848,0.1432487696538829,0.0035191339209631792,True,False,0.21303763440860216,2,2,24.316198648647827,False,False,59.69564452970978,50.0,Atencao,Atencao: sinais iniciais de risco,26.23145926418203
1777740936.6096349,3107,True,0.1329742140446039,0.17541523861412903,0.15419472632936648,0.002488829369101256,True,False,0.21370967741935484,2,2,24.458468426899476,False,False,59.79516393260086,50.0,Atencao,Atencao: sinais iniciais de risco,26.217154176277653
1777740936.6472805,3108,True,0.15774921143934365,0.19920953784489154,0.1784793746421176,0.003942232252847625,True,False,0.21438172043010753,2,2,19.712063034285197,False,False,59.650249576948625,50.0,Atencao,Atencao: sinais iniciais de risco,26.242657195348315
1777740936.6814601,3109,True,0.24106840687238598,0.23747154669295614,0.23926997678267106,0.002697712351702012,False,False,0.21423774345198118,2,2,17.629249309951607,False,False,59.284516876303975,50.0,Atencao,Atencao: sinais iniciais de risco,26.551183608938487
1777740936.720892,3110,True,0.28200711942294504,0.2975874112524439,0.28979726533769445,0.004314479590132138,False,False,0.21438172043010753,2,2,18.126763093200594,False,False,59.32918939995879,50.0,Atencao,Atencao: sinais iniciais de risco,26.404367728085695
1777740936.7624686,3111,True,0.28094658809764145,0.28646299526952657,0.283704791683584,0.003500407258075597,False,False,0.21438172043010753,2,2,17.500816897099668,False,False,59.29789209015375,50.0,Atencao,Atencao: sinais iniciais de risco,26.20308028039472
1777740936.8001502,3112,True,0.2930172846812974,0.29545949384215575,0.2942383892617266,0.003090664411982896,False,False,0.21438172043010753,2,2,18.502372329072518,False,False,59.34796986175239,50.0,Atencao,Atencao: sinais iniciais de risco,26.24907630056567
1777740936.849189,3113,True,0.2779822262085205,0.2865689892595091,0.2822756077340148,0.003728544592216314,False,False,0.21438172043010753,2,2,17.663658689910715,False,False,59.3060341797943,50.0,Atencao,Atencao: sinais iniciais de risco,25.620499415014404
1777740936.8884895,3114,True,0.2876812452164593,0.297044624879031,0.29236293504774513,0.004194404184991788,False,False,0.21438172043010753,2,2,18.530131036585026,False,False,59.349357797128015,50.0,Atencao,Atencao: sinais iniciais de risco,25.62528999937946
1777740936.9263942,3115,True,0.33550204036889886,0.3479077458791647,0.34170489312403174,0.0023905350258702903,False,False,0.21438172043010753,2,2,21.37507945597172,False,False,59.491605218097355,50.0,Atencao,Atencao: sinais iniciais de risco,25.72079437562748
1777740936.9637277,3116,True,0.3286956768106026,0.3840099701040999,0.3563528234573512,0.003101067998076822,False,False,0.21438172043010753,2,2,25.379194563627237,False,False,59.69181097348013,50.0,Atencao,Atencao: sinais iniciais de risco,25.82173983609183
1777740937.0028918,3117,True,0.3246207203030435,0.36026049566296237,0.3424406079830029,0.003475899374769722,False,False,0.21438172043010753,2,2,26.32865970459851,False,False,59.73928423052869,50.0,Atencao,Atencao: sinais iniciais de risco,25.795032254207015
1777740937.0374901,3118,True,0.3278824211289505,0.38805397597978997,0.35796819855437023,0.0035780107099611025,False,False,0.21438172043010753,2,2,25.30399324568835,False,False,59.68805090758318,50.0,Atencao,Atencao: sinais iniciais de risco,26.111033175096395
1777740937.0742824,3119,True,0.32912843609584314,0.3592965462883758,0.3442124911921095,0.003789381253230837,False,False,0.21438172043010753,2,2,27.92121307524768,False,True,59.81891189906115,50.0,Atencao,Atencao: sinais iniciais de risco,26.18097407364535
1777740937.1189706,3120,True,0.33194149873446055,0.35965341621166724,0.3457974574730639,0.00306632308578244,False,False,0.21452589105581707,2,2,30.315165204893457,False,True,59.95843296657851,50.0,Atencao,Atencao: sinais iniciais de risco,25.83745461767691
1777740937.1544,3121,True,0.35870509431539255,0.3863892298435685,0.3725471620794805,0.004771519399250782,False,False,0.21438172043010753,2,2,29.467063600366767,False,True,59.8962044253171,50.0,Atencao,Atencao: sinais iniciais de risco,26.026695826640253
1777740937.1921728,3122,True,0.330746655883786,0.39272047999279297,0.3617335679382895,0.005931329002549449,False,False,0.21438172043010753,2,2,35.89734675830061,False,True,60.217718583213795,50.0,Risco por fadiga,Atencao: sinais de sonolencia,26.07872200371337
1777740937.2297509,3123,True,0.33213834529893316,0.37991712127751215,0.3560277332882227,0.0010924271598367022,False,False,0.21438172043010753,2,2,31.86811176917769,False,True,60.01625683375765,50.0,Risco por fadiga,Atencao: sinais de sonolencia,26.153613048788458
1777740937.2723734,3124,True,0.33214861811582114,0.3435814915975608,0.33786505485669094,0.001549986881778721,False,False,0.21385339609952925,2,2,30.61013876741583,False,True,60.15612797330761,50.0,Risco por fadiga,Atencao: sinais de sonolencia,25.865332213713405
1777740937.3093586,3125,True,0.3316886796683642,0.3777203377689428,0.3547045087186535,0.031218675487763765,False,False,0.21370967741935484,2,2,30.286319319768385,False,True,60.12017568240126,50.0,Risco por fadiga,Atencao: sinais de sonolencia,26.016634787550885
1777740937.3456726,3126,True,0.3376577864027778,0.36429828051683966,0.3509780334598087,0.002447723056447473,False,False,0.21370967741935484,2,2,32.33020977323706,False,True,60.2223702050747,50.0,Risco por fadiga,Atencao: sinais de sonolencia,26.149557813024114
1777740937.3844194,3127,True,0.32684626865658944,0.3780558194844333,0.35245104407051137,0.0021727725166577026,False,False,0.21370967741935484,2,2,31.633760427886788,False,True,60.187547737807186,50.0,Risco por fadiga,Atencao: sinais de sonolencia,26.138938251498622
1777740937.4204023,3128,True,0.33511937716248513,0.3844941007664833,0.35980673896448423,0.002286960100417186,False,False,0.21370967741935484,2,2,33.137259415062985,False,True,60.26272268716599,50.0,Risco por fadiga,Atencao: sinais de sonolencia,26.281877926707413
1777740937.4569063,3129,True,0.3225773244187511,0.4040422821708494,0.3633098032948002,0.003741004575421562,False,False,0.21370967741935484,2,2,34.19830865101381,False,True,60.31577514896353,50.0,Risco por fadiga,Atencao: sinais de sonolencia,26.403231649139176
1777740937.4945438,3130,True,0.328857440678767,0.38561443007977386,0.35723593537927045,0.003152273183046923,False,False,0.21370967741935484,2,2,32.982313161004676,False,True,60.25497537446308,50.0,Risco por fadiga,Atencao: sinais de sonolencia,26.422235408006642
1777740937.5293446,3131,True,0.32414669797101897,0.3678895114771283,0.3460181047240736,0.005173110890030214,False,False,0.21370967741935484,2,2,31.780414536866274,False,True,60.19488044325616,50.0,Risco por fadiga,Atencao: sinais de sonolencia,26.642831283986265
1777740937.5770032,3132,True,0.31890384660139276,0.3902516905467353,0.35457776857406403,0.003349028449333504,False,False,0.21370967741935484,2,2,31.753617162596093,False,True,60.19354057454265,50.0,Risco por fadiga,Atencao: sinais de sonolencia,26.086065247255107
1777740937.6140854,3133,True,0.32708280097286196,0.3784848583820147,0.3527838296774383,0.003681236064516416,False,False,0.21370967741935484,2,2,31.342029077356514,False,True,60.17296117028067,50.0,Risco por fadiga,Atencao: sinais de sonolencia,26.123192347168327
1777740937.6524603,3134,True,0.3182906340907724,0.37641581552675263,0.3473532248087625,0.003569946848890738,False,False,0.21370967741935484,2,2,30.000732592019162,False,True,60.1058963460138,50.0,Risco por fadiga,Atencao: sinais de sonolencia,26.153013668487937
1777740937.6906898,3135,True,0.3183578712688844,0.3883200918736382,0.3533389815712613,0.006667486940580861,False,False,0.21370967741935484,2,2,31.290573434396222,False,True,60.17038838813266,50.0,Risco por fadiga,Atencao: sinais de sonolencia,26.087314819215976
1777740937.7370496,3136,True,0.3253805589674795,0.38296843832599275,0.3541744986467361,0.16846995111483443,False,False,0.21370967741935484,2,2,32.76865254261276,False,True,60.244292343543485,50.0,Risco por fadiga,Atencao: sinais de sonolencia,25.70366355097836
1777740937.7801535,3137,True,0.31617491739891973,0.3682351734361957,0.3422050454175577,0.20476980754925114,False,False,0.21385339609952925,2,2,33.99283411719582,False,True,60.32526274079661,50.0,Risco por fadiga,Atencao: sinais de sonolencia,25.428622993705204
1777740937.829948,3138,True,0.3189614237150059,0.37024634531390255,0.34460388451445423,0.16788980609349463,False,False,0.21385339609952925,2,2,34.814757296713914,False,True,60.366358899772514,50.0,Risco por fadiga,Atencao: sinais de sonolencia,24.905432295512416
1777740937.8707063,3139,True,0.3042931426185014,0.3567471518681855,0.33052014724334344,0.20736058645923294,False,False,0.21385339609952925,2,2,33.93574720404365,False,True,60.322408395139,50.0,Risco por fadiga,Atencao: sinais de sonolencia,24.853996741863792
1777740937.9123495,3140,True,0.3103640474231078,0.37225598126330117,0.3413100143432045,0.1789685458346338,False,False,0.21385339609952925,2,2,34.86457283496856,False,True,60.36884967668525,50.0,Risco por fadiga,Atencao: sinais de sonolencia,24.737333537554697
1777740937.9563084,3141,True,0.31218760340869794,0.35955962379570977,0.33587361360220386,0.16213061545997354,False,False,0.21399730820995963,2,2,33.4849522059614,False,True,60.31965656041907,50.0,Risco por fadiga,Atencao: sinais de sonolencia,24.58211818638783
1777740938.0057547,3142,True,0.3183223548318725,0.35032421337837155,0.334323284105122,0.12653968526304246,False,False,0.21399730820995963,2,2,31.05456680384549,False,True,60.19813729031328,50.0,Risco por fadiga,Atencao: sinais de sonolencia,24.10941611866226
1777740938.0458636,3143,True,0.3196245618693911,0.3622994659865139,0.3409620139279525,0.07860382308690742,False,False,0.21399730820995963,2,2,31.02173485647548,False,True,60.19649569294478,50.0,Risco por fadiga,Atencao: sinais de sonolencia,24.245531382700776
1777740938.0848005,3144,True,0.32137802320945835,0.3482127373270689,0.3347953802682636,0.02188837965670641,False,False,0.21399730820995963,2,2,28.057735762812875,False,True,60.04829573826164,50.0,Risco por fadiga,Atencao: sinais de sonolencia,24.400451823826494
1777740938.121583,3145,True,0.2766653909887325,0.2881024751322271,0.2823839330604798,0.012968535921448518,False,False,0.21399730820995963,2,2,27.574118162285195,False,False,60.024114858235265,50.0,Risco por fadiga,Atencao: sinais de sonolencia,24.685306229913785
1777740938.159094,3146,True,0.27075148856554115,0.2788291360440965,0.2747903123048188,0.011280905539256017,False,False,0.21399730820995963,2,2,26.224700480157676,False,False,59.95664397412889,50.0,Atencao,Atencao: sinais iniciais de risco,24.852259232788008
1777740938.1963506,3147,True,0.1243603549615948,0.18595575266123524,0.155158053811415,0.00627539719531245,True,False,0.21467025572005383,2,2,17.51204016235742,False,False,59.61354124087682,50.0,Atencao,Atencao: sinais iniciais de risco,25.05030045453566
1777740938.2318587,3148,True,0.28171338100398086,0.31687505545244543,0.2992942182282131,0.0020986151536680387,False,False,0.21467025572005383,2,2,8.080212435329502,False,False,58.86529596791989,50.0,Atencao,Atencao: sinais iniciais de risco,25.36274324852321
1777740938.2658923,3149,True,0.2916844597938613,0.33394331414985245,0.31281388697185686,0.0002038374156800539,False,False,0.21467025572005383,2,2,5.132305443710225,False,False,58.71790061833893,50.0,Atencao,Atencao: sinais iniciais de risco,25.76758484270048
1777740938.3051722,3150,True,0.2880712789283053,0.3340502682585947,0.31106077359344997,0.00155113771147206,False,False,0.21467025572005383,2,2,5.100895377214659,False,False,58.71633011501415,50.0,Atencao,Atencao: sinais iniciais de risco,25.760694651228796
1777740938.3427808,3151,True,0.29288296634663374,0.33257523762901015,0.31272910198782194,0.0027998770802237258,False,False,0.21467025572005383,2,2,10.167770632898264,False,False,58.96967387779833,50.0,Atencao,Atencao: sinais iniciais de risco,25.782905125904918
1777740938.3790295,3152,True,0.2899032948609972,0.3484023554166973,0.31915282513884724,0.0013892657968189183,False,False,0.21467025572005383,2,2,12.558219322562216,False,False,59.08919631228153,50.0,Atencao,Atencao: sinais iniciais de risco,25.99503454342885
1777740938.4153368,3153,True,0.3091872942367301,0.3485859847109735,0.32888663947385177,0.0006136475162797953,False,False,0.21467025572005383,2,2,13.869548451223157,False,False,59.154762768714576,50.0,Atencao,Atencao: sinais iniciais de risco,26.123619762221523
1777740938.4618826,3154,True,0.29325202683337065,0.344751602168714,0.3190018145010423,0.0009481171716688881,False,False,0.21467025572005383,2,2,15.092940342426301,False,False,59.21593236327473,50.0,Atencao,Atencao: sinais iniciais de risco,25.687721075343944
1777740938.4999175,3155,True,0.30227041110378466,0.34679210008687306,0.32453125559532886,0.0011302719956237173,False,False,0.21467025572005383,2,2,15.330754384262995,False,False,59.227823065366564,50.0,Atencao,Atencao: sinais iniciais de risco,25.755579145600166
1777740938.5391467,3156,True,0.2980240205762709,0.344645926592975,0.32133497358462293,0.0005255394128758091,False,False,0.21467025572005383,2,2,15.666829113662242,False,False,59.24462680183653,50.0,Atencao,Atencao: sinais iniciais de risco,25.71287872577677
1777740938.574993,3157,True,0.2980527403570806,0.3393124634676845,0.31868260191238257,0.0007441021575238725,False,False,0.21467025572005383,2,2,15.817248392240568,False,False,59.25214776576544,50.0,Atencao,Atencao: sinais iniciais de risco,25.94983022618135
1777740938.6111906,3158,True,0.2956589295744727,0.34425772635402957,0.31995832796425117,0.000570525861460529,False,False,0.21467025572005383,2,2,16.103054983507505,False,False,59.266438095328795,50.0,Atencao,Atencao: sinais iniciais de risco,26.10348937303187
1777740938.6480634,3159,True,0.2976074972173579,0.3527723321299451,0.3251899146736515,0.000689154985889011,False,False,0.21467025572005383,2,2,15.841144868866962,False,False,59.25334258959676,50.0,Atencao,Atencao: sinais iniciais de risco,26.22395577802452
1777740938.6849737,3160,True,0.29950074891262995,0.3521306964687116,0.3258157226906708,0.0008119970369897739,False,False,0.21467025572005383,2,2,15.743361905759029,False,False,59.24845344144137,50.0,Atencao,Atencao: sinais iniciais de risco,26.270027191416144
1777740938.721437,3161,True,0.3013359580254831,0.34978778240148195,0.3255618702134825,0.0013451760613328338,False,False,0.21467025572005383,2,2,15.498544704643164,False,False,59.23621258138557,50.0,Atencao,Atencao: sinais iniciais de risco,26.39662411661317
1777740938.7599266,3162,True,0.2964126998139109,0.3554090667380035,0.3259108832759572,0.0012205994113609956,False,False,0.21467025572005383,2,2,15.51207951415669,False,False,59.23688932186125,50.0,Atencao,Atencao: sinais iniciais de risco,26.37225699810636
1777740938.8138437,3163,True,0.30161896325361925,0.345442116627393,0.3235305399405061,0.0013697756993079457,False,False,0.21452589105581707,2,2,15.488908778808335,False,False,59.21588064376129,50.0,Atencao,Atencao: sinais iniciais de risco,25.58743544109651
1777740938.8524404,3164,True,0.28302786122152457,0.2788049267625751,0.2809163939920498,0.0013342181943790908,False,False,0.21438172043010753,2,2,14.8933664098382,False,False,59.16628006427771,50.0,Atencao,Atencao: sinais iniciais de risco,25.61905677539564
1777740938.8868904,3165,True,0.31004726217865214,0.2818064413713223,0.29592685177498723,0.0018798510824689437,False,False,0.21423774345198118,2,2,14.3104998472062,False,False,59.117339901653736,50.0,Atencao,Atencao: sinais iniciais de risco,25.950929182687346
1777740938.9224784,3166,True,0.3194873665663165,0.28239731689943043,0.3009423417328735,0.001094534976386977,False,False,0.21409395973154363,2,2,12.415296386724167,False,False,59.002809467069476,50.0,Atencao,Atencao: sinais iniciais de risco,26.16244414200449
1777740939.1446671,3167,True,0.3192556795312295,0.3204399623380965,0.319847820934663,0.003043486366409271,False,False,0.21467025572005383,2,2,8.352950646863741,False,False,58.878932878496606,50.0,Atencao,Atencao: sinais iniciais de risco,23.997198893928058
1777740939.185576,3168,True,0.321470343832238,0.3042552715186497,0.31286280767544383,0.0038802445983247167,False,False,0.21467025572005383,2,2,6.43121536205819,False,False,58.78284611425633,50.0,Atencao,Atencao: sinais iniciais de risco,24.01866339960114
1777740939.2216575,3169,True,0.31097663480432564,0.2940693872851562,0.3025230110447409,0.003202603250958893,False,False,0.21481481481481482,2,2,6.6190710128877654,False,False,58.812115772327445,50.0,Atencao,Atencao: sinais iniciais de risco,24.38634312937318
1777740939.2602246,3170,True,0.28746102592363465,0.34600426037147547,0.31673264314755506,0.0029502301203742838,False,False,0.21467025572005383,2,2,7.520539092577316,False,False,58.83731230078228,50.0,Atencao,Atencao: sinais iniciais de risco,24.558818041832833
1777740939.2959518,3171,True,0.299547595779272,0.3417785983110842,0.3206630970451781,0.0027395405091993554,False,False,0.21467025572005383,2,2,8.457381876354866,False,False,58.88415443997116,50.0,Atencao,Atencao: sinais iniciais de risco,24.893994802580057
1777740939.336351,3172,True,0.30269825522240107,0.34570111222520367,0.32419968372380237,0.002650430095770982,False,False,0.21467025572005383,2,2,8.773461831259457,False,False,58.89995843771639,50.0,Atencao,Atencao: sinais iniciais de risco,24.884243610487573
1777740939.3767982,3173,True,0.30579280499763034,0.33728599825622196,0.3215394016269262,0.00274634978511635,False,False,0.21467025572005383,2,2,9.371877626939252,False,False,58.92987922750038,50.0,Atencao,Atencao: sinais iniciais de risco,24.852544042871195
1777740939.418224,3174,True,0.30501577427048876,0.3396152820906003,0.32231552818054454,0.0019888146119907677,False,False,0.21467025572005383,2,2,8.79809837629172,False,False,58.901190264968,50.0,Atencao,Atencao: sinais iniciais de risco,24.772529213169108
1777740939.4657247,3175,True,0.3041842730844614,0.34018468885790454,0.32218448097118296,0.003177826029637516,False,False,0.21467025572005383,2,2,8.767360832271251,False,False,58.89965338776698,50.0,Atencao,Atencao: sinais iniciais de risco,24.42428574771522
1777740939.503406,3176,True,0.3044022346312569,0.34228996493315456,0.32334609978220574,0.003104760891459441,False,False,0.21467025572005383,2,2,8.207747862352567,False,False,58.87167273927105,50.0,Atencao,Atencao: sinais iniciais de risco,24.622692946340248
1777740939.5409553,3177,True,0.2975927099070346,0.35517114367091596,0.32638192678897526,0.003326319838483321,False,False,0.21467025572005383,2,2,8.010024989904329,False,False,58.86178659564863,50.0,Atencao,Atencao: sinais iniciais de risco,24.83792168728748
1777740939.5769625,3178,True,0.29737403328958995,0.34556302050609383,0.3214685268978419,0.0034364069441291125,False,False,0.21467025572005383,2,2,8.13543705682863,False,False,58.86805719899485,50.0,Atencao,Atencao: sinais iniciais de risco,25.11112263212324
1777740939.6141768,3179,True,0.2990818638407488,0.37390833021913356,0.3364950970299412,0.002740739609794757,False,False,0.21467025572005383,2,2,7.869416548176246,False,False,58.85475617356223,50.0,Atencao,Atencao: sinais iniciais de risco,25.28035752930728
1777740939.64874,3180,True,0.30029134873015917,0.36204270612724865,0.3311670274287039,0.0029518331655605115,False,False,0.21467025572005383,2,2,7.848951848494735,False,False,58.853732938578155,50.0,Atencao,Atencao: sinais iniciais de risco,25.648530350701044
1777740939.6856315,3181,True,0.2981101176174797,0.35858659885045435,0.328348358233967,0.002911810493878794,False,False,0.21467025572005383,2,2,7.5456714596260674,False,False,58.83856891913472,50.0,Atencao,Atencao: sinais iniciais de risco,25.796284698753936
1777740939.7226884,3182,True,0.31153892553277046,0.3189143890828252,0.31522665730779786,0.003749388830897465,False,False,0.21467025572005383,2,2,7.181523551046848,False,False,58.820361523705756,50.0,Atencao,Atencao: sinais iniciais de risco,25.9076494734175
1777740939.7623184,3183,True,0.3209979116257503,0.31689329116491377,0.318945601395332,0.003928012260854834,False,False,0.21467025572005383,2,2,7.218024344403635,False,False,58.8221865633736,50.0,Atencao,Atencao: sinais iniciais de risco,25.83036305623001
1777740939.8134654,3184,True,0.3175935629036633,0.3157360216682543,0.3166647922859588,0.003518837780332108,False,False,0.21481481481481482,2,2,7.124854654327711,False,False,58.837404954399446,50.0,Atencao,Atencao: sinais iniciais de risco,25.225558291252003
1777740939.8552206,3185,True,0.32413386662732896,0.308083088227133,0.31610847742723097,0.0038270682709324808,False,False,0.21481481481481482,2,2,7.21701719362966,False,False,58.84201308136454,50.0,Atencao,Atencao: sinais iniciais de risco,25.070359450662632
1777740939.8962035,3186,True,0.32426260223088244,0.315656250208085,0.3199594262194837,0.004167979593269715,False,False,0.21481481481481482,2,2,7.306832918931137,False,False,58.846503867629615,50.0,Atencao,Atencao: sinais iniciais de risco,24.989124320716268
1777740939.936414,3187,True,0.32617455345443475,0.3199966428553645,0.3230855981548996,0.004030208158775823,False,False,0.21481481481481482,2,2,7.457611801001159,False,False,58.854042811733116,50.0,Atencao,Atencao: sinais iniciais de risco,25.00964300374761
1777740939.9905088,3188,True,0.31913029351676137,0.3092100392862736,0.3141701664015175,0.0035763155478638516,False,False,0.21481481481481482,2,2,7.679730735770003,False,False,58.865148758471555,50.0,Atencao,Atencao: sinais iniciais de risco,24.33465578338947
1777740940.0308077,3189,True,0.10171039971294868,0.15243739808245407,0.12707389889770138,0.0027132578053932197,True,False,0.215633423180593,2,2,6.600511847588826,False,False,58.923746464356995,50.0,Atencao,Atencao: sinais iniciais de risco,24.39985966201435
1777740940.0699341,3190,True,0.11528073947369588,0.14155237952638677,0.12841655950004133,0.001770571220339473,True,False,0.21630727762803234,2,2,6.2555199182338335,False,False,58.999151854412155,50.0,Atencao,Atencao: sinais iniciais de risco,24.531387494092986
1777740940.1158226,3191,True,0.1855058319232495,0.18560939422619813,0.1855576130747238,0.0008722671439131521,True,False,0.2169811320754717,2,2,6.536386153220453,False,False,59.105850152684404,50.0,Atencao,Atencao: sinais iniciais de risco,24.276398781089128
1777740940.1742442,3192,True,0.30569211155066145,0.3035247872405871,0.30460844939562426,0.0017714973043770398,False,False,0.2169811320754717,2,2,5.79924204943871,False,False,58.85884311370607,50.0,Atencao,Atencao: sinais iniciais de risco,23.556027257731756
1777740940.2174797,3193,True,0.3117355641374919,0.33440468070154894,0.32307012241952043,0.0031799241749000317,False,False,0.2169811320754717,2,2,7.170752028172666,False,False,58.927418612642775,50.0,Atencao,Atencao: sinais iniciais de risco,23.490205468507735
1777740940.2578137,3194,True,0.31705532286275984,0.35237284121822443,0.33471408204049213,0.0037095513948820933,False,False,0.2169811320754717,2,2,7.634965307485651,False,False,58.950629276608424,50.0,Atencao,Atencao: sinais iniciais de risco,23.650104129301532
1777740940.2961087,3195,True,0.3072983439345081,0.3491584606576885,0.3282284022960983,0.0030491389456048152,False,False,0.2169811320754717,2,2,7.77665646435185,False,False,58.95771383445173,50.0,Atencao,Atencao: sinais iniciais de risco,23.84502818155006
1777740940.3348658,3196,True,0.2980204801439416,0.3460093537810599,0.32201491696250073,0.003222677297274951,False,False,0.2169811320754717,2,2,7.576397654109381,False,False,58.94770089393961,50.0,Atencao,Atencao: sinais iniciais de risco,24.080109374373016
1777740940.3726592,3197,True,0.30896684854379736,0.3471628989367132,0.3280648737402553,0.003360062546937877,False,False,0.2169811320754717,2,2,8.293051168593493,False,False,58.98353356966381,50.0,Atencao,Atencao: sinais iniciais de risco,24.295290074592724
1777740940.4181743,3198,True,0.3177709320935359,0.35242945950743626,0.3351001958004861,0.003024776711306678,False,False,0.2169811320754717,2,2,7.942743982137604,False,False,58.96601821034102,50.0,Atencao,Atencao: sinais iniciais de risco,24.058007966157778
1777740940.4566479,3199,True,0.30872905092664116,0.3532141076050852,0.3309715792658632,0.0026749651552530032,False,False,0.2169811320754717,2,2,8.540676458518613,False,False,58.99591483416007,50.0,Atencao,Atencao: sinais iniciais de risco,24.256292456603806
1777740940.496718,3200,True,0.30728621267757633,0.34876976842667806,0.32802799055212717,0.002915490489975926,False,False,0.2169811320754717,2,2,8.67609589811076,False,False,59.00268580613968,50.0,Atencao,Atencao: sinais iniciais de risco,24.345494428854305
1777740940.5356321,3201,True,0.3183962740154166,0.3587512906763833,0.33857378234589997,0.002530452918608352,False,False,0.2169811320754717,2,2,8.447286085716701,False,False,58.991245315519976,50.0,Atencao,Atencao: sinais iniciais de risco,24.466150196061857
1777740940.5726047,3202,True,0.3130616192133487,0.3599141815627158,0.3364879003880322,0.0026679244970385786,False,False,0.2169811320754717,2,2,8.541106526892293,False,False,58.995936337578755,50.0,Atencao,Atencao: sinais iniciais de risco,24.731156914906652
1777740940.6123633,3203,True,0.3120065100919153,0.35363264635122976,0.33281957822157254,0.0028165199104822364,False,False,0.2169811320754717,2,2,8.456567832488906,False,False,58.99170940285858,50.0,Atencao,Atencao: sinais iniciais de risco,24.74989286943737
1777740940.7420459,3204,True,0.3195661815827959,0.35382362960007824,0.3366949055914371,0.0025997180544199724,False,False,0.2174206617150574,2,2,9.496970051425425,False,False,59.10416483924843,50.0,Atencao,Atencao: sinais iniciais de risco,23.049288778766886
1777740940.8330839,3205,True,0.3289701845232308,0.31930122522869053,0.32413570487596066,0.002136465709117195,False,False,0.21756756756756757,2,2,8.615182325142351,False,False,59.08027500765443,50.0,Atencao,Atencao: sinais iniciais de risco,21.838999123800434
1777740940.8777308,3206,True,0.33903142593345403,0.31833940662873716,0.3286854162810956,0.001769912234428342,False,False,0.21756756756756757,2,2,8.498673472147097,False,False,59.07444956500467,50.0,Atencao,Atencao: sinais iniciais de risco,21.90507614885021
1777740940.9186742,3207,True,0.3516418233795499,0.3186002730175777,0.3351210481985638,0.001520718234803587,False,False,0.21756756756756757,2,2,9.075303221256895,False,False,59.10328105246016,50.0,Atencao,Atencao: sinais iniciais de risco,22.119860176670517
1777740940.9586337,3208,True,0.3355342205625792,0.30894898313149205,0.32224160184703565,0.002894145706012948,False,False,0.21756756756756757,2,2,9.693706729906527,False,False,59.13420122789264,50.0,Atencao,Atencao: sinais iniciais de risco,22.47797362216125
1777740941.007907,3209,True,0.3263809672099077,0.322964487228298,0.3246727272191029,0.0029548764738189133,False,False,0.21771467207572684,2,2,7.277066983536562,False,False,59.03359611044605,50.0,Atencao,Atencao: sinais iniciais de risco,22.244266837530805
1777740941.0433018,3210,True,0.3143997276611175,0.31681320683761544,0.3156064672493665,0.0031451179364971227,False,False,0.21771467207572684,2,2,8.302770362489603,False,False,59.0848812793937,50.0,Atencao,Atencao: sinais iniciais de risco,22.855786339885967
1777740941.0776672,3211,True,0.31556536195493146,0.29486188234798033,0.30521362215145587,0.0022450655652088867,False,False,0.21771467207572684,2,2,8.526118735596539,False,False,59.096048698049046,50.0,Atencao,Atencao: sinais iniciais de risco,23.4692121855785
1777740941.1119666,3212,True,0.32660519769326446,0.3066486505093199,0.3166269241012922,0.0025015769181114533,False,False,0.21771467207572684,2,2,8.103036475469443,False,False,59.07489458504269,50.0,Atencao,Atencao: sinais iniciais de risco,24.06000266592158
1777740941.1474981,3213,True,0.31859597491007463,0.30695258800096575,0.3127742814555202,0.002514138763499164,False,False,0.21771467207572684,2,2,8.565830425985835,False,False,59.09803428256851,50.0,Atencao,Atencao: sinais iniciais de risco,24.44009977201716
1777740941.1849291,3214,True,0.3226627809814334,0.3064587763330071,0.31456077865722026,0.0024918482217232626,False,False,0.21756756756756757,2,2,8.41160299110819,False,False,59.07009604095273,50.0,Atencao,Atencao: sinais iniciais de risco,24.68378499196455
1777740941.220919,3215,True,0.31276421504813645,0.30817707899943675,0.3104706470237866,0.0026192502270246526,False,False,0.21771467207572684,2,2,8.058025098676708,False,False,59.07264401620306,50.0,Atencao,Atencao: sinais iniciais de risco,24.993778531797837
1777740941.256014,3216,True,0.31089287440720453,0.309726145958831,0.3103095101830178,0.0032387482659770195,False,False,0.21756756756756757,2,2,7.722293490002101,False,False,59.03563056589742,50.0,Atencao,Atencao: sinais iniciais de risco,25.36194863861438
1777740941.2925682,3217,True,0.2999382916402644,0.3035159711222877,0.30172713138127605,0.00305138476693944,False,False,0.21756756756756757,2,2,7.988745330866766,False,False,59.04895315794065,50.0,Atencao,Atencao: sinais iniciais de risco,25.537066728816
1777740941.327949,3218,True,0.30788308644902856,0.3073059185735611,0.30759450251129483,0.0027477649655217548,False,False,0.21756756756756757,2,2,7.280152599892411,False,False,59.01352352139193,50.0,Atencao,Atencao: sinais iniciais de risco,25.811350374020186
1777740941.3641503,3219,True,0.3087486381059673,0.3057962910398251,0.3072724645728962,0.0029196071590688903,False,False,0.21756756756756757,2,2,8.004919066330926,False,False,59.04976184471386,50.0,Atencao,Atencao: sinais iniciais de risco,25.9278581351934
1777740941.411466,3220,True,0.2763471799631638,0.27667070449570613,0.276508942229435,0.003220637354223899,False,False,0.21756756756756757,2,2,8.320843947780403,False,False,59.06555808878633,50.0,Atencao,Atencao: sinais iniciais de risco,25.47084328159275
1777740941.4459567,3221,True,0.2631946599423825,0.27126221744049334,0.2672284386914379,0.0035721400610633776,False,False,0.21756756756756757,2,2,7.898708413947713,False,False,59.0444513120947,50.0,Atencao,Atencao: sinais iniciais de risco,25.808396527957196
1777740941.4871807,3222,True,0.17232974122482597,0.18300960846083555,0.17766967484283075,0.0028645183881817887,True,False,0.21824324324324323,2,2,6.067239849929782,False,False,59.04578328929921,50.0,Atencao,Atencao: sinais iniciais de risco,25.685012179384337
1777740941.5227997,3223,True,0.18455844831011733,0.19503313688441276,0.18979579259726503,0.0025433553478173263,True,False,0.21891891891891893,2,2,6.571143511615015,False,False,59.163883877788884,50.0,Atencao,Atencao: sinais iniciais de risco,25.90461245977235
1777740941.557171,3224,True,0.25012675284772307,0.2744084059853123,0.2622675794165177,0.0019291907456051272,False,False,0.21891891891891893,2,2,6.36108230321922,False,False,58.95411355316189,50.0,Atencao,Atencao: sinais iniciais de risco,26.249818989692418
1777740941.5940208,3225,True,0.302203904107437,0.31142848288631714,0.30681619349687705,0.0028991547811571938,False,False,0.21891891891891893,2,2,7.422232581861318,False,False,59.00717106709399,50.0,Atencao,Atencao: sinais iniciais de risco,26.34814863944839
1777740941.628713,3226,True,0.2799146850955445,0.30336084309815253,0.2916377640968485,0.0035198273114731677,False,False,0.21891891891891893,2,2,6.546224991045893,False,False,58.96337068755322,50.0,Atencao,Atencao: sinais iniciais de risco,26.584735187723336
1777740941.6650102,3227,True,0.30205222383245034,0.33201336776869395,0.31703279580057214,0.0028049511714586532,False,False,0.21891891891891893,2,2,6.901277384737675,False,False,58.98112330723781,50.0,Atencao,Atencao: sinais iniciais de risco,26.666723493754333
1777740941.703666,3228,True,0.30117635896825007,0.34014638605229514,0.3206613725102726,0.002799895785835651,False,False,0.21891891891891893,2,2,7.728185217675161,False,False,59.02246869888469,50.0,Atencao,Atencao: sinais iniciais de risco,26.59490606462598
1777740941.7406836,3229,True,0.31468120829549556,0.34590289730849727,0.3302920528019964,0.0026397293887498686,False,False,0.21891891891891893,2,2,7.622344672679901,False,False,59.01717667163492,50.0,Atencao,Atencao: sinais iniciais de risco,26.663578558574187
1777740941.7893496,3230,True,0.3170282174121011,0.34987445019105634,0.3334513338015787,0.0030912054646976372,False,False,0.21906693711967545,2,2,7.6392840917984195,False,False,59.038376145194874,50.0,Atencao,Atencao: sinais iniciais de risco,26.027364275232568
1777740941.832845,3231,True,0.31951527263139906,0.35405328310030526,0.3367842778658522,0.003044211610809149,False,False,0.21906693711967545,2,2,8.400897804850882,False,False,59.0764568308475,50.0,Atencao,Atencao: sinais iniciais de risco,25.713868871571545
1777740941.8718705,3232,True,0.32014882234022995,0.35107531435946715,0.3356120683498486,0.002654740931646377,False,False,0.21906693711967545,2,2,7.675940724953333,False,False,59.04020897685262,50.0,Atencao,Atencao: sinais iniciais de risco,25.71068709279802
1777740941.9120855,3233,True,0.3192558619067895,0.35914882663221226,0.3392023442695009,0.0028396638624659807,False,False,0.21906693711967545,2,2,8.638615926338192,False,False,59.08834273692187,50.0,Atencao,Atencao: sinais iniciais de risco,25.647197542166197
1777740941.9571247,3234,True,0.31516224563040895,0.3568150697601266,0.33598865769526776,0.0022427420671964748,False,False,0.21906693711967545,2,2,7.582846109738404,False,False,59.03555424609188,50.0,Atencao,Atencao: sinais iniciais de risco,25.29647378335447
1777740941.9964316,3235,True,0.31145805157249057,0.3655858699201407,0.33852196074631563,0.003123961217259845,False,False,0.21906693711967545,2,2,8.48260135440664,False,False,59.08054200832529,50.0,Atencao,Atencao: sinais iniciais de risco,25.299343932082742
1777740942.039803,3236,True,0.3175257835638447,0.35344687408122144,0.33548632882253304,0.002063046315265986,False,False,0.21906693711967545,2,2,6.95133574010635,False,False,59.003978727610274,50.0,Atencao,Atencao: sinais iniciais de risco,25.096414196321714
1777740942.0776777,3237,True,0.30456972220644085,0.3656477756047448,0.33510874890559283,0.002685703797337661,False,False,0.21906693711967545,2,2,8.588004515523261,False,False,59.08581216638112,50.0,Atencao,Atencao: sinais iniciais de risco,25.23242240040431
1777740942.1117432,3238,True,0.33070453143216405,0.36064328590077227,0.3456739086664682,0.00171126064800234,False,False,0.21906693711967545,2,2,6.890793219919909,False,False,59.00095160160095,50.0,Atencao,Atencao: sinais iniciais de risco,25.60347752731526
1777740942.1482127,3239,True,0.30638275984893104,0.3635996150170859,0.3349911874330085,0.0025317093462837166,False,False,0.21906693711967545,2,2,8.714208379963582,False,False,59.09212235960313,50.0,Atencao,Atencao: sinais iniciais de risco,25.834757125776243
1777740942.191213,3240,True,0.3055599862593726,0.35638674696926986,0.3309733666143212,0.0022563292087495602,False,False,0.21906693711967545,2,2,6.984813684360549,False,False,59.00565262482298,50.0,Atencao,Atencao: sinais iniciais de risco,25.557230069008565
1777740942.2254016,3241,True,0.3093131397439133,0.32604504611714386,0.31767909293052854,0.003086312687184968,False,False,0.21906693711967545,2,2,7.596815632681617,False,False,59.036252722239034,50.0,Atencao,Atencao: sinais iniciais de risco,25.91848973704279
1777740942.5452118,3242,True,0.3100055680272376,0.31691958368738055,0.3134625758573091,0.003123691124596004,False,False,0.22010869565217392,2,2,8.176327443461526,False,False,59.20847011099657,50.0,Atencao,Atencao: sinais iniciais de risco,23.639373456009206
1777740942.5822804,3243,True,0.3061550701454149,0.31745531512133035,0.3118051926333726,0.0025803636138871204,False,False,0.22010869565217392,2,2,7.87844693293287,False,False,59.193576085470134,50.0,Atencao,Atencao: sinais iniciais de risco,23.995480935315065
1777740942.6186519,3244,True,0.3031035811747419,0.31856943372455265,0.3108365074496473,0.0027524463129395414,False,False,0.22010869565217392,2,2,7.920650262825868,False,False,59.19568625196479,50.0,Atencao,Atencao: sinais iniciais de risco,24.33734878381438
1777740942.6589334,3245,True,0.30981540385024836,0.31751186992858926,0.3136636368894188,0.002518701692650896,False,False,0.22010869565217392,2,2,7.909040548178284,False,False,59.19510576623241,50.0,Atencao,Atencao: sinais iniciais de risco,24.367038211854563
1777740942.6988642,3246,True,0.3019859631425558,0.3426532390814415,0.32231960111199864,0.002594420489741463,False,False,0.22010869565217392,2,2,7.82000538893044,False,False,59.190654008270016,50.0,Atencao,Atencao: sinais iniciais de risco,24.42552491193457
1777740942.743086,3247,True,0.32145472957537835,0.34204237577745883,0.33174855267641856,0.002632948496519584,False,False,0.22010869565217392,2,2,8.710326313532214,False,False,59.2351700545001,50.0,Atencao,Atencao: sinais iniciais de risco,24.264525152332926
1777740942.7875266,3248,True,0.3181716847112836,0.36392423928214873,0.34104796199671616,0.0024250037939243306,False,False,0.2202583276682529,2,2,8.42344362265007,False,False,59.241400322166854,50.0,Atencao,Atencao: sinais iniciais de risco,24.084955651257292
1777740942.8383336,3249,True,0.3134499421958911,0.3565172779154983,0.3349836100556947,0.002178719288287061,False,False,0.2202583276682529,2,2,9.027366646887227,False,False,59.27159647337871,50.0,Atencao,Atencao: sinais iniciais de risco,23.654167368430087
1777740942.8828108,3250,True,0.31651935418861465,0.3616079954692708,0.33906367482894273,0.002202373219821516,False,False,0.2202583276682529,2,2,8.424131100015208,False,False,59.24143469603511,50.0,Atencao,Atencao: sinais iniciais de risco,23.52959175427216
1777740942.9258978,3251,True,0.30672553798384683,0.3428896791410887,0.32480760856246776,0.002881224678734244,False,False,0.2202583276682529,2,2,9.506001049415632,False,False,59.29552819350513,50.0,Atencao,Atencao: sinais iniciais de risco,23.48923115439587
1777740942.9771416,3252,True,0.32026987459281264,0.36556234492899736,0.34291610976090503,0.0018606581574508823,False,False,0.22040816326530613,2,2,8.018163479627534,False,False,59.241738709610544,50.0,Atencao,Atencao: sinais iniciais de risco,23.08945099977307
1777740943.0186934,3253,True,0.3098709004796524,0.34331987474484565,0.32659538761224904,0.003366381973639465,False,False,0.22040816326530613,2,2,9.436915384639393,False,False,59.312676304861135,50.0,Atencao,Atencao: sinais iniciais de risco,23.19225982337305
1777740943.0601053,3254,True,0.31968346725224445,0.3719264922191391,0.3458049797356918,0.0022749090019403484,False,False,0.22040816326530613,2,2,8.428011791848322,False,False,59.26223112522158,50.0,Atencao,Atencao: sinais iniciais de risco,23.310061058269355
1777740943.0951698,3255,True,0.30501869803744736,0.3475468897668081,0.3262827939021277,0.002782469419316563,False,False,0.22040816326530613,2,2,9.382692664726214,False,False,59.309965168865475,50.0,Atencao,Atencao: sinais iniciais de risco,23.78644287585069
1777740943.131545,3256,True,0.31722801879172624,0.37337544136624917,0.3453017300789877,0.0022882899224148105,False,False,0.22040816326530613,2,2,8.930868825655091,False,False,59.28737397691192,50.0,Atencao,Atencao: sinais iniciais de risco,24.198935051508123
1777740943.1667597,3257,True,0.3037994106887804,0.3474110783524006,0.3256052445205905,0.0027379418043076047,False,False,0.22040816326530613,2,2,10.352985474873673,False,False,59.35847980937285,50.0,Atencao,Atencao: sinais iniciais de risco,24.604906123164866
1777740943.208478,3258,True,0.3203404064051772,0.36808353405295635,0.3442119702290668,0.0018833059524145184,False,False,0.22040816326530613,2,2,8.40766698582606,False,False,59.26121388492047,50.0,Atencao,Atencao: sinais iniciais de risco,24.52758650999778
1777740943.246273,3259,True,0.3022171897738236,0.3481360786867294,0.32517663423027654,0.0028862242871322127,False,False,0.22040816326530613,2,2,10.795617875863206,False,False,59.38061142942232,50.0,Atencao,Atencao: sinais iniciais de risco,24.719316085465906
1777740943.2822616,3260,True,0.31776516053148585,0.3708030100044928,0.3442840852679893,0.0014917444304134214,False,False,0.22040816326530613,2,2,9.442045675319704,False,False,59.31293281939515,50.0,Atencao,Atencao: sinais iniciais de risco,25.005388894624254
1777740943.3182435,3261,True,0.29853053316249356,0.3464155207851057,0.32247302697379965,0.003373532492114936,False,False,0.22040816326530613,2,2,10.269444990733808,False,False,59.35430278516586,50.0,Atencao,Atencao: sinais iniciais de risco,25.329110402585506
1777740943.3543048,3262,True,0.3245408613533729,0.3734170621464709,0.34897896174992193,0.0021775081830959857,False,False,0.22040816326530613,2,2,9.279472963105547,False,False,59.30480418378444,50.0,Atencao,Atencao: sinais iniciais de risco,25.558805825214833
1777740943.389893,3263,True,0.30985999768692096,0.3543031549508594,0.3320815763188902,0.002205763033579313,False,False,0.22040816326530613,2,2,10.588230002840811,False,False,59.370242035771206,50.0,Atencao,Atencao: sinais iniciais de risco,25.805749366944816
1777740943.426677,3264,True,0.3219831523970616,0.3769906501901325,0.34948690129359705,0.0019242041982991329,False,False,0.22040816326530613,2,2,9.357346170056951,False,False,59.30869784413201,50.0,Atencao,Atencao: sinais iniciais de risco,25.951151080108655
1777740943.4626334,3265,True,0.3028765905849679,0.3459295274296396,0.32440305900730376,0.002963211053107808,False,False,0.22040816326530613,2,2,10.736520069295711,False,False,59.377656539093955,50.0,Atencao,Atencao: sinais iniciais de risco,26.078791402556377
1777740943.5017123,3266,True,0.3243826374855234,0.3756130667258026,0.349997852105663,0.0020970349059356527,False,False,0.2202583276682529,2,2,9.54065469327298,False,False,59.297260875698,50.0,Atencao,Atencao: sinais iniciais de risco,26.08359737121458
1777740943.6251876,3267,True,0.29660352863008066,0.3414173254358901,0.3190104270329854,0.004525947124311119,False,False,0.22070844686648503,2,2,11.026126397197897,False,False,59.433425850651155,50.0,Atencao,Atencao: sinais iniciais de risco,24.280784306105385
1777740943.7084398,3268,True,0.31553811806794607,0.36804183962510895,0.3417899788465275,0.0026740562422534063,False,False,0.22085889570552147,2,2,10.155330485579643,False,False,59.41057277043776,50.0,Atencao,Atencao: sinais iniciais de risco,23.05620855000989
1777740943.7598305,3269,True,0.32119724995268245,0.37266374142229636,0.3469304956874894,0.0031058878046440045,False,False,0.22100954979536153,2,2,11.408893713558262,False,False,59.493965869189694,50.0,Atencao,Atencao: sinais iniciais de risco,22.710699419352775
1777740943.800673,3270,True,0.34451042129246073,0.3766058347566721,0.36055812802456644,0.001552877918730288,False,False,0.22085889570552147,2,2,10.04705873930996,False,False,59.405159183124276,50.0,Atencao,Atencao: sinais iniciais de risco,22.895117617955503
1777740943.849867,3271,True,0.3007710213202306,0.363209777098781,0.3319903992095058,0.004058885335194402,False,False,0.22070844686648503,2,2,11.818666935508901,False,False,59.4730528775667,50.0,Atencao,Atencao: sinais iniciais de risco,22.639854466524014
1777740943.8905509,3272,True,0.30637439942466826,0.3550843848301137,0.33072939212739094,0.002722408393609069,False,False,0.2205582028590878,2,2,10.653293787010693,False,False,59.39412566912468,50.0,Atencao,Atencao: sinais iniciais de risco,22.792361093398668
1777740943.9315045,3273,True,0.3166987873815636,0.3657343492529147,0.3412165683172391,0.0022177796834492135,False,False,0.22040816326530613,2,2,11.561623206666924,False,False,59.418911695962514,50.0,Atencao,Atencao: sinais iniciais de risco,23.00173957383401
1777740944.2278237,3274,True,0.3209127970139942,0.33989265286057024,0.33040272493728223,0.002860067008372151,False,False,0.22146274777853725,2,2,11.063677150349726,False,False,59.539019763715935,50.0,Atencao,Atencao: sinais iniciais de risco,21.03910810458363
1777740944.315361,3275,True,0.31361179606310563,0.33618755492497676,0.3248996754940412,0.002694570787144972,False,False,0.2216142270861833,2,2,12.742307724600488,False,False,59.6437796972298,50.0,Atencao,Atencao: sinais iniciais de risco,20.069050990497356
1777740944.370285,3276,True,0.31487591591583786,0.35675782553559165,0.33581687072571476,0.0024139590020570293,False,False,0.2216142270861833,2,2,12.146169610050592,False,False,59.61397279150231,50.0,Atencao,Atencao: sinais iniciais de risco,19.89110861456245
1777740944.40703,3277,True,0.3391866924736961,0.359412970417448,0.3492998314455721,0.004136531280322359,False,False,0.2216142270861833,2,2,13.436606445434418,False,False,59.678494633271505,50.0,Atencao,Atencao: sinais iniciais de risco,20.63435017335796
1777740944.4430656,3278,True,0.3695179966742744,0.36977915542020423,0.36964857604723933,0.003820236988164383,False,False,0.2216142270861833,2,2,11.589612621746282,False,False,59.586144942087095,50.0,Atencao,Atencao: sinais iniciais de risco,21.35771131520255
1777740944.4802387,3279,True,0.31900214403033866,0.34792758949970753,0.33346486676502307,0.0038425206241540734,False,False,0.2216142270861833,2,2,12.080740545757793,False,False,59.61070133828767,50.0,Atencao,Atencao: sinais iniciais de risco,21.92830745123854
1777740944.5141559,3280,True,0.3137151997742383,0.3463690043833878,0.330042102078813,0.0045290153827680585,False,False,0.2216142270861833,2,2,12.678718669577076,False,False,59.640600244478634,50.0,Atencao,Atencao: sinais iniciais de risco,22.61623353841015
1777740944.553815,3281,True,0.31327160508128404,0.3502801779837306,0.3317758915325073,0.0044323444207503004,False,False,0.2216142270861833,2,2,12.733169718967241,False,False,59.64332279694814,50.0,Atencao,Atencao: sinais iniciais de risco,22.88896976570234
1777740944.5908523,3282,True,0.338218352599952,0.34155739361731763,0.3398878731086348,0.0033428096152496806,False,False,0.2216142270861833,2,2,10.607500731606375,False,False,59.5370393475801,50.0,Atencao,Atencao: sinais iniciais de risco,23.33895839027042
1777740944.62771,3283,True,0.3443616917274249,0.3257288431789808,0.33504526745320284,0.0033072026504809195,False,False,0.2216142270861833,2,2,11.17889381857081,False,False,59.56560900192832,50.0,Atencao,Atencao: sinais iniciais de risco,23.702545262249473
1777740944.6641326,3284,True,0.35068013911667195,0.3144942994825349,0.33258721929960344,0.003348210379532829,False,False,0.2216142270861833,2,2,9.625012303956531,False,False,59.48791492619761,50.0,Atencao,Atencao: sinais iniciais de risco,24.091969618629683
1777740944.7009733,3285,True,0.3569486444782867,0.3192959879889972,0.338122316233642,0.002040161474626215,False,False,0.2216142270861833,2,2,9.760906050760637,False,False,59.494709613537815,50.0,Atencao,Atencao: sinais iniciais de risco,24.32626820542868
1777740944.7380931,3286,True,0.34518596601100465,0.3141974695068969,0.3296917177589508,0.0019515085018264465,False,False,0.2216142270861833,2,2,9.422334520044652,False,False,59.47778103700201,50.0,Atencao,Atencao: sinais iniciais de risco,24.63325482551575
1777740944.7849617,3287,True,0.3570509501224172,0.3309392017271583,0.34399507592478773,0.0021645609060626826,False,False,0.2216142270861833,2,2,9.272868914157153,False,False,59.47030775670764,50.0,Atencao,Atencao: sinais iniciais de risco,24.31390134973467
1777740944.8302135,3288,True,0.3579232038585484,0.3221708793064373,0.3400470415824929,0.0023058083823326594,False,False,0.22176591375770022,2,2,8.869026274064725,False,False,59.47097254203659,50.0,Atencao,Atencao: sinais iniciais de risco,24.075546572886356
1777740944.8713346,3289,True,0.34616280606366956,0.3276525512973743,0.33690767868052196,0.0022173786253372107,False,False,0.22176591375770022,2,2,7.931174603273923,False,False,59.42407995849705,50.0,Atencao,Atencao: sinais iniciais de risco,24.09675035813521
1777740944.9144223,3290,True,0.2593469146408415,0.27568488468629615,0.2675158996635688,0.0014533941452890397,False,False,0.22176591375770022,2,2,7.075524305691943,False,False,59.38129744361795,50.0,Atencao,Atencao: sinais iniciais de risco,24.019605489888388
1777740944.9609406,3291,True,0.06825072769412514,0.1822553945986212,0.12525306114637316,0.0023467318144278506,True,False,0.22245037645448323,2,2,9.125589658116752,False,False,59.57791433204685,50.0,Atencao,Atencao: sinais iniciais de risco,23.768723813395034
1777740945.0036733,3292,True,0.2571100458994331,0.3124883167177488,0.28479918130859094,0.003622339650899866,False,False,0.22245037645448323,2,2,7.806140112673695,False,False,59.33162038089807,50.0,Atencao,Atencao: sinais iniciais de risco,23.713836451234773
1777740945.0448363,3293,True,0.2637465686023685,0.3044218246262564,0.28408419661431245,0.0019217110986255585,False,False,0.22245037645448323,2,2,8.343508404882794,False,False,59.35848879550853,50.0,Atencao,Atencao: sinais iniciais de risco,23.807279724869524
1777740945.0845087,3294,True,0.3135532593304364,0.355803065128025,0.3346781622292307,0.0019402039058327573,False,False,0.22245037645448323,2,2,8.687099423022433,False,False,59.37566834641551,50.0,Atencao,Atencao: sinais iniciais de risco,23.934508244208917
1777740945.137808,3295,True,0.3063186352018714,0.3765484363199813,0.3414335357609264,0.0010398753441648262,False,False,0.2226027397260274,2,2,8.96287634237246,False,False,59.41040714222032,50.0,Atencao,Atencao: sinais iniciais de risco,23.416519251987296
1777740945.1771986,3296,True,0.32388975669298764,0.3886031611957882,0.3562464589443879,0.001860673465790087,False,False,0.2226027397260274,2,2,9.57236527201127,False,False,59.44088158870227,50.0,Atencao,Atencao: sinais iniciais de risco,23.575792670243164
1777740945.217839,3297,True,0.3127509640122547,0.3916034219287683,0.35217719297051153,0.0024509287376808056,False,False,0.2226027397260274,2,2,10.110374564914542,False,False,59.46778205334743,50.0,Atencao,Atencao: sinais iniciais de risco,23.685722479110932
1777740945.271139,3298,True,0.3208083133998535,0.3881106613650252,0.3544594873824394,0.0027976317490419358,False,False,0.2226027397260274,2,2,9.739917915382168,False,False,59.44925922087081,50.0,Atencao,Atencao: sinais iniciais de risco,23.204790341007886
1777740945.3119214,3299,True,0.3063981253759908,0.38451781309476857,0.3454579692353797,0.002310948129197019,False,False,0.2226027397260274,2,2,11.205651173639028,False,False,59.52254588378366,50.0,Atencao,Atencao: sinais iniciais de risco,23.34955749727776
1777740945.3489115,3300,True,0.3230980249031265,0.38796868145492,0.35553335317902324,0.00304931263894087,False,False,0.2226027397260274,2,2,10.17202448032119,False,False,59.47086454911776,50.0,Atencao,Atencao: sinais iniciais de risco,23.704465804793585
1777740945.9078445,3301,True,0.32034250759528,0.31940077870306327,0.3198716431491716,0.18157706217208164,False,False,0.21700069108500344,2,2,15.823596319014378,False,False,58.98316145291164,50.0,Atencao,Atencao: sinais iniciais de risco,21.513049545960204
1777740945.945638,3302,True,0.31938195351205856,0.3136496767277616,0.3165158151199101,0.025374581676898933,False,False,0.21700069108500344,2,2,16.8422622626478,False,False,59.122327111370254,50.0,Atencao,Atencao: sinais iniciais de risco,21.930213552121568
1777740945.9976826,3303,True,0.3339992243818067,0.3218620715527163,0.32793064796726146,0.007420124756070175,False,False,0.21700069108500344,2,2,18.235246413404294,False,False,59.191976318908075,50.0,Atencao,Atencao: sinais iniciais de risco,21.66308388370303
1777740946.039549,3304,True,0.3312975825129886,0.31848361415274407,0.3248905983328663,0.008366625169379376,False,False,0.21630960608154803,2,2,16.92630318484523,False,False,59.031504969504994,50.0,Atencao,Atencao: sinais iniciais de risco,21.94142854979907
1777740946.0771317,3305,True,0.3280112267722144,0.3327343583428903,0.33037279255755236,0.08593520532692035,False,False,0.21630960608154803,2,2,17.286372107538313,False,False,59.25085856018489,50.0,Atencao,Atencao: sinais iniciais de risco,22.384082728087428
1777740946.1156306,3306,True,0.3133139480500067,0.33552855330062314,0.3244212506753149,0.1836100081328039,False,False,0.21630960608154803,2,2,18.130186400630258,False,False,59.29304927483948,50.0,Atencao,Atencao: sinais iniciais de risco,22.7596093399243
1777740946.1649525,3307,True,0.3160799103799447,0.34034025236325616,0.32821008137160046,0.2356096317385696,False,False,0.21645919778699863,2,2,18.16987196450884,False,False,59.315602412532876,50.0,Atencao,Atencao: sinais iniciais de risco,22.517131742313932
1777740946.2056925,3308,True,0.31911072786552097,0.3388855331442396,0.32899813050488025,0.17936528936721097,False,False,0.21645919778699863,2,2,17.998379627682947,False,False,59.30702779569158,50.0,Atencao,Atencao: sinais iniciais de risco,22.724312016442163
1777740946.2460916,3309,True,0.32800266357319796,0.3346363653016049,0.33131951443740143,0.1668154534210341,False,False,0.21645919778699863,2,2,18.19638717228716,False,False,59.31692817292179,50.0,Atencao,Atencao: sinais iniciais de risco,22.889603106948346
1777740946.286694,3310,True,0.31906818581444835,0.3369169735604389,0.32799257968744366,0.179774789953699,False,False,0.21645919778699863,2,2,17.608287123387512,False,False,59.28752317047681,50.0,Atencao,Atencao: sinais iniciais de risco,23.06362418495421
1777740946.333403,3311,True,0.30755183883763776,0.3237859009662183,0.315668869901928,0.17505121360078668,False,False,0.21645919778699863,2,2,16.357908503846687,False,False,59.22500423949977,50.0,Atencao,Atencao: sinais iniciais de risco,22.91496855640696
1777740946.371247,3312,True,0.30044983426650873,0.3186945357938002,0.3095721850301545,0.16200774530421388,False,False,0.21645919778699863,2,2,16.269931059804826,False,False,59.22060536729768,50.0,Atencao,Atencao: sinais iniciais de risco,23.207891779961113
1777740946.4077415,3313,True,0.3010134872584967,0.31516658009942866,0.3080900336789627,0.13122529671790084,False,False,0.21630960608154803,2,2,15.32944667556069,False,False,59.153012288586005,50.0,Atencao,Atencao: sinais iniciais de risco,23.697204359403266
1777740946.4439657,3314,True,0.29614018751710947,0.3142005961324406,0.305170391824775,0.09727024547841162,False,False,0.21630960608154803,2,2,16.211006586795502,False,False,59.19709028414775,50.0,Atencao,Atencao: sinais iniciais de risco,24.071434881677476
1777740946.4787822,3315,True,0.2940627474644898,0.3097695759902896,0.30191616172738966,0.06281767578076308,False,False,0.21630960608154803,2,2,16.25251772484996,False,False,59.19916584105047,50.0,Atencao,Atencao: sinais iniciais de risco,24.550685795439904
1777740946.5144436,3316,True,0.2922940300417304,0.31913805683210383,0.3057160434369171,0.06253626491758958,False,False,0.21630960608154803,2,2,16.751026620783588,False,False,59.22409128584715,50.0,Atencao,Atencao: sinais iniciais de risco,24.87229975011494
1777740946.5528688,3317,True,0.282863527460177,0.3103612891788046,0.2966124083194908,0.08208817679772082,False,False,0.21630960608154803,2,2,16.81987142833796,False,False,59.22753352622487,50.0,Atencao,Atencao: sinais iniciais de risco,25.009886362776207
1777740946.587203,3318,True,0.2878400926353478,0.3101808898853211,0.29901049126033447,0.027896771496718625,False,False,0.21630960608154803,2,2,16.872892610864206,False,False,59.23018458535118,50.0,Atencao,Atencao: sinais iniciais de risco,25.428281853495566
1777740946.627741,3319,True,0.2846343994172026,0.31626026328928336,0.300447331353243,0.006823576864694258,False,False,0.21630960608154803,2,2,17.82480704350905,False,False,59.27778030698342,50.0,Atencao,Atencao: sinais iniciais de risco,25.305003633129658
1777740946.6700082,3320,True,0.28406886588776176,0.29770269022574786,0.2908857780567548,0.03952294424839795,False,False,0.21630960608154803,2,2,18.023601868477733,False,False,59.28772004823186,50.0,Atencao,Atencao: sinais iniciais de risco,25.178574803904496
1777740946.7093587,3321,True,0.2797337753252641,0.32251399374706213,0.3011238845361631,0.04212721797729236,False,False,0.21630960608154803,2,2,17.938322055881674,False,False,59.28345605760206,50.0,Atencao,Atencao: sinais iniciais de risco,25.15397928386002
1777740946.756553,3322,True,0.26665927267318373,0.28974588001242735,0.27820257634280554,0.16176784380041573,False,False,0.21630960608154803,2,2,19.378497257828712,False,False,59.355464817699406,50.0,Atencao,Atencao: sinais iniciais de risco,24.794790050749498
1777740946.8049705,3323,True,0.28058396497148635,0.30244330562253735,0.29151363529701185,0.15959850241981421,False,False,0.21630960608154803,2,2,19.085943790186533,False,False,59.3408371443173,50.0,Atencao,Atencao: sinais iniciais de risco,24.372653289915977
1777740946.8509471,3324,True,0.2861577855861083,0.29996202060851307,0.29305990309731067,0.11747699545470501,False,False,0.21645919778699863,2,2,21.100930533084004,False,False,59.46215534096164,50.0,Atencao,Atencao: sinais iniciais de risco,24.09952474972101
1777740946.8978777,3325,True,0.27191113834361563,0.32061625620145556,0.2962636972725356,0.05455085929445096,False,False,0.21645919778699863,2,2,22.961993899399584,False,False,59.55520850927741,50.0,Atencao,Atencao: sinais iniciais de risco,23.829932840243252
1777740946.9474502,3326,True,0.27299942079904327,0.33181303221784636,0.30240622650844484,0.033485949055159926,False,False,0.21645919778699863,2,2,26.250706232677807,False,False,59.71964412594132,50.0,Atencao,Atencao: sinais iniciais de risco,23.48587922631422
1777740946.9954078,3327,True,0.2827746730835261,0.35210884993956665,0.31744176151154635,0.01791750327872238,False,False,0.21660899653979238,2,2,30.357531847195183,False,False,59.94558273517634,50.0,Atencao,Atencao: sinais iniciais de risco,23.219136985660228
1777740947.0446324,3328,True,0.2779008458815302,0.3537393266569844,0.3158200862692573,0.04654010019773826,False,False,0.21660899653979238,2,2,38.420471738143405,False,True,60.34872972972374,50.0,Risco por fadiga,Atencao: sinais de sonolencia,22.92469553565587
1777740947.0930107,3329,True,0.28918679149958554,0.3753775729028206,0.3322821822012031,0.017268439287316667,False,False,0.21660899653979238,2,2,38.972266578674315,False,True,60.37631947175029,50.0,Risco por fadiga,Atencao: sinais de sonolencia,22.671943357790965
1777740947.14941,3330,True,0.2795566654771555,0.34434702608152096,0.3119518457793382,0.031223940055722776,False,False,0.21675900277008311,2,2,39.01725087165832,False,True,60.39919454306447,50.0,Risco por fadiga,Atencao: sinais de sonolencia,22.19180359828365
1777740947.1948736,3331,True,0.28138872376211405,0.3612366460990779,0.32131268493059595,0.017466746555731102,False,False,0.21675900277008311,2,2,38.723683738708495,False,True,60.38451618641698,50.0,Risco por fadiga,Atencao: sinais de sonolencia,22.154947721376267
1777740947.240729,3332,True,0.2914239895080923,0.3663222083536779,0.3288730989308851,0.020376147542639816,False,False,0.21675900277008311,2,2,39.09272909164429,False,True,60.40296845406377,50.0,Risco por fadiga,Atencao: sinais de sonolencia,22.139735904451346
1777740947.2862558,3333,True,0.28798868941729683,0.41850091054067284,0.35324479997898484,0.018292173605118547,False,False,0.21675900277008311,2,2,38.99331698417664,False,True,60.39799784869039,50.0,Risco por fadiga,Atencao: sinais de sonolencia,22.073510186003478
1777740947.3404348,3334,True,0.28769073246872334,0.387553595625543,0.3376221640471332,0.008095209008627273,False,False,0.21675900277008311,2,2,39.1157772064209,False,True,60.404120859802596,50.0,Risco por fadiga,Atencao: sinais de sonolencia,21.742050216594645
1777740947.3820784,3335,True,0.2956487177739566,0.37071181821429244,0.33318026799412453,0.01841443591862359,False,False,0.21675900277008311,2,2,39.20125169754028,False,True,60.40839458435857,50.0,Risco por fadiga,Atencao: sinais de sonolencia,21.94305747772757
1777740947.4323747,3336,True,0.2978199685073894,0.39238719646121406,0.34510358248430173,0.01970297894215854,False,False,0.21675900277008311,2,2,39.172444343566895,False,True,60.4069542166599,50.0,Risco por fadiga,Atencao: sinais de sonolencia,21.738108670800038
1777740947.4736896,3337,True,0.28727310847115234,0.41383833181332746,0.3505557201422399,0.041348723085301776,False,False,0.21675900277008311,2,2,38.62887687683105,False,True,60.3797758433231,50.0,Risco por fadiga,Atencao: sinais de sonolencia,22.013975303217812
1777740947.527293,3338,True,0.28517827340287294,0.38769252981478386,0.3364354016088284,0.014856490689597173,False,False,0.21675900277008311,2,2,38.350808835029596,False,True,60.36587244123303,50.0,Risco por fadiga,Atencao: sinais de sonolencia,21.687955193729252
1777740947.5785408,3339,True,0.0820584122135248,0.05912745551327689,0.07059293386340085,0.031012491780422848,True,False,0.21745152354570638,2,2,35.71639367341995,False,True,60.32937328980075,50.0,Risco por fadiga,Atencao: sinais de sonolencia,21.461831429023846
1777740947.626528,3340,True,0.06308425665085668,0.06501911996770204,0.06405168830927936,0.00704701114615018,True,False,0.2182952182952183,2,2,35.64198554754257,False,True,60.44166091156477,50.0,Risco por fadiga,Atencao: sinais de sonolencia,21.414588112949666
1777740947.6820133,3341,True,0.17716012734662978,0.08571951577277796,0.13143982155970388,0.01848472748470599,True,False,0.218988218988219,2,2,36.580694222450255,False,True,60.583883940597744,50.0,Risco por fadiga,Atencao: sinais de sonolencia,21.045025957876973
1777740947.7253363,3342,True,0.13822251618499426,0.11158563447921886,0.12490407533210657,0.04882234612052728,True,False,0.21968121968121967,2,2,36.61450207233429,False,True,60.68086192837954,50.0,Risco por fadiga,Atencao: sinais de sonolencia,21.237288366541165
1777740947.7683167,3343,True,0.184234980395634,0.1182943456830677,0.15126466303935085,0.028204649264125182,True,False,0.2203742203742204,2,2,37.339375495910645,False,True,60.81239319484595,50.0,Risco por fadiga,Atencao: sinais de sonolencia,21.502121186596796
1777740947.8182044,3344,True,0.1944019836602695,0.1156564183711307,0.1550292010157001,0.1316066724300593,True,False,0.22106722106722107,2,2,37.345713233947755,False,True,60.907997677035404,50.0,Risco por fadiga,Atencao: sinais de sonolencia,21.32728014059673
1777740947.8613765,3345,True,0.18019010016039558,0.12332631574935835,0.15175820795487696,0.1683970442711308,True,False,0.22176022176022175,2,2,37.18912115097046,False,True,60.99545566817414,50.0,Risco por fadiga,Atencao: sinais de sonolencia,21.53374983059621
1777740947.9119034,3346,True,0.1761535863605885,0.101007264866665,0.13858042561362677,0.249591521412231,True,False,0.22260748959778087,2,2,37.65901327133179,False,True,61.13544960185658,50.0,Risco por fadiga,Atencao: sinais de sonolencia,21.353532017894004
1777740947.95815,3347,True,0.1871965596559019,0.1312078393381805,0.1592021994970412,0.2226423595908608,True,False,0.22330097087378642,2,2,37.72673754692077,False,True,61.234189491086795,50.0,Risco por fadiga,Atencao: sinais de sonolencia,21.40132276144463
1777740948.018452,3348,True,0.17986313729807016,0.2248548194957914,0.2023589783969308,0.23924637572596158,True,False,0.2241498959056211,2,2,37.90554883480072,False,True,61.35985724735806,50.0,Risco por fadiga,Atencao: sinais de sonolencia,20.91142085724511
1777740948.0678747,3349,True,0.16422110085221334,0.25800550244160775,0.21111330164691056,0.16015968278150347,False,False,0.2241498959056211,2,2,37.2996876001358,False,True,61.234144146924706,50.0,Risco por fadiga,Atencao: sinais de sonolencia,20.851416105599917
1777740948.1129644,3350,True,0.17570428966661364,0.2530275316433063,0.21436591065495997,0.15725307693140453,False,False,0.2241498959056211,2,2,37.48325219154358,False,True,61.243322376495094,50.0,Risco por fadiga,Atencao: sinais de sonolencia,20.98522253785447
1777740948.1636035,3351,True,0.25343439900293374,0.33895246466164286,0.2961934318322883,0.16004540678385112,False,False,0.2241498959056211,2,2,37.861491084098816,False,True,61.26223432112286,50.0,Risco por fadiga,Atencao: sinais de sonolencia,20.83886445309893
1777740948.2147548,3352,True,0.2763981930593198,0.3450056808321325,0.3107019369457261,0.15546025701217048,False,False,0.2241498959056211,2,2,38.34684474468231,False,True,61.286502004152034,50.0,Risco por fadiga,Atencao: sinais de sonolencia,20.738573671895313
1777740948.2614992,3353,True,0.2796321361466112,0.3521702039894943,0.31590117006805274,0.13845050221977961,False,False,0.22430555555555556,2,2,38.23722758293152,False,True,61.30242434793048,50.0,Risco por fadiga,Atencao: sinais de sonolencia,20.789450978947446
1777740948.3092148,3354,True,0.2739461652030299,0.3474373211696349,0.3106917431863324,0.1304932156013382,False,False,0.22430555555555556,2,2,38.782235288619994,False,True,61.3296747332149,50.0,Risco por fadiga,Atencao: sinais de sonolencia,20.80041371506265
1777740948.352291,3355,True,0.28375246519975933,0.3424882248833991,0.3131203450415792,0.1217691765547883,False,False,0.22430555555555556,2,2,39.50816292762756,False,True,61.36597111516528,50.0,Risco por fadiga,Atencao: sinais de sonolencia,21.041554290188806
1777740948.4031475,3356,True,0.2841718214104074,0.34190068996353057,0.313036255686969,0.09332238477961485,False,False,0.22430555555555556,2,2,39.954979467391965,False,True,61.3883119421535,50.0,Risco por fadiga,Atencao: sinais de sonolencia,20.922573574913148
1777740948.4492133,3357,True,0.2823279251006419,0.36380682250818547,0.3230673738044137,0.08268532512569331,False,False,0.22430555555555556,2,2,40.40440397262573,False,True,61.41078316741519,50.0,Risco por fadiga,Atencao: sinais de sonolencia,21.001637836525703
1777740948.4943497,3358,True,0.2830733301453259,0.3630173876422701,0.323045358893798,0.08219216680875427,False,False,0.22430555555555556,2,2,40.47415299415588,False,True,61.4142706184917,50.0,Risco por fadiga,Atencao: sinais de sonolencia,21.069998785214146
1777740948.5398262,3359,True,0.2793625488049312,0.3646915297622926,0.32202703928361187,0.08260227892560064,False,False,0.22430555555555556,2,2,40.404705667495726,False,True,61.41079825215869,50.0,Risco por fadiga,Atencao: sinais de sonolencia,21.16438621975246
1777740948.5867622,3360,True,0.2797064133946225,0.36473725119583333,0.32222183229522794,0.0903808489119085,False,False,0.22430555555555556,2,2,40.36616768836975,False,True,61.40887135320239,50.0,Risco por fadiga,Atencao: sinais de sonolencia,21.17951656022776
