timestamp,frame_id,face_detected,ear_left,ear_right,ear_avg,mar,eye_closed,mouth_open,perclos,yawn_count_window,long_eye_closure_count,head_tilt_score,looking_down,looking_side,fatigue_score,distraction_score,final_state,alert_message,fps
1777741155.8790784,1,True,0.2623799133447832,0.4010556117242961,0.33171776253453966,0.039560008357678415,False,False,0.0,0,0,39.8225474357605,False,True,1.991127371788025,50.0,Atencao,Atencao: sinais iniciais de risco,1.5538665715954776
1777741156.163291,2,True,0.2333780648693591,0.3205359490535562,0.27695700696145764,0.0042352300025534076,False,False,0.0,0,0,28.005735911022526,False,False,1.4002867955511265,50.0,Atencao,Atencao: sinais iniciais de risco,1.750539905508637
1777741156.2092597,3,True,0.23034767432003908,0.3081116041742815,0.2692296392471603,0.0022939047478747728,False,False,0.0,0,0,28.383948818120086,False,False,1.4191974409060042,44.44444444444445,Atencao,Atencao: sinais iniciais de risco,3.716694326143622
1777741156.2452185,4,True,0.21827042381834622,0.2913995340566296,0.2548349789374879,0.0025773836096864757,False,False,0.0,0,0,28.257061194831675,False,False,1.4128530597415836,33.333333333333336,Atencao,Atencao: sinais iniciais de risco,6.155695321536372
1777741156.2812161,5,True,0.21424002821631807,0.2943402521863738,0.25429014020134594,0.002121557111422152,False,False,0.0,0,0,28.29501686746424,False,False,1.4147508433732119,26.666666666666668,Normal,,8.318860688064728
1777741156.3160226,6,True,0.21437009031252985,0.30544705152548945,0.25990857091900965,0.002811618727884963,False,False,0.0,0,0,28.868862572041426,False,False,1.4434431286020712,22.22222222222222,Normal,,10.349351536155273
1777741156.3473103,7,True,0.22088900497056216,0.30479359311874143,0.2628412990446518,0.002375123613819443,False,False,0.0,0,0,28.83211428468877,False,False,1.4416057142344385,19.04761904761905,Normal,,12.531909249108972
1777741156.379595,8,True,0.21829553225707563,0.2985235947502856,0.2584095635036806,0.0017596397663333767,False,False,0.0,0,0,29.310521034219043,False,False,1.4655260517109523,16.666666666666668,Normal,,14.394410196893295
1777741156.4107978,9,True,0.22276016472086765,0.30165662481977995,0.2622083947703238,0.0014024175204978813,False,False,0.0,0,0,29.027430390227927,False,False,1.4513715195113963,14.814814814814817,Normal,,16.126541734270432
1777741156.4428368,10,True,0.22453280330970285,0.3009985328391522,0.2627656680744275,0.0027161567042462403,False,False,0.0,0,0,30.28020061362873,False,False,1.5140100306814364,13.333333333333334,Normal,,17.624791277920878
1777741156.4740427,11,True,0.22343143947228447,0.29697052635486215,0.2602009829135733,0.0028692354581973945,False,False,0.0,0,0,30.117903173511678,False,False,1.505895158675584,12.121212121212123,Normal,,19.042842217121983
1777741156.507204,12,True,0.21390218754068457,0.2632533630220466,0.2385777752813656,0.002887205628259813,False,False,0.0,0,0,32.364034967530856,False,True,1.618201748376543,22.22222222222222,Normal,,20.168530486471607
1777741156.5410836,13,True,0.22061569628066038,0.29020771427853814,0.2554117052795993,0.0037798525574722014,False,False,0.0,0,0,33.599880445003514,False,True,1.6799940222501757,30.76923076923077,Atencao,Atencao: sinais iniciais de risco,21.098400679698337
1777741156.575681,14,True,0.20156937196918032,0.29024149547852107,0.2459054337238507,0.0028727430080038286,False,False,0.0,0,0,33.859259605949575,False,True,1.6929629802974788,38.095238095238095,Atencao,Atencao: sinais iniciais de risco,21.928604303506294
1777741156.60832,15,True,0.2204712332946648,0.2760364687165085,0.24825385100558667,0.0032148166701364226,False,False,0.0,0,0,35.40642439668829,False,True,1.7703212198344143,44.44444444444445,Atencao,Atencao: sinais iniciais de risco,22.67783758292409
1777741156.6499488,16,True,0.22088787645308458,0.26500314254959123,0.24294550950133792,0.0037759842114303576,False,False,0.0,0,0,36.46072356863455,False,True,1.8230361784317275,47.5,Atencao,Atencao: sinais iniciais de risco,22.887165314502784
1777741156.6888313,17,True,0.2399817815850871,0.2832648061800847,0.2616232938825859,0.0031729029223454787,False,False,0.0,0,0,38.22028946659781,False,True,1.9110144733298906,48.72549019607843,Atencao,Atencao: sinais iniciais de risco,23.14033913454296
1777741156.7276928,18,True,0.2452344310085743,0.2972001995015027,0.2712173152550385,0.0025152415799727726,False,False,0.0,0,0,38.570592474937435,False,True,1.9285296237468719,49.81481481481481,Atencao,Atencao: sinais iniciais de risco,23.37159224212063
1777741156.7696714,19,True,0.24348037548391374,0.3076769236689981,0.27557864957645595,0.002327066293216237,False,False,0.0,0,0,38.54647705554962,False,True,1.927323852777481,50.0,Atencao,Atencao: sinais iniciais de risco,23.433342952753442
1777741156.8078625,20,True,0.22836512998924857,0.30350808211312086,0.26593660605118474,0.0034807995030872994,False,False,0.0,0,0,39.2226625919342,False,True,1.9611331295967103,50.0,Atencao,Atencao: sinais iniciais de risco,23.70988091162577
1777741156.8446157,21,True,0.2391120807244052,0.3202983611843191,0.2797052209543621,0.0031978555083274638,False,False,0.0,0,0,39.29675893783569,False,True,1.9648379468917845,50.0,Atencao,Atencao: sinais iniciais de risco,24.059625894283283
1777741156.8829446,22,True,0.2516415768131777,0.31240708093879827,0.282024328875988,0.003148158850323177,False,False,0.0,0,0,38.58926365375518,False,True,1.9294631826877593,50.0,Atencao,Atencao: sinais iniciais de risco,24.295364137676707
1777741156.9208288,23,True,0.2501184561176903,0.31280951737077195,0.2814639867442311,0.004286269334029713,False,False,0.0,0,0,37.891316175460815,False,True,1.8945658087730408,50.0,Atencao,Atencao: sinais iniciais de risco,24.5097635935158
1777741156.9594355,24,True,0.24136487458673472,0.322286391917324,0.28182563325202936,0.0042525227876559855,False,False,0.0,0,0,38.202423667907716,False,True,1.9101211833953857,50.0,Atencao,Atencao: sinais iniciais de risco,24.620964881500147
1777741156.9949179,25,True,0.24299194495242263,0.30998657864554247,0.27648926179898253,0.003885999888276955,False,False,0.0,0,0,38.2060980796814,False,True,1.9103049039840698,50.0,Atencao,Atencao: sinais iniciais de risco,24.98865930096209
1777741157.0317876,26,True,0.23278332892703785,0.3133231470086095,0.27305323796782366,0.003708936080338683,False,False,0.0,0,0,38.09814066886902,False,True,1.9049070334434512,50.0,Atencao,Atencao: sinais iniciais de risco,25.20497858748204
1777741157.0689204,27,True,0.24906629730672947,0.3176680940473599,0.2833671956770447,0.0027462219840043317,False,False,0.0,0,0,38.556844329833986,False,True,1.9278422164916993,50.0,Atencao,Atencao: sinais iniciais de risco,25.398140747773702
1777741157.1050625,28,True,0.24301820658895829,0.30298123790416875,0.27299972224656355,0.0028942280720408663,False,False,0.0,0,0,38.3601233959198,False,True,1.9180061697959898,50.0,Atencao,Atencao: sinais iniciais de risco,25.531701727595728
1777741157.1415927,29,True,0.23065189581238074,0.31868933139007827,0.2746706136012295,0.002631445123341691,False,False,0.0,0,0,39.61503286361694,False,True,1.980751643180847,50.0,Atencao,Atencao: sinais iniciais de risco,25.81068671182979
1777741157.1747198,30,True,0.23681489351271368,0.2922459309811394,0.2645304122469265,0.003563174956641372,False,False,0.0,0,0,40.43987650871277,False,True,2.021993825435638,50.0,Atencao,Atencao: sinais iniciais de risco,26.222769712182213
1777741157.2086453,31,True,0.23782350026663213,0.30215117838191347,0.26998733932427277,0.00561945769902532,False,False,0.0,0,0,40.844799518585205,False,True,2.0422399759292604,50.0,Atencao,Atencao: sinais iniciais de risco,26.518164790898858
1777741157.241053,32,True,0.23459335604124623,0.32144170915114195,0.2780175325961941,0.005080660435381043,False,False,0.0,0,0,39.86089873313904,False,True,1.9930449366569518,50.0,Atencao,Atencao: sinais iniciais de risco,26.996846244474717
1777741157.2728934,33,True,0.22640552279688242,0.30989469143617565,0.26815010711652904,0.004009494063170777,False,False,0.0,0,0,39.62732038497925,False,True,1.9813660192489624,50.0,Atencao,Atencao: sinais iniciais de risco,27.429915186521107
1777741157.3033874,34,True,0.26087407322202183,0.3197711102340512,0.29032259172803654,0.0038204461832264257,False,False,0.0,0,0,39.208311271667476,False,True,1.960415563583374,50.0,Atencao,Atencao: sinais iniciais de risco,27.939019646720322
1777741157.3378878,35,True,0.2647095900582091,0.331445443152487,0.29807751660534804,0.003918331124198711,False,False,0.0,0,0,39.249492406845086,False,True,1.9624746203422543,50.0,Atencao,Atencao: sinais iniciais de risco,28.10346999345092
1777741157.3727975,36,True,0.27170393202189896,0.3516321151491769,0.3116680235855379,0.0030515390028849326,False,False,0.0,0,0,39.10055341720581,False,True,1.9550276708602903,50.0,Atencao,Atencao: sinais iniciais de risco,28.13238660554998
1777741157.4071271,37,True,0.27623543896061664,0.3450555219376319,0.31064548044912427,0.0021853373784065577,False,False,0.0,0,0,38.67457098960877,False,True,1.9337285494804384,50.0,Atencao,Atencao: sinais iniciais de risco,28.237433045760575
1777741157.4415357,38,True,0.2837458601598774,0.3457301398456262,0.3147380000027518,0.003793997460205409,False,False,0.0,0,0,40.04443693161011,False,True,2.0022218465805053,50.0,Atencao,Atencao: sinais iniciais de risco,28.33980531957629
1777741157.4775057,39,True,0.2867696793554502,0.35111785071219415,0.31894376503382216,0.001664176514085837,False,False,0.0,0,0,38.68772754669189,False,True,1.9343863773345946,50.0,Atencao,Atencao: sinais iniciais de risco,28.259712587707273
1777741157.5163941,40,True,0.2881039414769491,0.35698754957927126,0.3225457455281102,0.0027575054156546144,False,False,0.0,0,0,38.94740486145019,False,True,1.9473702430725093,50.0,Atencao,Atencao: sinais iniciais de risco,27.998948906965033
1777741157.5532014,41,True,0.2931161668090167,0.3682279824210176,0.33067207461501713,0.005124959330407643,False,False,0.0,0,0,39.816818666458126,False,True,1.9908409333229062,50.0,Atencao,Atencao: sinais iniciais de risco,27.90949980172737
1777741157.5902789,42,True,0.29018333717333616,0.3767829607042699,0.33348314893880304,0.00484284855931402,False,False,0.0,0,0,41.07656769752502,False,True,2.053828384876251,50.0,Atencao,Atencao: sinais iniciais de risco,27.823050651947398
1777741157.630213,43,True,0.2906712497582783,0.3997527699862886,0.34521200987228345,0.003714557826722029,False,False,0.0,0,0,41.12436466217041,False,True,2.0562182331085204,50.0,Atencao,Atencao: sinais iniciais de risco,27.533528979597612
1777741157.6761124,44,True,0.28641933231242855,0.4092612464303891,0.3478402893714088,0.003219833989502503,False,False,0.0,0,0,41.18055844306946,False,True,2.059027922153473,50.0,Atencao,Atencao: sinais iniciais de risco,26.942670215025405
1777741157.7183867,45,True,0.2740003231647536,0.390347463239609,0.33217389320218127,0.0038550400529520105,False,False,0.0,0,0,40.87577495574951,False,True,2.0437887477874757,50.0,Atencao,Atencao: sinais iniciais de risco,26.64874116144671
1777741157.7608669,46,True,0.27430580765532525,0.3745853582619704,0.32444558295864784,0.004024429395243636,False,False,0.0,0,0,40.23808169364929,False,True,2.0119040846824645,50.0,Atencao,Atencao: sinais iniciais de risco,26.29674375513744
1777741157.8044453,47,True,0.26750747877728237,0.37053256524497324,0.3190200220111278,0.0029320027095162153,False,False,0.0,0,0,40.03280730247497,False,True,2.0016403651237487,50.0,Atencao,Atencao: sinais iniciais de risco,26.00800842651221
1777741157.8434324,48,True,0.26945860051091985,0.3815120411177232,0.3254853208143215,0.0037734324047026583,False,False,0.0,0,0,39.68155722618103,False,True,1.9840778613090515,50.0,Atencao,Atencao: sinais iniciais de risco,25.89576643203223
1777741157.887901,49,True,0.27107256667311497,0.3666469607262856,0.31885976369970026,0.0051875592653868215,False,False,0.0,0,0,39.47724456787109,False,True,1.9738622283935545,50.0,Atencao,Atencao: sinais iniciais de risco,25.6171369776569
1777741157.9351792,50,True,0.27621622523623557,0.3570982381596643,0.3166572316979499,0.004506501373322267,False,False,0.0,0,0,39.02320280075073,False,True,1.9511601400375367,50.0,Atencao,Atencao: sinais iniciais de risco,25.168529398754522
1777741157.9760563,51,True,0.26137098655352287,0.3615327558574404,0.3114518712054816,0.004468303121526548,False,False,0.0,0,0,39.412435960769656,False,True,1.9706217980384828,50.0,Atencao,Atencao: sinais iniciais de risco,25.10528485605242
1777741158.0165744,52,True,0.27091288379143025,0.35845637930391944,0.31468463154767484,0.004171016613923895,False,False,0.0,0,0,39.211876249313356,False,True,1.9605938124656677,50.0,Atencao,Atencao: sinais iniciais de risco,25.042101734162458
1777741158.053793,53,True,0.2816040157888316,0.34806831697477925,0.31483616638180545,0.003521129163529375,False,False,0.0,0,0,38.98299789645455,False,True,1.9491498948227273,50.0,Atencao,Atencao: sinais iniciais de risco,25.2476469528606
1777741158.0892043,54,True,0.27817063069490594,0.3525195075073611,0.3153450691011335,0.002881158667314513,False,False,0.0,0,0,39.36637047475035,False,True,1.9683185237375174,50.0,Atencao,Atencao: sinais iniciais de risco,25.536708272883132
1777741158.1235683,55,True,0.26705515440132876,0.35418518660983406,0.31062017050558144,0.003708763984596346,False,False,0.0,0,0,39.302544293620365,False,True,1.9651272146810184,50.0,Atencao,Atencao: sinais iniciais de risco,25.886814969637
1777741158.1588185,56,True,0.27569995297041106,0.3561424967197743,0.31592122484509266,0.003587285774290644,False,False,0.0,0,0,39.656035925583396,False,True,1.9828017962791697,50.0,Atencao,Atencao: sinais iniciais de risco,26.1290939897095
1777741158.1915119,57,True,0.28313331663979313,0.3726324884628155,0.3278829025513043,0.003949013792756639,False,False,0.0,0,0,39.57643566131592,False,True,1.978821783065796,50.0,Atencao,Atencao: sinais iniciais de risco,26.44543728054702
1777741158.2275434,58,True,0.2750581749627057,0.3767025940408601,0.3258803845017829,0.0027336473659298607,False,False,0.0,0,0,40.42734694480895,False,True,2.0213673472404476,50.0,Atencao,Atencao: sinais iniciais de risco,26.730540997483757
1777741158.2618382,59,True,0.30559566503205493,0.399874471426478,0.3527350682292665,0.003941265647973409,False,False,0.0,0,0,39.86027646064758,False,True,1.993013823032379,50.0,Atencao,Atencao: sinais iniciais de risco,26.935507738695023
1777741158.2976778,60,True,0.3076817360832028,0.38645702825193645,0.34706938216756966,0.0025304813125685745,False,False,0.0,0,0,40.288056182861325,False,True,2.0144028091430664,50.0,Atencao,Atencao: sinais iniciais de risco,27.04403498800999
1777741158.3317997,61,True,0.3136477870327501,0.38633698930715266,0.3499923881699514,0.0031238064528934374,False,False,0.0,0,0,40.38537230491638,False,True,2.019268615245819,50.0,Atencao,Atencao: sinais iniciais de risco,27.26996572212881
1777741158.3674014,62,True,0.30521730183468126,0.3892818536383982,0.34724957773653975,0.003105263691808018,False,False,0.0,0,0,40.39022088050842,False,True,2.019511044025421,50.0,Atencao,Atencao: sinais iniciais de risco,27.324262175636516
1777741158.4043403,63,True,0.31147567691786604,0.3803811283942803,0.34592840265607316,0.0028495734534606885,False,False,0.0,0,0,40.256034469604494,False,True,2.0128017234802247,50.0,Atencao,Atencao: sinais iniciais de risco,27.30575374183193
1777741158.4427507,64,True,0.3019772852403139,0.3827038313975084,0.3423405583189112,0.002494859511408298,False,False,0.0,0,0,40.409983396530144,False,True,2.0204991698265076,50.0,Atencao,Atencao: sinais iniciais de risco,27.2020772877505
1777741158.481164,65,True,0.3043045456652725,0.3884691345720785,0.3463868401186755,0.0028783662799162202,False,False,0.0,0,0,40.337735414505005,False,True,2.0168867707252502,50.0,Atencao,Atencao: sinais iniciais de risco,27.03038695888872
1777741158.5153432,66,True,0.29010625888647845,0.3608187183403461,0.3254624886134123,0.0036417552722932244,False,False,0.0,0,0,39.92862687110901,False,True,1.9964313435554504,50.0,Atencao,Atencao: sinais iniciais de risco,27.31793986052028
1777741158.5505767,67,True,0.30218629579885065,0.39680043330927156,0.3494933645540611,0.0034026684815838034,False,False,0.0,0,0,39.95256676673889,False,True,1.9976283383369444,50.0,Atencao,Atencao: sinais iniciais de risco,27.40699647159753
1777741158.5845537,68,True,0.28993106409255376,0.36393203331380747,0.32693154870318064,0.0024600200898049402,False,False,0.0,0,0,39.99571213722229,False,True,1.9997856068611144,50.0,Atencao,Atencao: sinais iniciais de risco,27.607810707829834
1777741158.6185846,69,True,0.28519704064918466,0.3830026467249656,0.3340998436870751,0.0038973574011229536,False,False,0.0,0,0,39.332824563980104,False,True,1.9666412281990053,50.0,Atencao,Atencao: sinais iniciais de risco,27.734032349836752
1777741158.658564,70,True,0.2927180985794992,0.39174155058714566,0.3422298245833224,0.0030198189443459197,False,False,0.0,0,0,39.18285946846008,False,True,1.959142973423004,50.0,Atencao,Atencao: sinais iniciais de risco,27.529500556894927
1777741158.6950412,71,True,0.27970451712430183,0.37539967496591986,0.3275520960451108,0.0029991308712896195,False,False,0.0,0,0,39.52501235008239,False,True,1.9762506175041195,50.0,Atencao,Atencao: sinais iniciais de risco,27.505495328926234
1777741158.7364185,72,True,0.2828259813443763,0.38502561268607477,0.3339257970152255,0.0032825522095981502,False,False,0.0,0,0,39.387079000473015,False,True,1.9693539500236508,50.0,Atencao,Atencao: sinais iniciais de risco,27.158687941197172
1777741158.774933,73,True,0.277171736847874,0.40021453965987003,0.33869313825387204,0.0029732177161250753,False,False,0.0,0,0,39.357725334167476,False,True,1.9678862667083739,50.0,Atencao,Atencao: sinais iniciais de risco,27.066823008174275
1777741158.816839,74,True,0.2904622922807617,0.3965730734286384,0.3435176828547001,0.003586069321016315,False,False,0.0,0,0,39.269568634033206,False,True,1.9634784317016605,50.0,Atencao,Atencao: sinais iniciais de risco,26.740214729968166
1777741158.856261,75,True,0.27440863853523245,0.41696738704965775,0.3456880127924451,0.003142934746857831,False,False,0.0,0,0,39.39573073387146,False,True,1.969786536693573,50.0,Atencao,Atencao: sinais iniciais de risco,26.599236808702194
1777741158.8922596,76,True,0.27578115492796845,0.4098777152447622,0.3428294350863653,0.0033900904746663758,False,False,0.0,0,0,39.19021430015564,False,True,1.959510715007782,50.0,Atencao,Atencao: sinais iniciais de risco,26.692905189822763
1777741159.5276318,77,True,0.2818053604455046,0.36131064229996535,0.32155800137273494,0.004012423406180469,False,False,0.0,0,0,29.64718328009952,False,False,1.482359164004976,50.0,Atencao,Atencao: sinais iniciais de risco,24.181057026074647
1777741159.5704045,78,True,0.2559662159323403,0.34829227525667666,0.3021292455945085,0.0025302237164885138,False,False,0.0,0,0,27.749584613604977,False,False,1.3874792306802488,50.0,Atencao,Atencao: sinais iniciais de risco,24.091684630773358
1777741159.6087532,79,True,0.2621559200852607,0.3544134153850993,0.30828466773518,0.001970912515383651,False,False,0.0,0,0,27.426896477287464,False,False,1.3713448238643733,50.0,Atencao,Atencao: sinais iniciais de risco,24.31503728362587
1777741159.6494203,80,True,0.2932028492781652,0.3647480896548841,0.3289754694665247,0.0035934780876236178,False,False,0.0,0,0,26.941552410884334,False,False,1.3470776205442168,50.0,Atencao,Atencao: sinais iniciais de risco,24.327983429899543
1777741159.692021,81,True,0.28894797872738187,0.36708748992676643,0.32801773432707415,0.00553350378729634,False,False,0.0,0,0,25.9036046071486,False,False,1.29518023035743,50.0,Atencao,Atencao: sinais iniciais de risco,24.233349067607623
1777741159.7349448,82,True,0.2845773551061186,0.3657460231132046,0.3251616891096616,0.00569755865278511,False,False,0.0,0,0,25.844968803091483,False,False,1.2922484401545742,50.0,Atencao,Atencao: sinais iniciais de risco,24.14209283453535
1777741159.778584,83,True,0.2906667519610804,0.36825169553635134,0.32945922374871583,0.006128459918971728,False,False,0.0,0,0,26.150507057796823,False,False,1.3075253528898412,50.0,Atencao,Atencao: sinais iniciais de risco,24.04384026288986
1777741159.8202903,84,True,0.28654086016054703,0.36039586137035556,0.32346836076545127,0.00595087686595014,False,False,0.0,0,0,25.5997778093273,False,False,1.279988890466365,50.0,Atencao,Atencao: sinais iniciais de risco,23.986879588166534
1777741159.861638,85,True,0.28833854178471474,0.3588488743633565,0.32359370807403565,0.004307861024579264,False,False,0.0,0,0,25.387423924966292,False,False,1.2693711962483145,50.0,Atencao,Atencao: sinais iniciais de risco,24.012633883961573
1777741159.90261,86,True,0.2938829770704589,0.3581644011391916,0.32602368910482526,0.00420845722658138,False,False,0.0,0,0,25.406672788208184,False,False,1.2703336394104092,50.0,Atencao,Atencao: sinais iniciais de risco,24.075055775368874
1777741159.948676,87,True,0.29275149513120563,0.3592617358764373,0.3260066155038215,0.00293533242478774,False,False,0.0,0,0,24.770935717225072,False,False,1.2385467858612538,50.0,Atencao,Atencao: sinais iniciais de risco,23.854284156882155
1777741159.9914532,88,True,0.29233932710751426,0.34900586000041856,0.3206725935539664,0.006006627973153351,False,False,0.0,0,0,23.364961901307108,False,False,1.1682480950653553,50.0,Atencao,Atencao: sinais iniciais de risco,23.789466714358074
1777741160.0333807,89,True,0.2923184852930181,0.34767934400756456,0.31999891465029134,0.005115334346122773,False,False,0.0,0,0,23.365410550074145,False,False,1.1682705275037073,50.0,Atencao,Atencao: sinais iniciais de risco,23.785540527491683
1777741160.0752122,90,True,0.2927342760793612,0.3315528050943721,0.31214354058686666,0.004398602669004341,False,False,0.0,0,0,22.090726923942565,False,False,1.1045363461971283,50.0,Atencao,Atencao: sinais iniciais de risco,23.780659591073103
1777741160.1170254,91,True,0.29063781838925545,0.37458536799842385,0.33261159319383965,0.0027464022774664693,False,False,0.0,0,0,19.44623102193529,False,False,0.9723115510967645,50.0,Atencao,Atencao: sinais iniciais de risco,23.846231131854402
1777741160.16497,92,True,0.2864724148207511,0.412239748305736,0.34935608156324355,0.0026788843626489463,False,False,0.0,0,0,19.34216262481429,False,False,0.9671081312407144,50.0,Atencao,Atencao: sinais iniciais de risco,23.527036668395496
1777741160.2059848,93,True,0.2807897362813833,0.387912903157422,0.3343513197194027,0.004584049864798643,False,False,0.0,0,0,18.50167769898068,False,False,0.9250838849490339,50.0,Atencao,Atencao: sinais iniciais de risco,23.60367557001346
1777741160.2518413,94,True,0.2898383182354345,0.40810538148673764,0.3489718498610861,0.005726880043366483,False,False,0.0,0,0,18.445722397078168,False,False,0.9222861198539084,50.0,Atencao,Atencao: sinais iniciais de risco,23.450053592885045
1777741160.2930858,95,True,0.27987255508729475,0.4028927896245807,0.3413826723559377,0.004142576428123029,False,False,0.0,0,0,18.152534014528445,False,False,0.9076267007264223,50.0,Atencao,Atencao: sinais iniciais de risco,23.491990705220402
1777741160.995488,96,True,0.28736141453805797,0.35885453728771,0.323107975912884,0.0046358601262083245,False,False,0.0,0,0,18.337323554537512,False,False,0.9168661777268756,50.0,Atencao,Atencao: sinais iniciais de risco,21.285216639743293
1777741161.2216222,97,True,0.2920515571086534,0.3805381063548929,0.3362948317317731,0.006016880365104204,False,False,0.0,0,0,28.090582912889396,False,False,1.4045291456444697,50.0,Atencao,Atencao: sinais iniciais de risco,19.599286633202805
1777741161.2600744,98,True,0.2994159144882408,0.35316876208228537,0.32629233828526305,0.005304530747712407,False,False,0.0,0,0,25.425001831759108,False,False,1.2712500915879554,50.0,Atencao,Atencao: sinais iniciais de risco,20.212665053266626
1777741161.3004408,99,True,0.30573229906455185,0.38314491534590955,0.3444386072052307,0.004744643652577675,False,False,0.0,0,0,26.690359032695945,False,False,1.3345179516347971,50.0,Atencao,Atencao: sinais iniciais de risco,20.70981446663104
1777741161.340323,100,True,0.2984254395680535,0.35682219771500095,0.32762381864152723,0.003909641810506192,False,False,0.0,0,0,24.894719342481004,False,False,1.24473596712405,50.0,Atencao,Atencao: sinais iniciais de risco,21.134347332824728
1777741161.3766413,101,True,0.294607180466259,0.35134070878606344,0.32297394462616125,0.002950572267527429,False,False,0.0,0,0,22.844049502231854,False,False,1.142202475111593,50.0,Atencao,Atencao: sinais iniciais de risco,21.77044655462944
1777741161.4150188,102,True,0.28406951659197155,0.3648055078779742,0.32443751223497286,0.0035765791935481466,False,False,0.0,0,0,19.658655062317848,False,False,0.9829327531158925,50.0,Atencao,Atencao: sinais iniciais de risco,22.20501574590322
1777741161.450523,103,True,0.27979281829247665,0.35053045125617543,0.315161634774326,0.004051820978413348,False,False,0.0,0,0,21.00030466128479,False,False,1.0500152330642396,50.0,Atencao,Atencao: sinais iniciais de risco,22.798601489621596
1777741161.4852464,104,True,0.2900473273314437,0.33783531326664945,0.3139413202990466,0.004610971917130196,False,False,0.0,0,0,18.80060616650365,False,False,0.9400303083251824,50.0,Atencao,Atencao: sinais iniciais de risco,23.338549931218544
1777741161.5228443,105,True,0.30713841798306146,0.3482433234395186,0.32769087071129,0.0041184077652131525,False,False,0.0,0,0,14.731577025082975,False,False,0.7365788512541488,50.0,Atencao,Atencao: sinais iniciais de risco,23.686443760092867
1777741161.5593913,106,True,0.2945978592128862,0.3467671244955391,0.32068249185421266,0.0031008836944933322,False,False,0.0,0,0,17.101105734705925,False,False,0.8550552867352962,50.0,Atencao,Atencao: sinais iniciais de risco,24.073614844067773
1777741161.5952127,107,True,0.2878858268968368,0.3519908598825149,0.31993834338967586,0.004850353970183417,False,False,0.0,0,0,16.250775277072734,False,False,0.8125387638536368,50.0,Atencao,Atencao: sinais iniciais de risco,24.46871616445688
1777741161.6308942,108,True,0.29139044590792,0.3487800485356686,0.3200852472217943,0.004810966642306319,False,False,0.0,0,0,15.934143733030016,False,False,0.7967071866515008,50.0,Atencao,Atencao: sinais iniciais de risco,24.80829903676056
1777741161.6655223,109,True,0.28445800562868306,0.35052229055694784,0.31749014809281545,0.0033058352193769715,False,False,0.0,0,0,15.958980011669071,False,False,0.7979490005834535,50.0,Atencao,Atencao: sinais iniciais de risco,25.17042967659399
1777741161.7074811,110,True,0.2835191088677839,0.3540150095266345,0.3187670591972092,0.003338224544064099,False,False,0.0,0,0,16.71857537275011,False,False,0.8359287686375055,50.0,Atencao,Atencao: sinais iniciais de risco,25.059778083788505
1777741161.7500377,111,True,0.29627897985015766,0.3578822280225228,0.3270806039363402,0.003892456070215559,False,False,0.0,0,0,15.644246896017682,False,False,0.7822123448008842,50.0,Atencao,Atencao: sinais iniciais de risco,24.90479980520206
1777741161.791636,112,True,0.2963241547876683,0.360337481913824,0.3283308183507462,0.0034001187500594787,False,False,0.0,0,0,16.711055502837354,False,False,0.8355527751418678,50.0,Atencao,Atencao: sinais iniciais de risco,24.82133675783306
1777741161.832942,113,True,0.3053695204480982,0.3602129708768263,0.3327912456624622,0.0037372815088254946,False,False,0.0,0,0,15.282173828645185,False,False,0.7641086914322592,50.0,Atencao,Atencao: sinais iniciais de risco,24.789642937855476
1777741161.8747282,114,True,0.2994968368472083,0.3524317527491373,0.3259642947981728,0.003618843422204189,False,False,0.0,0,0,16.35676452978091,False,False,0.8178382264890455,50.0,Atencao,Atencao: sinais iniciais de risco,24.66887443468941
1777741161.918301,115,True,0.2899049160475636,0.3511107696596387,0.3205078428536011,0.0035892210278807173,False,False,0.0,0,0,17.043878558278085,False,False,0.8521939279139041,50.0,Atencao,Atencao: sinais iniciais de risco,24.503848506465847
1777741161.9596946,116,True,0.29080907981086296,0.35309994792289456,0.3219545138668788,0.004268243728866554,False,False,0.0,0,0,16.667346003109756,False,False,0.8333673001554878,50.0,Atencao,Atencao: sinais iniciais de risco,24.403789058796974
1777741162.0034356,117,True,0.2904527911059099,0.3377967164433244,0.3141247537746171,0.0038598751464350447,False,False,0.0,0,0,16.95396024395119,False,False,0.8476980121975596,50.0,Atencao,Atencao: sinais iniciais de risco,24.33216906682797
1777741162.0436645,118,True,0.29766504642794744,0.3504315309966717,0.32404828871230956,0.003792517836900414,False,False,0.0,0,0,16.203335238044914,False,False,0.8101667619022457,50.0,Atencao,Atencao: sinais iniciais de risco,24.330019252695205
1777741162.0836153,119,True,0.2962960034632299,0.35246842262821854,0.32438221304572423,0.0036097780040569064,False,False,0.0,0,0,15.740481532974677,False,False,0.7870240766487338,50.0,Atencao,Atencao: sinais iniciais de risco,24.44331539010689
1777741162.1228788,120,True,0.29363143463309754,0.3503646456768364,0.32199804015496697,0.0029881767620666723,False,False,0.0,0,0,16.85551440187476,False,False,0.842775720093738,50.0,Atencao,Atencao: sinais iniciais de risco,24.54338362971219
1777741162.1631513,121,True,0.2873122953419451,0.35386595628989304,0.32058912581591903,0.003929651995725969,False,False,0.0,0,0,16.45667332857847,False,False,0.8228336664289236,50.0,Atencao,Atencao: sinais iniciais de risco,24.595511950274624
1777741162.2060478,122,True,0.2907579737513407,0.35565562446986543,0.32320679911060307,0.0035573443003698796,False,False,0.0,0,0,16.376079125702383,False,False,0.8188039562851191,50.0,Atencao,Atencao: sinais iniciais de risco,24.41134609121127
1777741162.6335475,123,True,0.2627732969643682,0.3140540291164474,0.28841366304040783,0.0033892767986963973,False,False,0.0,0,0,17.530368723517114,False,False,0.8765184361758558,50.0,Atencao,Atencao: sinais iniciais de risco,22.2044643046044
1777741162.6675334,124,True,0.2673743925216363,0.3141788663944503,0.2907766294580433,0.0025600397119172973,False,False,0.0,0,0,17.700984304872424,False,False,0.8850492152436212,50.0,Atencao,Atencao: sinais iniciais de risco,22.902328519534294
1777741162.709012,125,True,0.28105968433677603,0.3441729418013188,0.3126163130690474,0.003459009124747801,False,False,0.0,0,0,24.244574878161608,False,False,1.2122287439080803,50.0,Atencao,Atencao: sinais iniciais de risco,22.999499725690054
1777741162.7570379,126,True,0.2806064352959281,0.3451013909333974,0.31285391311466276,0.004834129624433848,False,False,0.0,0,0,31.836223732341416,False,True,1.591811186617071,50.0,Atencao,Atencao: sinais iniciais de risco,22.788318236545223
1777741162.7978158,127,True,0.29295591170560237,0.3709070708050055,0.33193149125530397,0.0045653058179336665,False,False,0.0,0,0,32.52241543585604,False,True,1.626120771792802,50.0,Atencao,Atencao: sinais iniciais de risco,22.99455117336144
1777741162.8336911,128,True,0.2827339326807862,0.3845521864484872,0.3336430595646367,0.003957371779598851,False,False,0.0,0,0,31.763126513091,False,True,1.5881563256545501,50.0,Atencao,Atencao: sinais iniciais de risco,23.47443334754255
1777741162.8738704,129,True,0.3019054598364661,0.3605607534125559,0.331233106624511,0.004212610656552807,False,False,0.0,0,0,35.22655580097979,False,True,1.7613277900489894,50.0,Atencao,Atencao: sinais iniciais de risco,23.615740861517832
1777741162.911296,130,True,0.30025315365759375,0.3571893357445859,0.3287212447010898,0.004194029157153672,False,False,0.0,0,0,36.65070404085245,False,True,1.8325352020426227,50.0,Atencao,Atencao: sinais iniciais de risco,23.91198114854577
1777741162.9518895,131,True,0.2888848771135399,0.3379106890076448,0.31339778306059235,0.0038995785223383934,False,False,0.0,0,0,35.547871984676874,False,True,1.7773935992338439,50.0,Atencao,Atencao: sinais iniciais de risco,24.019952058608972
1777741162.991195,132,True,0.2994844214118913,0.3522594742099863,0.3258719478109388,0.003822701468670863,False,False,0.0,0,0,35.9987813142213,False,True,1.7999390657110648,50.0,Atencao,Atencao: sinais iniciais de risco,24.13839127402499
1777741163.0277903,133,True,0.2988774646601684,0.34491791318507675,0.3218976889226226,0.0038153618515030943,False,False,0.0,0,0,36.27593633478338,False,True,1.8137968167391691,50.0,Atencao,Atencao: sinais iniciais de risco,24.454420730638027
1777741163.067106,134,True,0.29823720858847436,0.34166253686575443,0.3199498727271144,0.004053147926248036,False,False,0.0,0,0,36.447205340320416,False,True,1.8223602670160208,50.0,Atencao,Atencao: sinais iniciais de risco,24.57048031228782
1777741163.1072488,135,True,0.29873778290864644,0.3541589779532163,0.3264483804309314,0.003841827283078226,False,False,0.0,0,0,35.64440605315295,False,True,1.7822203026576475,50.0,Atencao,Atencao: sinais iniciais de risco,24.611271653032887
1777741163.147421,136,True,0.2966654960681469,0.3509376867193819,0.3238015913937644,0.004367571564258519,False,False,0.0,0,0,35.35201537663286,False,True,1.767600768831643,50.0,Atencao,Atencao: sinais iniciais de risco,24.637650983023388
1777741163.1865034,137,True,0.29317200154932166,0.37359697689819266,0.3333844892237572,0.004063394110777667,False,False,0.0,0,0,34.99940465038473,False,True,1.7499702325192368,50.0,Atencao,Atencao: sinais iniciais de risco,24.7499705486671
1777741163.2249186,138,True,0.29027308842694727,0.37451211674800566,0.3323926025874765,0.0041757665707136985,False,False,0.0,0,0,34.65811117291451,False,True,1.7329055586457254,50.0,Atencao,Atencao: sinais iniciais de risco,24.840095526431227
1777741163.2637346,139,True,0.28907499644837054,0.3757719028966246,0.3324234496724976,0.004031893595787193,False,False,0.0,0,0,34.80143688754602,False,True,1.740071844377301,50.0,Atencao,Atencao: sinais iniciais de risco,24.938057104062132
1777741163.3005035,140,True,0.29230265311570086,0.3787688777572547,0.3355357654364778,0.004341152570230779,False,False,0.0,0,0,34.30228071592071,False,True,1.7151140357960353,50.0,Atencao,Atencao: sinais iniciais de risco,25.165821192368035
1777741163.3354123,141,True,0.2912621136647117,0.38024614776017246,0.3357541307124421,0.004258346838964988,False,False,0.0,0,0,34.04347566745498,False,True,1.7021737833727488,50.0,Atencao,Atencao: sinais iniciais de risco,25.547310986388034
1777741163.368919,142,True,0.29460527052969165,0.3817779144317172,0.3381915924807044,0.004088182005720599,False,False,0.0,0,0,34.34942494630814,False,True,1.717471247315407,50.0,Atencao,Atencao: sinais iniciais de risco,25.92991191125731
1777741163.4035556,143,True,0.2884998355793222,0.37666791902238805,0.33258387730085515,0.003881031913233413,False,False,0.0,0,0,34.99490499821576,False,True,1.749745249910788,50.0,Atencao,Atencao: sinais iniciais de risco,26.202734713011324
1777741163.4382222,144,True,0.2899609091823379,0.3751898693777209,0.3325753892800294,0.0038126618015570384,False,False,0.0,0,0,35.198317566784944,False,True,1.759915878339247,50.0,Atencao,Atencao: sinais iniciais de risco,26.465726481550806
1777741163.475325,145,True,0.29107862157240494,0.37429152422001605,0.3326850728962105,0.004198786240661748,False,False,0.0,0,0,35.6332396989519,False,True,1.7816619849475948,50.0,Atencao,Atencao: sinais iniciais de risco,26.535423200322434
1777741163.511645,146,True,0.2906079588722227,0.3657828606500402,0.32819540976113143,0.004069590956870962,False,False,0.0,0,0,35.99344130754471,False,True,1.7996720653772353,50.0,Atencao,Atencao: sinais iniciais de risco,26.657908217057514
1777741163.5447078,147,True,0.2908544357474996,0.37154798614412066,0.3312012109458101,0.004189010780887736,False,False,0.0,0,0,36.05748254440047,False,True,1.8028741272200235,50.0,Atencao,Atencao: sinais iniciais de risco,27.00238844197536
1777741163.5772822,148,True,0.29365511777586795,0.3679774366261388,0.3308162772010034,0.0037812286178475064,False,False,0.0,0,0,36.159602072022174,False,True,1.8079801036011087,50.0,Atencao,Atencao: sinais iniciais de risco,27.40725750067433
1777741163.6121435,149,True,0.3112305842498361,0.3611900595010311,0.3362103218754336,0.0018968829881365575,False,False,0.0,0,0,36.32399265115912,False,True,1.8161996325579557,50.0,Atencao,Atencao: sinais iniciais de risco,27.517004500217556
1777741163.644826,150,True,0.305117887395534,0.3391237007469947,0.32212079407126437,0.0026624623170040124,False,False,0.0,0,0,36.64514174190434,False,True,1.832257087095217,50.0,Atencao,Atencao: sinais iniciais de risco,27.8312557383851
1777741163.6777494,151,True,0.29967420154869767,0.3395918456197281,0.31963302358421286,0.0041736997791081715,False,False,0.0,0,0,38.67693408402529,False,True,1.9338467042012644,50.0,Atencao,Atencao: sinais iniciais de risco,28.083851496275233
1777741163.717755,152,True,0.3084431816929667,0.34427313182896463,0.3263581567609657,0.004092796178632518,False,False,0.0,0,0,36.74360024549744,False,True,1.8371800122748718,50.0,Atencao,Atencao: sinais iniciais de risco,27.737125997096314
1777741163.7539766,153,True,0.32236780131580056,0.37158430138774556,0.34697605135177306,0.002437811488072381,False,False,0.0,0,0,37.86856503486633,False,True,1.8934282517433165,50.0,Atencao,Atencao: sinais iniciais de risco,27.75694358229636
1777741163.7906437,154,True,0.31640559230639714,0.3761149784631419,0.3462602853847695,0.0026542067970233355,False,False,0.0,0,0,38.19471521377563,False,True,1.9097357606887817,50.0,Atencao,Atencao: sinais iniciais de risco,27.68846639380619
1777741163.827167,155,True,0.30681426745681545,0.3876530651511178,0.3472336663039666,0.0031175938320926735,False,False,0.0,0,0,37.9448371887207,False,True,1.897241859436035,50.0,Atencao,Atencao: sinais iniciais de risco,27.655156288462926
1777741163.8644383,156,True,0.3158415791611345,0.3757925109923562,0.3458170450767454,0.004907942716885861,False,False,0.0,0,0,39.43032522201538,False,True,1.9715162611007688,50.0,Atencao,Atencao: sinais iniciais de risco,27.60803658747283
1777741163.898512,157,True,0.3147141030119248,0.3918389193188825,0.35327651116540365,0.004246010933830401,False,False,0.0,0,0,39.76885948181152,False,True,1.988442974090576,50.0,Atencao,Atencao: sinais iniciais de risco,27.785479798478125
1777741163.9336784,158,True,0.31755966163367666,0.41499084518382345,0.36627525340875006,0.005101933816218642,False,False,0.0,0,0,40.118043613433834,False,True,2.0059021806716917,50.0,Atencao,Atencao: sinais iniciais de risco,27.83374698415107
1777741163.967368,159,True,0.32519028746748957,0.4140777081157201,0.36963399779160483,0.0042140849130786915,False,False,0.0,0,0,39.96614303588867,False,True,1.9983071517944335,50.0,Atencao,Atencao: sinais iniciais de risco,28.006756746487152
1777741164.0013647,160,True,0.31271492558315195,0.42733182302271683,0.3700233743029344,0.004138657764252328,False,False,0.0,0,0,40.8391685962677,False,True,2.041958429813385,50.0,Atencao,Atencao: sinais iniciais de risco,28.15399439352174
1777741164.036265,161,True,0.31016123533014744,0.4002055250893843,0.35518338020976586,0.0043021852082029965,False,False,0.0,0,0,39.47572836875916,False,True,1.9737864184379577,50.0,Atencao,Atencao: sinais iniciais de risco,28.24047653432483
1777741164.069525,162,True,0.3151924688080362,0.397738875215786,0.3564656720119111,0.0027270274738495264,False,False,0.0,0,0,38.94742245674133,False,True,1.9473711228370663,50.0,Atencao,Atencao: sinais iniciais de risco,28.387331855907895
1777741164.1029603,163,True,0.32300834785747395,0.4264553747406043,0.3747318612990391,0.00402746701575267,False,False,0.0,0,0,39.108911180496214,False,True,1.9554455590248108,50.0,Atencao,Atencao: sinais iniciais de risco,28.520720168406665
1777741164.1372244,164,True,0.322557083278714,0.44461006732789854,0.3835835753033063,0.003017442626513975,False,False,0.0,0,0,39.01399188041687,False,True,1.9506995940208434,50.0,Atencao,Atencao: sinais iniciais de risco,28.633781153585023
1777741164.1727998,165,True,0.3105313210616502,0.40300212625001275,0.3567667236558315,0.003987832316321692,False,False,0.0,0,0,39.29875664710998,False,True,1.9649378323554991,50.0,Atencao,Atencao: sinais iniciais de risco,28.56439372284103
1777741164.207304,166,True,0.34121135015348025,0.43947926237695145,0.39034530626521585,0.004330107608444882,False,False,0.0,0,0,39.74699540138245,False,True,1.9873497700691225,50.0,Atencao,Atencao: sinais iniciais de risco,28.63168303880357
1777741164.2421255,167,True,0.3696587720988859,0.39061944732049897,0.38013910970969245,0.007454235397493596,False,False,0.0,0,0,39.25695195198059,False,True,1.9628475975990294,50.0,Atencao,Atencao: sinais iniciais de risco,28.605603428346576
1777741164.275297,168,True,0.343239938053656,0.3673275096328128,0.35528372384323437,0.003361177024841139,False,False,0.0,0,0,38.91470079421997,False,True,1.9457350397109985,50.0,Atencao,Atencao: sinais iniciais de risco,28.728336641844844
1777741164.3086839,169,True,0.35848179520035556,0.4016417954140451,0.3800617953072003,0.005619435467180787,False,False,0.0,0,0,39.64353423118591,False,True,1.9821767115592956,50.0,Atencao,Atencao: sinais iniciais de risco,28.881670246947852
1777741164.3437562,170,True,0.3313705451166355,0.38675925385395193,0.35906489948529374,0.015445392515668363,False,False,0.0,0,0,41.69119739532471,False,True,2.0845598697662355,50.0,Atencao,Atencao: sinais iniciais de risco,28.87592076633412
1777741164.3778756,171,True,0.34521771202906887,0.3801438278858157,0.36268076995744225,0.015041353348001777,False,False,0.0,0,0,41.515011882781984,False,True,2.075750594139099,50.0,Atencao,Atencao: sinais iniciais de risco,28.88873735600411
1777741164.4142528,172,True,0.32768020623574284,0.3433627217267109,0.33552146398122684,0.01338896862615401,False,False,0.0,0,0,40.29241423606872,False,True,2.014620711803436,50.0,Atencao,Atencao: sinais iniciais de risco,28.75723683538578
1777741164.4513052,173,True,0.32805595912426355,0.3868600415193793,0.3574580003218214,0.22341283518545293,False,False,0.0,0,0,42.365709877014154,False,True,2.118285493850708,50.0,Atencao,Atencao: sinais iniciais de risco,28.57957082214458
1777741164.4867213,174,True,0.3149813441636352,0.3568534675064785,0.33591740583505686,0.26025410321708525,False,False,0.0,0,0,41.75273370742797,False,True,2.0876366853713986,50.0,Atencao,Atencao: sinais iniciais de risco,28.552534185541155
1777741164.5205402,175,True,0.19649799514113242,0.267627078919963,0.23206253703054772,0.23642973082097515,False,False,0.0,0,0,40.48386812155897,False,True,2.0241934060779485,50.0,Atencao,Atencao: sinais iniciais de risco,28.641626734591416
1777741164.556438,176,True,0.15543822697437015,0.2528429531940401,0.20414059008420513,0.24761100273827769,True,False,0.005681818181818182,0,0,36.30037851279432,False,True,2.596268925639716,50.0,Atencao,Atencao: sinais iniciais de risco,28.579903304553525
1777741164.5892253,177,True,0.1607349501057933,0.24911423913627226,0.2049245946210328,0.2481591698562586,True,False,0.011299435028248588,0,0,35.75115856907584,False,True,3.341230244837973,50.0,Atencao,Atencao: sinais iniciais de risco,28.77344728613185
1777741164.6222882,178,True,0.2705630056960254,0.3456135636679142,0.3080882846819698,0.21425370975341307,False,False,0.011235955056179775,0,0,32.06514175480062,False,False,3.3786768105221228,50.0,Atencao,Atencao: sinais iniciais de risco,28.896339575253656
1777741164.6584394,179,True,0.2708103623426579,0.36439609074831925,0.31760322654548856,0.2062326108510998,False,False,0.0111731843575419,0,0,30.453167577765207,False,False,3.2894471306076443,50.0,Atencao,Atencao: sinais iniciais de risco,28.80202401926819
1777741164.6940088,180,True,0.27025402333285137,0.34903423249345267,0.309644127913152,0.20496853571748844,False,False,0.011111111111111112,0,0,29.478063000874084,False,False,3.232156830378855,50.0,Atencao,Atencao: sinais iniciais de risco,28.670818921980192
1777741164.733289,181,True,0.28773297551357496,0.39099121451228014,0.3393620950129276,0.24121089715969724,False,False,0.011049723756906077,0,0,29.012620149417355,False,False,3.2004439266028264,50.0,Atencao,Atencao: sinais iniciais de risco,28.40387483662179
1777741164.7699585,182,True,0.30818245011036366,0.37533201141068673,0.3417572307605252,0.25454971939131543,False,False,0.01098901098901099,0,0,28.523064307191152,False,False,3.167618128905942,50.0,Atencao,Atencao: sinais iniciais de risco,28.261661497177617
1777741164.810055,183,True,0.29519538830822595,0.3924151641219571,0.3438052762150915,0.20250076860518818,False,False,0.01092896174863388,0,0,30.746811774643984,False,False,3.2705487317267306,50.0,Atencao,Atencao: sinais iniciais de risco,27.950067294392095
1777741164.8462484,184,True,0.29231304982777273,0.387197345334119,0.33975519758094586,0.2004720731001482,False,False,0.010869565217391304,0,0,30.06333561268719,False,False,3.228207900583037,50.0,Atencao,Atencao: sinais iniciais de risco,27.889983617155668
1777741164.885152,185,True,0.2927073197301513,0.3849908765599475,0.3388490981450494,0.20120918151212622,False,False,0.010810810810810811,0,0,29.88389753807674,False,False,3.211157265947697,50.0,Atencao,Atencao: sinais iniciais de risco,27.673736222120823
1777741164.9312859,186,True,0.2979664436476467,0.357342686856613,0.3276545652521299,0.20513202397092603,False,False,0.010752688172043012,0,0,28.97430743764747,False,False,3.157685898095661,50.0,Atencao,Atencao: sinais iniciais de risco,27.07303612595281
1777741164.9759648,187,True,0.31751758608192493,0.3683012607533138,0.3429094234176194,0.19147545730209506,False,False,0.0106951871657754,0,0,26.355251045389604,False,False,3.018826690120971,50.0,Atencao,Atencao: sinais iniciais de risco,26.61237322460525
1777741165.0126688,188,True,0.31818768660255153,0.3796287114430386,0.3489081990227951,0.22370431608185656,False,False,0.010638297872340425,0,0,25.519633771343663,False,False,2.9692235485713647,50.0,Atencao,Atencao: sinais iniciais de risco,26.661522916299578
1777741165.0480006,189,True,0.30807021086251074,0.37179582113365284,0.3399330159980818,0.19314094965823542,False,False,0.010582010582010581,0,0,25.88637575886466,False,False,2.979821145527061,50.0,Atencao,Atencao: sinais iniciais de risco,26.83523090624874
1777741165.08218,190,True,0.30215529621453174,0.3711753596167897,0.33666532791566073,0.11361556517345564,False,False,0.010526315789473684,0,0,24.267315384203737,False,False,2.891210092820191,50.0,Atencao,Atencao: sinais iniciais de risco,27.096556684983387
1777741165.1160278,191,True,0.32184607954511746,0.3709806750213731,0.3464133772832453,0.1296379226480538,False,False,0.010471204188481676,0,0,25.694074066660622,False,False,2.9549701818066345,50.0,Atencao,Atencao: sinais iniciais de risco,27.299143501770892
1777741165.149099,192,True,0.31960614973959656,0.3777155882896073,0.3486608690146019,0.12581758004764185,False,False,0.010416666666666666,0,0,24.32586040496826,False,False,2.8790605894724526,50.0,Atencao,Atencao: sinais iniciais de risco,27.605863103977903
1777741165.1840587,193,True,0.3206165115340754,0.3579059990546005,0.3392612552943379,0.2332950473642875,False,False,0.010362694300518135,0,0,23.67112804190679,False,False,2.838902770973956,50.0,Atencao,Atencao: sinais iniciais de risco,27.743441097514676
1777741165.215997,194,True,0.29578196629902676,0.32114596967620523,0.308463967987616,0.23719559060568235,False,False,0.010309278350515464,0,0,25.364137358557095,False,False,2.916208543681104,50.0,Atencao,Atencao: sinais iniciais de risco,28.01219948747343
1777741165.2517416,195,True,0.2927981215660879,0.3222429922818515,0.30752055692396973,0.2516190765104781,False,False,0.010256410256410256,0,0,24.06023784225637,False,False,2.843744204926602,50.0,Atencao,Atencao: sinais iniciais de risco,28.046523653927537
1777741165.2867239,196,True,0.3068663323264543,0.3808681289551316,0.34386723064079294,0.0352245494851883,False,False,0.01020408163265306,0,0,37.01401288509369,False,True,3.4842377713018537,50.0,Atencao,Atencao: sinais iniciais de risco,28.11513727314903
1777741165.319109,197,True,0.36429781392699395,0.4216155820404026,0.39295669798369826,0.007356326757546931,False,False,0.01015228426395939,0,0,38.59325242042541,False,True,3.5560776098730598,50.0,Atencao,Atencao: sinais iniciais de risco,28.38301013137052
1777741165.3521304,198,True,0.3100333473945759,0.4150431555018825,0.36253825144822915,0.00402486096949336,False,False,0.010101010101010102,0,0,37.846500754356384,False,True,3.511689829164081,50.0,Atencao,Atencao: sinais iniciais de risco,28.574222638669077
1777741165.386379,199,True,0.30649600944024535,0.41333980144080373,0.35991790544052454,0.004663120983485814,False,False,0.010050251256281407,0,0,36.086900401115415,False,True,3.416730470351837,50.0,Atencao,Atencao: sinais iniciais de risco,28.644757978853058
1777741165.4220428,200,True,0.3414377865304237,0.4250382740217329,0.3832380302760783,0.00413355865262988,False,False,0.01,0,0,36.10737198591232,False,True,3.410844501852989,50.0,Atencao,Atencao: sinais iniciais de risco,28.55152444358189
1777741165.458596,201,True,0.3265933577146928,0.43303708509844874,0.37981522140657076,0.0036004447564950436,False,False,0.009950248756218905,0,0,36.50047224760055,False,True,3.4236587189175,50.0,Atencao,Atencao: sinais iniciais de risco,28.48501774908623
1777741165.493987,202,True,0.3229132522578031,0.42441273337512037,0.37366299281646176,0.0025248217930767436,False,False,0.009900990099009901,0,0,35.61868412494659,False,True,3.372796247418564,50.0,Atencao,Atencao: sinais iniciais de risco,28.431248463266797
1777741165.5312266,203,True,0.3162943728278976,0.4239696953992222,0.3701320341135599,0.0026912654483911614,False,False,0.009852216748768473,0,0,35.21938051730394,False,True,3.346124731378235,50.0,Atencao,Atencao: sinais iniciais de risco,28.30244655849584
1777741165.567825,204,True,0.32541916794338904,0.41949106884882503,0.372455118396107,0.003436468081342303,False,False,0.00980392156862745,0,0,37.44828090667725,False,True,3.4509291635775097,50.0,Atencao,Atencao: sinais iniciais de risco,28.189571054235707
1777741165.6015584,205,True,0.3508728020517989,0.4401731941278423,0.3955229980898206,0.00293459101543115,False,False,0.00975609756097561,0,0,37.40798597335815,False,True,3.442338615859427,50.0,Atencao,Atencao: sinais iniciais de risco,28.263111386044944
1777741165.6391675,206,True,0.3343277781009078,0.43233719854724767,0.38333248832407774,0.002819275184042131,False,False,0.009708737864077669,0,0,36.83557875156402,False,True,3.4072062964462537,50.0,Atencao,Atencao: sinais iniciais de risco,28.14842933885981
1777741165.6733418,207,True,0.32843640349787023,0.41092548464936207,0.3696809440736162,0.0029014487896549947,False,False,0.00966183574879227,0,0,36.84469246864319,False,True,3.4012129414484695,50.0,Atencao,Atencao: sinais iniciais de risco,28.216336318306094
1777741165.710269,208,True,0.3340295439609207,0.42021489238241216,0.37712221817166647,0.0027374932190718584,False,False,0.009615384615384616,0,0,36.86179058551788,False,True,3.3956808164486514,50.0,Atencao,Atencao: sinais iniciais de risco,28.080593168751072
1777741165.750765,209,True,0.3221570176200312,0.4228736673647165,0.37251534249237384,0.003214029883155644,False,False,0.009569377990430622,0,0,35.90963546037674,False,True,3.3417471492604207,50.0,Atencao,Atencao: sinais iniciais de risco,27.751954658921633
1777741165.789324,210,True,0.3181398061173122,0.41818511438398204,0.36816246025064714,0.002243610899995837,False,False,0.009523809523809525,0,0,35.95051618814468,False,True,3.3375255214884167,50.0,Atencao,Atencao: sinais iniciais de risco,27.63406505739628
1777741165.8258038,211,True,0.3115192484297542,0.4096701873578284,0.3605947178937913,0.002719983726230188,False,False,0.009478672985781991,0,0,35.56847231388092,False,True,3.3122170537964424,50.0,Atencao,Atencao: sinais iniciais de risco,27.615852402319998
1777741165.8610108,212,True,0.3281490129690708,0.447598188176198,0.3878736005726344,0.0022372661834584658,False,False,0.009433962264150943,0,0,35.68843904733658,False,True,3.312067666244957,50.0,Atencao,Atencao: sinais iniciais de risco,27.666328656428924
1777741165.8938081,213,True,0.32086704766202484,0.4067295432413601,0.3637982954516925,0.002732128855322373,False,False,0.009389671361502348,0,0,35.231707185506814,False,True,3.2831410740392863,50.0,Atencao,Atencao: sinais iniciais de risco,27.963712285108098
1777741165.9262056,214,True,0.32024399155173866,0.43446361129367445,0.3773538014227066,0.002333701015310583,False,False,0.009345794392523364,0,0,35.74345898628234,False,True,3.3026955808434524,50.0,Atencao,Atencao: sinais iniciais de risco,28.27197659032004
1777741165.9586937,215,True,0.32225122977781623,0.41293504971173417,0.3675931397447752,0.0021711473303860905,False,False,0.009302325581395349,0,0,35.13372354209423,False,True,3.266231847103945,50.0,Atencao,Atencao: sinais iniciais de risco,28.42108456088428
1777741165.9938023,216,True,0.32874075418257476,0.43957283359592847,0.3841567938892516,0.0020229006768470986,False,False,0.009259259259259259,0,0,35.78796053528785,False,True,3.2930220774699137,50.0,Atencao,Atencao: sinais iniciais de risco,28.487271727083204
1777741166.0310462,217,True,0.31774153558432994,0.40903743791219516,0.36338948674826255,0.0018494579635970946,False,False,0.009216589861751152,0,0,35.32722561061382,False,True,3.2641182890788474,50.0,Atencao,Atencao: sinais iniciais de risco,28.32196290744707
1777741166.26177,218,True,0.32293804094734513,0.41246577496178694,0.36770190795456603,0.0020070320330270977,False,False,0.009174311926605505,0,0,35.347281774878496,False,True,3.259307881209555,50.0,Atencao,Atencao: sinais iniciais de risco,25.923104326746262
1777741166.2945669,219,True,0.32807394660918276,0.3964728457007357,0.36227339615495924,0.0022009798125531966,False,False,0.0091324200913242,0,0,35.637685644626615,False,True,3.2680679473457817,50.0,Atencao,Atencao: sinais iniciais de risco,26.384657950310036
1777741166.3273416,220,True,0.32369719790621604,0.414729821796841,0.3692135098515285,0.0017692011726529015,False,False,0.00909090909090909,0,0,35.13697868436575,False,True,3.2373248367756604,50.0,Atencao,Atencao: sinais iniciais de risco,26.803305139680738
1777741166.3607576,221,True,0.32230919636550387,0.39232813876467704,0.35731866756509045,0.0018520963168886866,False,False,0.00904977375565611,0,0,35.82989011406899,False,True,3.266314299663537,50.0,Atencao,Atencao: sinais iniciais de risco,27.13919283054315
1777741166.3945868,222,True,0.3217039591612212,0.41559536915725254,0.36864966415923683,0.0017924840170678784,False,False,0.009009009009009009,0,0,35.116759495437144,False,True,3.225052616067969,50.0,Atencao,Atencao: sinais iniciais de risco,27.343413875739557
1777741166.4311,223,True,0.31952275840871125,0.3947439611400513,0.35713335977438126,0.002066035738667022,False,False,0.008968609865470852,0,0,35.4770026564598,False,True,3.2375098918826053,50.0,Atencao,Atencao: sinais iniciais de risco,27.36716058151829
1777741166.4654915,224,True,0.3207406280565455,0.42663363377409463,0.3736871309153201,0.0021088495445386957,False,False,0.008928571428571428,0,0,35.20060864835977,False,True,3.2181849064039323,50.0,Atencao,Atencao: sinais iniciais de risco,27.522306243228876
1777741166.499926,225,True,0.3213152673591692,0.3968195915137979,0.35906742943648357,0.0018574021070664295,False,False,0.008888888888888889,0,0,35.51361169815063,False,True,3.228378709687127,50.0,Atencao,Atencao: sinais iniciais de risco,27.68930634729022
1777741166.5337274,226,True,0.32148398067726686,0.4110431209381271,0.366263550807697,0.0022644605201406873,False,False,0.008849557522123894,0,0,35.167923517525196,False,True,3.2056862377256685,50.0,Atencao,Atencao: sinais iniciais de risco,27.875886409155395
1777741166.569594,227,True,0.3184744647133672,0.4098173561913039,0.3641459104523356,0.0020436559498235754,False,False,0.00881057268722467,0,0,35.29705714285373,False,True,3.206782504193452,50.0,Atencao,Atencao: sinais iniciais de risco,27.872184630890377
1777741166.6040637,228,True,0.32113951976480254,0.41253717646922167,0.3668383481170121,0.0015490389794274632,False,False,0.008771929824561403,0,0,35.38011839687824,False,True,3.2056221732784778,50.0,Atencao,Atencao: sinais iniciais de risco,28.005330743927466
1777741166.6370356,229,True,0.3233059235642263,0.4060347235814359,0.36467032357283113,0.0013136983424937635,False,False,0.008733624454148471,0,0,35.37550741136074,False,True,3.200124635570825,50.0,Atencao,Atencao: sinais iniciais de risco,28.212976910587628
1777741166.6710267,230,True,0.3208872277360006,0.40958549910532993,0.36523636342066523,0.0014011496638557718,False,False,0.008695652173913044,0,0,35.12509570717811,False,True,3.182382861829322,50.0,Atencao,Atencao: sinais iniciais de risco,28.327717625281778
1777741166.704754,231,True,0.3197042271658874,0.4028891385280574,0.3612966828469724,0.001932530698044578,False,False,0.008658008658008658,0,0,35.684701496362685,False,True,3.205187167851698,50.0,Atencao,Atencao: sinais iniciais de risco,28.48319605943736
1777741166.7436135,232,True,0.32125303016119605,0.3975409168724672,0.35939697351683164,0.002404111055582817,False,False,0.008620689655172414,0,0,35.89513994455337,False,True,3.2105777273712484,50.0,Atencao,Atencao: sinais iniciais de risco,28.178001496757055
1777741166.783339,233,True,0.319000005799544,0.40995534076012785,0.36447767327983593,0.0028256319625131836,False,False,0.008583690987124463,0,0,35.824765807390214,False,True,3.2019717036564974,50.0,Atencao,Atencao: sinais iniciais de risco,27.908978573097407
1777741166.8226268,234,True,0.32542101787768013,0.41444297376696543,0.3699319958223228,0.002580423170409377,False,False,0.008547008547008548,0,0,35.58567187190055,False,True,3.1849731713660763,50.0,Atencao,Atencao: sinais iniciais de risco,27.641128756556625
1777741166.8609586,235,True,0.3232116394857694,0.40836849093711164,0.36579006521144053,0.0026863498691550754,False,False,0.00851063829787234,0,0,35.44944177865982,False,True,3.1731607574478105,50.0,Atencao,Atencao: sinais iniciais de risco,27.460074120922574
1777741166.9028132,236,True,0.3163394584424417,0.4140320507979853,0.3651857546202135,0.003567257817900829,False,False,0.00847457627118644,0,0,36.72501702796329,False,True,3.231980991243673,50.0,Atencao,Atencao: sinais iniciais de risco,27.144489771069104
1777741166.9393752,237,True,0.2867254859573364,0.3882174481175148,0.3374714670374256,0.0041835881667920075,False,False,0.008438818565400843,0,0,37.22819806716659,False,True,3.2522233586583185,50.0,Atencao,Atencao: sinais iniciais de risco,27.115318225074827
1777741166.9811282,238,True,0.3265263414427397,0.377571822010291,0.35204908172651533,0.005006144541502007,False,False,0.008403361344537815,0,0,29.901800115541977,False,False,2.881028093208421,50.0,Atencao,Atencao: sinais iniciais de risco,26.84445377919044
1777741167.017506,239,True,0.31560099766054805,0.41354819477903254,0.36457459621979027,0.006097438479707325,False,False,0.008368200836820083,0,0,27.043790729479355,False,False,2.7332930540941023,50.0,Atencao,Atencao: sinais iniciais de risco,26.871475736597525
1777741167.0550659,240,True,0.32141454436625877,0.39201426652391835,0.3567144054450886,0.004419087680436292,False,False,0.008333333333333333,0,0,24.084866880286825,False,False,2.5805525799050475,50.0,Atencao,Atencao: sinais iniciais de risco,26.82543594889073
1777741167.0936348,241,True,0.3137397608232959,0.37859889142567804,0.346169326124487,0.004695107656745239,False,False,0.008298755186721992,0,0,24.577599238265645,False,False,2.6004347026449293,50.0,Atencao,Atencao: sinais iniciais de risco,26.751345306323493
1777741167.1285703,242,True,0.32704816524981556,0.4153945987621271,0.3712213820059713,0.0031339815246742425,False,False,0.008264462809917356,0,0,21.93237452913414,False,False,2.4634582653777164,50.0,Atencao,Atencao: sinais iniciais de risco,26.972973064781932
1777741167.1620667,243,True,0.3123718124155168,0.4804364630826533,0.39640413774908506,0.12577966387087527,False,False,0.00823045267489712,0,0,23.22114019393921,False,False,2.5232201550526874,50.0,Atencao,Atencao: sinais iniciais de risco,27.247126066701725
1777741167.1979308,244,True,0.33010333219782295,0.46329091445517706,0.3966971233265,0.24463435633148065,False,False,0.00819672131147541,0,0,23.317242117361587,False,False,2.523387188753321,50.0,Atencao,Atencao: sinais iniciais de risco,27.313799241608887
1777741167.232478,245,True,0.2961422951848494,0.4141257127319639,0.35513400395840666,0.2590653949463137,False,False,0.00816326530612245,0,0,22.725018751079386,False,False,2.489175819703179,50.0,Atencao,Atencao: sinais iniciais de risco,27.470489280335816
1777741167.2653742,246,True,0.3350586896050307,0.41149490908929953,0.3732767993471651,0.19888887801465155,False,False,0.008130081300813009,0,0,23.84396967318925,False,False,2.540560565078624,50.0,Atencao,Atencao: sinais iniciais de risco,27.711217354643367
1777741167.300963,247,True,0.3411786325443875,0.4372464410157856,0.38921253678008655,0.2059998400654735,False,False,0.008097165991902834,0,0,22.596025263992225,False,False,2.473637489643624,50.0,Atencao,Atencao: sinais iniciais de risco,27.80276752397753
1777741167.3365319,248,True,0.34343058850954405,0.44474165169327173,0.39408612010140787,0.20912158258564387,False,False,0.008064516129032258,0,0,23.177970787070013,False,False,2.4982454096528093,50.0,Atencao,Atencao: sinais iniciais de risco,27.838622700634787
1777741167.3696916,249,True,0.33936910932748854,0.40704273061541524,0.3732059199714519,0.228213784138774,False,False,0.008032128514056224,0,0,23.32972737306898,False,False,2.5013799418935525,50.0,Atencao,Atencao: sinais iniciais de risco,28.074467035471535
1777741167.4038997,250,True,0.3723155915010825,0.3663041254298893,0.3693098584654859,0.23563310357996595,False,False,0.008,0,0,23.21547929238189,False,False,2.491249867176468,50.0,Atencao,Atencao: sinais iniciais de risco,28.17939004108096
1777741167.436344,251,True,0.36712764634551937,0.3961556038457109,0.38164162509561517,0.24424426589863185,False,False,0.00796812749003984,0,0,25.457560398090973,False,False,2.5989714523423997,50.0,Atencao,Atencao: sinais iniciais de risco,28.422203921070295
1777741167.470341,252,True,0.3550133602941156,0.39402142833087533,0.3745173943124955,0.20566544394611475,False,False,0.007936507936507936,0,0,26.96799671866677,False,False,2.6701455797605527,50.0,Atencao,Atencao: sinais iniciais de risco,28.53491782581708
1777741167.5038354,253,True,0.3624864181443796,0.3897101323910704,0.376098275267725,0.20791318293293948,False,False,0.007905138339920948,0,0,27.51832284656438,False,False,2.6933485666247226,50.0,Atencao,Atencao: sinais iniciais de risco,28.678623665497476
1777741167.5394363,254,True,0.35605316262071823,0.3917618118634345,0.37390748724207634,0.1946850099705101,False,False,0.007874015748031496,0,0,27.88383751890876,False,False,2.7073449438571418,50.0,Atencao,Atencao: sinais iniciais de risco,28.581711758289167
1777741167.5757146,255,True,0.35934217279013053,0.40454463330225743,0.381943403046194,0.1418501321812388,False,False,0.00784313725490196,0,0,27.97535347179933,False,False,2.707674948696359,50.0,Atencao,Atencao: sinais iniciais de risco,28.450349754761913
1777741167.6104398,256,True,0.33895850717485104,0.3994030412333489,0.3691807742041,0.12025656290671835,False,False,0.0078125,0,0,27.40759571465579,False,False,2.675074438290163,50.0,Atencao,Atencao: sinais iniciais de risco,28.5053701712719
1777741167.6493216,257,True,0.34356211190778413,0.38733032838967635,0.36544622014873024,0.12995477023751784,False,False,0.007782101167315175,0,0,27.84270580248399,False,False,2.6926501031874093,50.0,Atencao,Atencao: sinais iniciais de risco,28.248133620218695
1777741167.6870983,258,True,0.35785936003462393,0.38971877736437177,0.37378906869949785,0.09300415540412683,False,False,0.007751937984496124,0,0,27.7639342259277,False,False,2.6845640867219753,50.0,Atencao,Atencao: sinais iniciais de risco,28.09503111355577
1777741167.7248533,259,True,0.3548030968910934,0.3906356737911873,0.37271938534114035,0.07469894435904466,False,False,0.007722007722007722,0,0,27.507727837562562,False,False,2.6676383562115626,50.0,Atencao,Atencao: sinais iniciais de risco,27.92062966699878
1777741167.7638588,260,True,0.364600354268373,0.3879548262432327,0.3762775902558029,0.07052057087381697,False,False,0.007692307692307693,0,0,26.27188402874903,False,False,2.6017624116871323,50.0,Atencao,Atencao: sinais iniciais de risco,27.665021901070524
1777741167.802336,261,True,0.3577485467534326,0.3727486873697031,0.36524861706156786,0.06752150383865327,False,False,0.007662835249042145,0,0,26.734313555197282,False,False,2.620831427060532,50.0,Atencao,Atencao: sinais iniciais de risco,27.551856015026466
1777741167.8389366,262,True,0.36199581403064623,0.40002510574092853,0.3810104598857874,0.06621149251538809,False,False,0.007633587786259542,0,0,26.740524810552596,False,False,2.6171204636956897,50.0,Atencao,Atencao: sinais iniciais de risco,27.47426165417653
1777741167.877459,263,True,0.36077732504594506,0.381723450415162,0.3712503877305535,0.07575746177058283,False,False,0.0076045627376425855,0,0,27.19909104921601,False,False,2.636057831444029,50.0,Atencao,Atencao: sinais iniciais de risco,27.31524923153132
1777741167.9163258,264,True,0.36568742458980974,0.39861705155160054,0.38215223807070514,0.05492992976328854,False,False,0.007575757575757576,0,0,25.48746690668843,False,False,2.5465159145584613,50.0,Atencao,Atencao: sinais iniciais de risco,27.188603246784233
1777741167.9550505,265,True,0.36371681867742073,0.39902354890011704,0.38137018378876886,0.057638138152575874,False,False,0.007547169811320755,0,0,25.771117833256717,False,False,2.556767643276813,50.0,Atencao,Atencao: sinais iniciais de risco,27.04756080051178
1777741167.993429,266,True,0.3663359179264145,0.38481030506901853,0.37557311149771655,0.052024953493779794,False,False,0.007518796992481203,0,0,25.550321133299303,False,False,2.5418265456885036,50.0,Atencao,Atencao: sinais iniciais de risco,26.949496618053683
1777741168.0260181,267,True,0.36781980449353513,0.4031448028812632,0.38548230368739916,0.04758178193165845,False,False,0.00749063670411985,0,0,25.90802606344223,False,False,2.555839752545964,50.0,Atencao,Atencao: sinais iniciais de risco,27.317990878668986
1777741168.0620108,268,True,0.3610669715303341,0.4017687832641734,0.38141787739725375,0.046454010308081974,False,False,0.007462686567164179,0,0,25.732783534310077,False,False,2.543234482257952,50.0,Atencao,Atencao: sinais iniciais de risco,27.384999498762873
1777741168.098085,269,True,0.3569547761481804,0.4025141294428416,0.379734452795511,0.04728416694984809,False,False,0.007434944237918215,0,0,25.660797090422022,False,False,2.5358205897922286,50.0,Atencao,Atencao: sinais iniciais de risco,27.41961695198822
1777741168.1330192,270,True,0.35367776844306037,0.39687876141319844,0.37527826492812943,0.053859522138598,False,False,0.007407407407407408,0,0,26.16954128200358,False,False,2.5574714851760705,50.0,Atencao,Atencao: sinais iniciais de risco,27.536807688015205
1777741168.1664364,271,True,0.3608598191320341,0.4006412879188353,0.3807505535254347,0.05123417943089574,False,False,0.007380073800738007,0,0,25.59721651917154,False,False,2.525096876117426,50.0,Atencao,Atencao: sinais iniciais de risco,27.782742967880274
1777741168.2009902,272,True,0.3477326708510147,0.3881772431924115,0.3679549570217131,0.04710773892968032,False,False,0.007352941176470588,0,0,25.798346991159697,False,False,2.531422663880064,50.0,Atencao,Atencao: sinais iniciais de risco,27.88725182604919
1777741168.2354884,273,True,0.35838081557791374,0.4062441741605407,0.38231249486922725,0.04626360360419063,False,False,0.007326007326007326,0,0,25.739986011385916,False,False,2.524801210452676,50.0,Atencao,Atencao: sinais iniciais de risco,27.991743782877926
1777741168.270737,274,True,0.3505451693466901,0.389594484641911,0.3700698269943006,0.044237756777738134,False,False,0.0072992700729927005,0,0,26.72065339061347,False,False,2.5701582071245426,50.0,Atencao,Atencao: sinais iniciais de risco,28.036297987016827
1777741168.303666,275,True,0.3607157331014222,0.39245429376685664,0.3765850134341394,0.043863144180549554,False,False,0.007272727272727273,0,0,26.576127916574478,False,False,2.5592822983860968,50.0,Atencao,Atencao: sinais iniciais de risco,28.268297371463447
1777741168.337563,276,True,0.359894724606396,0.3917212641926083,0.37580799439950213,0.04022281706662673,False,False,0.007246376811594203,0,0,26.642913011529224,False,False,2.558998364728037,50.0,Atencao,Atencao: sinais iniciais de risco,28.394665353566797
1777741168.3703318,277,True,0.35424463095164127,0.3838769846710546,0.3690608078113479,0.04492247777675794,False,False,0.007220216606498195,0,0,27.23030191985043,False,False,2.584770781943396,50.0,Atencao,Atencao: sinais iniciais de risco,28.599311052073656
1777741168.4024372,278,True,0.3587165165281424,0.39105281510395185,0.3748846658160471,0.03502549501261218,False,False,0.007194244604316547,0,0,27.13062472722747,False,False,2.576215772012272,50.0,Atencao,Atencao: sinais iniciais de risco,28.840155141694506
1777741168.4360814,279,True,0.36742404063718564,0.39283748409592867,0.3801307623665572,0.03394472193076214,False,False,0.007168458781362007,0,0,27.21440300616351,False,False,2.5768591353028247,50.0,Atencao,Atencao: sinais iniciais de risco,28.941543981198397
1777741168.4698286,280,True,0.35849281499350394,0.3799255587828455,0.3692091868881747,0.0027851347688875087,False,False,0.007142857142857143,0,0,27.788048747994683,False,False,2.6020211970999645,50.0,Atencao,Atencao: sinais iniciais de risco,29.018504405159938
1777741168.5039372,281,True,0.3738046559743621,0.38343219517239785,0.37861842557338,0.002517326981966393,False,False,0.0071174377224199285,0,0,26.933022740754208,False,False,2.5557747264278237,50.0,Atencao,Atencao: sinais iniciais de risco,29.04384877537025
1777741168.5408733,282,True,0.3703285668710916,0.37112603372896,0.3707273003000258,0.003990008230879865,False,False,0.0070921985815602835,0,0,26.595655369216743,False,False,2.535435975982749,50.0,Atencao,Atencao: sinais iniciais de risco,28.844857372909892
1777741168.5750473,283,True,0.3749066533201556,0.3805617226357571,0.3777341879779563,0.0034801815005270995,False,False,0.007067137809187279,0,0,26.20330489738421,False,False,2.5123725961898344,50.0,Atencao,Atencao: sinais iniciais de risco,28.893413228681403
1777741168.6103427,284,True,0.3776261244190015,0.38411433577870496,0.38087023009885324,0.005175609423777607,False,False,0.007042253521126761,0,0,25.333549253507094,False,False,2.465463224387657,50.0,Atencao,Atencao: sinais iniciais de risco,28.826562642046373
1777741168.6458337,285,True,0.3653238728258526,0.3896113579954566,0.3774676154106546,0.07384387986742279,False,False,0.007017543859649123,0,0,21.569324914162806,False,False,2.2738544289672675,50.0,Atencao,Atencao: sinais iniciais de risco,28.77265666185092
1777741168.6817317,286,True,0.38015000271990423,0.3784439877469243,0.37929699523341426,0.17203789652430695,False,False,0.006993006993006993,0,0,18.755322259664535,False,False,2.129780477079061,50.0,Atencao,Atencao: sinais iniciais de risco,28.68820341351864
1777741168.7176108,287,True,0.37299030692188684,0.37363984026652913,0.373315073594208,0.11015913682091273,False,False,0.006968641114982578,0,0,19.923484380949628,False,False,2.184838274914959,50.0,Atencao,Atencao: sinais iniciais de risco,28.586415542022852
1777741168.754472,288,True,0.3761637659167432,0.3843066987995763,0.38023523235815976,0.20550752877875972,False,False,0.006944444444444444,0,0,19.22722033966671,False,False,2.1466980306518195,50.0,Atencao,Atencao: sinais iniciais de risco,28.403015696425808
1777741168.7916942,289,True,0.3904227575481346,0.42154662722930925,0.4059846923887219,0.23029324430176473,False,False,0.006920415224913495,0,0,19.88451541201635,False,False,2.176258766583796,50.0,Atencao,Atencao: sinais iniciais de risco,28.259978561401887
1777741168.829136,290,True,0.3690263985569365,0.4044362012535098,0.38673129990522315,0.2299457676337319,False,False,0.006896551724137931,0,0,21.462242313406684,False,False,2.251863880296673,50.0,Atencao,Atencao: sinais iniciais de risco,28.09966639791663
1777741168.8659267,291,True,0.3611349374099836,0.38527817581556434,0.37320655661277397,0.1939000873317433,False,False,0.006872852233676976,0,0,21.866115361181173,False,False,2.2687988527470155,50.0,Atencao,Atencao: sinais iniciais de risco,28.03430591957436
1777741168.905705,292,True,0.3636839489576878,0.3761151874197381,0.36989956818871295,0.16794597253092067,False,False,0.00684931506849315,0,0,21.435866342349485,False,False,2.244050041592655,50.0,Atencao,Atencao: sinais iniciais de risco,27.76959718335268
1777741168.9427567,293,True,0.3634667396695733,0.40256840379447845,0.3830175717320259,0.15965686185276137,False,False,0.006825938566552901,0,0,20.817586090077054,False,False,2.2099217599622496,50.0,Atencao,Atencao: sinais iniciais de risco,27.696684884108056
1777741168.9777877,294,True,0.3723910720616294,0.40047632070054406,0.3864336963810867,0.08331989627349388,False,False,0.006802721088435374,0,0,20.485426209189676,False,False,2.190121362676721,50.0,Atencao,Atencao: sinais iniciais de risco,27.73485363117419
1777741169.0117736,295,True,0.36277147418008104,0.40861798113307535,0.3856947276565782,0.10404055430296905,False,False,0.006779661016949152,0,0,19.876844539967447,False,False,2.1565215193862537,50.0,Atencao,Atencao: sinais iniciais de risco,27.91093364912131
1777741169.0453038,296,True,0.3782476591809603,0.38278803907972264,0.3805178491303415,0.10511461247656576,False,False,0.006756756756756757,0,0,19.33615167195147,False,False,2.1263375402090006,50.0,Atencao,Atencao: sinais iniciais de risco,28.164415917703227
1777741169.079158,297,True,0.37107434523080113,0.374953919989239,0.37301413261002003,0.09696862236083177,False,False,0.006734006734006734,0,0,20.622371424870057,False,False,2.187520399726802,50.0,Atencao,Atencao: sinais iniciais de risco,28.26633607182924
1777741169.1122222,298,True,0.350338144982527,0.3860713737274666,0.3682047593549968,0.12908284856978552,False,False,0.006711409395973154,0,0,21.555352040583436,False,False,2.231062296532854,50.0,Atencao,Atencao: sinais iniciais de risco,28.457249499723503
1777741169.1447086,299,True,0.38226086943339865,0.3602347978758821,0.37124783365464037,0.14862936170167215,False,False,0.006688963210702341,0,0,22.258205393769526,False,False,2.2631186137174213,50.0,Atencao,Atencao: sinais iniciais de risco,28.692457579584566
1777741169.1773536,300,True,0.34614278830097883,0.3428996613421627,0.34452122482157077,0.1272380906611518,False,False,0.006666666666666667,0,0,21.17859643047506,False,False,2.2060723907477926,50.0,Atencao,Atencao: sinais iniciais de risco,28.884911189097906
1777741169.2111719,301,True,0.33636939014276984,0.3528626647701568,0.34461602745646336,0.13220549585524924,False,False,0.006644518272425249,0,0,20.99136596701362,False,False,2.193665463366526,50.0,Atencao,Atencao: sinais iniciais de risco,28.96937215108941
1777741169.2457223,302,True,0.34522803585337064,0.34807149088656303,0.34664976336996683,0.08920196572001883,False,False,0.006622516556291391,0,0,19.120327150957152,False,False,2.0970882865952967,50.0,Atencao,Atencao: sinais iniciais de risco,28.968760948298414
1777741169.2777896,303,True,0.3411328738084918,0.3690610429386113,0.35509695837355154,0.10024024551265368,False,False,0.006600660066006601,0,0,17.430173980512404,False,False,2.009575360658901,50.0,Atencao,Atencao: sinais iniciais de risco,29.168857253271124
1777741169.310323,304,True,0.3772702650014062,0.3839181134354077,0.38059418921840693,0.12475441616193123,False,False,0.006578947368421052,0,0,17.259218116781927,False,False,1.998042071554364,50.0,Atencao,Atencao: sinais iniciais de risco,29.363233359046376
1777741169.343444,305,True,0.34375322301207045,0.34150547242634804,0.3426293477192093,0.06368958434899324,False,False,0.006557377049180328,0,0,16.953644822673365,False,False,1.9797974879533362,50.0,Atencao,Atencao: sinais iniciais de risco,29.374892868537643
1777741169.3794158,306,True,0.36103153241546615,0.3646756739953615,0.3628536032054138,0.06866429308337588,False,False,0.006535947712418301,0,0,17.522204960476266,False,False,2.0052789610387025,50.0,Atencao,Atencao: sinais iniciais de risco,29.282151463502917
1777741169.4138246,307,True,0.3605593130433524,0.35200081414839735,0.3562800635958749,0.04740467980167826,False,False,0.006514657980456026,0,0,17.29717745442282,False,False,1.9911002475912176,50.0,Atencao,Atencao: sinais iniciais de risco,29.148301761309693
1777741169.448102,308,True,0.3521652674522209,0.3622781827887049,0.3572217251204629,0.03216308466579382,False,False,0.006493506493506494,0,0,17.4813929756934,False,False,1.9974026941991858,50.0,Atencao,Atencao: sinais iniciais de risco,29.262214353244435
1777741169.4812841,309,True,0.36283025323258594,0.37107501835100587,0.36695263579179593,0.03892842125105826,False,False,0.006472491909385114,0,0,17.602341464432804,False,False,2.0005606133194664,50.0,Atencao,Atencao: sinais iniciais de risco,29.32367173301077
1777741169.5152311,310,True,0.36496238242384604,0.33121697352568186,0.348089677974764,0.02546570711220264,False,False,0.0064516129032258064,0,0,16.285592476346277,False,False,1.9318523005682353,50.0,Atencao,Atencao: sinais iniciais de risco,29.3402262861658
1777741169.5478926,311,True,0.3768908649153049,0.3352159584422807,0.3560534116787928,0.005110898834961947,False,False,0.006430868167202572,0,0,17.93811807686632,False,False,2.0116261793910426,50.0,Atencao,Atencao: sinais iniciais de risco,29.30668803773944
1777741169.5840302,312,True,0.37144043880645183,0.316568888128485,0.3440046634674684,0.005410652781853734,False,False,0.00641025641025641,0,0,18.187009493058376,False,False,2.021236633620548,50.0,Atencao,Atencao: sinais iniciais de risco,29.292780695507254
1777741169.61889,313,True,0.36474465780110804,0.3395483459048831,0.35214650185299556,0.005714655281525459,False,False,0.006389776357827476,0,0,20.94485670084303,False,False,2.1563129868008026,50.0,Atencao,Atencao: sinais iniciais de risco,29.184870535120165
1777741169.655378,314,True,0.3583685139772983,0.38645989086722543,0.37241420242226186,0.0026926932197182097,False,False,0.006369426751592357,0,0,24.118187430230055,False,False,2.312181452412825,50.0,Atencao,Atencao: sinais iniciais de risco,29.02387074878164
1777741169.6925392,315,True,0.33639348228196525,0.4020554724039082,0.36922447734293673,0.002696000385483272,False,False,0.006349206349206349,0,0,25.774909515814347,False,False,2.3922372513639636,50.0,Atencao,Atencao: sinais iniciais de risco,28.83395126091235
1777741169.7323039,316,True,0.33783392766403425,0.41724318621130213,0.3775385569376682,0.0025395448909275465,False,False,0.006329113924050633,0,0,26.878517028418454,False,False,2.4446549185352575,50.0,Atencao,Atencao: sinais iniciais de risco,28.44953155567902
1777741169.7754343,317,True,0.33969489321091767,0.43459136769362716,0.38714313045227244,0.0015120802176865733,False,False,0.006309148264984227,0,0,27.882772772962394,False,False,2.492122427640824,50.0,Atencao,Atencao: sinais iniciais de risco,27.940732251030614
1777741169.81527,318,True,0.3175827107485027,0.40185114362280855,0.3597169271856556,0.0014660726308377574,False,False,0.006289308176100629,0,0,34.80056591684168,False,True,2.8352840726132933,50.0,Atencao,Atencao: sinais iniciais de risco,27.65656688726807
1777741169.8561938,319,True,0.32191758387468966,0.39833477539997836,0.360126179637334,0.0018963889155492583,False,False,0.006269592476489028,0,0,33.153908219662576,False,True,2.750240279057743,50.0,Atencao,Atencao: sinais iniciais de risco,27.328810772868042
1777741169.9009018,320,True,0.3445639203260714,0.4029167215624984,0.3737403209442849,0.0011551107076380165,False,False,0.00625,0,0,36.841988075321375,False,True,2.931950306323442,50.0,Atencao,Atencao: sinais iniciais de risco,26.807736765669162
1777741169.9414077,321,True,0.3363339412529887,0.3919299280166841,0.3641319346348364,0.002118099874331064,False,False,0.006230529595015576,0,0,36.36950441653079,False,True,2.905648942698554,50.0,Atencao,Atencao: sinais iniciais de risco,26.59919986862007
1777741169.982669,322,True,0.31983326010655805,0.4053330881852618,0.3625831741459099,0.002001479082676545,False,False,0.006211180124223602,0,0,36.98041543852199,False,True,2.9335339415642174,50.0,Atencao,Atencao: sinais iniciais de risco,26.364298313838205
1777741170.018977,323,True,0.3334531200655825,0.4125376946487683,0.3729954073571754,0.001814738460506884,False,False,0.006191950464396285,0,0,35.408102161234076,False,True,2.852274199473566,50.0,Atencao,Atencao: sinais iniciais de risco,26.51478114088424
1777741170.050921,324,True,0.3372585431715881,0.41717428312041827,0.3772164131460032,0.002467985895504701,False,False,0.006172839506172839,0,0,35.04372313672846,False,True,2.8314274914925615,50.0,Atencao,Atencao: sinais iniciais de risco,26.9626366657111
1777741170.0848262,325,True,0.3384857673721374,0.40467667785358075,0.3715812226128591,0.0019979456220079244,False,False,0.006153846153846154,0,0,35.971802565726364,False,True,2.8752198769975372,50.0,Atencao,Atencao: sinais iniciais de risco,27.248056520806486
1777741170.1202219,326,True,0.3349208175223768,0.4097455739139826,0.3723331957181797,0.0016657662423535666,False,False,0.006134969325153374,0,0,34.95640216686509,False,True,2.8218542931092165,50.0,Atencao,Atencao: sinais iniciais de risco,27.343075362136695
1777741170.1553366,327,True,0.33313079588792716,0.42606150076835336,0.37959614832814026,0.002184180121207895,False,False,0.0061162079510703364,0,0,35.73735164295543,False,True,2.858322077977316,50.0,Atencao,Atencao: sinais iniciais de risco,27.471447925697817
1777741170.1911614,328,True,0.33411478552701485,0.41278903754307583,0.3734519115350453,0.0015934092064740217,False,False,0.006097560975609756,0,0,35.158500445972784,False,True,2.8268155590023536,50.0,Atencao,Atencao: sinais iniciais de risco,27.493818521424732
1777741170.2243598,329,True,0.3338479850292203,0.41610990199439385,0.37497894351180705,0.002167965348926695,False,False,0.0060790273556231,0,0,34.81066104227846,False,True,2.8068752160694723,50.0,Atencao,Atencao: sinais iniciais de risco,27.786271019421385
1777741170.2589307,330,True,0.3176804727704494,0.41883141691235554,0.36825594484140245,0.0013255631395719654,False,False,0.006060606060606061,0,0,34.671761383793566,False,True,2.797397305080384,50.0,Atencao,Atencao: sinais iniciais de risco,27.876853850375547
1777741170.2958925,331,True,0.30816953225167987,0.4181271024194585,0.3631483173355692,0.0014344964207807576,False,False,0.006042296072507553,0,0,34.36555146791718,False,True,2.7795691859230205,50.0,Atencao,Atencao: sinais iniciais de risco,27.820341805861414
1777741170.331408,332,True,0.3159589693259449,0.4122223249608105,0.3640906471433777,0.0016290861623227525,False,False,0.006024096385542169,0,0,34.32319201718677,False,True,2.77494875642876,50.0,Atencao,Atencao: sinais iniciais de risco,27.835017573430793
1777741170.366575,333,True,0.3206758991500236,0.4133866584740231,0.36703127881202335,0.001801939102873808,False,False,0.006006006006006006,0,0,34.34009996273301,False,True,2.7733067265198494,50.0,Atencao,Atencao: sinais iniciais de risco,27.90043750030583
1777741170.40152,334,True,0.32030638422427893,0.41696995419774713,0.368638169211013,0.0015773188732896954,False,False,0.005988023952095809,0,0,34.03672944415699,False,True,2.755665668178396,50.0,Atencao,Atencao: sinais iniciais de risco,27.979677776939795
1777741170.4351408,335,True,0.3216871496299156,0.41560564676088335,0.36864639819539946,0.0021088463132105948,False,False,0.005970149253731343,0,0,34.092178545214914,False,True,2.755980352206178,50.0,Atencao,Atencao: sinais iniciais de risco,28.151968796891737
1777741170.468218,336,True,0.32371689572847934,0.41609875751082026,0.3699078266196498,0.0012908872720280014,False,False,0.005952380952380952,0,0,34.64167311354117,False,True,2.781011939186812,50.0,Atencao,Atencao: sinais iniciais de risco,28.310112943482675
1777741170.5034738,337,True,0.32437890739790015,0.4220699619968035,0.37322443469735184,0.0014016972759096666,False,False,0.005934718100890208,0,0,34.53525563586842,False,True,2.7732624232231977,50.0,Atencao,Atencao: sinais iniciais de risco,28.359062019505092
1777741170.5392501,338,True,0.3189039351787417,0.4231444617950046,0.3710241984868732,0.001588110092512386,False,False,0.005917159763313609,0,0,35.441186585751446,False,True,2.8161446993005663,50.0,Atencao,Atencao: sinais iniciais de risco,28.311957108178795
1777741170.5723162,339,True,0.32861579170418787,0.4021563013183849,0.36538604651128637,0.0013208736680464601,False,False,0.0058997050147492625,0,0,34.77826733914288,False,True,2.7805987090425406,50.0,Atencao,Atencao: sinais iniciais de risco,28.506077240098435
1777741170.606963,340,True,0.30932575095811177,0.4079127590773178,0.35861925501771474,0.002187713091356442,False,False,0.0058823529411764705,0,0,34.94545807242393,False,True,2.7865723355903342,50.0,Atencao,Atencao: sinais iniciais de risco,28.545684691790683
1777741170.6417754,341,True,0.3078494809069902,0.3756809443489809,0.34176521262798554,0.0017236657314337622,False,False,0.005865102639296188,0,0,36.39955303560603,False,True,2.8569051672409005,50.0,Atencao,Atencao: sinais iniciais de risco,28.593157810224778
1777741170.67577,342,True,0.32124198798627923,0.36755270476771795,0.3443973463769986,0.0022146925287812366,False,False,0.005847953216374269,0,0,35.93729584704746,False,True,2.831434262161208,50.0,Atencao,Atencao: sinais iniciais de risco,28.641275170986173
1777741170.7103028,343,True,0.3260541748164954,0.40245618047949144,0.3642551776479934,0.0021289457794578695,False,False,0.0058309037900874635,0,0,35.82066830342466,False,True,2.8232585888656323,50.0,Atencao,Atencao: sinais iniciais de risco,28.704402445585835
1777741170.744246,344,True,0.3160768417874529,0.3938341902603298,0.3549555160238913,0.001863612633945927,False,False,0.005813953488372093,0,0,31.794085034998975,False,False,2.6195987589584844,50.0,Atencao,Atencao: sinais iniciais de risco,28.77999095720655
1777741170.7838633,345,True,0.3128361990732011,0.37739875986316535,0.3451174794681832,0.002861168449013726,False,False,0.005797101449275362,0,0,30.947147410566156,False,False,2.5749347223610433,50.0,Atencao,Atencao: sinais iniciais de risco,28.395993786042574
1777741170.8198676,346,True,0.3160857341168618,0.3784065253040123,0.34724612971043706,0.004132474254549506,False,False,0.005780346820809248,0,0,16.790191994471982,False,False,1.8647831901422436,50.0,Atencao,Atencao: sinais iniciais de risco,28.298968204004215
1777741170.8598888,347,True,0.3156979620962581,0.40624255377649665,0.3609702579363774,0.0032243902841453814,False,False,0.005763688760806916,0,0,17.349945919080213,False,False,1.8904804031223346,50.0,Atencao,Atencao: sinais iniciais de risco,27.98734777205931
1777741170.8998394,348,True,0.32997945691090974,0.3959430757315837,0.3629612663212467,0.0037515435256892703,False,False,0.005747126436781609,0,0,16.154996574466878,False,False,1.8284556163381884,50.0,Atencao,Atencao: sinais iniciais de risco,27.686926632522525
1777741170.9348354,349,True,0.320375262488565,0.35531376739855164,0.3378445149435583,0.004150274498248301,False,False,0.0057306590257879654,0,0,11.924317951703614,False,False,1.614657416188399,50.0,Atencao,Atencao: sinais iniciais de risco,27.807914630634066
1777741170.9695888,350,True,0.2954677794888601,0.3492995634407971,0.3223836714648286,0.0032465668090226737,False,False,0.005714285714285714,0,0,16.35831981870261,False,False,1.8341061792067892,50.0,Atencao,Atencao: sinais iniciais de risco,27.91202704499009
1777741171.002165,351,True,0.2765037667302443,0.332089483405027,0.30429662506763566,0.004118940996396986,False,False,0.005698005698005698,0,0,17.218556503409687,False,False,1.874879511203641,50.0,Atencao,Atencao: sinais iniciais de risco,28.14305891788685
1777741171.0354798,352,True,0.30651989738282004,0.3454679089482443,0.3259939031655322,0.004244282436154642,False,False,0.005681818181818182,0,0,15.915465784479272,False,False,1.8074991917813366,50.0,Atencao,Atencao: sinais iniciais de risco,28.38188049909138
1777741171.2641795,353,True,0.29881083066692493,0.33177234614392026,0.3152915884054226,0.003040793449295248,False,False,0.0056657223796034,0,0,11.441394700990482,False,False,1.5815824648023646,50.0,Atencao,Atencao: sinais iniciais de risco,25.98068070863916
1777741171.301929,354,True,0.2815176055040755,0.3380507491205247,0.3097841773123001,0.002392770290605436,False,False,0.005649717514124294,0,0,12.333463354815137,False,False,1.6239852284902203,50.0,Atencao,Atencao: sinais iniciais de risco,26.055801887745698
1777741171.338564,355,True,0.2954666652463287,0.3419407305982466,0.31870369792228764,0.00250355647127468,False,False,0.005633802816901409,0,0,11.608128220909698,False,False,1.5855302009268015,50.0,Atencao,Atencao: sinais iniciais de risco,26.129814718473348
1777741171.3754747,356,True,0.2903754708958586,0.33040116754068943,0.31038831921827403,0.002987228483744555,False,False,0.0056179775280898875,0,0,11.092006185633894,False,False,1.5575481219514273,50.0,Atencao,Atencao: sinais iniciais de risco,26.259158851678436
1777741171.4089065,357,True,0.30284965003776143,0.3364852202428272,0.3196674351402943,0.002238075174973483,False,False,0.0056022408963585435,0,0,11.508810191838577,False,False,1.5762245353986015,50.0,Atencao,Atencao: sinais iniciais de risco,26.605390965556836
1777741171.4430835,358,True,0.29152385476201226,0.333191115812115,0.31235748528706364,0.0026404030025191857,False,False,0.00558659217877095,0,0,11.576301543490793,False,False,1.577447404312918,50.0,Atencao,Atencao: sinais iniciais de risco,26.87458514550223
1777741171.4772131,359,True,0.29090775359589727,0.3325613966121255,0.31173457510401137,0.0028100281623924923,False,False,0.005571030640668524,0,0,11.069334323183549,False,False,1.5499593318084726,50.0,Atencao,Atencao: sinais iniciais de risco,27.14667843577021
1777741171.5098891,360,True,0.2798509627852776,0.3343349088220594,0.3070929358036685,0.0044390681734411495,False,False,0.005555555555555556,0,0,11.387650984779677,False,False,1.5637473406852458,50.0,Atencao,Atencao: sinais iniciais de risco,27.441104076086496
1777741171.543406,361,True,0.280568186641382,0.3490016823301589,0.31478493448577044,0.0038773415370594866,False,False,0.00554016620498615,0,0,11.611367614702745,False,False,1.5728171364781058,50.0,Atencao,Atencao: sinais iniciais de risco,27.687182858579305
1777741171.5768085,362,True,0.28077686326460644,0.34684040888532824,0.31380863607496734,0.00354717356754697,False,False,0.0055248618784530384,0,0,11.221363618957218,False,False,1.5512125917925268,50.0,Atencao,Atencao: sinais iniciais de risco,27.930866628930435
1777741171.6132703,363,True,0.2678353038681005,0.33786506423987894,0.3028501840539897,0.0042571660341186686,False,False,0.005509641873278237,0,0,11.365718602592294,False,False,1.5563375902627454,50.0,Atencao,Atencao: sinais iniciais de risco,27.875203558573524
1777741171.6487777,364,True,0.29266847820794045,0.3385776205612324,0.3156230493845864,0.0037218917489968612,False,False,0.005494505494505495,0,0,11.30037168439647,False,False,1.550988992271702,50.0,Atencao,Atencao: sinais iniciais de risco,27.903632738418203
1777741171.6827714,365,True,0.2872392723439363,0.33933961363904336,0.31328944299148986,0.003554136647498045,False,False,0.005479452054794521,0,0,11.339173007654873,False,False,1.5508592104743633,50.0,Atencao,Atencao: sinais iniciais de risco,28.06843080315639
1777741171.7157364,366,True,0.28364257536540943,0.3370919902383814,0.3103672828018954,0.003816806284179743,False,False,0.00546448087431694,0,0,11.230514824534342,False,False,1.5433677640026693,50.0,Atencao,Atencao: sinais iniciais de risco,28.27781502534021
1777741171.7496614,367,True,0.28789074761642786,0.34318648828022225,0.31553861794832505,0.0025974871619969995,False,False,0.005449591280653951,0,0,11.23493600728583,False,False,1.5415415040115827,50.0,Atencao,Atencao: sinais iniciais de risco,28.375789537232663
1777741171.7898316,368,True,0.2819372036849601,0.33386026989958706,0.3078987367922736,0.0034840102875361998,False,False,0.005434782608695652,0,0,11.09779145137026,False,False,1.5326480838215382,50.0,Atencao,Atencao: sinais iniciais de risco,28.043063738312934
1777741171.83188,369,True,0.2891345485590167,0.34687723436815243,0.3180058914635846,0.0032774628266396605,False,False,0.005420054200542005,0,0,11.249146479772488,False,False,1.538190679120523,50.0,Atencao,Atencao: sinais iniciais de risco,27.64019053841195
1777741171.87111,370,True,0.2858291662820381,0.34300294308464996,0.314416054683344,0.00291602017951173,False,False,0.005405405405405406,0,0,11.141026748243762,False,False,1.5307704832128044,50.0,Atencao,Atencao: sinais iniciais de risco,27.43017590812226
1777741171.909614,371,True,0.28109367116408984,0.3442678679762781,0.312680769570184,0.0032624301953085573,False,False,0.005390835579514825,0,0,11.545073469279503,False,False,1.5489694682046367,50.0,Atencao,Atencao: sinais iniciais de risco,27.27491564059325
1777741171.9509695,372,True,0.281210727478477,0.3442421945041452,0.3127264609913111,0.003311152760699466,False,False,0.005376344086021506,0,0,12.009844947521659,False,False,1.570215461761413,50.0,Atencao,Atencao: sinais iniciais de risco,26.940610196392274
1777741171.994179,373,True,0.28150689345734575,0.3355263624648494,0.3085166279610976,0.0036721833087595772,False,False,0.005361930294906166,0,0,11.513564499518411,False,False,1.5434195430828916,50.0,Atencao,Atencao: sinais iniciais de risco,26.590050179529484
1777741172.036157,374,True,0.27882612237975013,0.3360595116746087,0.3074428170271794,0.003735274620674457,False,False,0.0053475935828877,0,0,11.046017269775357,False,False,1.5180708836931995,50.0,Atencao,Atencao: sinais iniciais de risco,26.290982858582097
1777741172.0741985,375,True,0.27489382753877445,0.33460203069799166,0.30474792911838305,0.004204268641685173,False,False,0.005333333333333333,0,0,10.954605575154579,False,False,1.5115395146484354,50.0,Atencao,Atencao: sinais iniciais de risco,26.283102811485413
1777741172.1103022,376,True,0.2785958668659227,0.34310438509881985,0.3108501259823713,0.004100035218467106,False,False,0.005319148936170213,0,0,10.947910413793712,False,False,1.509254401970463,50.0,Atencao,Atencao: sinais iniciais de risco,26.45408598785057
1777741172.1503203,377,True,0.28589052310209734,0.333057582020925,0.30947405256151117,0.0040005628336031345,False,False,0.005305039787798408,0,0,10.566902108369819,False,False,1.488263978798145,50.0,Atencao,Atencao: sinais iniciais de risco,26.301019668437498
1777741172.1844323,378,True,0.2820630775384808,0.33917657838762827,0.31061982796305454,0.0040559874006195285,False,False,0.005291005291005291,0,0,10.679704906634816,False,False,1.4919743754023413,50.0,Atencao,Atencao: sinais iniciais de risco,26.590540483458028
1777741172.2197497,379,True,0.28172373136949236,0.35776683634697587,0.3197452838582341,0.004181479389624294,False,False,0.005277044854881266,0,0,10.955009366153865,False,False,1.5038200384112403,50.0,Atencao,Atencao: sinais iniciais de risco,26.78177232079751
1777741172.252999,380,True,0.27939126127920877,0.3435828845057812,0.311487072892495,0.003879610838570407,False,False,0.005263157894736842,0,0,10.641259501752476,False,False,1.4862230881713125,50.0,Atencao,Atencao: sinais iniciais de risco,27.092175721104116
1777741172.287968,381,True,0.2797186303106091,0.34374382742809423,0.3117312288693517,0.004098789968881961,False,False,0.005249343832020997,0,0,10.54430411803716,False,False,1.4794758853621182,50.0,Atencao,Atencao: sinais iniciais de risco,27.236806850085973
1777741172.3204002,382,True,0.27650455182756745,0.3404869947021914,0.3084957732648794,0.0033229587539042992,False,False,0.005235602094240838,0,0,11.016050504427403,False,False,1.5011737157368583,50.0,Atencao,Atencao: sinais iniciais de risco,27.471347208673528
1777741172.3561215,383,True,0.2741327539292586,0.3397315582259552,0.30693215607760693,0.0038624779389791896,False,False,0.005221932114882507,0,0,11.384361145103519,False,False,1.5177096256088936,50.0,Atencao,Atencao: sinais iniciais de risco,27.639154481579787
1777741172.3899646,384,True,0.27571499879836625,0.3348598516719633,0.3052874252351648,0.003894575815425232,False,False,0.005208333333333333,0,0,10.985051954850892,False,False,1.495874333633251,50.0,Atencao,Atencao: sinais iniciais de risco,27.835307705194648
1777741172.4257782,385,True,0.2642359346640718,0.34345265183396073,0.3038442932490163,0.004041583996492515,False,False,0.005194805194805195,0,0,10.673978897611695,False,False,1.4784605617236721,50.0,Atencao,Atencao: sinais iniciais de risco,27.818005707159465
1777741172.4608698,386,True,0.26931031062053834,0.3306444486159016,0.29997737961821996,0.00491511026263593,False,False,0.0051813471502590676,0,0,10.61074701805271,False,False,1.4734484866206303,50.0,Atencao,Atencao: sinais iniciais de risco,27.93221241064885
1777741172.4925175,387,True,0.27665182473614575,0.339802871985012,0.30822734836057886,0.004778596886165344,False,False,0.00516795865633075,0,0,11.384231877504764,False,False,1.5102818116780892,50.0,Atencao,Atencao: sinais iniciais de risco,28.271106947386023
1777741172.5268312,388,True,0.26210211403825523,0.3336147801566285,0.29785844709744186,0.004903439950540091,False,False,0.005154639175257732,0,0,10.848957920074463,False,False,1.4816866851590342,50.0,Atencao,Atencao: sinais iniciais de risco,28.339500403837604
1777741172.561725,389,True,0.2814899573830589,0.36183391043244006,0.32166193390774944,0.004191450089528701,False,False,0.005141388174807198,0,0,11.550271862152625,False,False,1.514930369700994,50.0,Atencao,Atencao: sinais iniciais de risco,28.404655698135155
1777741172.5937834,390,True,0.25689774696053075,0.3340674934140541,0.29548262018729243,0.004198717180222238,False,False,0.005128205128205128,0,0,10.899241597789594,False,False,1.4805661875750578,50.0,Atencao,Atencao: sinais iniciais de risco,28.672067664532058
1777741172.6269865,391,True,0.2828043469975981,0.3515982883951587,0.3172013176963784,0.003845268074850102,False,False,0.005115089514066497,0,0,11.904467918791553,False,False,1.529024106681094,50.0,Atencao,Atencao: sinais iniciais de risco,28.8491214008075
1777741172.660592,392,True,0.27527218982610496,0.3415015021516341,0.30838684598886956,0.0041835850290486655,False,False,0.00510204081632653,0,0,10.175434082280844,False,False,1.4407782189163132,50.0,Atencao,Atencao: sinais iniciais de risco,28.90099782676247
1777741172.6948216,393,True,0.2634928819773538,0.339134811497743,0.3013138467375484,0.004223277255336364,False,False,0.005089058524173028,0,0,10.620035696021198,False,False,1.4612232344322242,50.0,Atencao,Atencao: sinais iniciais de risco,28.928782926465416
1777741172.7271383,394,True,0.2874249602078922,0.350045794801494,0.3187353775046931,0.0040218844952635245,False,False,0.005076142131979695,0,0,11.703876351023261,False,False,1.5136392632557443,50.0,Atencao,Atencao: sinais iniciais de risco,29.094214365042728
1777741172.7672162,395,True,0.29052927770299386,0.34780437444610823,0.31916682607455105,0.003983597309823198,False,False,0.005063291139240506,0,0,10.188691455172377,False,False,1.4361130069615615,50.0,Atencao,Atencao: sinais iniciais de risco,28.72138324324051
1777741172.804765,396,True,0.2692194816673189,0.3310330555155568,0.3001262685914379,0.00412421247442706,False,False,0.005050505050505051,0,0,10.887858342303131,False,False,1.469313264116974,50.0,Atencao,Atencao: sinais iniciais de risco,28.506748515185834
1777741172.8426433,397,True,0.2848674303557728,0.35308164833617084,0.3189745393459718,0.003453194589720268,False,False,0.005037783375314861,0,0,11.575095334445889,False,False,1.501925883385461,50.0,Atencao,Atencao: sinais iniciais de risco,28.299380546503208
1777741172.880956,398,True,0.2769740356605531,0.33569810206639755,0.3063360688634753,0.004119693196342121,False,False,0.005025125628140704,0,0,10.843231771407988,False,False,1.4635922649971191,50.0,Atencao,Atencao: sinais iniciais de risco,28.052680891053633
1777741172.9173706,399,True,0.26739553962990387,0.34245330631935006,0.30492442297462696,0.004690676416911077,False,False,0.005012531328320802,0,0,10.9538059852848,False,False,1.4673892594657234,50.0,Atencao,Atencao: sinais iniciais de risco,27.944793646244012
1777741172.9588003,400,True,0.2699768135890644,0.3425184536158346,0.3062476336024495,0.004322005934786848,False,False,0.005,0,0,11.345315641249446,False,False,1.485241684619845,50.0,Atencao,Atencao: sinais iniciais de risco,27.606658894706264
1777741173.000438,401,True,0.2743125569642169,0.34598630179814377,0.31014942938118034,0.0038178182161087305,False,False,0.004987531172069825,0,0,11.021840151644904,False,False,1.467353446299219,50.0,Atencao,Atencao: sinais iniciais de risco,27.243091559609557
1777741173.0393267,402,True,0.2722644119505863,0.3454203364418488,0.3088423741962175,0.004066912191764688,False,False,0.004975124378109453,0,0,10.869426745218648,False,False,1.4580268418083553,50.0,Atencao,Atencao: sinais iniciais de risco,27.106466063202436
1777741173.0733464,403,True,0.2735320616104708,0.3464345477417923,0.30998330467613155,0.003970378425860442,False,False,0.004962779156327543,0,0,10.842219286022539,False,False,1.4549690008535372,50.0,Atencao,Atencao: sinais iniciais de risco,27.33354841631602
1777741173.1094422,404,True,0.26915522912377,0.3404649647109655,0.3048100969173677,0.0044569137811258045,False,False,0.0049504950495049506,0,0,10.688701630476864,False,False,1.445604053388147,50.0,Atencao,Atencao: sinais iniciais de risco,27.38122361318119
1777741173.1440055,405,True,0.3237001974082443,0.372034994635058,0.3478675960216512,0.0035356091678013183,False,False,0.0049382716049382715,0,0,12.160232358821666,False,False,1.5174998661774688,50.0,Atencao,Atencao: sinais iniciais de risco,27.554309400633286
1777741173.1778724,406,True,0.3048009552641343,0.37798061045079157,0.34139078285746294,0.003498643255724058,False,False,0.0049261083743842365,0,0,12.623567393807356,False,False,1.5389941737255732,50.0,Atencao,Atencao: sinais iniciais de risco,27.734477292399145
1777741173.210326,407,True,0.30611961451302017,0.37581849405512013,0.34096905428407015,0.003432528823785511,False,False,0.004914004914004914,0,0,12.251311206529765,False,False,1.5187171385595368,50.0,Atencao,Atencao: sinais iniciais de risco,28.01911483639103
1777741173.2432,408,True,0.3057404271864324,0.38237602478135924,0.3440582259838958,0.003483571430882459,False,False,0.004901960784313725,0,0,12.248794798781589,False,False,1.5169352503395896,50.0,Atencao,Atencao: sinais iniciais de risco,28.261009816566897
1777741173.27641,409,True,0.3147211148198078,0.3694556893969637,0.34208840210838576,0.003385678107285486,False,False,0.004889975550122249,0,0,12.131800829610704,False,False,1.5094375821797175,50.0,Atencao,Atencao: sinais iniciais de risco,28.447565002339914
1777741173.3096473,410,True,0.3130880176856753,0.38047178714743435,0.3467799024165548,0.0033599195525534985,False,False,0.004878048780487805,0,0,12.256541824027558,False,False,1.5140347010758242,50.0,Atencao,Atencao: sinais iniciais de risco,28.61757179701453
1777741173.342655,411,True,0.30562164137933173,0.37039000239871755,0.3380058218890246,0.0035440739532074483,False,False,0.004866180048661801,0,0,11.59821596601237,False,False,1.479486457548989,50.0,Atencao,Atencao: sinais iniciais de risco,28.77632387557059
1777741173.3809237,412,True,0.30419019660118196,0.3808244946956175,0.34250734564839974,0.0035066001900347695,False,False,0.0048543689320388345,0,0,12.164687253649092,False,False,1.5061859933951673,50.0,Atencao,Atencao: sinais iniciais de risco,28.51063958588654
1777741173.414899,413,True,0.3032341038910051,0.37130417565996593,0.3372691397754855,0.0032124845982348677,False,False,0.004842615012106538,0,0,12.34610647650605,False,False,1.5136407905473244,50.0,Atencao,Atencao: sinais iniciais de risco,28.62471741630599
1777741173.4497206,414,True,0.29949062376924296,0.34759956827640215,0.32354509602282255,0.0037394168035299797,False,False,0.004830917874396135,0,0,11.971477651900868,False,False,1.4933009928818848,49.97584541062802,Atencao,Atencao: sinais iniciais de risco,28.63732078599888
1777741173.4842138,415,True,0.2967532424200468,0.3555109837028777,0.3261321130614623,0.003014368154077078,False,False,0.004819277108433735,0,0,12.1275306599892,False,False,1.4995030379664716,49.93975903614458,Atencao,Atencao: sinais iniciais de risco,28.663686944991724
1777741173.5183632,416,True,0.2956426672717999,0.3647322735845192,0.33018747042815955,0.0029518662653875323,False,False,0.004807692307692308,0,0,12.285060209374537,False,False,1.5057866053337923,49.90384615384615,Atencao,Atencao: sinais iniciais de risco,28.71750374208739
1777741173.551054,417,True,0.30465373277397784,0.3780655448710252,0.34135963882250153,0.00301524527891977,False,False,0.004796163069544364,0,0,12.246117193556644,False,False,1.5022541842975552,49.86810551558753,Atencao,Atencao: sinais iniciais de risco,28.894292202647296
1777741173.587679,418,True,0.30364537092316557,0.35067392097125505,0.3271596459472103,0.0034741843319592127,False,False,0.004784688995215311,0,0,11.799233416855252,False,False,1.4783323102422408,49.83253588516746,Atencao,Atencao: sinais iniciais de risco,28.7603898786719
1777741173.6226773,419,True,0.3003258373140358,0.3655019173156075,0.33291387731482164,0.003121054690470872,False,False,0.00477326968973747,0,0,12.217342910924078,False,False,1.497667630442479,49.79713603818615,Atencao,Atencao: sinais iniciais de risco,28.738973525852522
1777741173.6585696,420,True,0.3069038946522953,0.3725444057891,0.33972415022069763,0.003223316074680797,False,False,0.004761904761904762,0,0,12.554922438878569,False,False,1.5129839292632061,49.76190476190476,Atencao,Atencao: sinais iniciais de risco,28.641928333901554
1777741173.6947823,421,True,0.30210916049213893,0.3740237502038649,0.33806645534800195,0.0035267857494350663,False,False,0.004750593824228029,0,0,12.679648071171886,False,False,1.5176649569473213,49.726840855106886,Atencao,Atencao: sinais iniciais de risco,28.569074531508257
1777741173.7315078,422,True,0.295076639119641,0.3806961520832776,0.3378863956014593,0.0036817854062021057,False,False,0.004739336492890996,0,0,12.822162035395475,False,False,1.5232427720996586,49.691943127962084,Atencao,Atencao: sinais iniciais de risco,28.404928397120212
1777741173.766682,423,True,0.30733090433702,0.3766589432117146,0.3419949237743673,0.003279930013480516,False,False,0.004728132387706856,0,0,13.323729468814353,False,False,1.5467805793077831,49.65721040189125,Atencao,Atencao: sinais iniciais de risco,28.397449234438284
1777741173.8070545,424,True,0.31391935022691225,0.37798125775733166,0.34595030399212195,0.0034941160579768852,False,False,0.0047169811320754715,0,0,13.028000969473611,False,False,1.5304608566914308,49.62264150943396,Atencao,Atencao: sinais iniciais de risco,28.059161407598335
1777741173.845395,425,True,0.2925921826852843,0.3298657298625737,0.311228956273929,0.003447948883921315,False,False,0.004705882352941176,0,0,10.92238820787858,False,False,1.4236541364807138,49.588235294117645,Atencao,Atencao: sinais iniciais de risco,27.861813893626245
1777741173.8849125,426,True,0.2785238319963599,0.33365039363321514,0.3060871128147875,0.003073006843894637,False,False,0.004694835680751174,0,0,10.568890667596662,False,False,1.4044603420404926,49.55399061032864,Atencao,Atencao: sinais iniciais de risco,27.581251354879576
1777741173.9207954,427,True,0.2591989618021347,0.3577091757795754,0.308454068790855,0.003311551503167197,False,False,0.00468384074941452,0,0,10.852928131217645,False,False,1.4171504121627518,49.51990632318501,Atencao,Atencao: sinais iniciais de risco,27.600741971152544
1777741173.9590428,428,True,0.28452597320909995,0.35254476080975183,0.31853536700942586,0.0033515291704271635,False,False,0.004672897196261682,0,0,11.780841961418362,False,False,1.4620413651142723,49.48598130841121,Atencao,Atencao: sinais iniciais de risco,27.49482099000808
1777741173.9972446,429,True,0.2590170400714108,0.34318238342396423,0.3010997117476875,0.0032965903741830425,False,False,0.004662004662004662,0,0,10.727278200113638,False,False,1.4078654535886959,49.45221445221445,Atencao,Atencao: sinais iniciais de risco,27.34042949897612
1777741174.0353184,430,True,0.28843430265289277,0.3575797028053079,0.3230070027291003,0.003584828562070969,False,False,0.004651162790697674,0,0,11.558248347416521,False,False,1.4479232036491294,49.418604651162795,Atencao,Atencao: sinais iniciais de risco,27.14827690432988
1777741174.073441,431,True,0.25853227763545433,0.3484706046584858,0.3035014411469701,0.00396996567433571,False,False,0.004640371229698376,0,0,11.10122733209282,False,False,1.4235883132455407,49.385150812064964,Atencao,Atencao: sinais iniciais de risco,27.176143359658347
1777741174.110315,432,True,0.28723660594729844,0.35263716943080975,0.3199368876890541,0.0038433023112298863,False,False,0.004629629629629629,0,0,11.699002425118604,False,False,1.4520000978873773,49.351851851851855,Atencao,Atencao: sinais iniciais de risco,27.149522272446543
1777741174.1430843,433,True,0.2600174972010237,0.34974046556150934,0.3048789813812665,0.0036744555616950694,False,False,0.004618937644341801,0,0,11.154170036044988,False,False,1.4232883304566202,49.31870669745959,Atencao,Atencao: sinais iniciais de risco,27.446219100240103
1777741174.1786225,434,True,0.289586187225119,0.3504876200000928,0.3200369036126059,0.004048996083500091,False,False,0.004608294930875576,0,0,11.326165706139397,False,False,1.4304247408597346,49.285714285714285,Atencao,Atencao: sinais iniciais de risco,27.562238202839573
1777741174.2167501,435,True,0.2651466776064623,0.3494788588367697,0.307312768221616,0.004417102127076605,False,False,0.004597701149425287,0,0,11.393565602058715,False,False,1.4323380907062857,49.25287356321839,Atencao,Atencao: sinais iniciais de risco,27.41064228760562
1777741174.2506962,436,True,0.28654295041934746,0.33570331428866784,0.3111231323540077,0.004311878907147847,False,False,0.0045871559633027525,0,0,11.098883615171706,False,False,1.4161540282700869,49.22018348623853,Atencao,Atencao: sinais iniciais de risco,27.618569356586985
1777741174.2855268,437,True,0.27371786985226815,0.3461794452631663,0.3099486575577172,0.004311569282984854,False,False,0.004576659038901602,0,0,10.834250980624082,False,False,1.4014790694375474,49.18764302059496,Atencao,Atencao: sinais iniciais de risco,27.708697255796807
1777741174.3188562,438,True,0.28967139764095473,0.3635452214364982,0.32660830953872644,0.004108768802138076,False,False,0.0045662100456621,0,0,11.60216968396509,False,False,1.4384382680341665,49.15525114155251,Atencao,Atencao: sinais iniciais de risco,27.988207610202856
1777741174.3518324,439,True,0.2655262689907608,0.3536465430082915,0.30958640599952614,0.0037870014377670955,False,False,0.004555808656036446,0,0,11.456694552776488,False,False,1.4297343204012087,49.123006833712985,Atencao,Atencao: sinais iniciais de risco,28.159001748750736
1777741174.385123,440,True,0.2849747676886063,0.3416412309578506,0.31330799932322845,0.004468080080253709,False,False,0.004545454545454545,0,0,11.275119557908992,False,False,1.4192318804528226,49.09090909090909,Atencao,Atencao: sinais iniciais de risco,28.339670504929153
1777741174.420498,441,True,0.27190598955081957,0.3489291213644254,0.3104175554576225,0.0039618386826982405,False,False,0.0045351473922902496,0,0,10.896143735369499,False,False,1.3988658557657572,49.058956916099774,Atencao,Atencao: sinais iniciais de risco,28.384975572656458
1777741174.454482,442,True,0.2844876854867393,0.3449118628987296,0.3146997741927344,0.003969109221001558,False,False,0.004524886877828055,0,0,11.805199012939225,False,False,1.4429077989056918,49.02714932126697,Atencao,Atencao: sinais iniciais de risco,28.48756798396323
1777741174.4904873,443,True,0.26933726396050856,0.3409276895833781,0.30513247677194333,0.004290185752820408,False,False,0.004514672686230248,0,0,11.302771679371256,False,False,1.4163819808825948,48.995485327313766,Atencao,Atencao: sinais iniciais de risco,28.40677039655783
1777741174.5249746,444,True,0.28870580571309074,0.33722293017623794,0.3129643679446643,0.004277139526630937,False,False,0.0045045045045045045,0,0,11.178776814079505,False,False,1.4087841126307177,48.96396396396396,Atencao,Atencao: sinais iniciais de risco,28.418029394063424
1777741174.560437,445,True,0.263984989322466,0.351183720221416,0.307584354771941,0.003942834840165999,False,False,0.0044943820224719105,0,0,11.54340294232084,False,False,1.4256235777633026,48.93258426966292,Atencao,Atencao: sinais iniciais de risco,28.438111864895546
1777741174.5939898,446,True,0.28450998681792866,0.33900385396167415,0.3117569203898014,0.004614135771542771,False,False,0.004484304932735426,0,0,11.028738967471345,False,False,1.3985047791820615,48.90134529147982,Atencao,Atencao: sinais iniciais de risco,28.537242913955907
1777741174.628032,447,True,0.306147260594772,0.3301233724261518,0.3181353165104619,0.0032946461296321857,False,False,0.0044742729306487695,0,0,12.595045368813656,False,False,1.4754406989622617,48.87024608501118,Atencao,Atencao: sinais iniciais de risco,28.651168273367038
1777741174.6612198,448,True,0.3112222604010991,0.3159029109593411,0.3135625856802201,0.0032163303524883266,False,False,0.004464285714285714,0,0,11.993127146481791,False,False,1.4439715455957483,48.839285714285715,Atencao,Atencao: sinais iniciais de risco,28.805675984884196
1777741174.69568,449,True,0.3005987382302296,0.3563327542552567,0.32846574624274316,0.003956974855129872,False,False,0.004454342984409799,0,0,11.879356261948123,False,False,1.4369158760111267,48.808463251670375,Atencao,Atencao: sinais iniciais de risco,28.823911182017756
1777741174.7312174,450,True,0.29412011843790015,0.3531675659815738,0.32364384220973696,0.0038727168989083085,False,False,0.0044444444444444444,0,0,12.244399665088649,False,False,1.4538069969229164,48.77777777777778,Atencao,Atencao: sinais iniciais de risco,28.766793831886346
1777741174.7653868,451,True,0.2865317348287567,0.3599794558302614,0.3232555953295091,0.004022396296641665,False,False,0.004434589800443459,0,0,12.30905356660316,False,False,1.4556846784485065,48.747228381374725,Atencao,Atencao: sinais iniciais de risco,28.81011234628322
1777741174.8027966,452,True,0.2911375380534748,0.34824412274788946,0.31969083040068214,0.0036122258366620874,False,False,0.004424778761061947,0,0,12.518168356997725,False,False,1.4647914000532771,48.716814159292035,Atencao,Atencao: sinais iniciais de risco,28.60247616625429
1777741174.8448298,453,True,0.2931121669253488,0.34624402310394314,0.31967809501464595,0.0035683810790827324,False,False,0.004415011037527594,0,0,12.82672264062884,False,False,1.478876052248859,48.68653421633554,Atencao,Atencao: sinais iniciais de risco,28.13895366739291
1777741174.88625,454,True,0.27072282746475274,0.3323181862645797,0.30152050686466625,0.003563071712523056,False,False,0.004405286343612335,0,0,12.210827204618942,False,False,1.4467441350350163,48.65638766519824,Atencao,Atencao: sinais iniciais de risco,27.704503697042746
1777741174.9254827,455,True,0.28946620855620775,0.3390497259599433,0.31425796725807553,0.004863139108083586,False,False,0.004395604395604396,0,0,11.234097737717358,False,False,1.3965763938388451,48.62637362637363,Atencao,Atencao: sinais iniciais de risco,27.47271717797993
1777741174.9613514,456,True,0.2588181663175443,0.34828328545862264,0.30355072588808346,0.004611433062258575,False,False,0.0043859649122807015,0,0,10.593907435543159,False,False,1.3632414497731273,48.59649122807018,Atencao,Atencao: sinais iniciais de risco,27.545031434276776
1777741174.9977367,457,True,0.28297151410938115,0.364979058848572,0.32397528647897655,0.00432055223949189,False,False,0.00437636761487965,0,0,11.366422054340894,False,False,1.4005475523203696,48.566739606126916,Atencao,Atencao: sinais iniciais de risco,27.544067277574072
1777741175.032074,458,True,0.2707217614714674,0.34479937600097926,0.30776056873622337,0.004328761068885092,False,False,0.004366812227074236,0,0,10.654522871213373,False,False,1.3636387273407493,48.53711790393013,Atencao,Atencao: sinais iniciais de risco,27.709087291778584
1777741175.0654106,459,True,0.27345904256860964,0.3313164337806047,0.3023877381746072,0.00460787979735166,False,False,0.004357298474945534,0,0,10.869281495049258,False,False,1.373068517614847,48.507625272331154,Atencao,Atencao: sinais iniciais de risco,27.86742266685318
1777741175.1005633,460,True,0.2904957109108599,0.3517610977983906,0.32112840435462525,0.004466102910656546,False,False,0.004347826086956522,0,0,11.324289643010973,False,False,1.3945164716644434,48.47826086956522,Atencao,Atencao: sinais iniciais de risco,27.981711720264695
1777741175.1392577,461,True,0.2622028948735351,0.33949813694005876,0.3008505159067969,0.004541915569366085,False,False,0.004338394793926247,0,0,11.385499194806274,False,False,1.3962801464625456,48.44902386117137,Atencao,Atencao: sinais iniciais de risco,27.763353508872743
1777741175.1790264,462,True,0.2870690085875829,0.35379579959225976,0.32043240408992135,0.004640477509556385,False,False,0.004329004329004329,0,0,11.38231712816791,False,False,1.3948298542038637,48.41991341991342,Atencao,Atencao: sinais iniciais de risco,27.469812394281306
1777741175.2141173,463,True,0.26062000599324353,0.3460997393217899,0.30335987265751674,0.0041283773806851335,False,False,0.004319654427645789,0,0,11.215002426335758,False,False,1.3851785076754566,48.39092872570194,Atencao,Atencao: sinais iniciais de risco,27.612728940795627
1777741175.2516265,464,True,0.2820143185863172,0.3537026945502592,0.3178585065682882,0.0043847654579312325,False,False,0.004310344827586207,0,0,11.86353414309296,False,False,1.4163250235051246,48.36206896551724,Atencao,Atencao: sinais iniciais de risco,27.55015446288456
1777741175.289851,465,True,0.27302456347273624,0.33459997450703466,0.30381226898988545,0.004066866829244636,False,False,0.004301075268817204,0,0,10.720147400442512,False,False,1.357881122041864,48.333333333333336,Atencao,Atencao: sinais iniciais de risco,27.386940632470896
1777741175.3238702,466,True,0.28698115571521343,0.3409766953897408,0.3139789255524771,0.004296687488530698,False,False,0.004291845493562232,0,0,11.055809790162709,False,False,1.3733951474303154,48.30472103004291,Atencao,Atencao: sinais iniciais de risco,27.501948676586906
1777741175.3608904,467,True,0.27612937312340474,0.34629183784014483,0.3112106054817748,0.004318677064442969,False,False,0.004282655246252677,0,0,11.462411203734915,False,False,1.3924615591038618,48.276231263383295,Atencao,Atencao: sinais iniciais de risco,27.540593982926808
1777741175.3967297,468,True,0.2600812379559097,0.3481850961763396,0.30413316706612464,0.003157979982896497,False,False,0.004273504273504274,0,0,10.792981174605137,False,False,1.3577317988944677,48.24786324786325,Atencao,Atencao: sinais iniciais de risco,27.561483459890248
1777741175.4330935,469,True,0.2832629454083445,0.35934163936858005,0.3213022923884623,0.0033151147644203244,False,False,0.0042643923240938165,0,0,11.791791355999356,False,False,1.4064194149202407,48.21961620469083,Atencao,Atencao: sinais iniciais de risco,27.559814585217865
1777741175.4684522,470,True,0.2882001761027633,0.33974224814715637,0.3139712121249598,0.0033695128551533685,False,False,0.00425531914893617,0,0,10.899257288322868,False,False,1.3605451499522399,48.191489361702125,Atencao,Atencao: sinais iniciais de risco,27.635250533506056
1777741175.502663,471,True,0.26922935039602924,0.3502347639293822,0.3097320571627057,0.002565913998490988,False,False,0.004246284501061571,0,0,10.721792994481936,False,False,1.350429671177436,48.16348195329087,Atencao,Atencao: sinais iniciais de risco,27.770654328082976
1777741175.5385208,472,True,0.2791396288125519,0.3549352471773447,0.3170374379949483,0.003934537143089047,False,False,0.00423728813559322,0,0,11.053348509963094,False,False,1.3657704466995955,48.13559322033898,Atencao,Atencao: sinais iniciais de risco,27.782397958865364
1777741175.573053,473,True,0.27154633798565303,0.3382251604944898,0.3048857492400714,0.0040891200592373935,False,False,0.004228329809725159,0,0,10.82881381908347,False,False,1.3533119423487558,48.10782241014799,Atencao,Atencao: sinais iniciais de risco,27.8773498480319
1777741175.609021,474,True,0.27117624264516954,0.3463888174370582,0.3087825300411139,0.003809694449894919,False,False,0.004219409282700422,0,0,11.072589073448697,False,False,1.3642741326011159,48.08016877637131,Atencao,Atencao: sinais iniciais de risco,27.91300609818349
1777741175.6447954,475,True,0.27028433565256066,0.34260872182188956,0.3064465287372251,0.004038150727031291,False,False,0.004210526315789474,0,0,11.097843196251514,False,False,1.3643154307910015,48.05263157894737,Atencao,Atencao: sinais iniciais de risco,27.883983811972612
1777741175.6905513,476,True,0.27320239021694925,0.3532965322372334,0.3132494612270913,0.004009592321151627,False,False,0.004201680672268907,0,0,11.366868525354024,False,False,1.376550421262049,48.02521008403362,Atencao,Atencao: sinais iniciais de risco,27.31408058226312
1777741175.7254207,477,True,0.2823050400771016,0.3468551571595236,0.3145800986183126,0.004001325786532792,False,False,0.0041928721174004195,0,0,11.090116080675614,False,False,1.3615016227337113,47.9979035639413,Atencao,Atencao: sinais iniciais de risco,27.42893452784888
1777741175.7581449,478,True,0.26242516835251534,0.34844303176598473,0.30543410005925004,0.0039780477753263415,False,False,0.0041841004184100415,0,0,11.673896406082944,False,False,1.3894845303929009,47.97071129707113,Atencao,Atencao: sinais iniciais de risco,27.734765794362108
1777741175.7943347,479,True,0.28351454988890445,0.3441299920933089,0.3138222709911067,0.0033698731460255803,False,False,0.0041753653444676405,0,0,10.634583399656483,False,False,1.3363178074044977,47.94363256784969,Atencao,Atencao: sinais iniciais de risco,27.743092878262136
1777741175.831787,480,True,0.2746197224095298,0.3349972166874473,0.30480846954848856,0.0036300292962967843,False,False,0.004166666666666667,0,0,11.186938733649864,False,False,1.3627395059065328,47.916666666666664,Atencao,Atencao: sinais iniciais de risco,27.589850679491633
1777741175.8692684,481,True,0.28112696029362694,0.34560195526831583,0.3133644577809714,0.004105176811907403,False,False,0.004158004158004158,0,0,11.704230041006072,False,False,1.3874129763332483,47.88981288981289,Atencao,Atencao: sinais iniciais de risco,27.492747990688525
1777741175.9077199,482,True,0.26814697093518997,0.33539941368003223,0.3017731923076111,0.0036621038763684356,False,False,0.004149377593360996,0,0,11.560918258892542,False,False,1.379061234589137,47.863070539419084,Atencao,Atencao: sinais iniciais de risco,27.34396260200407
1777741175.9471593,483,True,0.3098332990174502,0.3564937371235907,0.33316351807052047,0.0033699012270249715,False,False,0.004140786749482402,0,0,12.032788814206354,False,False,1.401473521321521,47.83643892339544,Atencao,Atencao: sinais iniciais de risco,27.1925511892632
1777741175.985293,484,True,0.28823213032832656,0.3982213359506969,0.34322673313951174,0.003357143781414819,False,False,0.004132231404958678,0,0,13.057097006199713,False,False,1.451512571049177,47.8099173553719,Atencao,Atencao: sinais iniciais de risco,27.10149294168027
1777741176.0229325,485,True,0.2997123094535157,0.379188844545125,0.33945057699932035,0.004033321166183499,False,False,0.004123711340206186,0,0,13.521129522912881,False,False,1.4735426879813676,47.78350515463917,Atencao,Atencao: sinais iniciais de risco,27.054544602070262
1777741176.061615,486,True,0.2903766565908179,0.4042390761950288,0.3473078663929233,0.0036633021446999072,False,False,0.00411522633744856,0,0,12.998976603218102,False,False,1.4462683541174552,47.757201646090536,Atencao,Atencao: sinais iniciais de risco,26.934305295775523
1777741176.2794816,487,True,0.28890987885512465,0.35020808715784363,0.3195589830064841,0.0029700661672814716,False,False,0.004106776180698152,0,0,16.109520815719257,False,False,1.6006336681893318,47.73100616016427,Atencao,Atencao: sinais iniciais de risco,24.69914155539697
1777741176.3140445,488,True,0.3001265448781651,0.3740558749255417,0.3370912099018534,0.003627639273096193,False,False,0.004098360655737705,0,0,29.275410866737367,False,False,2.257771036058176,47.704918032786885,Atencao,Atencao: sinais iniciais de risco,25.08530126805233
1777741176.3507042,489,True,0.2896658375722574,0.40353942204160825,0.3466026298069328,0.002694701746627547,False,False,0.00408997955010225,0,0,36.05185710625215,False,True,2.59544094600904,47.747102931152014,Atencao,Atencao: sinais iniciais de risco,25.337364228432516
1777741176.3865812,490,True,0.3239721819234402,0.38254132782926614,0.35325675487635316,0.0027741656577951516,False,False,0.004081632653061225,0,0,40.191848228736355,False,True,2.8012928037901093,47.78911564625851,Atencao,Atencao: sinais iniciais de risco,25.58695677844868
1777741176.4230366,491,True,0.3182661736544766,0.40963989276666696,0.3639530332105718,0.003593160733923932,False,False,0.004073319755600814,0,0,41.2608327394182,False,True,2.853599005923395,47.830957230142566,Atencao,Atencao: sinais iniciais de risco,25.75009016896276
1777741176.4593449,492,True,0.3419467003910238,0.3779619353310924,0.35995431786105814,0.0023695853728494995,False,False,0.0040650406504065045,0,0,41.01943750381469,False,True,2.840390867179002,47.87262872628726,Atencao,Atencao: sinais iniciais de risco,25.95330653454181
1777741176.495458,493,True,0.3279193616518724,0.40355145060905406,0.36573540613046324,0.004716762881521206,False,False,0.004056795131845842,0,0,39.49071440696716,False,True,2.7628209535345345,47.914131169709265,Atencao,Atencao: sinais iniciais de risco,26.127383894177648
1777741176.5294821,494,True,0.30945751782264663,0.4145137811116943,0.3619856494671705,0.0040957422318242225,False,False,0.004048582995951417,0,0,38.87139706611633,False,True,2.7307259178065095,47.955465587044536,Atencao,Atencao: sinais iniciais de risco,26.494347771682946
1777741176.5650048,495,True,0.30062828728759594,0.38348174754693054,0.34205501741726324,0.003977928240447135,False,False,0.00404040404040404,0,0,38.276126050949095,False,True,2.699837760660383,47.996632996633,Atencao,Atencao: sinais iniciais de risco,26.628629365735403
1777741176.600908,496,True,0.30908399712834644,0.4018534271259352,0.3554687121271408,0.005773226201271624,False,False,0.004032258064516129,0,0,38.444868540763856,False,True,2.7071548134665333,48.03763440860215,Atencao,Atencao: sinais iniciais de risco,26.773887517690532
1777741176.6347764,497,True,0.34329941939115816,0.40025707923281206,0.3717782493119851,0.007412865968760584,False,False,0.004024144869215292,0,0,38.799668788909905,False,True,2.7237792615199705,48.0784708249497,Atencao,Atencao: sinais iniciais de risco,27.010642269987557
1777741176.6696613,498,True,0.30963708240948995,0.3955439021884167,0.35259049229895334,0.007347890663669268,False,False,0.004016064257028112,0,0,37.45234177112579,False,True,2.6553018264550277,48.11914323962517,Atencao,Atencao: sinais iniciais de risco,27.162604389899634
1777741176.7079659,499,True,0.3195603238839217,0.40001972192206653,0.3597900229029941,0.006112970675611972,False,False,0.004008016032064128,0,0,38.091028523445125,False,True,2.686129533138447,48.15965263861055,Atencao,Atencao: sinais iniciais de risco,27.085757788862622
1777741176.743253,500,True,0.3170124126692892,0.3888152767226419,0.35291384469596554,0.008629095232899876,False,False,0.004,0,0,37.900564432144165,False,True,2.675504124164581,48.2,Atencao,Atencao: sinais iniciais de risco,27.227947298850317
1777741176.778384,501,True,0.29911357446390985,0.38519905781450564,0.3421563161392077,0.007178412258069269,False,False,0.003992015968063872,0,0,37.643998050689696,False,True,2.6615780007006404,48.240186294078505,Atencao,Atencao: sinais iniciais de risco,27.28252145601227
1777741176.8184288,502,True,0.30089414707594225,0.39853936606999196,0.3497167565729671,0.005790420406085258,False,False,0.00398406374501992,0,0,38.042550063133234,False,True,2.680412170654274,48.28021248339974,Atencao,Atencao: sinais iniciais de risco,27.069600253434608
1777741176.8594856,503,True,0.3091825409160326,0.36248731468878176,0.3358349278024072,0.006760078960746992,False,False,0.003976143141153081,0,0,37.59870820045471,False,True,2.657130994488657,48.32007952286283,Atencao,Atencao: sinais iniciais de risco,26.79743045603633
1777741176.9023354,504,True,0.3168168709428312,0.41015713692567446,0.3634870039342528,0.007301360300122014,False,False,0.003968253968253968,0,0,37.263529491424556,False,True,2.6392872977635213,48.35978835978836,Atencao,Atencao: sinais iniciais de risco,26.436958233585536
1777741176.943309,505,True,0.32125777047523685,0.3978100784189075,0.35953392444707216,0.005611715508793064,False,False,0.0039603960396039604,0,0,37.10975952148438,False,True,2.6305183340771365,48.3993399339934,Atencao,Atencao: sinais iniciais de risco,26.265138637820353
1777741176.983047,506,True,0.3435420434884735,0.3808672577513593,0.3622046506199164,0.007277542529879186,False,False,0.003952569169960474,0,0,36.74409117698669,False,True,2.611158722276273,48.43873517786561,Atencao,Atencao: sinais iniciais de risco,26.144645488554843
1777741177.0216615,507,True,0.32665080306278665,0.4948674618787336,0.4107591324707601,0.007181188901863715,False,False,0.0039447731755424065,0,0,37.85838208198547,False,True,2.6658013182937275,48.47797501643655,Atencao,Atencao: sinais iniciais de risco,26.133730621207416
1777741177.0602067,508,True,0.3013241789262732,0.4292638931607953,0.3652940360435343,0.004362169890934701,False,False,0.003937007874015748,0,0,41.23635182380676,False,True,2.833632076424876,48.517060367454064,Atencao,Atencao: sinais iniciais de risco,26.084874391293443
1777741177.0976598,509,True,0.2752290154860625,0.45928878214437535,0.3672588988152189,0.006549312315233406,False,False,0.003929273084479371,0,0,38.631568098068236,False,True,2.702329356576698,48.55599214145383,Atencao,Atencao: sinais iniciais de risco,26.182688301009925
1777741177.131095,510,True,0.2895807434020841,0.35402235657608405,0.32180154998908406,0.005211435627371961,False,False,0.00392156862745098,0,0,39.72960224151611,False,True,2.7561717009076885,48.59477124183007,Atencao,Atencao: sinais iniciais de risco,26.539919208985893
1777741177.16622,511,True,0.3104557619278795,0.9625603451264229,0.6365080535271512,0.00952530757227874,False,False,0.003913894324853229,0,0,40.458738231658934,False,True,2.7915732838076392,48.63339856490541,Atencao,Atencao: sinais iniciais de risco,26.745611176289874
1777741177.2001753,512,True,0.3213229287868411,0.8146098072366126,0.5679663680117268,0.015559180777026789,False,False,0.00390625,0,0,45.410685729980464,False,True,3.0381195640563963,48.671875,Atencao,Atencao: sinais iniciais de risco,27.022382588143383
1777741177.23551,513,True,0.3227660504760472,0.8037210562369628,0.563243553356505,0.0115850052407562,False,False,0.003898635477582846,0,0,42.574984836578366,False,True,2.8952875225539323,48.710201429499676,Atencao,Atencao: sinais iniciais de risco,27.12248933121342
1777741177.2734363,514,True,0.3422534849569442,1.5032297221994182,0.9227416035781812,0.03670182924816063,False,False,0.0038910505836575876,0,0,47.3253023147583,False,True,3.131760473548206,48.74837872892348,Atencao,Atencao: sinais iniciais de risco,27.069956338700152
1777741177.3074973,515,True,0.3210744339012613,0.5753260876345999,0.4482002607679306,0.012546351724007674,False,False,0.003883495145631068,0,0,42.789767551422116,False,True,2.90394486265275,48.786407766990294,Atencao,Atencao: sinais iniciais de risco,27.242763498188037
1777741177.3417737,516,True,0.33120442979574083,0.6771741311034141,0.5041892804495774,0.0054487334959771845,False,False,0.003875968992248062,0,0,36.29110695123672,False,True,2.5779769865533173,48.82428940568475,Atencao,Atencao: sinais iniciais de risco,27.44166031062029
1777741177.3766308,517,True,0.35470560696436315,0.9823147812151202,0.6685101940897417,0.0064146247759838786,False,False,0.0038684719535783366,0,0,35.26513021886348,False,True,2.5256473071175685,48.86202450032237,Atencao,Atencao: sinais iniciais de risco,27.606102885771033
1777741177.4118867,518,True,0.35555795555615327,1.1429029172093452,0.7492304363827492,0.008329919876095425,False,False,0.003861003861003861,0,0,41.05630393028259,False,True,2.814179129959533,48.899613899613904,Atencao,Atencao: sinais iniciais de risco,27.68229960359917
1777741177.4478407,519,True,0.33539939175327904,0.7199114063464298,0.5276553990498545,0.005274575194578288,False,False,0.0038535645472061657,0,0,38.54175679683685,False,True,2.6874288676400635,48.937058445728965,Atencao,Atencao: sinais iniciais de risco,27.69911173873346
1777741177.4850194,520,True,0.33982242836030563,0.8147567115389234,0.5772895699496146,0.008627358575645125,False,False,0.0038461538461538464,0,0,35.73200461268425,False,True,2.5459222870377394,48.97435897435897,Atencao,Atencao: sinais iniciais de risco,27.614088670858703
1777741177.5198343,521,True,0.35612634215349626,0.9627564652590871,0.6594414037062917,0.005147304109475325,False,False,0.003838771593090211,0,0,37.748993873596184,False,True,2.645756690287086,49.01151631477927,Atencao,Atencao: sinais iniciais de risco,27.76470179401162
1777741177.5523539,522,True,0.33783367282783594,1.2504987307246611,0.7941662017762485,0.005811681455013353,False,False,0.0038314176245210726,0,0,38.246592140197755,False,True,2.6696254329389086,49.0485312899106,Atencao,Atencao: sinais iniciais de risco,27.99137891317079
1777741177.5862448,523,True,0.34250425646365834,0.9319625595332827,0.6372334079984705,0.009111214372961272,False,False,0.0038240917782026767,0,0,35.45163416266441,False,True,2.5288702301934616,49.08540471637986,Atencao,Atencao: sinais iniciais de risco,28.166784876322268
1777741177.6248913,524,True,0.34543930932401085,1.149915089109909,0.74767719921696,0.007114275365612873,False,False,0.003816793893129771,0,0,38.52830755710602,False,True,2.6817004407180174,49.12213740458015,Atencao,Atencao: sinais iniciais de risco,27.949743998868872
1777741177.6596787,525,True,0.337394834273835,0.7820406090648045,0.5597177216693198,0.0051017422418405565,False,False,0.0038095238095238095,0,0,35.92662210464477,False,True,2.550616531599135,49.15873015873016,Atencao,Atencao: sinais iniciais de risco,28.032898128663685
1777741177.693074,526,True,0.3485979407370884,0.9846996116520423,0.6666487761945654,0.006135349919349539,False,False,0.0038022813688212928,0,0,36.0315160036087,False,True,2.5548653909507357,49.19518377693282,Atencao,Atencao: sinais iniciais de risco,28.19923203407147
1777741177.7255268,527,True,0.34475239643920863,1.1252418930136656,0.7349971447264372,0.01013089639165774,False,False,0.003795066413662239,0,0,36.28760817050933,False,True,2.5666779429613973,49.2314990512334,Atencao,Atencao: sinais iniciais de risco,28.50075818274344
1777741177.7608013,528,True,0.33961256127971917,0.8931906061636637,0.6164015837216914,0.004437236486863961,False,False,0.003787878787878788,0,0,36.32617490291595,False,True,2.5676179810365043,49.26767676767676,Atencao,Atencao: sinais iniciais de risco,28.477281795596326
1777741177.7953067,529,True,0.349976912545546,0.8633588825741688,0.6066678975598574,0.004083395057180098,False,False,0.003780718336483932,0,0,36.97397537231445,False,True,2.599023442439636,49.30371770636421,Atencao,Atencao: sinais iniciais de risco,28.51517341649087
1777741177.8321948,530,True,0.35053350073115336,0.9574489858004945,0.6539912432658239,0.00638351581665201,False,False,0.0037735849056603774,0,0,39.017199373245234,False,True,2.7002037957479366,49.339622641509436,Atencao,Atencao: sinais iniciais de risco,28.373022352839595
1777741177.8687894,531,True,0.33955375291974454,0.7638527988302278,0.5517032758749862,0.00849300146061266,False,False,0.003766478342749529,0,0,37.32066740989685,False,True,2.614400045180276,49.375392341494035,Atencao,Atencao: sinais iniciais de risco,28.283644749508916
1777741177.9057205,532,True,0.3416870522179618,0.82174899993546,0.581718026076711,0.004527525920754277,False,False,0.0037593984962406013,0,0,35.21511262655258,False,True,2.5081488271180845,49.41102756892231,Atencao,Atencao: sinais iniciais de risco,28.173218120494088
1777741177.9450722,533,True,0.28461723057171534,0.6888796089346282,0.48674841975317173,0.008236023212983489,False,False,0.00375234521575985,0,0,41.17110719680786,False,True,2.8049787295647457,49.44652908067542,Atencao,Atencao: sinais iniciais de risco,27.864752570433303
1777741177.980867,534,True,0.31618069748145683,0.7952685934681027,0.5557246454747797,0.012858890392539164,False,False,0.003745318352059925,0,0,38.7573637008667,False,True,2.6833253610089476,49.48189762796504,Atencao,Atencao: sinais iniciais de risco,27.87702235568002
1777741178.015436,535,True,0.3066004758458782,0.658012538994223,0.48230650742005055,0.0105450777261182,False,False,0.003738317757009346,0,0,35.66155049204826,False,True,2.527572118748571,49.517133956386296,Atencao,Atencao: sinais iniciais de risco,27.990435598219463
1777741178.055559,536,True,0.32721222292040714,0.9330072374788391,0.6301097301996231,0.0048425252278403485,False,False,0.0037313432835820895,0,0,35.7454510629177,False,True,2.5308081571957954,49.55223880597015,Atencao,Atencao: sinais iniciais de risco,27.686059686934897
1777741178.0894556,537,True,0.30904822504061785,0.6813032054111957,0.49517571522590675,0.007870533101737565,False,False,0.0037243947858473,0,0,35.15601807683706,False,True,2.5003810894532297,49.587212911235255,Atencao,Atencao: sinais iniciais de risco,27.833840900032072
1777741178.1248121,538,True,0.30107530145373185,0.6362993262634726,0.46868731385860224,0.010885516083109304,False,False,0.0037174721189591076,0,0,36.10437316894531,False,True,2.5468469773615157,49.622057001239156,Atencao,Atencao: sinais iniciais de risco,27.906310450265273
1777741178.1578088,539,True,0.3054065929449038,0.691761670468451,0.4985841317066774,0.00899133230599254,False,False,0.0037105751391465678,0,0,36.517538928985594,False,True,2.566556930639306,49.65677179962894,Atencao,Atencao: sinais iniciais de risco,28.09815438146687
1777741178.1942492,540,True,0.2786274285025555,0.6817578602223623,0.4801926443624589,0.006340135048933839,False,False,0.003703703703703704,0,0,36.688775336742395,False,True,2.574173928653752,49.691358024691354,Atencao,Atencao: sinais iniciais de risco,28.079389718205203
1777741178.2274745,541,True,0.27924328630901896,0.7974563923368246,0.5383498393229218,0.0040600357078611,False,False,0.0036968576709796672,0,0,36.60196059942245,False,True,2.5688918622881998,49.72581638940234,Atencao,Atencao: sinais iniciais de risco,28.14915687003718
1777741178.2621481,542,True,0.28934452355756624,0.6026661923265695,0.44600535794206786,0.004561032885438677,False,False,0.0036900369003690036,0,0,37.32260203361511,False,True,2.6039860780388664,49.760147601476014,Atencao,Atencao: sinais iniciais de risco,28.348404737347874
1777741178.2982953,543,True,0.292863238181624,0.6873997365892317,0.4901314873854279,0.0022500238855696934,False,False,0.003683241252302026,0,0,35.728828662633894,False,True,2.5233630078805964,49.79435236341314,Atencao,Atencao: sinais iniciais de risco,28.272542671458826
1777741178.3342435,544,True,0.25213674594147706,0.5055014745702419,0.37881911025585946,0.005042088505715638,False,False,0.003676470588235294,0,0,36.45386468172073,False,True,2.5586838425257623,49.82843137254902,Atencao,Atencao: sinais iniciais de risco,28.23689237597343
1777741178.3696053,545,True,0.25632961288904604,0.5291391043618305,0.39273435862543826,0.004200574476836027,False,False,0.003669724770642202,0,0,35.13768727034331,False,True,2.491947422037841,49.862385321100916,Atencao,Atencao: sinais iniciais de risco,28.224900923262133
1777741178.4078805,546,True,0.2649713179172634,0.42812305344956975,0.3465471856834166,0.002665674544381231,False,False,0.003663003663003663,0,0,39.553883647918695,False,True,2.7118330886163116,49.89621489621489,Atencao,Atencao: sinais iniciais de risco,28.042772457003053
1777741178.443534,547,True,0.25247089311168935,0.46130669125652957,0.35688879218410946,0.0017384404180664826,False,False,0.003656307129798903,0,0,35.75210363864898,False,True,2.5208233148371715,49.92992078001219,Atencao,Atencao: sinais iniciais de risco,28.004127254763592
1777741178.4793053,548,True,0.28195628419421254,0.5275347908631315,0.40474553752867204,0.005619912176197635,False,False,0.0036496350364963502,0,0,37.54184429645538,False,True,2.60939293489839,49.96350364963504,Atencao,Atencao: sinais iniciais de risco,27.997666182230077
1777741178.5152354,549,True,0.2601619549141642,0.47420085058624073,0.3671814027502025,0.0057009768661062474,False,False,0.0036429872495446266,0,0,37.17618088722229,False,True,2.590195693730873,49.99696417729204,Atencao,Atencao: sinais iniciais de risco,28.010190401802813
1777741178.5493476,550,True,0.26257224551849767,0.47303557124328055,0.3678039083808891,0.005287366099225906,False,False,0.0036363636363636364,0,0,37.026747941970825,False,True,2.5818132996559147,50.0,Atencao,Atencao: sinais iniciais de risco,28.13064506614301
1777741178.5825605,551,True,0.2802864757660526,0.6111652270963776,0.44572585143121507,0.0037688556134469714,False,False,0.003629764065335753,0,0,37.84662199020386,False,True,2.6218995610512317,50.0,Atencao,Atencao: sinais iniciais de risco,28.26148447240538
1777741178.6189659,552,True,0.27479458875525187,0.4398745891719598,0.3573345889636058,0.005434010843623492,False,False,0.0036231884057971015,0,0,37.31887226104736,False,True,2.5946079214068423,50.0,Atencao,Atencao: sinais iniciais de risco,28.239173920280876
1777741178.652221,553,True,0.29804985612644724,0.43045413345295697,0.3642519947897021,0.005454026420969017,False,False,0.003616636528028933,0,0,39.33649339675903,False,True,2.694588094999303,50.0,Atencao,Atencao: sinais iniciais de risco,28.418710497596994
1777741178.6872075,554,True,0.2846992208683748,0.3831557904994369,0.33392750568390583,0.0061031863874077595,False,False,0.0036101083032490976,0,0,38.76991858482361,False,True,2.6653617234953044,50.0,Atencao,Atencao: sinais iniciais de risco,28.43988016825395
1777741178.7194264,555,True,0.3047045236500679,0.4643314429344454,0.3845179832922566,0.004336476093775648,False,False,0.0036036036036036037,0,0,37.8802588224411,False,True,2.6199843391749233,50.0,Atencao,Atencao: sinais iniciais de risco,28.64932726471673
1777741178.7562718,556,True,0.27700832478110193,0.40372905407439663,0.3403686894277493,0.005748175113715045,False,False,0.0035971223021582736,0,0,37.52581069469451,False,True,2.6013707538388613,50.0,Atencao,Atencao: sinais iniciais de risco,28.546596566004908
1777741178.7909112,557,True,0.28737977898366823,0.4213665265796908,0.3543731527816795,0.005685900232453576,False,False,0.003590664272890485,0,0,38.64742875099182,False,True,2.6565636776294057,50.0,Atencao,Atencao: sinais iniciais de risco,28.56100690263667
1777741178.8268964,558,True,0.2917194846037085,0.40463960348723726,0.3481795440454729,0.005133832890838529,False,False,0.0035842293906810036,0,0,38.46727120876312,False,True,2.6466710042141672,50.0,Atencao,Atencao: sinais iniciais de risco,28.50044341469474
1777741178.8677838,559,True,0.291669747150908,0.401031734327211,0.34635074073905947,0.006128025683993295,False,False,0.0035778175313059034,0,0,38.68338408470154,False,True,2.6565950173470116,50.0,Atencao,Atencao: sinais iniciais de risco,28.08204549331371
1777741178.9075222,560,True,0.2759575670814662,0.429721873228382,0.3528397201549241,0.006845203571321728,False,False,0.0035714285714285713,0,0,37.28957073688507,False,True,2.5860258679730554,50.0,Atencao,Atencao: sinais iniciais de risco,27.80211334969565
1777741178.9451728,561,True,0.28710812345608067,0.4330667177539061,0.3600874206049934,0.004375736030469461,False,False,0.0035650623885918,0,0,39.78616852760315,False,True,2.709980407368903,50.0,Atencao,Atencao: sinais iniciais de risco,27.679292617733733
1777741178.983973,562,True,0.2802748708414362,0.3942170716134471,0.33724597122744165,0.008755450761429908,False,False,0.0035587188612099642,0,0,35.933145022392274,False,True,2.516456997093357,50.0,Atencao,Atencao: sinais iniciais de risco,27.477940363899936
1777741179.025792,563,True,0.19389220693966103,0.5275943614406289,0.36074328419014495,0.007146032081970278,False,False,0.003552397868561279,0,0,38.043248295784,False,True,2.621093024273749,50.0,Atencao,Atencao: sinais iniciais de risco,27.111847241235523
1777741179.0657613,564,True,0.20846630421986478,0.35746518151191925,0.28296574286589204,0.0100079782701493,False,False,0.0035460992907801418,0,0,35.52516579627991,False,True,2.494322844853638,50.0,Atencao,Atencao: sinais iniciais de risco,26.90426771185309
1777741179.10355,565,True,0.21495454658782256,0.33517742146022406,0.2750659840240233,0.008076680556986304,False,False,0.0035398230088495575,0,0,37.03334617614746,False,True,2.5688688750815603,50.0,Atencao,Atencao: sinais iniciais de risco,26.872750677567698
1777741179.1446743,566,True,0.26262940997476236,0.2778864714400374,0.2702579407073999,0.01032357834982827,False,False,0.0035335689045936395,0,0,39.26320300102234,False,True,2.6795017769901155,50.0,Atencao,Atencao: sinais iniciais de risco,26.616519062062007
1777741179.1830008,567,True,0.2484447338724323,0.22707256984080315,0.2377586518566177,0.005764224620407162,False,False,0.003527336860670194,0,0,39.263098287582395,False,True,2.6786396352786443,50.0,Atencao,Atencao: sinais iniciais de risco,26.550954851827978
1777741179.2179081,568,True,0.27166479785494946,0.20860283265478222,0.24013381525486582,0.004811195322629508,False,False,0.0035211267605633804,0,0,38.30220313072205,False,True,2.6297409886709406,50.0,Atencao,Atencao: sinais iniciais de risco,26.761213512770816
1777741179.2531328,569,True,0.26428382592291005,0.19623124027261657,0.2302575330977633,0.0053844779545454795,False,False,0.0035149384885764497,0,0,36.88223373889923,False,True,2.5578916316815965,50.0,Atencao,Atencao: sinais iniciais de risco,26.954903182765154
1777741179.2865565,570,True,0.253142041695191,0.1997084396176099,0.22642524065640046,0.0031266332326601496,False,False,0.0035087719298245615,0,0,35.16974276602268,False,True,2.471419181209384,50.0,Atencao,Atencao: sinais iniciais de risco,27.234726687194453
1777741179.3221006,571,True,0.2334407064504207,0.11604100907000113,0.17474085776021092,0.003309848452299237,True,False,0.005253940455341506,0,0,37.54170632362366,False,True,2.829978031348013,50.0,Atencao,Atencao: sinais iniciais de risco,27.340660604967024
1777741179.355162,572,True,0.21787171325480373,0.10274723169652887,0.1603094724756663,0.008380915336593768,True,False,0.006993006993006993,0,0,37.7832186460495,False,True,3.0811752963983094,50.0,Atencao,Atencao: foco visual fora da direcao,27.631150922295994
1777741179.3892272,573,True,0.21448498439714844,0.09902831584925781,0.1567566501232031,0.007694807975607487,True,False,0.008726003490401396,0,0,40.570309972763056,False,True,3.458816881125718,50.0,Atencao,Atencao: foco visual fora da direcao,27.794733750141233
1777741179.4232683,574,True,0.19955068898164668,0.06092222333831721,0.13023645615998194,0.01307447774211639,True,False,0.010452961672473868,0,0,41.62816205024719,False,True,3.7491662350348895,50.0,Atencao,Atencao: foco visual fora da direcao,27.959753732221532
1777741179.4564066,575,True,0.1886018355636686,0.1386802929675225,0.16364106426559555,0.010519314383362803,True,False,0.01217391304347826,0,0,46.18943381742998,False,True,4.213860636907133,50.0,Atencao,Atencao: foco visual fora da direcao,28.18222711844035
1777741179.4893427,576,True,0.18779670866996556,0.1908627645000755,0.18932973658502053,0.01021613877581387,True,False,0.013888888888888888,0,0,46.05407257080078,False,True,4.442901753319633,50.0,Atencao,Atencao: foco visual fora da direcao,28.395464902138325
1777741179.524391,577,True,0.15900415376346325,0.1832406797423343,0.17112241675289877,0.007553145168677631,True,False,0.01559792027729636,0,0,47.85435623093085,False,True,4.767907752232165,50.0,Atencao,Atencao: foco visual fora da direcao,28.402374859477117
1777741179.5600672,578,True,0.19210806173144532,0.19730360639404176,0.19470583406274355,0.010684856694908996,True,False,0.01730103806228374,0,0,43.892332417314705,False,True,4.803985256987122,50.0,Atencao,Atencao: foco visual fora da direcao,28.34686924735604
1777741179.5945115,579,True,0.19256080243047446,0.1881196847312227,0.19034024358084858,0.01027938106727368,True,False,0.018998272884283247,0,0,46.56876669146798,False,True,5.171176758719718,50.0,Atencao,Atencao: foco visual fora da direcao,28.431089246993366
1777741179.628601,580,True,0.2084981759914492,0.23006552663031865,0.21928185131088393,0.018196074235829245,False,False,0.01896551724137931,0,0,48.68427419337359,False,True,5.693586042669126,50.0,Atencao,Atencao: foco visual fora da direcao,28.526304889319544
1777741179.6636193,581,True,0.1908331369254954,0.2566597192241375,0.22374642807481643,0.01782892947323768,False,False,0.0189328743545611,0,0,51.952849906682964,False,True,5.852526431397091,50.0,Atencao,Atencao: foco visual fora da direcao,28.50672820812418
1777741179.6998737,582,True,0.18302244700114975,0.24643135141778638,0.21472689920946808,0.01576977431324365,False,False,0.018900343642611683,0,0,50.54991961067373,False,True,5.777906943703584,50.0,Atencao,Atencao: foco visual fora da direcao,28.42853464748395
1777741179.7334368,583,True,0.1691573289838565,0.25119023770100485,0.21017378334243067,0.012999848828268745,False,False,0.018867924528301886,0,0,53.85064299052411,False,True,5.938485484478505,50.0,Atencao,Atencao: foco visual fora da direcao,28.551139522314077
1777741179.7666857,584,True,0.14840114426806802,0.2571163814153814,0.20275876284172473,0.049627946943524556,True,False,0.02054794520547945,0,0,54.84997044205666,False,True,6.219454700167049,50.0,Atencao,Atencao: foco visual fora da direcao,28.702730523128984
1777741179.8035352,585,True,0.15262917406601828,0.2626431066554949,0.2076361403607566,0.05205533190886857,True,False,0.022222222222222223,0,0,58.19693953611633,False,True,6.617016244672163,50.0,Atencao,Atencao: foco visual fora da direcao,28.595437954911294
1777741179.8392243,586,True,0.1603432688328139,0.2737808445576009,0.2170620566952074,0.020146435704798026,False,False,0.02218430034129693,0,0,65.38876724243164,False,True,6.83881718390902,50.0,Atencao,Atencao: foco visual fora da direcao,28.50888851968615
1777741179.878419,587,True,0.1568432312629432,0.22608841853491152,0.19146582489892736,0.035296098171629424,True,False,0.02385008517887564,0,0,63.02341766357422,False,True,6.949595120133222,50.0,Atencao,Atencao: foco visual fora da direcao,28.219088028482
1777741179.917632,588,True,0.17749770371566412,0.24480343968954904,0.2111505717026066,0.030352510274784163,False,False,0.023809523809523808,0,0,58.6349271774292,False,True,6.62914555929956,50.0,Atencao,Atencao: foco visual fora da direcao,27.92318445026694
1777741179.9550405,589,True,0.19698723214565908,0.2044508746539001,0.20071905339977958,0.007282314852210586,True,False,0.025466893039049237,0,0,53.88877849578857,False,True,6.619726394277275,50.0,Atencao,Atencao: foco visual fora da direcao,27.807933975237354
1777741179.9921763,590,True,0.23286310462140783,0.21354117488234747,0.22320213975187764,0.030321565289001116,False,False,0.025423728813559324,0,0,53.53484535217285,False,True,6.537371808391507,50.0,Atencao,Atencao: foco visual fora da direcao,27.66401408941991
1777741180.0336628,591,True,0.20548232645436348,0.18936778284726052,0.197425054650812,0.04478805737247386,True,False,0.02707275803722504,0,0,51.66557655334473,False,True,6.670649886704137,50.0,Atencao,Atencao: foco visual fora da direcao,27.376633959580275
1777741180.0710666,592,True,0.21163256894371232,0.2213742778729616,0.21650342340833695,0.0485589627156353,False,False,0.02702702702702703,0,0,52.36328735351562,False,True,6.660255170792073,50.0,Atencao,Atencao: foco visual fora da direcao,27.284788190444527
1777741180.1091611,593,True,0.212269589019601,0.2066462233212814,0.2094579061704412,0.05206119701331696,True,False,0.02866779089376054,0,0,52.52653903961182,False,True,6.89402278677274,50.0,Atencao,Atencao: foco visual fora da direcao,27.19838011968221
1777741180.1435394,594,True,0.22646903309985303,0.20919870969896737,0.21783387139941018,0.0345505149330841,False,False,0.02861952861952862,0,0,51.45140323638916,False,True,6.804265566578618,50.0,Atencao,Atencao: foco visual fora da direcao,27.337604618804278
1777741180.1770632,595,True,0.21107530451861992,0.2317370168656248,0.22140616069212238,0.06455629381653887,False,False,0.02857142857142857,0,0,48.92372980117797,False,True,6.671268138204302,50.0,Atencao,Atencao: foco visual fora da direcao,27.647215241484428
1777741180.2087836,596,True,0.2402206737934165,0.20666138085643382,0.22344102732492516,0.03491886533461698,False,False,0.028523489932885907,0,0,48.22674684524536,False,True,6.629827427608054,50.0,Atencao,Atencao: foco visual fora da direcao,28.01235477932251
1777741180.2428248,597,True,0.24352515125090957,0.19056385292727834,0.21704450208909395,0.01293327199424308,False,False,0.02847571189279732,0,0,46.77396631240845,False,True,6.550618920454028,50.0,Atencao,Atencao: foco visual fora da direcao,28.153931633091545
1777741180.2774236,598,True,0.2419597011927235,0.22716825163782312,0.23456397641527332,0.02795803142754282,False,False,0.028428093645484948,0,0,45.786477375030515,False,True,6.494696964579681,50.0,Atencao,Atencao: foco visual fora da direcao,28.219693695845173
1777741180.3113797,599,True,0.2540223186601331,0.21882344386563027,0.2364228812628817,0.03296494197009761,False,False,0.028380634390651086,0,0,46.01776361465454,False,True,6.499735629021226,50.0,Atencao,Atencao: foco visual fora da direcao,28.29033890557917
1777741180.348712,600,True,0.24668192056417843,0.23493989887711006,0.24081090972064423,0.016533531379276798,False,False,0.028333333333333332,0,0,46.332072162628165,False,True,6.508947161038716,50.0,Atencao,Atencao: foco visual fora da direcao,28.190227497000485
1777741180.3842452,601,True,0.25102573819884827,0.19040270788954797,0.22071422304419813,0.018308059416356142,False,False,0.028286189683860232,0,0,45.89488153457641,False,True,6.480605377833577,50.0,Atencao,Atencao: foco visual fora da direcao,28.200739429232883
1777741180.418749,602,True,0.23175232520913394,0.24025354675042837,0.23600293597978117,0.011911038111412534,False,False,0.02823920265780731,0,0,46.42737941741943,False,True,6.50076955589345,50.0,Atencao,Atencao: foco visual fora da direcao,28.258777448712845
1777741180.4565887,603,True,0.24349426012385808,0.22477463770940162,0.23413444891662985,0.045932876784537204,False,False,0.028192371475953566,0,0,46.95783796310424,False,True,6.520853195672801,50.0,Atencao,Atencao: foco visual fora da direcao,28.0496595265218
1777741180.493175,604,True,0.23697650001791518,0.2232289029802002,0.2301027014990577,0.008361213084693814,False,False,0.028145695364238412,0,0,47.905305767059325,False,True,6.561808620509723,50.0,Atencao,Atencao: foco visual fora da direcao,28.01440840364885
1777741180.5290694,605,True,0.22518391330900875,0.23218047015684334,0.22868219173292603,0.014101870744761439,False,False,0.02809917355371901,0,0,49.736181640625,False,True,6.646955665241588,50.0,Atencao,Atencao: foco visual fora da direcao,27.991571203917104
1777741180.5644581,606,True,0.18181661184860923,0.2737028937705441,0.22775975280957667,0.03442561504954764,False,False,0.028052805280528052,0,0,56.980276298522945,False,True,7.0027847605727285,50.0,Atencao,Atencao: foco visual fora da direcao,28.0527850717723
1777741180.5984023,607,True,0.1958889324401518,0.2412855868902308,0.2185872596651913,0.042371627936673546,False,False,0.02800658978583196,0,0,51.54512417858297,False,True,6.724672524055018,50.0,Atencao,Atencao: foco visual fora da direcao,28.17337386472898
1777741180.6344035,608,True,0.17858581074216712,0.2628879412331055,0.2207368759876363,0.05739352838280584,False,False,0.027960526315789474,0,0,57.76688780405305,False,True,7.02942697819768,50.0,Atencao,Atencao: foco visual fora da direcao,28.12854649004268
1777741180.6698475,609,True,0.21107575145546675,0.2440663046436488,0.22757102804955778,0.015942247058566703,False,False,0.027914614121510674,0,0,53.00477372570471,False,True,6.785008347566928,50.0,Atencao,Atencao: foco visual fora da direcao,28.152933471557773
1777741180.7043343,610,True,0.20247872267296751,0.1396017846390893,0.1710402536560284,0.009964425323503247,True,False,0.029508196721311476,0,0,38.32226098450747,False,True,6.270000317979676,50.0,Atencao,Atencao: foco visual fora da direcao,28.222402522286277
1777741180.7409995,611,True,0.1900809294405957,0.14738266899862995,0.16873179921961284,0.016005659791592932,True,False,0.031096563011456628,0,0,36.06938756595958,False,True,6.37575701194724,50.0,Atencao,Atencao: foco visual fora da direcao,28.123266173113144
1777741180.7763891,612,True,0.1870784110784434,0.1827662086768993,0.18492230987767133,0.016134524582174913,True,False,0.032679738562091505,0,0,36.43258707360788,False,True,6.61160362554195,50.0,Atencao,Atencao: foco visual fora da direcao,28.166768733108793
1777741180.8099787,613,True,0.1869578435788322,0.1044799295484513,0.14571888656364174,0.017993518941938503,True,False,0.03425774877650897,0,0,35.79197865182703,False,True,6.79654960893531,50.0,Atencao,Atencao: foco visual fora da direcao,28.293796453537027
1777741180.8461633,614,True,0.23454279084822674,0.19162493490150828,0.21308386287486752,0.01117341759242307,False,False,0.03420195439739414,0,0,36.05189701806415,False,True,6.826860216220331,50.0,Atencao,Atencao: foco visual fora da direcao,28.23488362825321
1777741180.88374,615,True,0.22725019293206633,0.19427237290973537,0.21076128292090085,0.008338822528912658,False,False,0.03414634146341464,0,0,35.69839059006084,False,True,6.8015381163979844,50.0,Atencao,Atencao: foco visual fora da direcao,28.07079998429391
1777741180.9163415,616,True,0.25393129065136644,0.255217617690898,0.2545744541711322,0.0064906698291251575,False,False,0.03409090909090909,0,0,39.64897028641267,False,True,6.991445149996064,50.0,Atencao,Atencao: foco visual fora da direcao,28.33097883843599
1777741180.9488983,617,True,0.2592333568600604,0.31109686098952605,0.2851651089247932,0.004128257805646939,False,False,0.03403565640194489,0,0,39.00348148345947,False,True,6.951573465115826,50.0,Atencao,Atencao: foco visual fora da direcao,28.57330890266538
1777741180.9831529,618,True,0.2326546936542033,0.329028417993792,0.28084155582399767,0.004485795861957812,False,False,0.03398058252427184,0,0,39.48991274833679,False,True,6.9683223701796475,50.0,Atencao,Atencao: foco visual fora da direcao,28.624019909388668
1777741181.0158808,619,True,0.23659077466369116,0.30382381013281945,0.2702072923982553,0.008629881507474985,False,False,0.033925686591276254,0,0,40.504918575286865,False,True,7.011524470740257,50.0,Atencao,Atencao: foco visual fora da direcao,28.792343417121067
1777741181.0494049,620,True,0.2843784578037005,0.3470579539257864,0.3157182058647435,0.006699072072287488,False,False,0.03387096774193549,0,0,40.59514036178589,False,True,7.008511718280855,50.0,Atencao,Atencao: foco visual fora da direcao,28.939890033584113
1777741181.0826983,621,True,0.2739356973194318,0.35341175107414147,0.31367372419678663,0.005424385326054278,False,False,0.033816425120772944,0,0,40.415257692337036,False,True,6.992017974398561,50.0,Atencao,Atencao: foco visual fora da direcao,29.038166021016607
1777741181.303278,622,True,0.30631166501874235,0.3977411131190444,0.3520263890688934,0.0040816618872903075,False,False,0.03376205787781351,0,0,40.717873096466064,False,True,6.99967324869809,50.0,Atencao,Atencao: foco visual fora da direcao,26.588395010636457
1777741181.3372118,623,True,0.29466000201424064,0.397973267806525,0.3463166349103828,0.003429467012548649,False,False,0.033707865168539325,0,0,41.4481999874115,False,True,7.028738095720162,50.0,Atencao,Atencao: foco visual fora da direcao,26.84734673967077
1777741181.3715599,624,True,0.30038531736760815,0.4156025682230764,0.35799394279534225,0.004249940927070105,False,False,0.03365384615384615,0,0,41.33571457862853,False,True,7.015686210760703,50.0,Atencao,Atencao: foco visual fora da direcao,27.00008716547267
1777741181.4051244,625,True,0.2896491684030291,0.4309263454473111,0.3602877569251701,0.004014451100880782,False,False,0.0336,0,0,41.736134910583495,False,True,7.028303381204604,50.0,Atencao,Atencao: foco visual fora da direcao,27.345534935377696
1777741181.4384768,626,True,0.28674641158422065,0.42358473389314477,0.3551655727386827,0.004420023483303488,False,False,0.03354632587859425,0,0,42.81917314529419,False,True,7.075075101246849,50.0,Atencao,Atencao: foco visual fora da direcao,27.57421658019529
1777741181.4761698,627,True,0.30495989586622163,0.4022379147098705,0.35359890528804605,0.0027745680211293915,False,False,0.03349282296650718,0,0,41.249407529830926,False,True,6.989230170061713,50.0,Atencao,Atencao: foco visual fora da direcao,27.50224542291715
1777741181.5084531,628,True,0.3240060660706211,0.37195269144781284,0.347979378759217,0.0030996836494806114,False,False,0.03343949044585987,0,0,41.90020885467529,False,True,7.014437014714927,50.0,Atencao,Atencao: foco visual fora da direcao,27.860893598721045
1777741181.5434887,629,True,0.31940654488000614,0.33212858010560914,0.32576756249280764,0.0025933101258346822,False,False,0.033386327503974564,0,0,40.9713873386383,False,True,6.960686034403847,50.0,Atencao,Atencao: foco visual fora da direcao,27.952220552565343
1777741181.5764918,630,True,0.32576754137377517,0.32545380529705953,0.3256106733354174,0.0034590100126464913,False,False,0.03333333333333333,0,0,41.030194234848025,False,True,6.956339680751165,50.0,Atencao,Atencao: foco visual fora da direcao,28.13437637672528
1777741181.6119199,631,True,0.3040988254886068,0.3149337303618125,0.30951627792520964,0.0023739300085803957,False,False,0.03328050713153724,0,0,40.72175736427307,False,True,6.933654234475454,50.0,Atencao,Atencao: foco visual fora da direcao,28.18663775521226
1777741181.6451526,632,True,0.33554502515714235,0.3554323382054667,0.34548868168130453,0.004125497446771606,False,False,0.03322784810126582,0,0,39.56387820243835,False,True,6.8685196597213976,50.0,Atencao,Atencao: foco visual fora da direcao,28.34636278958479
1777741181.6796613,633,True,0.33687619740833374,0.3432764872063691,0.3400763423073514,0.0051376613288755665,False,False,0.03317535545023697,0,0,39.105615282058714,False,True,6.838388774185948,50.0,Atencao,Atencao: foco visual fora da direcao,28.40506922191953
1777741181.7161868,634,True,0.33272547315802453,0.3648263147942749,0.3487758939761497,0.004356679723906384,False,False,0.033123028391167195,0,0,39.50493869781494,False,True,6.851159974351667,50.0,Atencao,Atencao: foco visual fora da direcao,28.327603853683243
1777741181.7519085,635,True,0.1785703968146528,0.0751839043548382,0.1268771505847455,0.004741315719915734,True,False,0.03464566929133858,0,0,37.435954771800475,False,True,6.957073901824509,50.0,Atencao,Atencao: foco visual fora da direcao,28.249535398035675
1777741181.787004,636,True,0.152470307567042,0.12380559858418023,0.1381379530756111,0.0025435785395275874,True,False,0.036163522012578615,0,0,31.30182018171657,False,True,6.859071921490819,50.0,Atencao,Atencao: foco visual fora da direcao,28.3056457797152
1777741181.824474,637,True,0.16124455808661192,0.1352087083651496,0.14822663322588076,0.002677136229981896,True,False,0.03767660910518053,0,0,30.36524370854551,False,True,7.020292573065029,50.0,Atencao,Atencao: foco visual fora da direcao,28.14976478710748
1777741181.8601677,638,True,0.22533077210256872,0.25577192165449625,0.24055134687853247,0.002584959742686426,False,False,0.03761755485893417,0,0,21.65698589249091,False,False,6.5831386754033,50.0,Atencao,Atencao: sinais iniciais de risco,28.151443753660935
1777741181.8998048,639,True,0.24867925115381792,0.2893429423274054,0.26901109674061163,0.0041056288610640465,False,False,0.03755868544600939,0,0,17.027102389118888,False,False,6.343549955957542,50.0,Atencao,Atencao: sinais iniciais de risco,27.83274817957194
1777741181.9393911,640,True,0.25688012491251216,0.28140573547385644,0.2691429301931843,0.002522661046621187,False,False,0.0375,0,0,16.691354517774148,False,False,6.318693313564013,50.0,Atencao,Atencao: sinais iniciais de risco,27.587840786915383
1777741181.9766104,641,True,0.26633495465792834,0.29831371595966377,0.2823243353087961,0.0033217366721029888,False,False,0.0374414976599064,0,0,14.788681172918189,False,False,6.215515574558346,50.0,Atencao,Atencao: sinais iniciais de risco,27.47511236205189
1777741182.0156713,642,True,0.2615219987530198,0.31445907121962224,0.287990534986321,0.0015793732091488764,False,False,0.037383177570093455,0,0,15.519558910348197,False,False,6.2440404490805665,50.0,Atencao,Atencao: sinais iniciais de risco,27.235469565914507
1777741182.0561452,643,True,0.28207113538205497,0.30646463947173835,0.2942678874268967,0.002866761168336282,False,False,0.03732503888024884,0,0,14.569257219271226,False,False,6.188531294673083,50.0,Atencao,Atencao: sinais iniciais de risco,27.0700300161637
1777741182.0936031,644,True,0.2547148577199952,0.3007478834804839,0.27773137060023956,0.002434498266975998,False,False,0.037267080745341616,0,0,15.502921287715438,False,False,6.22724525454555,50.0,Atencao,Atencao: sinais iniciais de risco,27.03795385758265
1777741182.132802,645,True,0.27042129294936856,0.30922258578925005,0.28982193936930933,0.0030124174933462244,False,False,0.037209302325581395,0,0,15.367573486674916,False,False,6.212533331776494,50.0,Atencao,Atencao: sinais iniciais de risco,26.876262062642002
1777741182.1663754,646,True,0.2610036032278569,0.29914295914197603,0.2800732811849165,0.0027620782978204183,False,False,0.03715170278637771,0,0,15.30164763670076,False,False,6.201317102637279,50.0,Atencao,Atencao: sinais iniciais de risco,27.175654271818644
1777741182.201088,647,True,0.2679796549467516,0.3109278357361723,0.28945374534146195,0.003977143461274767,False,False,0.03709428129829984,0,0,15.33916058987379,False,False,6.195297295685224,50.0,Atencao,Atencao: sinais iniciais de risco,27.329943803971297
1777741182.23568,648,True,0.2723289699041127,0.31284912983560054,0.2925890498698566,0.0039026514260616717,False,False,0.037037037037037035,0,0,15.45839600129561,False,False,6.1933879803326795,50.0,Atencao,Atencao: sinais iniciais de risco,27.51065140004485
1777741182.2680924,649,True,0.2614395510333662,0.3032970261275919,0.282368288580479,0.0029844047403310013,False,False,0.03697996918335902,0,0,15.85603373159062,False,False,6.205423036966701,50.0,Atencao,Atencao: sinais iniciais de risco,27.751394691311546
1777741182.3046055,650,True,0.2718191319377914,0.3026317649817239,0.2872254484597576,0.0032172843148014127,False,False,0.036923076923076927,0,0,15.664786804670639,False,False,6.188038004831916,50.0,Atencao,Atencao: sinais iniciais de risco,27.781910297884565
1777741182.3407536,651,True,0.2740647153884114,0.30126117978264405,0.2876629475855277,0.0030579248325059098,False,False,0.03686635944700461,0,0,15.562702436745166,False,False,6.175135133475698,50.0,Atencao,Atencao: sinais iniciais de risco,27.768510210667287
1777741182.3762476,652,True,0.2648524441783393,0.31373500768550305,0.28929372593192115,0.0031581295986294103,False,False,0.03680981595092025,0,0,15.649864898486571,False,False,6.171718525851168,50.0,Atencao,Atencao: sinais iniciais de risco,27.804717404400574
1777741182.412685,653,True,0.2715675014073731,0.31878453700943793,0.2951760192084055,0.003178148093403707,False,False,0.036753445635528334,0,0,15.541247535835613,False,False,6.158536739352233,50.0,Atencao,Atencao: sinais iniciais de risco,27.76678185220062
1777741182.44549,654,True,0.2720086337271497,0.3140308654565232,0.2930197495918364,0.0026883829828165365,False,False,0.03669724770642202,0,0,16.643394157967784,False,False,6.205916855206723,50.0,Atencao,Atencao: sinais iniciais de risco,28.047637274300413
1777741182.4797504,655,True,0.2767093120003985,0.3284972893649747,0.3026033006826866,0.0033791961693836635,False,False,0.0366412213740458,0,0,16.33828119554303,False,False,6.182957586383756,50.0,Atencao,Atencao: sinais iniciais de risco,28.167337564923095
1777741182.512316,656,True,0.27915157827973036,0.324659500279335,0.3019055392795327,0.003271052692713845,False,False,0.036585365853658534,0,0,16.968319475650787,False,False,6.206779366335893,50.0,Atencao,Atencao: sinais iniciais de risco,28.398027822671413
1777741182.5462115,657,True,0.2736656758594532,0.32051486302067217,0.29709026944006267,0.0032534435540311902,False,False,0.0365296803652968,0,0,16.766629376872018,False,False,6.189038106747217,50.0,Atencao,Atencao: sinais iniciais de risco,28.549935014071398
1777741182.5816715,658,True,0.27007756187827753,0.3142093476003677,0.29214345473932263,0.0033252263633899637,False,False,0.0364741641337386,0,0,16.493933326818727,False,False,6.1677698224053,50.0,Atencao,Atencao: sinais iniciais de risco,28.484653055447204
1777741182.6178002,659,True,0.2770080549161907,0.32237040302939884,0.29968922897279476,0.0030525646985980555,False,False,0.036418816388467376,0,0,16.36061771742322,False,False,6.153493726960731,50.0,Atencao,Atencao: sinais iniciais de risco,28.390545831130144
1777741182.6524823,660,True,0.2717915390711646,0.3165646509200674,0.294178094995616,0.003691547402050699,False,False,0.03636363636363636,0,0,16.323274133828555,False,False,6.144039294366733,50.0,Atencao,Atencao: sinais iniciais de risco,28.46529510473625
1777741182.6860316,661,True,0.2707929772131871,0.313985992593692,0.2923894849034395,0.003207161786249662,False,False,0.036308623298033284,0,0,16.2754263302142,False,False,6.134082607665593,50.0,Atencao,Atencao: sinais iniciais de risco,28.58991572712567
1777741182.721749,662,True,0.2770533743748452,0.32076242373941843,0.2989078990571318,0.002587000944564701,False,False,0.03625377643504532,0,0,17.073379180512646,False,False,6.16643880651967,50.0,Atencao,Atencao: sinais iniciais de risco,28.486405493537898
1777741182.7574894,663,True,0.26940448642474624,0.31228423699287144,0.29084436170880884,0.0025677493181317317,False,False,0.03619909502262444,0,0,16.94059362357313,False,False,6.152280834464823,50.0,Atencao,Atencao: sinais iniciais de risco,28.43445925368766
1777741182.7916224,664,True,0.27491638015577297,0.3004397761670015,0.28767807816138724,0.0033450712955527427,False,False,0.03614457831325301,0,0,17.043459531529383,False,False,6.149928082324064,50.0,Atencao,Atencao: sinais iniciais de risco,28.59038645700592
1777741182.8259804,665,True,0.2791620582980204,0.30722503117204014,0.29319354473503023,0.003665648904334158,False,False,0.03609022556390978,0,0,16.81426197730682,False,False,6.130994701578241,50.0,Atencao,Atencao: sinais iniciais de risco,28.63492298664238
1777741182.860848,666,True,0.2689842416760973,0.30242971343515485,0.2857069775556261,0.0036776715370461996,False,False,0.036036036036036036,0,0,16.760609016432003,False,False,6.120860993451862,50.0,Atencao,Atencao: sinais iniciais de risco,28.5925836933534
1777741182.8993008,667,True,0.2686337589951929,0.3019699713069137,0.28530186515105327,0.0030109876515395984,False,False,0.035982008995502246,0,0,15.584551154144785,False,False,6.054629382264104,50.0,Atencao,Atencao: sinais iniciais de risco,28.340173513552458
1777741182.9400105,668,True,0.2755583709276491,0.302214724975625,0.28888654795163704,0.003068076599858037,False,False,0.03592814371257485,0,0,15.588197782026095,False,False,6.047405237255652,50.0,Atencao,Atencao: sinais iniciais de risco,27.97239337378422
1777741182.9785047,669,True,0.2973040895246476,0.34929441623326307,0.32329925287895533,0.008938851008685286,False,False,0.03587443946188341,0,0,14.65319054631347,False,False,5.993270540999949,50.0,Atencao,Atencao: sinais iniciais de risco,27.762523018716163
1777741183.0185418,670,True,0.2629304549633117,0.2579534425935895,0.2604419487784506,0.014551606349637062,False,False,0.03582089552238806,0,0,21.162700178948317,False,False,6.31138373095108,50.0,Atencao,Atencao: sinais iniciais de risco,27.515796609438063
1777741183.057953,671,True,0.26302481337909334,0.24818904001521122,0.2556069266971523,0.0038126077882084716,False,False,0.03576751117734724,0,0,20.343650903620503,False,False,6.263090919741577,50.0,Atencao,Atencao: sinais iniciais de risco,27.29314152037167
1777741183.0959466,672,True,0.2787503451852599,0.2351229002556654,0.25693662272046264,0.003172597065899188,False,False,0.03571428571428571,0,0,20.266289004548028,False,False,6.251904323616992,50.0,Atencao,Atencao: sinais iniciais de risco,27.185863483860373
1777741183.133297,673,True,0.2698922336304034,0.26174714428916285,0.26581968895978314,0.002970496914717286,False,False,0.03566121842496285,0,0,20.20980204397982,False,False,6.241783223306689,50.0,Atencao,Atencao: sinais iniciais de risco,27.151062779045468
1777741183.1690705,674,True,0.255492010751696,0.25915936642932724,0.25732568859051164,0.19098573209059305,False,False,0.03560830860534125,0,0,20.089005825126712,False,False,6.228468312166063,50.0,Atencao,Atencao: sinais iniciais de risco,27.254946341880338
1777741183.2025728,675,True,0.23048661278971264,0.2577848656514041,0.24413573922055837,0.012600365770491022,False,False,0.035555555555555556,0,0,21.560867685553703,False,False,6.29480786084188,50.0,Atencao,Atencao: sinais iniciais de risco,27.48880207400815
1777741183.2367773,676,True,0.2534542037713285,0.2627282824543928,0.25809124311286064,0.0030398132072884556,False,False,0.03550295857988166,0,0,22.92884267351844,False,False,6.355974526084955,50.0,Atencao,Atencao: sinais iniciais de risco,27.658138832384346
1777741183.2694783,677,True,0.24779937417543843,0.25980863643195734,0.2538040053036979,0.003912907058809872,False,False,0.03545051698670606,0,0,23.396994384852324,False,False,6.372171392590005,50.0,Atencao,Atencao: sinais iniciais de risco,27.971303838346355
1777741183.3041484,678,True,0.23487058288097412,0.25630975089684366,0.2455901668889089,0.00308343071219638,False,False,0.035398230088495575,0,0,23.434988687255164,False,False,6.366881659206206,50.0,Atencao,Atencao: sinais iniciais de risco,28.041170591229225
1777741183.340369,679,True,0.23647542998405777,0.24928594120253855,0.24288068559329817,0.004769377591234725,False,False,0.035346097201767304,0,0,22.93536961932074,False,False,6.334732433884348,50.0,Atencao,Atencao: sinais iniciais de risco,28.002960954570536
1777741183.3771594,680,True,0.24176615505542173,0.2714739543524801,0.25662005470395094,0.002521566200762237,False,False,0.03529411764705882,0,0,22.236494325236844,False,False,6.292641480407736,50.0,Atencao,Atencao: sinais iniciais de risco,27.94227829974342
1777741183.4115896,681,True,0.23931459877189679,0.264643812370009,0.2519792055709529,0.00255971342462314,False,False,0.03524229074889868,0,0,22.39433360980316,False,False,6.293407246139033,50.0,Atencao,Atencao: sinais iniciais de risco,27.950002871369065
1777741183.4460828,682,True,0.2612546544732234,0.2615190057752552,0.2613868301242393,0.040244298328047705,False,False,0.03519061583577713,0,0,24.1257782781666,False,False,6.3728741790029915,50.0,Atencao,Atencao: sinais iniciais de risco,28.084727277355956
1777741183.4804237,683,True,0.25026084324271614,0.24039077267245515,0.24532580795758563,0.15775917071518258,False,False,0.03513909224011713,0,0,26.935996099764655,False,False,6.506300575679644,50.0,Atencao,Atencao: sinais iniciais de risco,28.240095689106504
1777741183.5138896,684,True,0.2604495390715296,0.23638101227975863,0.24841527567564414,0.16309263449535727,False,False,0.03508771929824561,0,0,25.724999600513414,False,False,6.438686971209749,50.0,Atencao,Atencao: sinais iniciais de risco,28.42162533160308
1777741183.5453155,685,True,0.24369079305915098,0.23436782959866534,0.23902931132890815,0.1470465722423415,False,False,0.035036496350364967,0,0,25.172744165225463,False,False,6.404031044111762,50.0,Atencao,Atencao: sinais iniciais de risco,28.678959746979224
1777741183.58131,686,True,0.2532716796166427,0.22987804843699786,0.24157486402682027,0.15007880515626956,False,False,0.03498542274052478,0,0,23.675295368243347,False,False,6.32213598290963,50.0,Atencao,Atencao: sinais iniciais de risco,28.620849695940183
1777741183.6179905,687,True,0.24897685536593425,0.23730167613776662,0.24313926575185044,0.12268346061826557,False,False,0.034934497816593885,0,0,26.32344522449103,False,False,6.447541298681518,50.0,Atencao,Atencao: sinais iniciais de risco,28.52282967197351
1777741183.6524367,688,True,0.26931805293034033,0.24466464516770106,0.2569913490490207,0.15115188838570476,False,False,0.03488372093023256,0,0,27.533737350864847,False,False,6.501074083125524,50.0,Atencao,Atencao: sinais iniciais de risco,28.55495962447027
1777741183.6870666,689,True,0.24555747483542764,0.24039432236508604,0.24297589860025684,0.1343747002583265,False,False,0.03483309143686502,0,0,26.454337583482268,False,False,6.440142539418359,50.0,Atencao,Atencao: sinais iniciais de risco,28.577865574516395
1777741183.725446,690,True,0.29247751710432157,0.26460126981312193,0.27853939345872175,0.18922274469932854,False,False,0.034782608695652174,0,0,30.611146901412447,False,False,6.641041628398103,50.0,Atencao,Atencao: sinais iniciais de risco,28.325066523181157
1777741183.758557,691,True,0.2786395344163553,0.28465559018119824,0.28164756229877674,0.15131282461332973,False,False,0.03473227206946455,0,0,27.3833809484135,False,False,6.472732044647356,50.0,Atencao,Atencao: sinais iniciais de risco,28.523074120819103
1777741183.7945435,692,True,0.2598323466462442,0.2762485213700909,0.26804043400816757,0.13104209822638685,False,False,0.03468208092485549,0,0,25.76591707766056,False,False,6.384957568725963,50.0,Atencao,Atencao: sinais iniciais de risco,28.44506890114232
1777741183.8280342,693,True,0.2522401408201324,0.26957585628027037,0.2609079985502014,0.15676854168859314,False,False,0.03463203463203463,0,0,26.265335334701973,False,False,6.403047116315166,50.0,Atencao,Atencao: sinais iniciais de risco,28.540173570194394
1777741183.865783,694,True,0.26230220646201297,0.26026177384488397,0.26128199015344844,0.12992923386189115,False,False,0.0345821325648415,0,0,24.604783745245502,False,False,6.313158002603288,50.0,Atencao,Atencao: sinais iniciais de risco,28.372162125412913
1777741183.906323,695,True,0.2553336154057499,0.3140453385854116,0.2846894769955808,0.126979684288509,False,False,0.034532374100719423,0,0,19.33385749702257,False,False,6.0427699013753555,50.0,Atencao,Atencao: sinais iniciais de risco,27.994341295002112
1777741183.9455302,696,True,0.279223218790784,0.31532585433176386,0.2972745365612739,0.13516881782493542,False,False,0.034482758620689655,0,0,18.48210615768013,False,False,5.99336020590414,50.0,Atencao,Atencao: sinais iniciais de risco,27.765138740836463
1777741183.9853394,697,True,0.30998760345660237,0.30638097623739885,0.30818428984700064,0.15218485969321796,False,False,0.03443328550932568,0,0,20.334730153192172,False,False,6.079188852867196,50.0,Atencao,Atencao: sinais iniciais de risco,27.462402820066174
1777741184.0241623,698,True,0.30024013794479604,0.31687003422803944,0.30855508608641774,0.12280475523758938,False,False,0.034383954154727794,0,0,21.297020596672187,False,False,6.120520313783987,50.0,Atencao,Atencao: sinais iniciais de risco,27.26401113708119
1777741184.0659776,699,True,0.3023707147302568,0.3395440358806443,0.32095737530545054,0.11115933487786274,False,False,0.034334763948497854,0,0,23.38692100251263,False,False,6.218251680719393,50.0,Atencao,Atencao: sinais iniciais de risco,26.96234621186649
1777741184.106485,700,True,0.29021020833995337,0.35267200203832916,0.32144110518914126,0.02164848646156295,False,False,0.03428571428571429,0,0,22.768103744360534,False,False,6.180566489179047,50.0,Atencao,Atencao: sinais iniciais de risco,26.726366177213947
1777741184.1472714,701,True,0.2935225724896591,0.33251998941777466,0.31302128095371684,0.003956447354071,False,False,0.034236804564907276,0,0,22.731076381558722,False,False,6.171990034427993,50.0,Atencao,Atencao: sinais iniciais de risco,26.481491501710565
1777741184.187412,702,True,0.31822092686785736,0.29080938186496047,0.3045151543664089,0.06726854186220352,False,False,0.03418803418803419,0,0,21.932973694124,False,False,6.125378973236208,50.0,Atencao,Atencao: sinais iniciais de risco,26.336013953277135
1777741184.2280173,703,True,0.32131722282183656,0.3055093027889065,0.3134132628053715,0.12622129374628827,False,False,0.034139402560455195,0,0,24.20248732160438,False,False,6.232167805818115,50.0,Atencao,Atencao: sinais iniciais de risco,26.205178114406717
1777741184.267556,704,True,0.29097274993089683,0.29198731725472465,0.2914800335928107,0.1332491592640893,False,False,0.03409090909090909,0,0,24.628344465927643,False,False,6.246792810971689,50.0,Atencao,Atencao: sinais iniciais de risco,26.018774908451913
1777741184.310553,705,True,0.30665607408812817,0.3176747400620499,0.312165407075089,0.1527545847384566,False,False,0.03404255319148936,0,0,24.03515037623319,False,False,6.210484170316754,50.0,Atencao,Atencao: sinais iniciais de risco,25.794730306687224
1777741184.3517358,706,True,0.3049603608333532,0.3221998285611643,0.3135800946972588,0.1505183095817109,False,False,0.0339943342776204,0,0,23.135545196587394,False,False,6.1588738106774805,50.0,Atencao,Atencao: sinais iniciais de risco,25.67891827689572
1777741184.3888302,707,True,0.30593296827094074,0.30821520229168925,0.30707408528131497,0.04558005350331496,False,False,0.033946251768033946,0,0,22.90776696069674,False,False,6.14087355381481,50.0,Atencao,Atencao: sinais iniciais de risco,25.802794753174922
1777741184.4249098,708,True,0.30859976753732854,0.3119671488165682,0.31028345817694836,0.004059460839637831,False,False,0.03389830508474576,0,0,21.85722111436454,False,False,6.081753592546075,50.0,Atencao,Atencao: sinais iniciais de risco,26.017700850013593
1777741184.4597921,709,True,0.3070344574516168,0.3067169140926867,0.30687568577215174,0.0043489781088678755,False,False,0.03385049365303244,0,0,22.66935175250877,False,False,6.115786052592706,50.0,Atencao,Atencao: sinais iniciais de risco,26.286277213437614
1777741184.495787,710,True,0.3133949246374924,0.2896133414793261,0.3015041330584093,0.00437193975771794,False,False,0.03380281690140845,0,0,21.0417837175456,False,False,6.027852097496247,50.0,Atencao,Atencao: sinais iniciais de risco,26.41560066873019
1777741184.5291722,711,True,0.2886214399078104,0.311815031181577,0.30021823554469373,0.011853766767199528,False,False,0.03375527426160337,0,0,18.00026029023257,False,False,5.8692388131573985,50.0,Atencao,Atencao: sinais iniciais de risco,26.774970889294803
1777741184.564794,712,True,0.28546521601509967,0.30376590738102477,0.29461556169806224,0.14257222070681416,False,False,0.033707865168539325,0,0,16.94175629229708,False,False,5.809794862964317,50.0,Atencao,Atencao: sinais iniciais de risco,26.89777847126947
1777741184.598855,713,True,0.2746680152468113,0.3164705575911539,0.2955692864189826,0.12464255828377131,False,False,0.033660589060308554,0,0,17.627930815517903,False,False,5.8376031242436275,50.0,Atencao,Atencao: sinais iniciais de risco,27.138549545892737
1777741184.6330345,714,True,0.27476468298851114,0.3157293406867524,0.2952470118376318,0.12789369321858587,False,False,0.03361344537815126,0,0,15.770359128849073,False,False,5.738242283613558,50.0,Atencao,Atencao: sinais iniciais de risco,27.366779645116047
1777741184.6690822,715,True,0.2841558326004094,0.3471902347108344,0.3156730336556219,0.23115468259753916,False,False,0.033566433566433566,0,0,26.91530825685371,False,False,6.289025615902607,50.0,Atencao,Atencao: sinais iniciais de risco,27.423444589724593
1777741184.7021468,716,True,0.26902378128282206,0.31085199933915003,0.28993789031098605,0.17000248545080013,False,False,0.0335195530726257,0,0,28.602273962714452,False,False,6.366927833297062,50.0,Atencao,Atencao: sinais iniciais de risco,27.660855670786866
1777741184.7379177,717,True,0.27416817293777196,0.28921572095767106,0.2816919469477215,0.12820722465044088,False,False,0.03347280334728033,0,0,32.75026427344842,False,False,6.567899261598773,50.0,Atencao,Atencao: sinais iniciais de risco,27.690197899083266
1777741184.7732902,718,True,0.28629744755108805,0.27149534833825273,0.27889639794467036,0.13463399602174142,False,False,0.033426183844011144,0,0,33.08282607685436,False,False,6.578117170069556,50.0,Atencao,Atencao: sinais iniciais de risco,27.756883040929548
1777741184.809435,719,True,0.29889745237853643,0.3306213516949749,0.3147594020367557,0.006271596458158708,False,False,0.03337969401947149,0,0,42.857469940185545,False,True,7.060457012361913,50.0,Atencao,Atencao: sinais iniciais de risco,27.77665379046545
1777741184.8422184,720,True,0.3225122966695321,0.38616794394734394,0.354340120308438,0.010084679118166982,False,False,0.03333333333333333,0,0,41.96462349891662,False,True,7.009440095954471,50.0,Atencao,Atencao: sinais iniciais de risco,28.008860791612957
1777741184.8744972,721,True,0.30211137325319637,0.35725970119112377,0.3296855372221601,0.008115105406708071,False,False,0.033287101248266296,0,0,42.228524112701415,False,True,7.016278214946992,50.0,Atencao,Atencao: sinais iniciais de risco,28.311280667782682
1777741184.9117389,722,True,0.2930184652271635,0.3638772344257325,0.32844784982644804,0.012779881373105534,False,False,0.0332409972299169,0,0,42.28465223312378,False,True,7.012745318445068,50.0,Atencao,Atencao: sinais iniciais de risco,28.159544592112884
1777741184.9549074,723,True,0.30448465452559204,0.3699786284916244,0.3372316415086082,0.010015569523547126,False,False,0.03319502074688797,0,0,41.412855768203734,False,True,6.962833728782588,50.0,Atencao,Atencao: sinais iniciais de risco,27.640687521136666
1777741184.9957929,724,True,0.2868610218411166,0.3842242848771701,0.33554265335914335,0.010565454252877785,False,False,0.03314917127071823,0,0,40.89836988449097,False,True,6.930805131623612,50.0,Atencao,Atencao: sinais iniciais de risco,27.348598874697934
1777741185.0362582,725,True,0.28979632318372994,0.3834986897239326,0.33664750645383124,0.009862958409481697,False,False,0.03310344827586207,0,0,41.29013934135437,False,True,6.94410669267406,50.0,Atencao,Atencao: sinais iniciais de risco,27.090997752928313
1777741185.076861,726,True,0.28167427022858815,0.3864278844418749,0.33405107733523154,0.009747635873812612,False,False,0.03305785123966942,0,0,41.60846905708313,False,True,6.953753585984009,50.0,Atencao,Atencao: sinais iniciais de risco,26.85225370732736
1777741185.1153593,727,True,0.2849978484886294,0.39071871932474767,0.33785828390668854,0.007853999734265172,False,False,0.033012379642365884,0,0,41.50825786590576,False,True,6.942490681795903,50.0,Atencao,Atencao: sinais iniciais de risco,26.759293534139687
1777741185.1506147,728,True,0.28888408610091676,0.33280518334370957,0.31084463472231316,0.014756413623408892,False,False,0.03296703296703297,0,0,41.31929688453674,False,True,6.926807464869176,50.0,Atencao,Atencao: sinais iniciais de risco,26.913555529212317
1777741185.1838791,729,True,0.2793508948277184,0.3801758121360234,0.3297633534818709,0.007701528718113316,False,False,0.03292181069958848,0,0,40.938353252410884,False,True,6.901542221489267,50.0,Atencao,Atencao: sinais iniciais de risco,27.174979135752587
1777741185.2200172,730,True,0.2834554392829015,0.354098869669414,0.31877715447615773,0.008150301400735869,False,False,0.03287671232876712,0,0,41.26748647689819,False,True,6.911797856725695,50.0,Atencao,Atencao: sinais iniciais de risco,27.26542095352524
1777741185.2572575,731,True,0.27118977183231385,0.37221027760526665,0.3217000247187902,0.0074851573325039064,False,False,0.03283173734610123,0,0,40.30281991958618,False,True,6.857380468743534,50.0,Atencao,Atencao: sinais iniciais de risco,27.249309950566612
1777741185.2918954,732,True,0.2769004818812121,0.3775947620900645,0.3272476219856383,0.009522162359472895,False,False,0.03278688524590164,0,0,39.85053296089172,False,True,6.828598957031367,50.0,Atencao,Atencao: sinais iniciais de risco,27.36665265837371
1777741185.326399,733,True,0.2730210525152266,0.3785326933461472,0.3257768729306869,0.008587761813962314,False,False,0.03274215552523874,0,0,40.091186332702634,False,True,6.834481289030765,50.0,Atencao,Atencao: sinais iniciais de risco,27.54301035431625
1777741185.3615522,734,True,0.2723902904582054,0.3726863582419117,0.3225383243500586,0.005284264838033345,False,False,0.0326975476839237,0,0,39.86962127685547,False,True,6.817269458057589,50.0,Atencao,Atencao: sinais iniciais de risco,27.659616125383412
1777741185.3930755,735,True,0.27617407971980407,0.383208660210294,0.329691369965049,0.006743980609455328,False,False,0.0326530612244898,0,0,40.26897387504577,False,True,6.831120199794942,50.0,Atencao,Atencao: sinais iniciais de risco,28.041040292264526
1777741185.4253008,736,True,0.2708006997270502,0.3858323341649761,0.32831651694601316,0.0076444299674667295,False,False,0.03260869565217391,0,0,40.13689374923706,False,True,6.818415927311072,50.0,Atencao,Atencao: sinais iniciais de risco,28.293077582109557
1777741185.460225,737,True,0.2745526714115776,0.38249423432758495,0.3285234528695813,0.006982858001681445,False,False,0.032564450474898234,0,0,39.67386121749878,False,True,6.789180588848753,50.0,Atencao,Atencao: sinais iniciais de risco,28.38895242811043
1777741185.4961293,738,True,0.26258191760685295,0.37399521590507545,0.3182885667559642,0.007368371873873475,False,False,0.032520325203252036,0,0,40.02402639389038,False,True,6.80062162281698,50.0,Atencao,Atencao: sinais iniciais de risco,28.325491261607272
1777741185.530763,739,True,0.2816400035220519,0.3672532467501783,0.3244466251361151,0.006761993843252579,False,False,0.03247631935047361,0,0,39.98148097991943,False,True,6.792443547361399,50.0,Atencao,Atencao: sinais iniciais de risco,28.375941374813927
1777741185.5666506,740,True,0.27884690798842166,0.36503472744725457,0.3219408177178381,0.006716032695675396,False,False,0.032432432432432434,0,0,39.4373354434967,False,True,6.759201819309601,50.0,Atencao,Atencao: sinais iniciais de risco,28.32391687599553
1777741185.6002018,741,True,0.27905230359972577,0.352517986348043,0.3157851449738844,0.006855174077866051,False,False,0.032388663967611336,0,0,39.88020634651184,False,True,6.775327200547457,50.0,Atencao,Atencao: sinais iniciais de risco,28.43028150467684
1777741185.6349943,742,True,0.2817536150223771,0.35488424189679457,0.31831892845958587,0.008258256579785845,False,False,0.03234501347708895,0,0,39.71582255363464,False,True,6.761106068456768,50.0,Atencao,Atencao: sinais iniciais de risco,28.496801326374943
1777741185.669141,743,True,0.28137852722551215,0.35716423160322763,0.3192713794143699,0.00977645304241261,False,False,0.03230148048452221,0,0,39.7231743812561,False,True,6.755487873359915,50.0,Atencao,Atencao: sinais iniciais de risco,28.553042008842333
1777741185.7061207,744,True,0.2850946908051025,0.3611052974769412,0.32309999414102186,0.00912230434188731,False,False,0.03225806451612903,0,0,39.16834120750427,False,True,6.7217765190182615,50.0,Atencao,Atencao: sinais iniciais de risco,28.448353258688762
1777741185.7401645,745,True,0.2660782431447572,0.37796481278266014,0.32202152796370864,0.007084735320269377,False,False,0.032214765100671144,0,0,38.993474912643435,False,True,6.70707953464976,50.0,Atencao,Atencao: sinais iniciais de risco,28.51756802461308
1777741185.773476,746,True,0.2735457637622778,0.3484293916454225,0.31098757770385016,0.008442332883431289,False,False,0.032171581769437,0,0,39.127851438522335,False,True,6.70786065289901,50.0,Atencao,Atencao: sinais iniciais de risco,28.659993525904998
1777741185.8084292,747,True,0.271572843516461,0.3765364984290734,0.3240546709727672,0.007570504967812854,False,False,0.0321285140562249,0,0,38.91283655166626,False,True,6.691188097989542,50.0,Atencao,Atencao: sinais iniciais de risco,28.632000755461767
1777741185.8422456,748,True,0.2739494933996293,0.36169643434758547,0.3178229638736074,0.00952139869253222,False,False,0.03208556149732621,0,0,38.85113415718078,False,True,6.682197001416698,50.0,Atencao,Atencao: sinais iniciais de risco,28.742513062039865
1777741185.877876,749,True,0.2775329206146518,0.3622574501490268,0.3198951853818393,0.00801635777013989,False,False,0.03204272363150868,0,0,38.7030882358551,False,True,6.668904498800504,50.0,Atencao,Atencao: sinais iniciais de risco,28.66622372306098
1777741185.9186764,750,True,0.2757273514964376,0.35315921455492866,0.31444328302568314,0.008777346618337565,False,False,0.032,0,0,39.08421125411987,False,True,6.6820861503813,50.0,Atencao,Atencao: sinais iniciais de risco,28.278591905848717
1777741185.957281,751,True,0.2687313047499316,0.3438086956956093,0.30627000022277046,0.009631654329651459,False,False,0.03195739014647137,0,0,39.036085557937625,False,True,6.673821010712001,50.0,Atencao,Atencao: sinais iniciais de risco,28.04539912007362
1777741185.9950337,752,True,0.273317365094659,0.36183231110439024,0.3175748380995246,0.007861799981431005,False,False,0.031914893617021274,0,0,39.34444732666015,False,True,6.68339582634874,50.0,Atencao,Atencao: sinais iniciais de risco,27.886060942717773
1777741186.0344105,753,True,0.2816612902586291,0.3573147189455056,0.3194880046020674,0.0050762677342381735,False,False,0.03187250996015936,0,0,39.57194027900696,False,True,6.6889427211475665,50.0,Atencao,Atencao: sinais iniciais de risco,27.63836347588918
1777741186.0728774,754,True,0.2618932002939293,0.38113862506739943,0.3215159126806644,0.004547453662523447,False,False,0.03183023872679045,0,0,39.31712870597839,False,True,6.670389847907912,50.0,Atencao,Atencao: sinais iniciais de risco,27.446484056077313
1777741186.1124918,755,True,0.2801068361479562,0.35229454078961664,0.3162006884687864,0.005602837135663545,False,False,0.031788079470198675,0,0,39.53793630599976,False,True,6.675633330127611,50.0,Atencao,Atencao: sinais iniciais de risco,27.2516722045535
1777741186.3366387,756,True,0.2720179089042379,0.338287541010684,0.30515272495746093,0.2224398558634707,False,False,0.031746031746031744,0,0,39.11836414337158,False,True,6.64887315992325,50.0,Atencao,Atencao: sinais iniciais de risco,24.971118974634404
1777741186.3704743,757,True,0.2838630780475356,0.34209628812748205,0.3129796830875088,0.05423891589186355,False,False,0.031704095112285335,0,0,40.34573268890381,False,True,6.70447530005973,50.0,Atencao,Atencao: sinais iniciais de risco,25.47896827159721
1777741186.407935,758,True,0.28028404361719794,0.35369691318572954,0.31699047840146377,0.10915145161308352,False,False,0.0316622691292876,0,0,39.48646278381347,False,True,6.655760732143024,50.0,Atencao,Atencao: sinais iniciais de risco,25.597382601898275
1777741186.4408736,759,True,0.2744269025850908,0.36572130300655437,0.3200741027958226,0.06340731832165991,False,False,0.03162055335968379,0,0,39.19120006561279,False,True,6.635261677912467,50.0,Atencao,Atencao: sinais iniciais de risco,26.052734871342107
1777741186.4750893,760,True,0.2797214622414041,0.36130358024558745,0.3205125212434958,0.0045585161031307005,False,False,0.031578947368421054,0,0,39.66755738258362,False,True,6.653358719962382,50.0,Atencao,Atencao: sinais iniciais de risco,26.392093464505383
1777741186.5119953,761,True,0.26400088241490827,0.35878002363057465,0.3113904530227415,0.0042885764285723995,False,False,0.03153745072273324,0,0,39.45591135025024,False,True,6.637070629563639,50.0,Atencao,Atencao: sinais iniciais de risco,26.475817478711125
1777741186.5444043,762,True,0.2729982157716823,0.3326525761282008,0.30282539594994157,0.1157004534503951,False,False,0.031496062992125984,0,0,39.767018413543695,False,True,6.646935169769814,50.0,Atencao,Atencao: sinais iniciais de risco,26.88161490935792
1777741186.5791562,763,True,0.26790921365062326,0.3376391692832712,0.30277419146694723,0.1517886035111307,False,False,0.03145478374836173,0,0,40.243346548080446,False,True,6.665075680479067,50.0,Atencao,Atencao: sinais iniciais de risco,27.097171919747247
1777741186.6139915,764,True,0.2584298707326513,0.3356045855599511,0.29701722814630116,0.1380639670728535,False,False,0.031413612565445025,0,0,40.60917539596557,False,True,6.677706085222275,50.0,Atencao,Atencao: sinais iniciais de risco,27.2426805017415
1777741186.648912,765,True,0.28408166712218424,0.33584398590070214,0.3099628265114432,0.2217308890423867,False,False,0.03137254901960784,0,0,39.796845006942746,False,True,6.631443328218522,50.0,Atencao,Atencao: sinais iniciais de risco,27.311677334626832
1777741186.684007,766,True,0.2816439191115275,0.33401787588859666,0.3078308975000621,0.24544406317469397,False,False,0.031331592689295036,0,0,40.17679858207702,False,True,6.6448095115572245,50.0,Atencao,Atencao: sinais iniciais de risco,27.508295755234883
1777741186.7185214,767,True,0.27599983936599554,0.34277576765302264,0.3093878035095091,0.21710689098672886,False,False,0.03129074315514994,0,0,40.382124471664426,False,True,6.649458995091644,50.0,Atencao,Atencao: sinais iniciais de risco,27.633905838509612
1777741186.752964,768,True,0.2684262747518606,0.3289862060598537,0.29870624040585714,0.22806124132258965,False,False,0.03125,0,0,40.278513526916505,False,True,6.638676264021131,50.0,Atencao,Atencao: sinais iniciais de risco,27.81839381065711
1777741186.7869406,769,True,0.18880610130003492,0.2244014314672196,0.20660376638362726,0.310805389751479,True,False,0.032509752925877766,0,0,40.100225591659544,False,True,6.802977894566476,50.0,Atencao,Atencao: sinais iniciais de risco,27.957959860086724
1777741186.8216062,770,True,0.17672853636112562,0.24424892621723931,0.21048873128918247,0.42677959509101604,False,False,0.032467532467532464,0,0,36.934748422557654,False,True,6.618244118918845,50.0,Atencao,Atencao: sinais iniciais de risco,28.01983744340632
1777741186.860525,771,True,0.18770054038359996,0.28829761401808673,0.23799907720084335,0.4330287575393442,False,False,0.0324254215304799,0,0,32.8608836054802,False,True,6.408760624220244,50.0,Atencao,Atencao: sinais iniciais de risco,27.785030293670083
1777741186.9012508,772,True,0.16966128789381119,0.2622055417584856,0.2159334148261484,0.45213623991079166,False,False,0.03238341968911917,0,0,33.24586437994784,False,True,6.422234409756526,50.0,Atencao,Atencao: sinais iniciais de risco,27.472429994324056
1777741186.942968,773,True,0.21494125503996286,0.27456129890294845,0.24475127697145566,0.45932815989222103,False,False,0.03234152652005175,0,0,31.423668087612494,False,False,6.325364284392988,50.0,Atencao,Atencao: sinais iniciais de risco,27.150305400576066
1777741186.9843757,774,True,0.21745995204392773,0.27095937151787575,0.24420966178090175,0.49630899628009556,False,False,0.03229974160206718,0,0,29.798320754549717,False,False,6.238351491516972,50.0,Atencao,Atencao: sinais iniciais de risco,26.8350540802666
1777741187.0225856,775,True,0.20715190687901744,0.2755003069883417,0.24132610693367956,0.49264032554872256,False,False,0.03225806451612903,0,0,29.73473747508092,False,False,6.229441728227037,50.0,Atencao,Atencao: sinais iniciais de risco,26.77148956601482
1777741187.0606277,776,True,0.20550431208408323,0.2958198528816876,0.2506620824828854,0.5105730897895667,False,False,0.03221649484536082,0,0,28.578377034989273,False,False,6.165907876491825,50.0,Atencao,Atencao: sinais iniciais de risco,26.685181984483705
1777741187.0999627,777,True,0.2097817174665797,0.27919450828796355,0.24448811287727162,0.5146590635394901,False,False,0.032175032175032175,0,0,27.777576941522685,False,False,6.120166754648308,50.0,Atencao,Atencao: sinais iniciais de risco,26.599221708816046
1777741187.1425693,778,True,0.19562768835464145,0.2767377194394536,0.2361827038970475,0.5368024536910402,False,False,0.032133676092544985,0,0,29.61881338059902,False,False,6.2065421152601346,50.0,Atencao,Atencao: sinais iniciais de risco,26.285456179002548
1777741187.1845207,779,True,0.2050814514077059,0.2576844350568651,0.2313829432322855,0.5232366910012517,False,False,0.03209242618741977,0,0,27.834347173300657,False,False,6.111646942940499,50.0,Atencao,Atencao: sinais iniciais de risco,26.045774632097004
1777741187.2194495,780,True,0.201435993326087,0.26750701015020323,0.23447150173814513,0.5495012800970512,False,False,0.03205128205128205,0,0,28.351682138713922,False,False,6.131856372492227,50.0,Atencao,Atencao: sinais iniciais de risco,26.266247456768614
1777741187.2539911,781,True,0.21133660807401586,0.2627122386795059,0.23702442337676088,0.4945855270092432,False,False,0.03201024327784891,0,0,27.77879026748917,False,False,6.097568947583932,50.0,Atencao,Atencao: sinais iniciais de risco,26.56543864753951
1777741187.2902277,782,True,0.197148718177205,0.2515803026847519,0.22436451043097844,0.45736276417911315,False,False,0.0319693094629156,0,0,27.442675988511606,False,False,6.075134834081725,50.0,Atencao,Atencao: sinais iniciais de risco,26.659033666096803
1777741187.325028,783,True,0.20148567513294055,0.2636996770286265,0.23259267608078354,0.49502994037828063,False,False,0.031928480204342274,0,0,28.253912418267944,False,False,6.110082632515709,50.0,Atencao,Atencao: sinais iniciais de risco,26.87258481522446
1777741187.3602195,784,True,0.21179862999114532,0.2592606134362878,0.23552962171371655,0.4810792136981814,False,False,0.03188775510204082,0,0,27.823011952638627,False,False,6.082937907667792,50.0,Atencao,Atencao: sinais iniciais de risco,26.97079509855668
1777741187.394461,785,True,0.21068558502002938,0.2635861662663589,0.23713587564319413,0.48951973916908276,False,False,0.03184713375796178,0,0,27.69394379529086,False,False,6.070899064989536,50.0,Atencao,Atencao: sinais iniciais de risco,27.239384999544807
1777741187.4298508,786,True,0.20977054006917023,0.23850803023830933,0.22413928515373976,0.4684880963263716,False,False,0.031806615776081425,0,0,27.31098070442677,False,False,6.046179687937783,50.0,Atencao,Atencao: sinais iniciais de risco,27.307003713361546
1777741187.467943,787,True,0.2070474585963231,0.2306758409016769,0.218861649749,0.47097656744381095,False,False,0.03176620076238882,0,0,27.229079636389557,False,False,6.03652757015319,50.0,Atencao,Atencao: sinais iniciais de risco,27.24233727094846
1777741187.5047987,788,True,0.210563598803159,0.22956600217331746,0.22006480048823823,0.49794927452967014,False,False,0.031725888324873094,0,0,27.55306738344106,False,False,6.047183997347352,50.0,Atencao,Atencao: sinais iniciais de risco,27.182475299037414
1777741187.5400872,789,True,0.2321402909731897,0.20402814912356618,0.21808422004837794,0.5198765301207388,False,False,0.031685678073510776,0,0,27.70984780111096,False,False,6.0494941086685285,50.0,Atencao,Atencao: sinais iniciais de risco,27.305629262357428
1777741187.5761218,790,True,0.24124542744585303,0.17637521298442754,0.2088103202151403,0.5383573751996518,True,False,0.03291139240506329,0,0,27.772630158066747,False,False,6.221168947104789,50.0,Atencao,Atencao: sinais iniciais de risco,27.37843261656998
1777741187.613266,791,True,0.2390851696758679,0.18208904694792755,0.21058710831189772,0.530427841839933,False,False,0.03286978508217446,0,0,27.981671192429282,False,False,6.209789415642853,50.0,Atencao,Atencao: sinais iniciais de risco,27.35143191334955
1777741187.6517005,792,True,0.23418820892242986,0.18483682797944442,0.20951251845093716,0.5212975082247766,True,False,0.03409090909090909,0,0,27.90858984047716,False,False,6.3740398992462595,50.0,Atencao,Atencao: sinais iniciais de risco,27.20806346431091
1777741187.6842704,793,True,0.2710189108708503,0.1919733941178619,0.2314961524943561,0.570648892482203,False,False,0.034047919293820936,0,0,29.062339783798564,False,False,6.411056648576563,50.0,Atencao,Atencao: sinais iniciais de risco,27.46371334896124
1777741187.7235858,794,True,0.26698010429914065,0.20234772241024593,0.23466391335469328,0.5723998857280487,False,False,0.03400503778337532,0,0,29.54644241766496,False,False,6.42936557258361,50.0,Atencao,Atencao: sinais iniciais de risco,27.354618870440813
1777741187.7605004,795,True,0.27050366821003063,0.20002577708393432,0.23526472264698248,0.5603749326005406,False,False,0.033962264150943396,0,0,29.678655833276835,False,False,6.430094868904815,50.0,Atencao,Atencao: sinais iniciais de risco,27.321691688603337
1777741187.7955642,796,True,0.27041752297012717,0.19468433566339322,0.2325509293167602,0.5552418627152137,False,False,0.03391959798994975,0,0,29.386777872389015,False,False,6.409634373723797,50.0,Atencao,Atencao: sinais iniciais de risco,27.42037885343327
1777741187.8312595,797,True,0.2741446606925656,0.20078053395661655,0.23746259732459107,0.5701465203559795,False,False,0.033877038895859475,0,0,29.50861517678608,False,False,6.409874363506239,50.0,Atencao,Atencao: sinais iniciais de risco,27.4973705478363
1777741187.8672922,798,True,0.27636635097883117,0.1959757220319793,0.23617103650540522,0.5615070366346692,False,False,0.03383458646616541,0,0,28.294552122191952,False,False,6.343334001693599,50.0,Atencao,Atencao: sinais iniciais de risco,27.51661973803294
1777741187.9033146,799,True,0.27023246435506615,0.19443760388041512,0.23233503411774065,0.5671346450263766,False,False,0.03379224030037547,0,0,27.86813266060569,False,False,6.316190430818168,50.0,Atencao,Atencao: sinais iniciais de risco,27.560713806138388
1777741187.9433725,800,True,0.27604313705879796,0.1904935195741643,0.23326832831648114,0.5769271984600569,False,False,0.03375,0,0,29.380320872772824,False,False,6.385991800124898,50.0,Atencao,Atencao: sinais iniciais de risco,27.286703328689416
1777741187.9831595,801,True,0.24347841939863443,0.19800726136762614,0.2207428403831303,0.566364184614596,False,False,0.033707865168539325,0,0,29.3705764028159,False,False,6.379711037301209,50.0,Atencao,Atencao: sinais iniciais de risco,27.029634297714004
1777741188.024987,802,True,0.2440610469355619,0.20809517267007013,0.226078109802816,0.5560334114966134,False,False,0.03366583541147132,0,0,30.035449873859232,False,False,6.407175619256524,50.0,Atencao,Atencao: sinais iniciais de risco,26.721909135930225
1777741188.0644774,803,True,0.24851950426484695,0.22124923634907057,0.23488437030695875,0.5652418339856617,False,False,0.033623910336239106,0,0,29.892071877284483,False,False,6.3942420215833575,50.0,Atencao,Atencao: sinais iniciais de risco,26.56780437592811
1777741188.1082594,804,True,0.24119732091881085,0.2185334542239295,0.22986538757137018,0.5781654621492257,False,False,0.033582089552238806,0,0,29.521220345930622,False,False,6.369949087215623,50.0,Atencao,Atencao: sinais iniciais de risco,26.21567587774539
1777741188.151202,805,True,0.2246031314795972,0.2321054529364409,0.22835429220801906,0.5940345218879209,False,False,0.03354037267080745,0,0,30.200046294385736,False,False,6.398154313441568,50.0,Atencao,Atencao: sinais iniciais de risco,25.938818154939277
1777741188.1897972,806,True,0.2569506733267057,0.2235167284324764,0.24023370087959106,0.5899897625342584,False,False,0.033498759305210915,0,0,30.031301144036377,False,False,6.383995218154576,50.0,Atencao,Atencao: sinais iniciais de risco,25.95340289999541
1777741188.2253642,807,True,0.23773256452820685,0.21892803266252794,0.2283302985953674,0.6009143798874926,False,False,0.03345724907063197,0,0,30.210983709855512,False,False,6.387271689190927,50.0,Atencao,Atencao: sinais iniciais de risco,26.150025110852233
1777741188.2613702,808,True,0.2370676708584974,0.22442372791398182,0.23074569938623962,0.6320709387783898,False,False,0.03341584158415842,0,0,31.412779019095684,False,False,6.4416679252628235,50.0,Atencao,Atencao: sinais iniciais de risco,26.317058437195648
1777741188.2976937,809,True,0.24115644669029165,0.23055165024249372,0.23585404846639269,0.6534728120229495,False,True,0.03337453646477132,0,0,32.621330843730405,False,True,6.496416062578834,50.0,Atencao,Atencao: sinais iniciais de risco,26.432439308058385
1777741188.3309321,810,True,0.26825513407713386,0.2237036304349117,0.24597938225602278,0.6990508161778367,False,True,0.03333333333333333,0,0,34.479807536710396,False,True,6.5836744666551095,50.0,Atencao,Atencao: sinais iniciais de risco,26.803958672161155
1777741188.3668506,811,True,0.2546623243440624,0.24974387227660144,0.25220309831033194,0.6616843211852749,False,True,0.03329223181257707,0,0,33.85270242528482,False,True,6.546667751979845,50.0,Atencao,Atencao: sinais iniciais de risco,26.879674480835185
1777741188.4042659,812,True,0.2578240549951035,0.29799975551176816,0.27791190525343584,0.7033244537119013,False,True,0.0332512315270936,0,0,35.33996397202665,False,True,6.615393290062959,50.0,Atencao,Atencao: sinais iniciais de risco,26.874168030958995
1777741188.4406846,813,True,0.2938322949499487,0.2952958308807861,0.2945640629153674,0.7395314313765234,False,True,0.033210332103321034,0,0,35.115737997943704,False,True,6.598558320590083,50.0,Atencao,Atencao: sinais iniciais de risco,26.954986285976624
1777741188.477233,814,True,0.2825532036269315,0.2897872759503644,0.286170239788648,0.7131059677327092,False,True,0.033169533169533166,0,0,40.106194686889644,False,True,6.842471301641549,50.0,Atencao,Atencao: sinais iniciais de risco,26.989960001937632
1777741188.5126019,815,True,0.2815925539158363,0.2892088171494898,0.28540068553266307,0.7695531160889065,False,True,0.033128834355828224,0,0,38.12058769410307,False,True,6.73759486511779,50.0,Atencao,Atencao: sinais iniciais de risco,27.112929045941247
1777741188.5483334,816,True,0.27498240257881784,0.29516082981829544,0.28507161619855664,0.7111844813844588,False,True,0.03308823529411765,0,0,38.56645263433457,False,True,6.754305741144162,50.0,Atencao,Atencao: sinais iniciais de risco,27.201243078103055
1777741188.5843167,817,True,0.25850688301188335,0.30831137946819603,0.2834091312400397,0.7674058375273516,False,True,0.033047735618115054,0,0,39.768622159957886,False,True,6.808845511974971,50.0,Atencao,Atencao: sinais iniciais de risco,27.25600603923527
1777741188.6197882,818,True,0.27160144347169674,0.3012090598487137,0.28640525166020525,0.7140499168690991,False,True,0.03300733496332518,0,0,39.94075607440688,False,True,6.811897117663813,50.0,Atencao,Atencao: sinais iniciais de risco,27.373058882226548
1777741188.653281,819,True,0.28634063871186916,0.29588019425794376,0.29111041648490643,0.7454001675545804,False,True,0.03296703296703297,0,0,38.33527154868299,False,True,6.726081366887439,50.0,Atencao,Atencao: sinais iniciais de risco,27.60702672121265
1777741188.6893747,820,True,0.27245880240248677,0.2758145979316301,0.27413670016705843,0.7055461230080352,False,True,0.032926829268292684,0,0,40.381079483032224,False,True,6.822843755028112,50.0,Atencao,Atencao: sinais iniciais de risco,27.60283838289857
1777741188.7249625,821,True,0.2869272780867137,0.3296396013691003,0.308283439727907,0.7742215812691572,False,True,0.03288672350791717,0,0,40.07263917922973,False,True,6.801907197786354,50.0,Atencao,Atencao: sinais iniciais de risco,27.67745557595851
1777741188.7605247,822,True,0.2878985525531582,0.34147123803997526,0.31468489529656674,0.7491490024999162,False,True,0.032846715328467155,0,0,39.88400692939758,False,True,6.786974460620368,50.0,Atencao,Atencao: sinais iniciais de risco,27.660787064660294
1777741188.7942214,823,True,0.2939909921370314,0.32775475191641484,0.3108728720267231,0.7427098554591876,False,True,0.032806804374240585,0,0,38.81340084075928,False,True,6.727956399982301,50.0,Atencao,Atencao: sinais iniciais de risco,27.938051656474283
1777741188.8282502,824,True,0.28622436329936357,0.3251515798383551,0.3056879715688593,0.755910804150944,False,True,0.032766990291262135,0,0,39.236084365844725,False,True,6.7436161398270364,50.0,Atencao,Atencao: sinais iniciais de risco,28.03526380647301
1777741188.8629317,825,True,0.2897813401617206,0.3418430003650252,0.3158121702633729,0.7862305184472076,False,True,0.03272727272727273,0,0,38.8805170059204,False,True,6.720376606782277,50.0,Atencao,Atencao: sinais iniciais de risco,28.127082294504195
1777741188.900544,826,True,0.28237911446399877,0.3216367438176401,0.3020079291408194,0.7641471692198405,False,True,0.03268765133171913,0,0,39.6338104724884,False,True,6.752593338222056,50.0,Atencao,Atencao: sinais iniciais de risco,27.989458329526204
1777741188.9398468,827,True,0.2755132973556144,0.31190108899807273,0.2937071931768436,0.7499663698349015,False,True,0.032648125755743655,0,0,39.0585075378418,False,True,6.718393424793098,50.0,Atencao,Atencao: sinais iniciais de risco,27.712052754445985
1777741188.9806101,828,True,0.2821014082402834,0.31291144592006326,0.29750642708017333,0.733259242715728,False,True,0.03260869565217391,0,0,39.241341495513915,False,True,6.722113483435864,50.0,Atencao,Atencao: sinais iniciais de risco,27.363885727201012
1777741189.0229566,829,True,0.27586633305187075,0.31710272794225075,0.29648453049706075,0.7669210841443508,False,True,0.032569360675512665,0,0,38.13093056678772,False,True,6.661184377708635,50.0,Atencao,Atencao: sinais iniciais de risco,27.047644395247143
1777741189.0631373,830,True,0.27051101429011976,0.3470879569526871,0.30879948562140347,0.7694053955767629,False,True,0.03253012048192771,0,0,38.17763683795929,False,True,6.658124164649281,50.0,Atencao,Atencao: sinais iniciais de risco,26.803848984668385
1777741189.1044497,831,True,0.2871466535549622,0.336709263697637,0.31192795862629963,0.7673768781719076,False,True,0.032490974729241874,0,0,37.603191351890565,False,True,6.624019349351542,50.0,Atencao,Atencao: sinais iniciais de risco,26.56236355813661
1777741189.145462,832,True,0.2741625761094057,0.34830675199870753,0.31123466405405664,0.7450360861121393,False,True,0.03245192307692308,0,0,37.73795475959778,False,True,6.625387917543069,50.0,Atencao,Atencao: sinais iniciais de risco,26.327493338563713
1777741189.1852572,833,True,0.28545666916012724,0.3463459507498983,0.31590130995501275,0.7736220265673744,False,True,0.03241296518607443,0,0,37.576616024971,False,True,6.611964270820041,50.0,Atencao,Atencao: sinais iniciais de risco,26.194250349754697
1777741189.2196662,834,True,0.2737759832724794,0.34377461288931416,0.30877529808089677,0.7059969971542109,False,True,0.03237410071942446,0,0,37.61954917907715,False,True,6.608767064360977,50.0,Atencao,Atencao: sinais iniciais de risco,26.512700996932267
1777741189.252809,835,True,0.2867244571862406,0.33463732150921116,0.31068088934772586,0.6923816062470869,False,True,0.032335329341317366,0,0,37.75055813789368,False,True,6.609986447812078,50.0,Atencao,Atencao: sinais iniciais de risco,26.839296423070614
1777741189.2881534,836,True,0.33580207432754844,0.32680691957557534,0.3313044969515619,0.7086769373623871,False,True,0.03229665071770335,0,0,37.861242818832395,False,True,6.610202371112087,50.0,Atencao,Atencao: sinais iniciais de risco,26.980329280704048
1777741189.324768,837,True,0.3236814308605476,0.29665394033076325,0.31016768559565544,0.7198055636316709,False,True,0.03225806451612903,0,0,39.8060112953186,False,True,6.702135192219929,50.0,Atencao,Atencao: sinais iniciais de risco,27.045376079400484
1777741189.3637874,838,True,0.28797120492828876,0.33890254827948574,0.31343687660388725,0.743666551034183,False,True,0.032219570405727926,0,0,40.62867355346679,False,True,6.737975364947186,50.0,Atencao,Atencao: sinais iniciais de risco,26.927491345189974
1777741189.3983328,839,True,0.29413289011079374,0.31507155004169746,0.3046022200762456,0.7408813658454788,False,True,0.03218116805721097,0,0,37.84169506755742,False,True,6.593346117730635,50.0,Atencao,Atencao: sinais iniciais de risco,27.06435695814372
1777741189.4343765,840,True,0.308995999983389,0.33658433697540946,0.32279016847939923,0.7531603052639568,False,True,0.03214285714285714,0,0,37.68614734519611,False,True,6.580300980888919,50.0,Atencao,Atencao: sinais iniciais de risco,27.17067880631836
1777741189.4694126,841,True,0.29272940199170017,0.31574181096476556,0.3042356064782329,0.7354852804004243,False,True,0.03210463733650416,0,0,37.84636666016145,False,True,6.583056723263651,50.0,Atencao,Atencao: sinais iniciais de risco,27.333239564876777
1777741189.503409,842,True,0.2995504471571508,0.32166946193579743,0.3106099545464741,0.7217512363070444,False,True,0.032066508313539195,0,0,36.372219209779395,False,True,6.504106610086866,50.0,Atencao,Atencao: sinais iniciais de risco,27.49971871566015
1777741189.5397139,843,True,0.30098436342299356,0.3221430247274194,0.31156369407520645,0.7333172206950233,False,True,0.03202846975088968,0,0,35.43234015107155,False,True,6.451882354787164,50.0,Atencao,Atencao: sinais iniciais de risco,27.52206469296876
1777741189.5757613,844,True,0.29009091562245043,0.3221334554712566,0.3061121855468535,0.8069521824025409,False,True,0.031990521327014215,0,0,37.204395306110385,False,True,6.535267204256231,50.0,Atencao,Atencao: sinais iniciais de risco,27.550153712975305
1777741189.6115403,845,True,0.264089885041269,0.31788647256923813,0.2909881788052536,0.7675419036111281,False,True,0.03195266272189349,0,0,35.82545927600427,False,True,6.461114844546825,50.0,Atencao,Atencao: sinais iniciais de risco,27.57337916142897
1777741189.650481,846,True,0.2736281510055755,0.3087005656401899,0.2911643583228827,0.8000365135180911,False,True,0.031914893617021274,0,0,36.67045574730093,False,True,6.498171416191728,50.0,Atencao,Atencao: sinais iniciais de risco,27.404796726043738
1777741189.6839142,847,True,0.2821936899497989,0.3311865801704105,0.3066901350601047,0.7336772289377184,False,True,0.031877213695395513,0,0,35.676398578015245,False,False,6.4432875685039015,50.0,Atencao,Atencao: sinais iniciais de risco,27.647245755142997
1777741189.7239454,848,True,0.2769234999121134,0.33380833283627176,0.3053659163741926,0.7386617857809602,False,True,0.031839622641509434,0,0,37.173950239203194,False,True,6.512996381653963,50.0,Atencao,Atencao: sinais iniciais de risco,27.368574420962503
1777741189.7618222,849,True,0.2817888903583473,0.3328081559702195,0.3072985231642834,0.6815930436714231,False,True,0.03180212014134275,0,0,36.717535112120885,False,True,6.485019031526929,50.0,Atencao,Atencao: sinais iniciais de risco,27.26845143480883
1777741189.8004248,850,True,0.27900557942513965,0.32208843233884543,0.30054700588199257,0.7013811621840159,False,True,0.03176470588235294,1,0,37.2384017299522,False,True,10.255917901807397,50.0,Atencao,Atencao: bocejo detectado,27.115668495791745
1777741189.8394117,851,True,0.2649313134830351,0.30594341493029975,0.28543736420666743,0.7149990963668993,False,True,0.03172737955346651,1,0,38.285046507553616,False,True,10.303117770465583,50.0,Atencao,Atencao: sinais iniciais de risco,26.98900272292761
1777741189.8784947,852,True,0.28884529689531907,0.30876052080571426,0.29880290885051664,0.6916292488533072,False,True,0.03169014084507042,1,0,38.09036927927624,False,True,10.288263586647254,50.0,Atencao,Atencao: sinais iniciais de risco,26.860994806025527
1777741189.9168913,853,True,0.2699615954519082,0.32504693994298367,0.2975042676974459,0.6936120302718355,False,True,0.031652989449003514,1,0,36.24761340022087,False,True,10.191017475735283,50.0,Atencao,Atencao: sinais iniciais de risco,26.74161067554062
1777741189.9577584,854,True,0.2790886218913021,0.2935792483470855,0.2863339351191938,0.7118486679575612,False,True,0.03161592505854801,1,0,37.8824730927294,False,True,10.26766410667308,50.0,Atencao,Atencao: sinais iniciais de risco,26.540499543924795
1777741190.001281,855,True,0.26730989993141335,0.3041085687498227,0.285709234340618,0.7109724262878926,False,True,0.031578947368421054,1,0,36.28284316929904,False,True,10.182598178109103,50.0,Atencao,Atencao: sinais iniciais de risco,26.194569788308495
1777741190.0421393,856,True,0.2851919931769288,0.32236505271883065,0.3037785229478797,0.6707199244736873,False,True,0.03154205607476635,1,0,35.471920860355546,False,True,10.136979509784407,50.0,Atencao,Atencao: sinais iniciais de risco,25.96523300796559
1777741190.086745,857,True,0.2869828985581319,0.3001478941978634,0.29356539637799767,0.6664636960417198,False,True,0.03150525087514586,1,0,36.36635494990782,False,True,10.176640499314203,50.0,Atencao,Atencao: sinais iniciais de risco,25.6423205887631
1777741190.1278589,858,True,0.27089839552322126,0.3147210938827394,0.2928097447029803,0.6867769996518619,False,True,0.03146853146853147,1,0,34.941832522370596,False,True,10.100365459527865,50.0,Atencao,Atencao: sinais iniciais de risco,25.484283038257836
1777741190.1702485,859,True,0.28969955287746085,0.3154766076404728,0.30258808025896683,0.7105500800082688,False,True,0.03143189755529686,1,0,35.76886301365765,False,True,10.136679821022458,50.0,Atencao,Atencao: sinais iniciais de risco,25.327146604235846
1777741190.2112703,860,True,0.27845816207231044,0.29596973269474286,0.2872139473835267,0.7004686339493341,False,True,0.031395348837209305,1,0,35.943953935124654,False,True,10.14040891835877,50.0,Atencao,Atencao: sinais iniciais de risco,25.225735464641826
1777741190.2511923,861,True,0.27751563337130625,0.29873253873048,0.2881240860508931,0.6546951512622491,False,True,0.0313588850174216,1,0,35.06797810955481,False,True,10.091596351859469,50.0,Atencao,Atencao: sinais iniciais de risco,25.214551064631248
1777741190.2859836,862,True,0.27580892862586687,0.33857244527134517,0.307190686948606,0.6062247732062368,False,False,0.031322505800464036,1,0,36.78272142572836,False,True,10.172331375336482,50.0,Atencao,Atencao: sinais iniciais de risco,25.5491535167643
1777741190.3211586,863,True,0.27774590981644054,0.3124703855895878,0.2951081477030142,0.5819742807972581,False,False,0.031286210892236384,1,0,37.21779240640727,False,True,10.189094374489123,50.0,Atencao,Atencao: sinais iniciais de risco,25.861070916527876
1777741190.3572733,864,True,0.2771243303308761,0.32983419023836374,0.3034792602846199,0.49230308795311684,False,False,0.03125,1,0,36.111507059769195,False,True,10.128801109474717,50.0,Atencao,Atencao: sinais iniciais de risco,26.04877351328615
1777741190.3922913,865,True,0.2723399589592723,0.3142910177776656,0.293315488368469,0.3731414907905303,False,False,0.03121387283236994,1,0,37.91667806018482,False,True,10.214092173946364,50.0,Atencao,Atencao: sinais iniciais de risco,26.292111897632733
1777741190.427579,866,True,0.2826457090428572,0.32938710345946837,0.3060164062511628,0.3505464940164447,False,False,0.03117782909930716,1,0,39.53800892667337,False,True,10.29020270397466,50.0,Atencao,Atencao: sinais iniciais de risco,26.495007738697442
1777741190.462192,867,True,0.28217181955523357,0.333085273962859,0.3076285467590463,0.13652739616571938,False,False,0.031141868512110725,1,0,39.61080263094468,False,True,10.288897808448716,50.0,Atencao,Atencao: sinais iniciais de risco,26.731393249570367
1777741190.49827,868,True,0.26117678493751256,0.311684658815484,0.2864307218764983,0.21364089443745338,False,False,0.03110599078341014,1,0,40.247020959854126,False,True,10.315775537197856,50.0,Atencao,Atencao: sinais iniciais de risco,26.840312981582766
1777741190.5335572,869,True,0.2681598497829576,0.3118585191635197,0.29000918447323865,0.17083765890548216,False,False,0.031070195627157654,1,0,40.70744080543518,False,True,10.333874695492195,50.0,Atencao,Atencao: sinais iniciais de risco,26.979672913739222
1777741190.567531,870,True,0.3045038740885419,0.3152289364321769,0.3098664052603594,0.146743475954389,False,False,0.03103448275862069,1,0,40.36441330909729,False,True,10.311812801251467,50.0,Atencao,Atencao: sinais iniciais de risco,27.230496916569088
1777741190.6008954,871,True,0.3039568613983247,0.32916056101657326,0.31655871120744894,0.1308488818285116,False,False,0.030998851894374284,1,0,40.27568368911743,False,True,10.302477076418592,50.0,Atencao,Atencao: sinais iniciais de risco,27.450510714065707
1777741190.6379137,872,True,0.29534616858066876,0.3272800739061345,0.3113131212434016,0.1237273822108429,False,False,0.03096330275229358,1,0,40.36441502571106,False,True,10.302025636212177,50.0,Atencao,Atencao: sinais iniciais de risco,27.46647956359848
1777741190.6713562,873,True,0.19866503259603413,0.22554628952117006,0.2121056610586021,0.03923724324708044,False,False,0.030927835051546393,1,0,37.9713173633272,False,True,10.177493944240247,50.0,Atencao,Atencao: sinais iniciais de risco,27.700581923292095
1777741190.7075744,874,True,0.17118785978792334,0.15935386132907928,0.16527086055850132,0.0033506624331712826,True,False,0.032036613272311214,1,0,30.470221427895805,False,True,9.954896152823839,50.0,Atencao,Atencao: sinais iniciais de risco,27.645642598618334
1777741190.741359,875,True,0.2151003667340033,0.19429878978193954,0.20469957825797142,0.0030314687512944622,True,False,0.03314285714285714,1,0,28.815421378612516,False,True,10.02426468255974,50.0,Atencao,Atencao: sinais iniciais de risco,27.919622267323223
1777741190.7759418,876,True,0.2170081818864484,0.19493226405271957,0.205970222969584,0.003057606892268059,True,False,0.03424657534246575,1,0,29.05380573977123,False,True,10.18794515306386,50.0,Atencao,Atencao: sinais iniciais de risco,27.983782857693267
1777741190.8111851,877,True,0.2086822460683407,0.23970537630133068,0.2241938111848357,0.005505897587854225,False,False,0.03420752565564424,1,0,26.73714262897318,False,False,10.073380118090572,50.0,Atencao,Atencao: sinais iniciais de risco,28.010622465470828
1777741190.8483162,878,True,0.22689492334075134,0.2795327296568787,0.253213826498815,0.004002841997524338,False,False,0.03416856492027335,1,0,23.827666023644532,False,False,9.922549186710643,50.0,Atencao,Atencao: sinais iniciais de risco,27.899113188928435
1777741190.8831773,879,True,0.23638050556274304,0.2897841996565596,0.2630823526096513,0.00434225210607824,False,False,0.034129692832764506,1,0,22.728844270381057,False,False,9.862263187015003,50.0,Atencao,Atencao: sinais iniciais de risco,27.997905879264447
1777741190.9205406,880,True,0.23365747627495928,0.2881933429661374,0.26092540962054833,0.004250999754059252,False,False,0.03409090909090909,1,0,22.567523449659348,False,False,9.848864381473799,50.0,Atencao,Atencao: sinais iniciais de risco,27.877134020433495
1777741190.958524,881,True,0.25064371678864983,0.29142870572686963,0.27103621125775973,0.002868050330374142,False,False,0.0340522133938706,1,0,22.824064682830468,False,False,9.856370784789561,50.0,Atencao,Atencao: sinais iniciais de risco,27.70945074905758
1777741190.9974608,882,True,0.2641353199475899,0.3128574546120423,0.2884963872798161,0.002381989134606689,False,False,0.034013605442176874,1,0,21.49484882192178,False,False,9.78460139838624,50.0,Atencao,Atencao: sinais iniciais de risco,27.495167697465238
1777741191.0335877,883,True,0.25922373757762324,0.31244341693207883,0.28583357725485103,0.0023884311426544172,False,False,0.03397508493771234,1,0,21.52445258498192,False,False,9.780785017175376,50.0,Atencao,Atencao: sinais iniciais de risco,27.532990828887165
1777741191.0676153,884,True,0.2657518986386853,0.31788493393544215,0.29181841628706373,0.0021740682252712183,False,False,0.033936651583710405,1,0,21.30987756252289,False,False,9.764771679877155,50.0,Atencao,Atencao: sinais iniciais de risco,27.72754423712316
1777741191.1008186,885,True,0.26441759403050535,0.3172512767501131,0.29083443539030923,0.0025317508858582706,False,False,0.03389830508474576,1,0,21.38376985598694,False,False,9.763193650942721,50.0,Atencao,Atencao: sinais iniciais de risco,27.921805499974703
1777741191.1378703,886,True,0.26606573853162546,0.33245171925267064,0.29925872889214805,0.0028641197636477137,False,False,0.033860045146726865,1,0,22.038483669541097,False,False,9.79066860014283,50.0,Atencao,Atencao: sinais iniciais de risco,27.876409836010552
1777741191.3595374,887,True,0.2620284737662479,0.3173915292487285,0.28971000150748816,0.003313913281726052,False,False,0.033821871476888386,1,0,23.723621415550056,False,False,9.869676607840486,50.0,Atencao,Atencao: sinais iniciais de risco,25.539716767460728
1777741191.3939028,888,True,0.2570320838098836,0.3140737870857845,0.28555293544783406,0.0031034044819857128,False,False,0.033783783783783786,1,0,24.203501917828216,False,False,9.888433575152511,50.0,Atencao,Atencao: sinais iniciais de risco,25.876645403334585
1777741191.430365,889,True,0.26195062987296763,0.32859973810010573,0.2952751839865367,0.003685158781437681,False,False,0.03374578177727784,1,0,25.085406025973235,False,False,9.927303504665197,50.0,Atencao,Atencao: sinais iniciais de risco,26.048903475466993
1777741191.4647703,890,True,0.2585195193534583,0.32257528304106653,0.2905474011972624,0.003817421152459132,False,False,0.033707865168539325,1,0,24.56059434630654,False,False,9.895849386980315,50.0,Atencao,Atencao: sinais iniciais de risco,26.376048548857238
1777741191.4990633,891,True,0.26140268377617637,0.3166780464129777,0.28904036509457703,0.004608035047654271,False,False,0.03367003367003367,1,0,25.100206355344163,False,False,9.91762815638767,50.0,Atencao,Atencao: sinais iniciais de risco,26.629310577504995
1777741191.5344474,892,True,0.2581209097517735,0.32099472989517785,0.28955781982347567,0.1276873681055843,False,False,0.033632286995515695,1,0,25.158178170702673,False,False,9.915336579409374,50.0,Atencao,Atencao: sinais iniciais de risco,26.79565002220778
1777741191.571394,893,True,0.2641206993464988,0.30476880329487277,0.2844447513206858,0.2219777013510946,False,False,0.0335946248600224,1,0,23.493952510302716,False,False,9.826946752759046,50.0,Atencao,Atencao: sinais iniciais de risco,26.819723033098327
1777741191.6070418,894,True,0.2573770037490358,0.29311343914696314,0.27524522144799946,0.2129520196135419,False,False,0.03355704697986577,1,0,24.13747685958039,False,False,9.853956011701394,50.0,Atencao,Atencao: sinais iniciais de risco,26.92226548640602
1777741191.6405852,895,True,0.27539341952376395,0.2808476276923274,0.2781205236080457,0.274058251409382,False,False,0.0335195530726257,1,0,21.54392670772292,False,False,9.719123091863011,50.0,Atencao,Atencao: sinais iniciais de risco,27.227263510055817
1777741191.674954,896,True,0.2537747498669706,0.3047922518549574,0.279283500860964,0.22942236436635968,False,False,0.033482142857142856,1,0,20.165675650672476,False,False,9.645066634381598,50.0,Atencao,Atencao: sinais iniciais de risco,27.43043870264349
1777741191.7075558,897,True,0.24782387224852476,0.2902141328289948,0.26901900253875977,0.25103703929997073,False,False,0.033444816053511704,1,0,19.983554727651853,False,False,9.630828152731283,50.0,Atencao,Atencao: sinais iniciais de risco,27.692807577163695
1777741191.7419999,898,True,0.24051639574086617,0.2950900438793555,0.26780321981011085,0.2365450700114105,False,False,0.0334075723830735,1,0,20.539350949634205,False,False,9.653496959145148,50.0,Atencao,Atencao: sinais iniciais de risco,27.87145752175135
1777741191.7777524,899,True,0.24701913646413817,0.2783455320962055,0.26268233428017185,0.24685091189414732,False,False,0.03337041156840934,1,0,19.33723153282296,False,False,9.588281376288265,50.0,Atencao,Atencao: sinais iniciais de risco,27.847590011965003
1777741191.8134744,900,True,0.24692131502608378,0.28349315893414945,0.2652072369801166,0.24865696853577626,False,False,0.03333333333333333,1,0,19.31029037128795,False,False,9.58183606088856,50.0,Atencao,Atencao: sinais iniciais de risco,27.917013671287087
1777741191.8485105,901,True,0.2464111779581806,0.29216424397815866,0.2692877109681696,0.2383527429344015,False,False,0.033296337402885685,1,0,19.59371710961515,False,False,9.590920457368371,50.0,Atencao,Atencao: sinais iniciais de risco,27.986845573128818
1777741191.8845956,902,True,0.25215488005261977,0.2841182597987836,0.2681365699257017,0.23876400363082104,False,False,0.03325942350332594,1,0,19.23409679911353,False,False,9.567863780653823,50.0,Atencao,Atencao: sinais iniciais de risco,27.919461167083583
1777741191.919473,903,True,0.23526112300737567,0.28624789197815165,0.26075450749276363,0.25717587863515723,False,False,0.03322259136212625,1,0,20.495147798549045,False,False,9.625851911210642,50.0,Atencao,Atencao: sinais iniciais de risco,27.994972566177555
1777741191.9550252,904,True,0.20657481491512594,0.22254667909209783,0.21456074700361188,0.2208478346684549,False,False,0.033185840707964605,1,0,21.8837867365642,False,False,9.690230643164174,50.0,Atencao,Atencao: sinais iniciais de risco,28.034682487078637
1777741191.991181,905,True,0.23521308097776544,0.26133173548652144,0.24827240823214344,0.06257632481335856,False,False,0.03314917127071823,1,0,25.743432410738688,False,False,9.878170879251522,50.0,Atencao,Atencao: sinais iniciais de risco,27.975971066497454
1777741192.0287313,906,True,0.23751202426186957,0.2778894207168078,0.2577007224893387,0.004426963025124562,False,False,0.033112582781456956,1,0,28.814193111116232,False,False,10.026677996996975,50.0,Atencao,Atencao: sinais iniciais de risco,27.832055280878247
1777741192.0708978,907,True,0.24015233901960348,0.28870518550180563,0.26442876226070455,0.004253120218028394,False,False,0.03307607497243661,1,0,28.515067807652734,False,False,10.006701908083501,50.0,Atencao,Atencao: sinais iniciais de risco,27.425190900544138
1777741192.109081,908,True,0.2411916118722018,0.32850243665622025,0.28484702426421105,0.0040001157675950295,False,False,0.03303964757709251,1,0,32.02817163033919,False,False,10.177348332358008,50.0,Atencao,Atencao: sinais iniciais de risco,27.337191395338245
1777741192.1459668,909,True,0.24850043769641858,0.33746368968551094,0.29298206369096474,0.004881639024706922,False,False,0.033003300330033,1,0,32.89558356621048,False,False,10.215721182680891,50.0,Atencao,Atencao: sinais iniciais de risco,27.274533706719847
1777741192.1863992,910,True,0.24365663522110542,0.3175368825245491,0.28059675887282726,0.0038941617778827124,False,False,0.03296703296703297,1,0,33.615332560105756,False,True,10.246721869963151,50.0,Atencao,Atencao: sinais iniciais de risco,27.046699146223624
1777741192.2252097,911,True,0.2535714699665963,0.32900498540002426,0.2912882276833103,0.004254926802153198,False,False,0.03293084522502744,1,0,34.028683827681974,False,True,10.262413618816202,50.0,Atencao,Atencao: sinais iniciais de risco,26.898763155407117
1777741192.2649953,912,True,0.255865274712129,0.3430831893680429,0.29947423204008594,0.004053182787904699,False,False,0.03289473684210526,1,0,34.961761103976855,False,True,10.304102579979148,50.0,Atencao,Atencao: sinais iniciais de risco,26.726402453894092
1777741192.3037004,913,True,0.2637480809032322,0.341644996231288,0.3026965385672601,0.0031310140538367325,False,False,0.03285870755750274,1,0,34.133386464010584,False,True,10.257729821347986,50.0,Atencao,Atencao: sinais iniciais de risco,26.623789013639584
1777741192.3434706,914,True,0.25655809620440556,0.34113540943736614,0.29884675282088585,0.004115415447386054,False,False,0.03282275711159737,1,0,33.820443785732444,False,True,10.23713950112209,50.0,Atencao,Atencao: sinais iniciais de risco,26.489714479443126
1777741192.3846428,915,True,0.2665478655958758,0.3434429695334507,0.30499541756466325,0.0028776016215845608,False,False,0.03278688524590164,1,0,34.495024349472736,False,True,10.265936147775943,50.0,Atencao,Atencao: sinais iniciais de risco,26.267415070031497
1777741192.4242373,916,True,0.26933593581982984,0.3477826255465542,0.30855928068319205,0.0037262214574880197,False,False,0.03275109170305677,1,0,35.46220548261295,False,True,10.309373592291784,50.0,Atencao,Atencao: sinais iniciais de risco,26.19344574799745
1777741192.460005,917,True,0.2777272119348476,0.3500223006818262,0.31387475630833694,0.003789623092584093,False,False,0.03271537622682661,1,0,35.51443584019488,False,True,10.307074232189235,50.0,Atencao,Atencao: sinais iniciais de risco,26.34329445192308
1777741192.4931746,918,True,0.26714260201751866,0.3427273502407522,0.30493497612913545,0.0039002185490982087,False,False,0.032679738562091505,1,0,35.55722635821862,False,True,10.304313579189344,50.0,Atencao,Atencao: sinais iniciais de risco,26.724301003738834
1777741192.5262177,919,True,0.27343997545854193,0.32699030976013327,0.30021514260933757,0.004004656804417844,False,False,0.03264417845484222,1,0,35.659364174712785,False,True,10.304530955267277,50.0,Atencao,Atencao: sinais iniciais de risco,27.07212472394788
1777741192.5610483,920,True,0.27291156434817315,0.3295712896255867,0.30124142698687995,0.003720264625122923,False,False,0.03260869565217391,1,0,35.42774295102466,False,True,10.288071008715976,50.0,Atencao,Atencao: sinais iniciais de risco,27.25486014780127
1777741192.595155,921,True,0.2667886792628411,0.33052616386472944,0.2986574215637853,0.0039875260397245794,False,False,0.03257328990228013,1,0,35.07982899329879,False,True,10.265807020219288,50.0,Atencao,Atencao: sinais iniciais de risco,27.448204383624915
1777741192.6329103,922,True,0.2785364487742242,0.32665905791696265,0.3025977533455934,0.004927497767537294,False,False,0.03253796095444685,1,0,35.83082931204275,False,True,10.298499305829411,50.0,Atencao,Atencao: sinais iniciais de risco,27.35811493868125
1777741192.6668124,923,True,0.2741693272511831,0.33739047512247045,0.30577990118682674,0.003940271788656819,False,False,0.032502708559046585,1,0,35.292481847784735,False,True,10.266734728248974,50.0,Atencao,Atencao: sinais iniciais de risco,27.582670057062455
1777741192.700906,924,True,0.2896017906406144,0.335501492036863,0.3125516413387387,0.004484991110915463,False,False,0.032467532467532464,1,0,35.43671037012881,False,True,10.269109441782986,50.0,Atencao,Atencao: sinais iniciais de risco,27.7329862825094
1777741192.736691,925,True,0.29012314322588767,0.3322348995991676,0.3111790214125276,0.004524001861011834,False,False,0.032432432432432434,1,0,34.79919930588115,False,True,10.232407633744348,50.0,Atencao,Atencao: sinais iniciais de risco,27.754326419420973
1777741192.7706952,926,True,0.28778961613473614,0.3442444959320332,0.3160170560333847,0.004550080058563346,False,False,0.032397408207343416,1,0,35.17471038807521,False,True,10.246367356904312,50.0,Atencao,Atencao: sinais iniciais de risco,27.932283380945364
1777741192.8043208,927,True,0.29210604769233156,0.33862483458685905,0.3153654411395953,0.005039448004481658,False,False,0.032362459546925564,1,0,33.95842714038762,False,True,10.180747753712476,50.0,Atencao,Atencao: sinais iniciais de risco,28.109031552318697
1777741192.8394706,928,True,0.2979386877694672,0.35072059644858816,0.3243296421090277,0.0042628536745878244,False,False,0.032327586206896554,1,0,33.61286686713045,False,True,10.158674655795629,50.0,Atencao,Atencao: sinais iniciais de risco,28.09749238130912
1777741192.875177,929,True,0.28134042155988437,0.34363962296664347,0.31249002226326394,0.004216009672408323,False,False,0.03229278794402583,1,0,32.35685748295351,False,True,10.091089425442057,50.0,Atencao,Atencao: sinais iniciais de risco,28.110146250471207
1777741192.913125,930,True,0.2819595390785847,0.3447059516552983,0.3133327453669415,0.004592783000239557,False,False,0.03225806451612903,1,0,31.199908147074957,False,True,10.028467487312321,50.0,Atencao,Atencao: sinais iniciais de risco,27.922013646225277
1777741192.949364,931,True,0.28372326334775927,0.3470139610138147,0.315368612180787,0.005348928764521009,False,False,0.0322234156820623,1,0,30.10904674540189,False,True,9.969160202544492,50.0,Atencao,Atencao: sinais iniciais de risco,27.888372091878672
1777741192.9876158,932,True,0.2878230306936759,0.34057800821783796,0.3142005194557569,0.004214364110441482,False,False,0.032188841201716736,1,0,30.14765159108422,False,True,9.966336453781093,50.0,Atencao,Atencao: sinais iniciais de risco,27.72664083862299
1777741193.025734,933,True,0.28616875443541173,0.3532087067809741,0.3196887306081929,0.004206476135696331,False,False,0.03215434083601286,1,0,29.68956054394895,False,True,9.938688101140047,50.0,Atencao,Atencao: sinais iniciais de risco,27.609426799115855
1777741193.0647087,934,True,0.268690993087038,0.36099259864708055,0.3148417958670593,0.005054330844163824,False,False,0.032119914346895075,1,0,31.178991278193212,False,True,10.008425995598564,50.0,Atencao,Atencao: sinais iniciais de risco,27.397534215871424
1777741193.1042395,935,True,0.2785518765863439,0.3269078279045948,0.30272985224546933,0.2747833860356059,False,False,0.03208556149732621,1,0,32.494257410547945,False,True,10.069465785400581,50.0,Atencao,Atencao: sinais iniciais de risco,27.180497863252153
1777741193.142502,936,True,0.2951822828659679,0.3411991033532917,0.3181906931096298,0.26527139161316776,False,False,0.03205128205128205,1,0,31.796985567699775,False,True,10.029888769427101,50.0,Atencao,Atencao: sinais iniciais de risco,27.04067137214777
1777741193.1826541,937,True,0.28543873057135083,0.33827517908262084,0.31185695482698583,0.2690972910176213,False,False,0.032017075773746,1,0,31.95934073328972,False,True,10.03330316454539,50.0,Atencao,Atencao: sinais iniciais de risco,26.818886942153668
1777741193.2199981,938,True,0.29118737415215024,0.34059720867413723,0.31589229141314373,0.1459695304021094,False,False,0.031982942430703626,1,0,32.71755112734708,False,True,10.066520349579932,50.0,Atencao,Atencao: sinais iniciais de risco,26.903058684909528
1777741193.2571335,939,True,0.2802276019797551,0.3338115251844736,0.30701956358211435,0.14630915208644152,False,False,0.03194888178913738,1,0,34.223835167017846,False,True,10.137151213348114,50.0,Atencao,Atencao: sinais iniciais de risco,26.873693138863494
1777741193.2915444,940,True,0.29699489089129333,0.33705564951400624,0.3170252702026498,0.07912731477236107,False,False,0.031914893617021274,1,0,35.6324356908148,False,True,10.202907865871996,50.0,Atencao,Atencao: sinais iniciais de risco,27.1140928351542
1777741193.3251524,941,True,0.30632417011703855,0.328657887178825,0.3174910286479318,0.08243292838013701,False,False,0.031880977683315624,1,0,36.836788548664614,False,True,10.25846206787996,50.0,Atencao,Atencao: sinais iniciais de risco,27.350909750795974
1777741193.3597708,942,True,0.2956648969011302,0.3120187907668005,0.30384184383396534,0.08152458223315182,False,False,0.03184713375796178,1,0,35.90052707412026,False,True,10.20699545441659,50.0,Atencao,Atencao: sinais iniciais de risco,27.50843335503489
1777741193.394903,943,True,0.294589897861088,0.29341654802447453,0.29400322294278125,0.12458318983590382,False,False,0.031813361611876985,1,0,35.94867139512842,False,True,10.204759000380337,50.0,Atencao,Atencao: sinais iniciais de risco,27.608217157382178
1777741193.430785,944,True,0.30050214097352235,0.29395263236455016,0.29722738666903625,0.11537026569368804,False,False,0.03177966101694915,1,0,35.59376103173603,False,True,10.18237965040814,50.0,Atencao,Atencao: sinais iniciais de risco,27.646093486522478
1777741193.4648914,945,True,0.2921303438335483,0.3328175331641795,0.3124739384988639,0.04828832130515115,False,False,0.031746031746031744,1,0,34.92571400891651,False,True,10.144353274516021,50.0,Atencao,Atencao: sinais iniciais de risco,27.80921028919146
1777741193.5005205,946,True,0.29681864284987536,0.3664834185942356,0.3316510307220555,0.011130120723176361,False,False,0.03171247357293869,1,0,35.68189808509567,False,True,10.177548229524685,50.0,Atencao,Atencao: sinais iniciais de risco,27.825382521615495
1777741193.5350935,947,True,0.2936734705729416,0.3653012841422142,0.3294873773575779,0.010151011726813316,False,False,0.03167898627243928,1,0,35.61751601099968,False,True,10.169724622001215,50.0,Atencao,Atencao: sinais iniciais de risco,27.93169849063246
1777741193.570522,948,True,0.2825087002198802,0.3836566346223624,0.3330826674211213,0.005384949837559683,False,False,0.03164556962025317,1,0,33.89091292890635,False,True,10.07879967822096,50.0,Atencao,Atencao: sinais iniciais de risco,27.97058754786711
1777741193.6071033,949,True,0.2891296203336272,0.40866593633551673,0.348897778334572,0.0050439378269352,False,False,0.03161222339304531,1,0,34.08727428696372,False,True,10.084032639882748,50.0,Atencao,Atencao: sinais iniciais de risco,27.904180082229498
1777741193.6418307,950,True,0.30313085011309654,0.40226435968804874,0.35269760490057267,0.004911910277676122,False,False,0.031578947368421054,1,0,34.07003263885325,False,True,10.078595104091388,50.0,Atencao,Atencao: sinais iniciais de risco,27.97818875940015
1777741193.6783977,951,True,0.2877742587705748,0.3797286524058731,0.33375145558822394,0.005103909842859665,False,False,0.031545741324921134,1,0,34.91357743035663,False,True,10.116206512685318,50.0,Atencao,Atencao: sinais iniciais de risco,27.952303499830055
1777741193.715573,952,True,0.28430297386766396,0.39277136078336744,0.3385371673255157,0.005025880357789448,False,False,0.031512605042016806,1,0,34.754891735857186,False,True,10.103715989061001,50.0,Atencao,Atencao: sinais iniciais de risco,27.81348959287399
1777741193.7502239,953,True,0.2911931816903038,0.40676223435811504,0.3489777080242094,0.004289954408320405,False,False,0.03147953830010493,1,0,33.777987900376324,False,True,10.050324120274077,50.0,Atencao,Atencao: sinais iniciais de risco,27.934426472228935
1777741193.7861555,954,True,0.2873289858486413,0.370032026882243,0.32868050636544216,0.004241843055920889,False,False,0.031446540880503145,1,0,33.90425321839072,False,True,10.052100240979549,50.0,Atencao,Atencao: sinais iniciais de risco,27.920491076453498
1777741193.823099,955,True,0.29835257555949374,0.40984457932988344,0.3540985774446886,0.0033694912480042977,False,False,0.031413612565445025,1,0,34.1296986409209,False,True,10.058844868785567,50.0,Atencao,Atencao: sinais iniciais de risco,27.840718273359872
1777741193.858263,956,True,0.29332400528181146,0.3665741103554885,0.32994905781864997,0.004621556650092925,False,False,0.03138075313807531,1,0,33.10351806106892,False,True,10.003017668529633,50.0,Atencao,Atencao: sinais iniciais de risco,27.88890587731848
1777741193.8920014,957,True,0.2863812635608272,0.3935177161910567,0.339949489875942,0.004190600466255599,False,False,0.03134796238244514,1,0,33.61951307044787,False,True,10.024308690099431,50.0,Atencao,Atencao: sinais iniciais de risco,28.072260467992994
1777741193.9255855,958,True,0.2975160951022758,0.39833630121052094,0.34792619815639836,0.004747861895669029,False,False,0.031315240083507306,1,0,33.294522448425944,False,True,10.003559842894383,50.0,Atencao,Atencao: sinais iniciais de risco,28.25382942932941
1777741193.9591079,959,True,0.287757038865574,0.4031769481853861,0.34546699352548005,0.004160546313239108,False,False,0.03128258602711158,1,0,34.438634328950535,False,True,10.0562755041662,50.0,Atencao,Atencao: sinais iniciais de risco,28.39496047260887
1777741193.9964457,960,True,0.28717546388444426,0.380590351659853,0.33388290777214863,0.004423716890257933,False,False,0.03125,1,0,34.48940686475147,False,True,10.054333552228405,50.0,Atencao,Atencao: sinais iniciais de risco,28.245509376137832
1777741194.0356371,961,True,0.2866698861256291,0.4050119696151728,0.34584092787040094,0.003872306688335836,False,False,0.031217481789802288,1,0,34.366615332256664,False,True,10.04372272170148,50.0,Atencao,Atencao: sinais iniciais de risco,27.959776975307584
1777741194.0726016,962,True,0.28465696317774736,0.37867486068932577,0.33166591193353656,0.004367678893149619,False,False,0.031185031185031187,1,0,34.53982046896761,False,True,10.047921020381,50.0,Atencao,Atencao: sinais iniciais de risco,27.86745191039553
1777741194.115049,963,True,0.29189551181659207,0.4019604471897105,0.3469279795031513,0.00518470941092126,False,False,0.03115264797507788,1,0,35.35298253677108,False,True,10.084126432402595,50.0,Atencao,Atencao: sinais iniciais de risco,27.42472408432904
1777741194.1524243,964,True,0.32838439728539043,0.4129699849391569,0.37067719111227365,0.005944644810570357,False,False,0.03112033195020747,1,0,34.62134308760817,False,True,10.043101006524767,50.0,Atencao,Atencao: sinais iniciais de risco,27.373491153956685
1777741194.1897805,965,True,0.32645674390436996,0.41526992660154205,0.370863335252956,0.006894135517203677,False,False,0.031088082901554404,1,0,34.29364171136508,False,True,10.022281693522817,50.0,Atencao,Atencao: sinais iniciais de risco,27.325499711490885
1777741194.2224867,966,True,0.3296011449990025,0.4195277961566122,0.37456447057780734,0.0064221909076875375,False,False,0.031055900621118012,1,0,34.196606366742735,False,True,10.013004862731693,50.0,Atencao,Atencao: sinais iniciais de risco,27.60635033202558
1777741194.2587788,967,True,0.3360227024631308,0.41670270886961525,0.37636270566637303,0.009086070798215957,False,False,0.031023784901758014,1,0,34.24079093120314,False,True,10.010798179542714,50.0,Atencao,Atencao: sinais iniciais de risco,27.6046328118543
1777741194.293137,968,True,0.3371073144961217,0.4127636852705642,0.37493549988334296,0.004832104308975593,False,False,0.030991735537190084,1,0,34.4539751497182,False,True,10.017050602840378,50.0,Atencao,Atencao: sinais iniciais de risco,27.787449583014975
1777741194.3255222,969,True,0.3329920291805096,0.4259403861188922,0.37946620764970085,0.004657145469740156,False,False,0.030959752321981424,1,0,34.36107946471734,False,True,10.008008126499142,50.0,Atencao,Atencao: sinais iniciais de risco,28.005767498875116
1777741194.359756,970,True,0.3467151339054612,0.4227215174875566,0.3847183256965089,0.002993360428488068,False,False,0.030927835051546393,1,0,34.14305201768875,False,True,9.992718129462899,50.0,Atencao,Atencao: sinais iniciais de risco,28.192494706824593
1777741194.3973408,971,True,0.34241465541346594,0.4112116201008315,0.37681313775714875,0.004084299070695622,False,False,0.030895983522142123,1,0,33.02850880297748,False,True,9.932611383434246,50.0,Atencao,Atencao: sinais iniciais de risco,28.05100855703984
1777741194.4314427,972,True,0.32719016028900577,0.41588446057709,0.3715373104330479,0.004431388259137327,False,False,0.030864197530864196,1,0,33.083931221203365,False,True,9.931011930544825,50.0,Atencao,Atencao: sinais iniciais de risco,28.182032308473453
1777741194.4649043,973,True,0.33631511507208417,0.4375584353993242,0.3869367752357042,0.00455113135625394,False,False,0.030832476875642344,1,0,33.26451215798205,False,True,9.935679387290756,50.0,Atencao,Atencao: sinais iniciais de risco,28.34011699040251
1777741194.4993086,974,True,0.331443909601513,0.441860782777149,0.386652346189331,0.003719568199095579,False,False,0.030800821355236138,1,0,32.51663798744028,False,True,9.893933044707815,50.0,Atencao,Atencao: sinais iniciais de risco,28.37248608525541
1777741194.5344567,975,True,0.33831400492268743,0.4029719578721354,0.3706429813974114,0.005501513093708772,False,False,0.03076923076923077,1,0,33.5623906574466,False,True,9.941876972632391,50.0,Atencao,Atencao: sinais iniciais de risco,28.391392919455306
1777741194.5694625,976,True,0.3437049084655151,0.41586595779377933,0.3797854331296472,0.05746121911785322,False,False,0.030737704918032786,1,0,33.442093433033335,False,True,9.931527306872006,50.0,Atencao,Atencao: sinais iniciais de risco,28.433433761975678
1777741194.603675,977,True,0.34037889487356626,0.42504013477702124,0.38270951482529375,0.15612357481517664,False,False,0.030706243602865915,1,0,33.11227657849138,False,True,9.910710533309462,50.0,Atencao,Atencao: sinais iniciais de risco,28.534930582962275
1777741194.6366374,978,True,0.343631991336294,0.42129585959378163,0.3824639254650378,0.1656262577853559,False,False,0.03067484662576687,1,0,32.900531417673285,False,True,9.895806190917439,50.0,Atencao,Atencao: sinais iniciais de risco,28.70068826883135
1777741194.6735775,979,True,0.33472175169857865,0.4186671313004664,0.3766944414995225,0.19440922859953577,False,False,0.030643513789581207,1,0,33.27186951962384,False,True,9.91006483103944,50.0,Atencao,Atencao: sinais iniciais de risco,28.544603515978835
1777741194.7094586,980,True,0.3332849354326499,0.4149044913766944,0.37409471340467215,0.2412455835586451,False,False,0.030612244897959183,1,0,32.451983630115336,False,True,9.864771063965986,50.0,Atencao,Atencao: sinais iniciais de risco,28.462653171693237
1777741194.7439685,981,True,0.3300001351756321,0.4216800333682128,0.37584008427192245,0.23582414698069823,False,False,0.03058103975535168,1,0,33.29782344048674,False,True,9.902772347376024,50.0,Atencao,Atencao: sinais iniciais de risco,28.548578022772748
1777741194.7791278,982,True,0.3332915741908893,0.42024992905921815,0.3767707516250537,0.2556559422843492,False,False,0.03054989816700611,1,0,33.80632492683151,False,True,9.923915453295747,50.0,Atencao,Atencao: sinais iniciais de risco,28.511010497473524
1777741194.8153756,983,True,0.3270177355397508,0.4169794586692431,0.3719985971044969,0.2141018337199652,False,False,0.030518819938962362,1,0,34.14724619496952,False,True,9.936688260346632,50.0,Atencao,Atencao: sinais iniciais de risco,28.405382159753724
1777741194.8515189,984,True,0.33624984625002746,0.4360215977329963,0.3861357219915119,0.12431773278951305,False,False,0.03048780487804878,1,0,33.7175467940894,False,True,9.910938719427008,50.0,Atencao,Atencao: sinais iniciais de risco,28.34646190024405
1777741194.8849318,985,True,0.33583987519653197,0.4315173955892427,0.3836786353928873,0.06795359951443104,False,False,0.030456852791878174,1,0,35.25056060606783,False,True,9.98333349817747,50.0,Atencao,Atencao: sinais iniciais de risco,28.506320795819562
1777741194.9189034,986,True,0.3270132779591895,0.4133647000040675,0.3701889889816285,0.0957223116778548,False,False,0.030425963488843813,1,0,35.309844038161366,False,True,9.982050390614923,50.0,Atencao,Atencao: sinais iniciais de risco,28.57953708494653
1777741194.9550784,987,True,0.3342881209217554,0.4368352114650023,0.38556166619337884,0.09994338829167876,False,False,0.030395136778115502,1,0,35.34629008769989,False,True,9.979634020366706,50.0,Atencao,Atencao: sinais iniciais de risco,28.507867059141812
1777741194.9937768,988,True,0.33407880430646003,0.4040612077792853,0.36907000604287266,0.07696006924928282,False,False,0.030364372469635626,1,0,34.713277267326006,False,True,9.94375328693203,50.0,Atencao,Atencao: sinais iniciais de risco,28.255083526998483
1777741195.0313678,989,True,0.3468914925159975,0.41019147969657865,0.37854148610628807,0.06914431314332946,False,False,0.030333670374115267,1,0,35.0082663368095,False,True,9.954281202272153,50.0,Atencao,Atencao: sinais iniciais de risco,28.05113699595958
1777741195.0704114,990,True,0.33120819531201945,0.3873268734125714,0.3592675343622954,0.027035790796328653,False,False,0.030303030303030304,1,0,37.30682369741526,False,True,10.06499606052826,50.0,Atencao,Atencao: sinais iniciais de risco,27.817332120091965
1777741195.1098652,991,True,0.3177428859270809,0.42016086799148095,0.3689518769592809,0.03875655038032154,False,False,0.030272452068617558,1,0,38.38359326666051,False,True,10.11463003175877,50.0,Atencao,Atencao: sinais iniciais de risco,27.544574769518295
1777741195.1494358,992,True,0.35621713496759094,0.3944375584454809,0.3753273467065359,0.019256097030732784,False,False,0.03024193548387097,1,0,38.863961124420165,False,True,10.134452394244098,50.0,Atencao,Atencao: sinais iniciais de risco,27.3683538824278
1777741195.1867568,993,True,0.2984977499182968,0.41593396993983917,0.357215859929068,0.007422303833394876,False,False,0.030211480362537766,1,0,38.566116619110105,False,True,10.115372589795278,50.0,Atencao,Atencao: foco visual fora da direcao,27.287314101362064
1777741195.22113,994,True,0.3237887952061491,0.39052794908046545,0.35715837214330726,0.006339916528104689,False,False,0.030181086519114688,1,0,38.976049137115474,False,True,10.131690062224873,50.0,Atencao,Atencao: foco visual fora da direcao,27.481661866402316
1777741195.2559009,995,True,0.31449604940737713,0.3752422058035627,0.34486912760546995,0.005841397191749913,False,False,0.03015075376884422,1,0,38.05803027153015,False,True,10.081618365783418,50.0,Atencao,Atencao: foco visual fora da direcao,27.58167896150649
1777741195.2901173,996,True,0.33401520373637567,0.40217444397181473,0.3680948238540952,0.005337815128367183,False,False,0.030120481927710843,1,0,39.649420928955074,False,True,10.157025520498825,50.0,Atencao,Atencao: foco visual fora da direcao,27.722103803050896
1777741195.3249216,997,True,0.3064578300135713,0.36033767958015506,0.3333977547968632,0.025576697292394847,False,False,0.03009027081243731,1,0,37.020483524149114,False,True,10.021424621908416,50.0,Atencao,Atencao: foco visual fora da direcao,27.875170149348076
1777741195.357066,998,True,0.3323692966649391,0.4079018739640634,0.37013558531450125,0.2148083130805804,False,False,0.03006012024048096,1,0,39.31883613467216,False,True,10.13219654879057,50.0,Atencao,Atencao: foco visual fora da direcao,28.2097651808603
1777741195.3894274,999,True,0.3353998650745267,0.379981127342247,0.35769049620838683,0.20864774123945687,False,False,0.03003003003003003,1,0,39.21128489320929,False,True,10.122681582780425,50.0,Atencao,Atencao: foco visual fora da direcao,28.481202357832398
1777741195.4236095,1000,True,0.3451539781127601,0.3767253629078406,0.36093967051030035,0.4277540914017258,False,False,0.03,1,0,37.17287740165537,False,True,10.016632079073599,50.0,Atencao,Atencao: foco visual fora da direcao,28.574362399573634
1777741195.4581845,1001,True,0.332465136305348,0.35320131207812094,0.34283322419173445,0.4228094914930361,False,False,0.029970029970029972,1,0,35.645248575102194,False,True,9.93612975862506,50.0,Atencao,Atencao: foco visual fora da direcao,28.584515234671677
1777741195.4954302,1002,True,0.3411262681938242,0.38696545326426696,0.36404586072904555,0.41905904292533674,False,False,0.029940119760479042,1,0,34.906217264587234,False,True,9.89506553928606,50.0,Atencao,Atencao: foco visual fora da direcao,28.402300600749022
1777741195.5295684,1003,True,0.32732003246177505,0.38596451286053335,0.3566422726611542,0.20386781926502343,False,False,0.02991026919242273,1,0,35.712199230627576,False,True,9.931260184480333,50.0,Atencao,Atencao: foco visual fora da direcao,28.49320357022636
1777741195.5645573,1004,True,0.33860970285881875,0.4174700376294931,0.3780398702441559,0.2588813367184138,False,False,0.029880478087649404,1,0,38.51347602389075,False,True,10.067227747237162,50.0,Atencao,Atencao: foco visual fora da direcao,28.509582229363232
1777741195.60031,1005,True,0.3230412723575032,0.37715245164405337,0.3500968620007783,0.09889567690319523,False,False,0.029850746268656716,1,0,39.3442196699706,False,True,10.10467680442966,50.0,Atencao,Atencao: foco visual fora da direcao,28.45524010253169
1777741195.6335354,1006,True,0.3442708668563412,0.3772264095078884,0.3607486381821148,0.08010561305912463,False,False,0.02982107355864811,1,0,40.533534097671506,False,True,10.160062528188522,50.0,Atencao,Atencao: foco visual fora da direcao,28.6117004004935
1777741195.66883,1007,True,0.3445007289101492,0.3716135350430034,0.3580571319765763,0.08819662382569576,False,False,0.029791459781529295,1,0,40.42659120559692,False,True,10.150643489230955,50.0,Atencao,Atencao: foco visual fora da direcao,28.568876669473795
1777741195.7028937,1008,True,0.3520159434415236,0.3629134127425587,0.3574646780920412,0.072752678348176,False,False,0.02976190476190476,1,0,38.680754451860075,False,True,10.059287836345739,50.0,Atencao,Atencao: foco visual fora da direcao,28.669431404902923
1777741195.7382445,1009,True,0.32952066405710567,0.3686292724136529,0.3490749682353793,0.19101639177187496,False,False,0.02973240832507433,1,0,38.765333052656864,False,True,10.059461006321394,50.0,Atencao,Atencao: foco visual fora da direcao,28.629143624722765
1777741195.7746165,1010,True,0.32963626620670444,0.3830687636810189,0.35635251494386166,0.1322648042966243,False,False,0.0297029702970297,1,0,38.93731835592876,False,True,10.064012542628852,50.0,Atencao,Atencao: foco visual fora da direcao,28.470810553221735
1777741195.8107147,1011,True,0.3387766617057147,0.39347750988221364,0.36612708579396414,0.13661380811358514,False,False,0.02967359050445104,1,0,38.87461137554862,False,True,10.05683747213028,50.0,Atencao,Atencao: foco visual fora da direcao,28.462767405868448
1777741195.8488753,1012,True,0.32277908749646733,0.40468645476105436,0.36373277112876085,0.11990983575288673,False,False,0.029644268774703556,1,0,39.007915085012264,False,True,10.059470919763182,50.0,Atencao,Atencao: foco visual fora da direcao,28.192183849227852
1777741195.8847451,1013,True,0.31460859140695413,0.3811368441616264,0.3478727177842903,0.012479121936206714,False,False,0.029615004935834157,1,0,39.40320979952812,False,True,10.075211877644433,50.0,Atencao,Atencao: foco visual fora da direcao,28.183778098218077
1777741195.9184594,1014,True,0.30428420640058795,0.38102211638270844,0.3426531613916482,0.00778990092930083,False,False,0.029585798816568046,1,0,38.10495520559224,False,True,10.00628330654855,50.0,Atencao,Atencao: foco visual fora da direcao,28.339616803686397
1777741195.9527962,1015,True,0.30530834110483784,0.36117151739896275,0.33323992925190027,0.008304553069772501,False,False,0.029556650246305417,1,0,38.374714581532906,False,True,10.01576334693447,50.0,Atencao,Atencao: foco visual fora da direcao,28.414094542927785
1777741195.9867754,1016,True,0.30304562739101815,0.3985666631056686,0.35080614524834336,0.0065670893382799925,False,False,0.02952755905511811,1,0,37.4227768079801,False,True,9.964166419468576,50.0,Atencao,Atencao: foco visual fora da direcao,28.509913579971055
1777741196.025734,1017,True,0.29588409270431015,0.3924036673604067,0.3441438800323584,0.006563897128292506,False,False,0.029498525073746312,1,0,39.08659326271577,False,True,10.043365069766738,50.0,Atencao,Atencao: foco visual fora da direcao,28.203289627135845
1777741196.066519,1018,True,0.28720679415165995,0.3836246326496336,0.3354157134006468,0.007333165941975421,False,False,0.029469548133595286,1,0,38.354619989070024,False,True,10.002782076813684,50.0,Atencao,Atencao: foco visual fora da direcao,27.880088968117455
1777741196.1050472,1019,True,0.2752665984388897,0.385341766456475,0.33030418244768234,0.006928074881975958,False,False,0.029440628066732092,1,0,38.56876897595145,False,True,10.009513016964066,50.0,Atencao,Atencao: foco visual fora da direcao,27.683136260602875
1777741196.1491158,1020,True,0.26835338514176843,0.3672922588584577,0.317822822000113,0.006637829243797443,False,False,0.029411764705882353,1,0,38.660011345148085,False,True,10.010106423307057,50.0,Atencao,Atencao: foco visual fora da direcao,27.18807172251982
1777741196.3792622,1021,True,0.2827886461561121,0.3700281172661557,0.3264083817111339,0.004392248069487222,False,False,0.029382957884427033,1,0,38.28531436269934,False,True,9.987410636234515,50.0,Atencao,Atencao: foco visual fora da direcao,24.90318949685705
1777741196.415809,1022,True,0.2903611541522136,0.3797319585847177,0.33504655636846564,0.004838316043674728,False,False,0.029354207436399216,1,0,38.36028661402789,False,True,9.987206062197117,50.0,Atencao,Atencao: foco visual fora da direcao,25.141591977284108
1777741196.4509573,1023,True,0.2910988419002822,0.38344428693756494,0.3372715644189236,0.005116874990226702,False,False,0.02932551319648094,1,0,38.39022976810282,False,True,9.9847577619121,50.0,Atencao,Atencao: foco visual fora da direcao,25.435751017436946
1777741196.48612,1024,True,0.288719042528822,0.38767722769025925,0.33819813510954067,0.005125098740694013,False,False,0.029296875,1,0,39.04854138547724,False,True,10.013735590764693,50.0,Atencao,Atencao: foco visual fora da direcao,25.776696998159366
1777741196.5218947,1025,True,0.28683636763668946,0.37500892802936964,0.33092264783302955,0.006446878940274126,False,False,0.02926829268292683,1,0,38.85155952789566,False,True,9.999956429288051,50.0,Atencao,Atencao: foco visual fora da direcao,26.012235874958797
1777741196.5571268,1026,True,0.28449531204710216,0.36974653029968696,0.32712092117339453,0.005856050786257554,False,False,0.029239766081871343,1,0,38.153703857010065,False,True,9.961141238098643,50.0,Atencao,Atencao: foco visual fora da direcao,26.243656820000933
1777741196.5934412,1027,True,0.28755202266495106,0.3831328089137602,0.33534241578935564,0.005857395643315092,False,False,0.029211295034079845,1,0,37.98713943741538,False,True,9.948898248047579,50.0,Atencao,Atencao: foco visual fora da direcao,26.380219582502416
1777741196.626323,1028,True,0.29007905805022094,0.3533740048888309,0.3217265314695259,0.00533492473579701,False,False,0.029182879377431907,1,0,38.50509266040542,False,True,9.970888756407987,50.0,Atencao,Atencao: foco visual fora da direcao,26.763482577734056
1777741196.661021,1029,True,0.25516727536499495,0.3453817226366631,0.30027449900082903,0.0060554416717913465,False,False,0.029154518950437316,1,0,37.698148319937964,False,True,9.926641980672859,50.0,Atencao,Atencao: foco visual fora da direcao,26.969867607930915
1777741196.6940403,1030,True,0.2733880550195765,0.3707252953903542,0.3220566752049654,0.005208812028313837,False,False,0.02912621359223301,1,0,37.78570397442038,False,True,9.92712777664389,50.0,Atencao,Atencao: foco visual fora da direcao,27.337780092954752
1777741196.7283986,1031,True,0.2767360218596942,0.3833146406922596,0.3300253312759769,0.005168564346239765,False,False,0.029097963142580018,1,0,38.37394888780334,False,True,9.95265558548575,50.0,Atencao,Atencao: foco visual fora da direcao,27.482619424228968
1777741196.764297,1032,True,0.2696003193919428,0.3980591247556243,0.3338297220737836,0.005119569622000342,False,False,0.029069767441860465,1,0,37.63491513620723,False,True,9.911826989057005,50.0,Atencao,Atencao: foco visual fora da direcao,27.53756659719359
1777741196.7991774,1033,True,0.27378106698788934,0.40904751271571393,0.34141428985180167,0.004262366745340641,False,False,0.02904162633107454,1,0,38.432397062128246,False,True,9.947831682619992,50.0,Atencao,Atencao: foco visual fora da direcao,27.63022587372341
1777741196.8348446,1034,True,0.2801574242137833,0.41868368643428605,0.3494205553240347,0.004702601576303866,False,False,0.029013539651837523,1,0,38.74215497970581,False,True,9.959457660103782,50.0,Atencao,Atencao: foco visual fora da direcao,27.670153110365842
1777741196.8693564,1035,True,0.2654038742187631,0.3917898583795131,0.3285968662991381,0.004684319914949034,False,False,0.028985507246376812,1,0,37.92456651871854,False,True,9.91472378130357,50.0,Atencao,Atencao: foco visual fora da direcao,27.827858411562996
1777741196.9041307,1036,True,0.28838775577368414,0.3787436851835147,0.33356572047859945,0.005075485044831903,False,False,0.02895752895752896,1,0,38.0303967134519,False,True,9.916168276323656,50.0,Atencao,Atencao: foco visual fora da direcao,27.878832860043087
1777741196.9382458,1037,True,0.27072237425079654,0.4049923550124146,0.33785736463160554,0.00554916252608408,False,False,0.02892960462873674,1,0,37.184046723084016,False,True,9.870011181596334,50.0,Atencao,Atencao: foco visual fora da direcao,27.91126714020924
1777741196.975083,1038,True,0.2817328352441296,0.39971845661748323,0.34072564593080645,0.004815762104760549,False,False,0.028901734104046242,1,0,36.68221070983193,False,True,9.841087183788785,50.0,Atencao,Atencao: foco visual fora da direcao,27.96354557595898
1777741197.00862,1039,True,0.2860317343550814,0.39025049940174755,0.33814111687841447,0.005392773443465636,False,False,0.028873917228103944,1,0,36.203971774469714,False,True,9.813350416578608,50.0,Atencao,Atencao: foco visual fora da direcao,28.165188353807224
1777741197.047574,1040,True,0.2955043644373269,0.39787127674734,0.3466878205923335,0.005266204126623564,False,False,0.028846153846153848,1,0,36.704493608257984,False,True,9.834559043249882,50.0,Atencao,Atencao: foco visual fora da direcao,27.918881279337107
1777741197.0852058,1041,True,0.2892001711377913,0.40995819776887943,0.34957918445333536,0.005226503043418129,False,False,0.02881844380403458,1,0,37.56853590228341,False,True,9.873951027159755,50.0,Atencao,Atencao: foco visual fora da direcao,27.77327988031565
1777741197.1251786,1042,True,0.2892240034136623,0.3981171894176885,0.3436705964156754,0.00478020906432514,False,False,0.028790786948176585,1,0,36.907089949737895,False,True,9.837075911852004,50.0,Atencao,Atencao: foco visual fora da direcao,27.476929001163647
1777741197.1641076,1043,True,0.2985434692397541,0.39335387086401624,0.3459486700518852,0.0048630080451508495,False,False,0.028763183125599234,1,0,36.11161713545973,False,True,9.793506745533712,50.0,Atencao,Atencao: foco visual fora da direcao,27.31911795047634
1777741197.201281,1044,True,0.2929616835446568,0.4014707153605499,0.34721619945260335,0.005180103556440805,False,False,0.028735632183908046,1,0,36.108497862382364,False,True,9.789562527397305,50.0,Atencao,Atencao: foco visual fora da direcao,27.26292746300249
1777741197.2357602,1045,True,0.28974492018605846,0.4085648666263742,0.3491548934062163,0.004001284087696668,False,False,0.028708133971291867,1,0,36.26998951109972,False,True,9.793856105598449,50.0,Atencao,Atencao: foco visual fora da direcao,27.458518162214048
1777741197.2697303,1046,True,0.29158428196028985,0.39797508028426787,0.34477968112227886,0.0040514245535468105,False,False,0.028680688336520075,1,0,36.45432902791283,False,True,9.799299306657982,50.0,Atencao,Atencao: foco visual fora da direcao,27.66462615466103
1777741197.3049738,1047,True,0.297219686921633,0.40404393371165437,0.3506318103166437,0.004564839412291675,False,False,0.02865329512893983,1,0,37.43575497215444,False,True,9.844604037827779,50.0,Atencao,Atencao: foco visual fora da direcao,27.734383197158625
1777741197.3369496,1048,True,0.288041972420318,0.41187487588521166,0.3499584241527648,0.004285161752801842,False,False,0.02862595419847328,1,0,37.707822110436176,False,True,9.854448016802715,50.0,Atencao,Atencao: foco visual fora da direcao,28.083446873228375
1777741197.3741343,1049,True,0.28735217219775017,0.40927364459305937,0.34831290839540474,0.004268402001105663,False,False,0.028598665395614873,1,0,38.1179281305183,False,True,9.871201107413789,50.0,Atencao,Atencao: foco visual fora da direcao,27.944659095800024
1777741197.409836,1050,True,0.2974888547339122,0.3965735905562648,0.34703122264508846,0.004853087484016118,False,False,0.02857142857142857,1,0,37.61122963157567,False,True,9.842121119141042,50.0,Atencao,Atencao: foco visual fora da direcao,27.938543456429695
1777741197.4460351,1051,True,0.2947564374265965,0.42092610425316784,0.35784127083988215,0.004934792421242854,False,False,0.028544243577545196,1,0,38.17640700177713,False,True,9.866642050992152,50.0,Atencao,Atencao: foco visual fora da direcao,27.89491875695093
1777741197.4829483,1052,True,0.293581258206573,0.4108114369367412,0.3521963475716571,0.0046836471744320885,False,False,0.028517110266159697,1,0,37.693657575954084,False,True,9.838773749385492,50.0,Atencao,Atencao: foco visual fora da direcao,27.84630182430587
1777741197.5171406,1053,True,0.28648878091178764,0.39193987098755095,0.33921432594966927,0.005738667753465898,False,False,0.02849002849002849,1,0,37.63773890408602,False,True,9.832254071574049,50.0,Atencao,Atencao: foco visual fora da direcao,27.97552643644827
1777741197.5509686,1054,True,0.29128140366645155,0.4111412702176071,0.35121133694202933,0.005341349311066928,False,False,0.028462998102466792,1,0,37.57386140552434,False,True,9.825343518356231,50.0,Atencao,Atencao: foco visual fora da direcao,28.128235333248043
1777741197.5850263,1055,True,0.29483843059328624,0.35377324774661845,0.32430583916995237,0.005934316164475376,False,False,0.02843601895734597,1,0,37.2166036947207,False,True,9.803771000361937,50.0,Atencao,Atencao: foco visual fora da direcao,28.199891280363214
1777741197.6289518,1056,True,0.21131666114804912,0.25823157749364145,0.2347741193208453,0.004568547315176059,False,False,0.028409090909090908,1,0,35.50053916519339,False,True,9.714265167250499,50.0,Atencao,Atencao: foco visual fora da direcao,27.710339530815123
1777741197.6654289,1057,True,0.20885487941696035,0.26586477378959367,0.237359826603277,0.003707664676259026,False,False,0.02838221381267739,1,0,34.77270265763456,False,True,9.674177741115699,50.0,Atencao,Atencao: foco visual fora da direcao,27.65234716546097
1777741197.7008536,1058,True,0.24966490399513402,0.3019625286009135,0.27581371629802376,0.0039422956444320565,False,False,0.02835538752362949,1,0,32.76639864769849,False,True,9.57017392587481,50.0,Atencao,Atencao: foco visual fora da direcao,27.70634866550211
1777741197.7385297,1059,True,0.2453759400078399,0.3312842087388513,0.28833007437334557,0.0032101689678931773,False,False,0.028328611898016998,1,0,33.58895759419961,False,True,9.607620224678149,50.0,Atencao,Atencao: foco visual fora da direcao,27.601960974524165
1777741197.7734926,1060,True,0.274807700157298,0.3388607247047207,0.30683421243100933,0.0038357816122881563,False,False,0.02830188679245283,1,0,36.814455824548546,False,True,9.765220434180522,50.0,Atencao,Atencao: foco visual fora da direcao,27.69809980016764
1777741197.807776,1061,True,0.29878712192948254,0.3419269540445671,0.3203570379870248,0.004450420188858654,False,False,0.02827521206409048,1,0,37.758656577630475,False,True,9.808762696684795,50.0,Atencao,Atencao: foco visual fora da direcao,27.844787571109105
1777741197.8410828,1062,True,0.3109774542877027,0.34532109283441637,0.3281492735610595,0.0053911401051330845,False,False,0.02824858757062147,1,0,37.0610304469412,False,True,9.770220522298342,50.0,Atencao,Atencao: foco visual fora da direcao,28.023939142371383
1777741197.878433,1063,True,0.29489282078652396,0.34936804818569595,0.32213043448610995,0.005745478926281823,False,False,0.028222013170272814,1,0,36.92500533136454,False,True,9.75976528647157,50.0,Atencao,Atencao: foco visual fora da direcao,27.938611667542776
1777741197.914662,1064,True,0.2900124933596393,0.4049354450049928,0.34747396918231604,0.004868534212703022,False,False,0.02819548872180451,1,0,38.324690926074986,False,True,9.8261024545427,50.0,Atencao,Atencao: foco visual fora da direcao,27.903508177720468
1777741197.9508579,1065,True,0.29820497741249863,0.39258883541951495,0.3453969064160068,0.006182398285509555,False,False,0.028169014084507043,1,0,38.26467924443158,False,True,9.819461607832128,50.0,Atencao,Atencao: foco visual fora da direcao,27.841938359180293
1777741197.9874547,1066,True,0.30386099649413517,0.4013540162903708,0.352607506392253,0.0062662600822315975,False,False,0.028142589118198873,1,0,37.978751039505006,False,True,9.801531764718426,50.0,Atencao,Atencao: foco visual fora da direcao,27.81976344752532
1777741198.0248091,1067,True,0.3081955857813041,0.40099495331540674,0.3545952695483554,0.00554935975949701,False,False,0.028116213683223992,1,0,37.84837664311582,False,True,9.79138642258992,50.0,Atencao,Atencao: foco visual fora da direcao,27.72264637436492
1777741198.0627072,1068,True,0.3109385885645703,0.4009660593688897,0.35595232396673,0.005319863814215592,False,False,0.028089887640449437,1,0,38.52777158726345,False,True,9.8217363389158,50.0,Atencao,Atencao: foco visual fora da direcao,27.565034248858453
1777741198.1020987,1069,True,0.30829994873720173,0.40290765882198615,0.35560380377959394,0.006076497912981096,False,False,0.02806361085126286,1,0,38.421990147503934,False,True,9.812834208414671,50.0,Atencao,Atencao: foco visual fora da direcao,27.335059374870006
1777741198.1433945,1070,True,0.30596348801684636,0.3994971607319189,0.3527303243743826,0.007095682107668565,False,False,0.028037383177570093,1,0,38.431068274649704,False,True,9.809681809639203,50.0,Atencao,Atencao: foco visual fora da direcao,27.058652487953278
1777741198.1848965,1071,True,0.3081869236599436,0.4016958188621182,0.35494137126103087,0.0059680356499201195,False,False,0.028011204481792718,1,0,38.661980256709185,False,True,9.817627838072788,50.0,Atencao,Atencao: foco visual fora da direcao,26.71593722465927
1777741198.226357,1072,True,0.3095524256773203,0.4073249072745978,0.358438666475959,0.007214843822120925,False,False,0.027985074626865673,1,0,38.274725253473626,False,True,9.794672232858542,50.0,Atencao,Atencao: foco visual fora da direcao,26.518011307180146
1777741198.2664754,1073,True,0.3131374839829177,0.40729951495446154,0.3602184994686896,0.006278815996381408,False,False,0.027958993476234855,1,0,37.804732672192834,False,True,9.767586445582765,50.0,Atencao,Atencao: foco visual fora da direcao,26.33663303772115
1777741198.307408,1074,True,0.3060713135194649,0.4225459897373563,0.36430865162841064,0.006910256916499387,False,False,0.027932960893854747,1,0,37.78544464002956,False,True,9.763042563897336,50.0,Atencao,Atencao: foco visual fora da direcao,26.159133353640993
1777741198.3412812,1075,True,0.31406654379145427,0.41861890670542445,0.36634272524843936,0.007804408860018036,False,False,0.027906976744186046,1,0,37.638339346105404,False,True,9.752114478621682,50.0,Atencao,Atencao: foco visual fora da direcao,26.45555579998108
1777741198.3781085,1076,True,0.31259163878512736,0.4171088693483114,0.36485025406671934,0.004624385085742999,False,False,0.027881040892193308,1,0,37.59461946866729,False,True,9.746362305100774,50.0,Atencao,Atencao: foco visual fora da direcao,26.529105743056498
1777741198.4119182,1077,True,0.30848006768254266,0.41923119530614283,0.36385563149434275,0.004298234482815288,False,False,0.027855153203342618,1,0,37.703394465012984,False,True,9.74824149770109,50.0,Atencao,Atencao: foco visual fora da direcao,26.844496676434712
1777741198.446056,1078,True,0.3080216171531557,0.4189047239984296,0.36346317057579264,0.004445956731856806,False,False,0.027829313543599257,1,0,37.67035485560244,False,True,9.74303656401585,50.0,Atencao,Atencao: foco visual fora da direcao,27.122509645826227
1777741198.4819522,1079,True,0.3070900606260747,0.41759966399945125,0.36234486231276297,0.004593842318521328,False,False,0.027803521779425393,1,0,37.68138878074559,False,True,9.740041892699102,50.0,Atencao,Atencao: foco visual fora da direcao,27.17992748351583
1777741198.516617,1080,True,0.2993713547438683,0.4102262978242599,0.3547988262840641,0.004808334662031249,False,False,0.027777777777777776,1,0,38.27696520090103,False,True,9.766280913480326,50.0,Atencao,Atencao: foco visual fora da direcao,27.340344932941903
1777741198.5506961,1081,True,0.30807652993019025,0.4016614994748737,0.35486901470253196,0.00456445119555927,False,False,0.027752081406105456,1,0,38.91003271341324,False,True,9.794401038000993,50.0,Atencao,Atencao: foco visual fora da direcao,27.49313813123801
1777741198.5856779,1082,True,0.30784013169994157,0.4120707987018021,0.35995546520087185,0.004812445971680577,False,False,0.027726432532347505,1,0,39.12772504958239,False,True,9.801758934667731,50.0,Atencao,Atencao: foco visual fora da direcao,27.644148867408994
1777741198.620454,1083,True,0.312225780635688,0.39780925112391047,0.35501751587979924,0.005032319255038465,False,False,0.027700831024930747,1,0,39.25907754139467,False,True,9.80480635198854,50.0,Atencao,Atencao: foco visual fora da direcao,27.78797039642597
1777741198.6570055,1084,True,0.3239037273552141,0.4034404308791919,0.363672079117203,0.005149983401324177,False,False,0.027675276752767528,1,0,38.58278493881225,False,True,9.767478009436978,50.0,Atencao,Atencao: foco visual fora da direcao,27.713198840267594
1777741198.6912613,1085,True,0.2965423073242284,0.40848080634169526,0.35251155683296187,0.007228978504442055,False,False,0.027649769585253458,1,0,37.38914828300476,False,True,9.704288941113418,50.0,Atencao,Atencao: foco visual fora da direcao,27.863540444449832
1777741198.726308,1086,True,0.3149962701215147,0.40184512565718966,0.35842069788935216,0.00590141003971294,False,False,0.027624309392265192,1,0,37.20906069278717,False,True,9.691783785066653,50.0,Atencao,Atencao: foco visual fora da direcao,27.96492276096668
1777741198.7611513,1087,True,0.2874831702456297,0.480770714610327,0.38412694242797835,0.004817877151427867,False,False,0.027598896044158234,1,0,36.219394981861115,False,True,9.638806164155643,50.0,Atencao,Atencao: foco visual fora da direcao,28.012005430082073
1777741198.7945678,1088,True,0.2605671179172981,0.5837956056332576,0.4221813617752779,0.00866786040109818,False,False,0.027573529411764705,1,0,40.83974752426147,False,True,9.86633587932155,50.0,Atencao,Atencao: foco visual fora da direcao,28.186561398471017
1777741198.830026,1089,True,0.24070817647069007,1.1065174158332627,0.6736127961519763,0.013646950504186527,False,False,0.027548209366391185,1,0,49.140320968627925,False,True,10.277883045301014,50.0,Atencao,Atencao: foco visual fora da direcao,28.22957773299471
1777741198.8658836,1090,True,0.27563194946457137,0.6902710233489585,0.48295148640676494,0.025922706300307963,False,False,0.027522935779816515,1,0,40.18397660255432,False,True,9.826590708843318,50.0,Atencao,Atencao: foco visual fora da direcao,28.195226827078255
1777741198.9006991,1091,True,0.3289241575147107,1.2985943761217011,0.8137592668182059,0.08896732996961472,False,False,0.027497708524289642,1,0,40.067415094375605,False,True,9.817293885799437,50.0,Atencao,Atencao: foco visual fora da direcao,28.22570571171734
1777741198.9346757,1092,True,0.34196246052862667,0.9766920806640011,0.6593272705963139,0.05366314247006033,False,False,0.027472527472527472,1,0,46.61978693008423,False,True,10.14145008296757,50.0,Atencao,Atencao: foco visual fora da direcao,28.291121695726087
1777741198.9679184,1093,True,0.241053188041084,0.7272990231143247,0.48417610557770435,0.020895850162075444,False,False,0.027447392497712716,1,0,43.996798515319824,False,True,10.00684460319232,50.0,Atencao,Atencao: foco visual fora da direcao,28.514866694987777
1777741199.001663,1094,True,0.29943348688933774,0.2653589855211924,0.2823962362052651,0.010522710171329752,False,False,0.027422303473491772,1,0,42.65910921096802,False,True,9.93651039714435,50.0,Atencao,Atencao: foco visual fora da direcao,28.637039350363946
1777741199.0407193,1095,True,0.2868246846002946,0.4578513232527901,0.37233800392654237,0.01231043191632758,False,False,0.0273972602739726,1,0,47.31235647201538,False,True,10.165729320262832,50.0,Atencao,Atencao: foco visual fora da direcao,28.32478540388715
1777741199.0819607,1096,True,0.2732635798948342,0.42443466855719475,0.34884912422601444,0.001843761480422565,False,False,0.02737226277372263,1,0,39.23603544235229,False,True,9.758476112495305,50.0,Atencao,Atencao: foco visual fora da direcao,27.88626069559675
1777741199.1266437,1097,True,0.26925319404081777,0.45899586637349277,0.3641245302071553,0.005416879146997412,False,False,0.027347310847766638,1,0,38.74140176773071,False,True,9.730313538945278,50.0,Atencao,Atencao: foco visual fora da direcao,27.37974448151564
1777741199.1653366,1098,True,0.32894788113428747,0.3573845940791708,0.34316623760672915,0.005902087277019728,False,False,0.0273224043715847,1,0,36.9626382112503,False,True,9.637950720646241,50.0,Atencao,Atencao: foco visual fora da direcao,27.191691112557315
1777741199.2050638,1099,True,0.33649341445869113,0.3357447853542795,0.3361190999064853,0.006018484935553349,False,False,0.0272975432211101,1,0,38.3771030664444,False,True,9.70525555521569,50.0,Atencao,Atencao: foco visual fora da direcao,26.99949746518173
1777741199.2386346,1100,True,0.30155154788946836,0.35653150460253513,0.32904152624600175,0.003680749056651079,False,False,0.02727272727272727,1,0,30.769655923409893,False,True,9.321471005161325,50.0,Atencao,Atencao: foco visual fora da direcao,27.28551367850713
1777741199.2729738,1101,True,0.27018978112290665,0.3356624377030273,0.30292610941296694,0.003655351831955508,False,False,0.027247956403269755,1,0,24.43006305261092,False,False,9.001085367070967,50.0,Atencao,Atencao: sinais iniciais de risco,27.469230239827176
1777741199.30862,1102,True,0.27704566902036415,0.35037828284046735,0.3137119759304158,0.002989318159444808,False,False,0.02722323049001815,1,0,23.835729186643253,False,False,8.967968860700488,50.0,Atencao,Atencao: sinais iniciais de risco,27.511691929831965
1777741199.343837,1103,True,0.3195846065671978,0.32220348614949834,0.32089404635834806,0.0036468414457878702,False,False,0.027198549410698096,1,0,27.861916902390387,False,True,9.165884598081337,50.0,Atencao,Atencao: sinais iniciais de risco,27.604089596103787
1777741199.378107,1104,True,0.2948853107294937,0.3448357490953072,0.31986052991240044,0.0036843349410148676,False,False,0.02717391304347826,1,0,27.57904839407314,False,True,9.148353672172748,50.0,Atencao,Atencao: sinais iniciais de risco,27.76228939339887
1777741199.4117627,1105,True,0.30063546985888123,0.34373823421327326,0.3221868520360772,0.004375094823309419,False,False,0.027149321266968326,1,0,30.392206386002623,False,True,9.285630202499105,50.0,Atencao,Atencao: sinais iniciais de risco,27.95164191489085
1777741199.4480035,1106,True,0.3150332646638908,0.3604728079676655,0.33775303631577813,0.0030761123324448496,False,False,0.027124773960216998,1,0,31.632406698031858,False,True,9.34426496342226,50.0,Atencao,Atencao: sinais iniciais de risco,27.951171160090873
1777741199.4828355,1107,True,0.3110733988103627,0.35419225460615533,0.332632826708259,0.002952938056545234,False,False,0.02710027100271003,1,0,32.33928954655474,False,True,9.376239949191195,50.0,Atencao,Atencao: sinais iniciais de risco,27.958736774147205
1777741199.5161004,1108,True,0.30637074948096393,0.3531058617028036,0.3297383055918838,0.002996095248004767,False,False,0.02707581227436823,1,0,32.785454881733116,False,True,9.395185140803118,50.0,Atencao,Atencao: sinais iniciais de risco,28.240382735165387
1777741199.5503016,1109,True,0.3072236275142287,0.36069461284055254,0.3339591201773906,0.002859667638862656,False,False,0.027051397655545536,1,0,33.56227660233324,False,True,9.430669216745004,50.0,Atencao,Atencao: sinais iniciais de risco,28.324800799525825
1777741199.586663,1110,True,0.3086781925828739,0.37433987480433295,0.3415090336936034,0.0028860260773941565,False,False,0.02702702702702703,1,0,33.380017935687846,False,True,9.418205321991438,50.0,Atencao,Atencao: sinais iniciais de risco,28.225457265788943
1777741199.6202753,1111,True,0.3153453974022011,0.3800478629132781,0.34769663015773955,0.0029632493642404983,False,False,0.027002700270027002,1,0,33.66445749727162,False,True,9.429082370983124,50.0,Atencao,Atencao: sinais iniciais de risco,28.40533749933328
1777741199.6541667,1112,True,0.32164705409571,0.3577165445350641,0.339681799315387,0.003861351738836895,False,False,0.02697841726618705,1,0,31.876516241647977,False,True,9.33634639517395,50.0,Atencao,Atencao: sinais iniciais de risco,28.515909825078793
1777741199.6897364,1113,True,0.30723840136371483,0.36734034098419405,0.3372893711739544,0.003273252900374477,False,False,0.026954177897574125,1,0,32.97876224490729,False,True,9.388125782152636,50.0,Atencao,Atencao: sinais iniciais de risco,28.46924991236707
1777741199.724467,1114,True,0.301591510951002,0.3665424601962836,0.3340669855736428,0.003188955909803014,False,False,0.026929982046678635,1,0,33.06026139045981,False,True,9.388873809932132,50.0,Atencao,Atencao: sinais iniciais de risco,28.50225211494368
1777741199.7585151,1115,True,0.2986548912819779,0.37453547206856935,0.33659518167527364,0.0036720556408743462,False,False,0.026905829596412557,1,0,33.4877591477199,False,True,9.406927735883551,50.0,Atencao,Atencao: sinais iniciais de risco,28.56478683019335
1777741199.792886,1116,True,0.30873037614319576,0.3826528217724177,0.34569159895780677,0.0036122711666115876,False,False,0.026881720430107527,1,0,33.57597318508408,False,True,9.40802342738482,50.0,Atencao,Atencao: sinais iniciais de risco,28.628348677645196
1777741199.8295932,1117,True,0.3056756278053457,0.3670664960631146,0.33637106193423016,0.0033677196887817477,False,False,0.02685765443151298,1,0,33.999258347532965,False,True,9.425878610700513,50.0,Atencao,Atencao: sinais iniciais de risco,28.51746150271602
1777741199.8633733,1118,True,0.31245045247454234,0.3767150170142342,0.3445827347443883,0.0032150955901998064,False,False,0.026833631484794274,1,0,34.05073451345617,False,True,9.425149263822851,50.0,Atencao,Atencao: sinais iniciais de risco,28.604005384607824
1777741199.8995814,1119,True,0.30790120133574644,0.368700444774735,0.33830082305524073,0.0034663010306153377,False,False,0.02680965147453083,1,0,34.820671664042905,False,True,9.460348869940965,50.0,Atencao,Atencao: sinais iniciais de risco,28.514877828470333
1777741199.9341984,1120,True,0.3177816642367325,0.37214927975510875,0.34496547199592065,0.003672135781145104,False,False,0.026785714285714284,1,0,34.14736829996109,False,True,9.4233923382746,50.0,Atencao,Atencao: sinais iniciais de risco,28.57494571896839
1777741199.968145,1121,True,0.30387198777816743,0.36385300920649005,0.33386249849232874,0.003883638779188145,False,False,0.026761819803746655,1,0,34.50765061432665,False,True,9.438120962722328,50.0,Atencao,Atencao: sinais iniciais de risco,28.620883005661973
1777741200.003364,1122,True,0.2818860667069509,0.295322659771479,0.2886043632392149,0.0033578763211712117,False,False,0.026737967914438502,1,0,33.72655695297501,False,True,9.395786644874875,50.0,Atencao,Atencao: sinais iniciais de risco,28.609925747767186
1777741200.0463161,1123,True,0.1752342430364901,0.056382781011238566,0.11580851202386433,0.003123548299755051,True,False,0.027604630454140695,1,0,36.22215409929102,False,True,9.639732601399727,50.0,Atencao,Atencao: sinais iniciais de risco,28.072061776658753
1777741200.0934446,1124,True,0.24707464292146716,0.24832469332475268,0.24769966812310992,0.002484435193804951,False,False,0.027580071174377226,1,0,35.01955386779525,False,True,9.567794355095513,50.0,Atencao,Atencao: sinais iniciais de risco,27.409154017669465
1777741200.1339064,1125,True,0.24177066306673115,0.22716519355080203,0.2344679283087666,0.0035607690711453436,False,False,0.027555555555555555,1,0,34.38476027196104,False,True,9.532683777715823,50.0,Atencao,Atencao: sinais iniciais de risco,27.0937275931564
1777741200.1765506,1126,True,0.26443280203552494,0.2399901879296282,0.25221149498257656,0.0032910037700323133,False,False,0.027531083481349913,1,0,35.25242702256549,False,True,9.572702205042768,50.0,Atencao,Atencao: sinais iniciais de risco,26.74349082361358
1777741200.2178264,1127,True,0.29588709992237977,0.3135690888493392,0.30472809438585946,0.0031480684857723186,False,False,0.027506654835847383,1,0,35.32928520603613,False,True,9.573186175459703,50.0,Atencao,Atencao: sinais iniciais de risco,26.456471705021062
1777741200.2602394,1128,True,0.30176156314001584,0.34047856904514406,0.3211200660925799,0.004016113061144406,False,False,0.0274822695035461,1,0,34.352194500511345,False,True,9.520978656992037,50.0,Atencao,Atencao: sinais iniciais de risco,26.214185394195876
1777741200.2940729,1129,True,0.3078053162720955,0.34715513943295784,0.3274802278525267,0.0039904506361693425,False,False,0.02745792736935341,1,0,34.37081067453731,False,True,9.51856242224184,50.0,Atencao,Atencao: sinais iniciais de risco,26.504331005367053
1777741200.3311415,1130,True,0.2985321395038361,0.3347201122410185,0.31662612587242733,0.0040003040625244375,False,False,0.02743362831858407,1,0,34.585959649086,False,True,9.525978751488491,50.0,Atencao,Atencao: sinais iniciais de risco,26.593563885240542
1777741200.3661747,1131,True,0.29850843324471993,0.34053304620743313,0.31952073972607653,0.003919690761321404,False,False,0.027409372236958444,1,0,35.00649242130193,False,True,9.543670178875765,50.0,Atencao,Atencao: sinais iniciais de risco,26.778558898557723
1777741200.3997397,1132,True,0.29975830570315565,0.35322073870221227,0.32648952220268396,0.003830309098027126,False,False,0.027385159010600707,1,0,34.67452352209524,False,True,9.523742415291242,50.0,Atencao,Atencao: sinais iniciais de risco,27.084904647218305
1777741200.4348953,1133,True,0.3038858545853984,0.3521576377555671,0.32802174617048274,0.004008110346448472,False,False,0.02736098852603707,1,0,34.26752521558241,False,True,9.500069058338099,50.0,Atencao,Atencao: sinais iniciais de risco,27.221882488043683
1777741200.4714382,1134,True,0.29833674633334756,0.3362115556158324,0.31727415097459,0.003968715344557059,False,False,0.027336860670194002,1,0,35.20813288255171,False,True,9.543781861508142,50.0,Atencao,Atencao: sinais iniciais de risco,27.222894545274833
1777741200.5033867,1135,True,0.3034335583148755,0.34492282788529716,0.32417819310008633,0.0039058686901419135,False,False,0.027312775330396475,1,0,34.89182682470842,False,True,9.524654824393817,50.0,Atencao,Atencao: sinais iniciais de risco,27.536418582015482
1777741200.5390666,1136,True,0.3037258737902344,0.34509576863573876,0.3244108212129866,0.003831844730840029,False,False,0.027288732394366196,1,0,35.32992787957191,False,True,9.54325397343283,50.0,Atencao,Atencao: sinais iniciais de risco,27.649215032271027
1777741200.5760489,1137,True,0.3066705254457512,0.3552224531698892,0.3309464893078202,0.0037825115025931573,False,False,0.027264731750219876,1,0,35.048961758613586,False,True,9.525905578814793,50.0,Atencao,Atencao: sinais iniciais de risco,27.614668955074933
1777741200.6089394,1138,True,0.3040251954700402,0.34098959621378344,0.3225073958419118,0.0041010688855060125,False,False,0.027240773286467488,1,0,35.81436510031873,False,True,9.560881457134098,50.0,Atencao,Atencao: sinais iniciais de risco,27.88115613008238
1777741200.6436923,1139,True,0.3119199108619924,0.3578321361363354,0.3348760234991639,0.004073380984842748,False,False,0.027216856892010536,1,0,34.8895629806952,False,True,9.51135284691509,50.0,Atencao,Atencao: sinais iniciais de risco,27.958304352560397
1777741200.6756485,1140,True,0.3042387932903729,0.34563632546717316,0.324937559378773,0.0042564497882038085,False,False,0.027192982456140352,1,0,35.29994214502248,False,True,9.528589070199304,50.0,Atencao,Atencao: sinais iniciais de risco,28.31786426604044
1777741200.7106664,1141,True,0.3060294608084122,0.34177304129359487,0.32390125105100354,0.004245977010386726,False,False,0.02716914986853637,1,0,35.06877995621075,False,True,9.51375397996317,50.0,Atencao,Atencao: sinais iniciais de risco,28.33033216454212
1777741200.744929,1142,True,0.3115359777077353,0.351398056485034,0.33146701709638465,0.0036776595829385735,False,False,0.02714535901926445,1,0,35.16395139856772,False,True,9.515241310306129,50.0,Atencao,Atencao: sinais iniciais de risco,28.370160459354636
1777741200.7800353,1143,True,0.3180628984500501,0.3508922918906449,0.3344775951703475,0.0037300472511361186,False,False,0.02712160979877515,1,0,35.14713028777729,False,True,9.51113473694933,50.0,Atencao,Atencao: sinais iniciais de risco,28.467614756653767
1777741200.815193,1144,True,0.3198370532386844,0.3530199318153985,0.33642849252704143,0.003925580690747549,False,False,0.027097902097902096,1,0,34.99118227200074,False,True,9.500077527290458,50.0,Atencao,Atencao: sinais iniciais de risco,28.439644471247213
1777741200.8496518,1145,True,0.3235317393766068,0.35265289715047826,0.3380923182635425,0.004081404099210726,False,False,0.027074235807860263,1,0,34.920030845295294,False,True,9.493265841074432,50.0,Atencao,Atencao: sinais iniciais de risco,28.50122088910873
1777741200.8846638,1146,True,0.31443035592752777,0.3518923901289331,0.33316137302823046,0.004094105866971948,False,False,0.027050610820244327,1,0,34.66691556085239,False,True,9.477361641055097,50.0,Atencao,Atencao: sinais iniciais de risco,28.531349498054553
1777741200.91801,1147,True,0.3194544287905631,0.3513613679351178,0.33540789836284046,0.004107635688310857,False,False,0.02702702702702703,1,0,35.019155807386745,False,True,9.491730881814435,50.0,Atencao,Atencao: sinais iniciais de risco,28.607930658045905
1777741200.953561,1148,True,0.31734314489572407,0.3466585099096312,0.33200082740267767,0.004113756182565881,False,False,0.02700348432055749,1,0,35.57284002683379,False,True,9.516177970647226,50.0,Atencao,Atencao: sinais iniciais de risco,28.581717195715356
1777741200.9875386,1149,True,0.3270498605972582,0.35398111823925743,0.3405154894182578,0.003985776165722173,False,False,0.026979982593559618,1,0,35.30427643656731,False,True,9.499518303671694,50.0,Atencao,Atencao: sinais iniciais de risco,28.685797498112617
1777741201.0217605,1150,True,0.32694404340137684,0.35051241910640424,0.3387282312538905,0.0045291721733227075,False,False,0.026956521739130435,1,0,35.76516955061392,False,True,9.519337091890012,50.0,Atencao,Atencao: sinais iniciais de risco,28.723636865889315
1777741201.0579205,1151,True,0.32805443589235733,0.3517715067767593,0.33991297133455833,0.004359991024924283,False,False,0.02693310165073849,1,0,35.472270116480914,False,True,9.50147185802947,50.0,Atencao,Atencao: sinais iniciais de risco,28.612803950670102
1777741201.094794,1152,True,0.3284009561280811,0.3498536722763531,0.3391273142022171,0.00420896290941359,False,False,0.026909722222222224,1,0,35.027386364611715,False,True,9.476012999015023,50.0,Atencao,Atencao: sinais iniciais de risco,28.464543065842427
1777741201.1334531,1153,True,0.3232609116497398,0.3481067362027232,0.33568382392623153,0.0041421184603315795,False,False,0.026886383347788378,1,0,35.516454541141336,False,True,9.49725731260685,50.0,Atencao,Atencao: sinais iniciais de risco,28.235924070816704
1777741201.177468,1154,True,0.3239207417143977,0.3548293207469579,0.3393750312306778,0.004284264880765543,False,False,0.026863084922010397,1,0,35.64685908285054,False,True,9.500574006147838,50.0,Atencao,Atencao: sinais iniciais de risco,27.683448508198104
1777741201.4068568,1155,True,0.32606351235123004,0.3710910348597089,0.3485772736054695,0.004389005053855754,False,False,0.02683982683982684,1,0,36.31090036251328,False,True,9.530578083830736,50.0,Atencao,Atencao: sinais iniciais de risco,25.35047723840469
1777741201.4482641,1156,True,0.3254955422129413,0.3530903194401151,0.3392929308265282,0.004084835185664409,False,False,0.026816608996539794,1,0,35.231639558618724,False,True,9.47342259018404,50.0,Atencao,Atencao: sinais iniciais de risco,25.22796310791093
1777741201.486731,1157,True,0.30688974723269796,0.356143153833606,0.331516450533152,0.0042764495064145595,False,False,0.02679343128781331,1,0,36.005192786997014,False,True,9.508913316653063,50.0,Atencao,Atencao: sinais iniciais de risco,25.306204093241586
1777741201.5194318,1158,True,0.3253294144315638,0.3542487242239107,0.3397890693277372,0.004060811853395788,False,False,0.02677029360967185,1,0,36.01534283215349,False,True,9.506239388166435,50.0,Atencao,Atencao: sinais iniciais de risco,25.78880267350069
1777741201.5571797,1159,True,0.32447961342378495,0.3689389419964956,0.34670927771014026,0.003961579153759683,False,False,0.026747195858498704,1,0,36.51669258312745,False,True,9.528130934928825,50.0,Atencao,Atencao: sinais iniciais de risco,25.900169991317536
1777741201.5935726,1160,True,0.27853562938630155,0.3652616345230854,0.3218986319546935,0.004566316246416695,False,False,0.026724137931034484,1,0,35.65018938237971,False,True,9.481635309865108,50.0,Atencao,Atencao: sinais iniciais de risco,26.047344304538885
1777741201.6276655,1161,True,0.2848225263672506,0.39686587941961504,0.3408442028934328,0.0046959599122510754,False,False,0.026701119724375538,1,0,36.995248266783626,False,True,9.545723250669699,50.0,Atencao,Atencao: sinais iniciais de risco,26.37393193116441
1777741201.6637323,1162,True,0.27499931438332087,0.3823824699667142,0.32869089217501757,0.0041582855180595036,False,False,0.02667814113597246,1,0,36.6153501402248,False,True,9.523568788436336,50.0,Atencao,Atencao: sinais iniciais de risco,26.52272149972709
1777741201.6962092,1163,True,0.28924942695882794,0.39152218394616145,0.3403858054524947,0.004369870390500419,False,False,0.026655202063628546,1,0,36.48119971372864,False,True,9.513707144664238,50.0,Atencao,Atencao: sinais iniciais de risco,26.943486217546397
1777741201.7298434,1164,True,0.2916261897367318,0.3844041178608334,0.3380151537987826,0.004358391389428975,False,False,0.02663230240549828,1,0,37.146490935303945,False,True,9.543823002750093,50.0,Atencao,Atencao: sinais iniciais de risco,27.18222220347754
1777741201.7643929,1165,True,0.28957852983331195,0.37750313919013534,0.33354083451172367,0.0042649100931328125,False,False,0.026609442060085836,1,0,37.39361276626587,False,True,9.553035796803977,50.0,Atencao,Atencao: sinais iniciais de risco,27.390415269831237
1777741201.8004189,1166,True,0.29001472755568275,0.3691721127208774,0.3295934201382801,0.004176079458279876,False,False,0.026586620926243566,1,0,37.285846543312076,False,True,9.544509579752976,50.0,Atencao,Atencao: sinais iniciais de risco,27.442245358688062
1777741201.8337734,1167,True,0.2850649938047166,0.3759465416176141,0.33050576771116535,0.004246278331630415,False,False,0.026563838903170524,1,0,37.30839104652405,False,True,9.542504276741031,50.0,Atencao,Atencao: sinais iniciais de risco,27.678833334751165
1777741201.8678722,1168,True,0.2820584457712885,0.37957064570130516,0.33081454573629687,0.003986541031389862,False,False,0.026541095890410957,1,0,37.45732617378235,False,True,9.546823868849506,50.0,Atencao,Atencao: sinais iniciais de risco,27.83965363647171
1777741201.9034176,1169,True,0.29338404597293966,0.3823041813567451,0.33784411366484235,0.004470122761822458,False,False,0.026518391787852865,1,0,36.82150113528425,False,True,9.511910802822863,50.0,Atencao,Atencao: sinais iniciais de risco,27.88029968019894
1777741201.9366436,1170,True,0.2842165125489791,0.37763693132485526,0.3309267219369172,0.00430463821671101,False,False,0.026495726495726495,1,0,37.609016036987306,False,True,9.54817007024064,50.0,Atencao,Atencao: sinais iniciais de risco,28.096219907739354
1777741201.9712234,1171,True,0.2921594491377538,0.3798418197002977,0.3360006344190257,0.004118621349651608,False,False,0.026473099914602904,1,0,37.31271691322326,False,True,9.530243959147944,50.0,Atencao,Atencao: sinais iniciais de risco,28.187814397010364
1777741202.0039008,1172,True,0.2830706784377855,0.37665452466997845,0.329862601553882,0.0042927107898078935,False,False,0.026450511945392493,1,0,37.37895938320593,False,True,9.530450236880647,50.0,Atencao,Atencao: sinais iniciais de risco,28.431126081082677
1777741202.038838,1173,True,0.2824971293414459,0.38279871777103675,0.3326479235562413,0.0037305592830226375,False,False,0.026427962489343565,1,0,37.64387295246124,False,True,9.540595365136683,50.0,Atencao,Atencao: sinais iniciais de risco,28.46428766192973
1777741202.0782735,1174,True,0.2951816800880327,0.3790141590740924,0.33709791958106256,0.004076755564382957,False,False,0.026405451448040886,1,0,37.2600846377286,False,True,9.518310681220933,50.0,Atencao,Atencao: sinais iniciais de risco,28.09792536260161
1777741202.1187406,1175,True,0.2859248281762429,0.4162249731796148,0.35107490067792885,0.00424258240722523,False,False,0.026382978723404255,1,0,37.48429602872241,False,True,9.526431251133088,50.0,Atencao,Atencao: sinais iniciais de risco,27.81493588933662
1777741202.160443,1176,True,0.29083610035818863,0.4158683384868464,0.3533522194225175,0.004296226372480575,False,False,0.026360544217687076,1,0,38.05671663284301,False,True,9.551967536803005,50.0,Atencao,Atencao: sinais iniciais de risco,27.412497099774605
1777741202.199507,1177,True,0.34824213380056523,0.40023258790558597,0.3742373608530756,0.0037641308122471602,False,False,0.026338147833474938,1,0,36.86084322929382,False,True,9.489094363796376,50.0,Atencao,Atencao: sinais iniciais de risco,27.238028622384352
1777741202.2366035,1178,True,0.3399805217612844,0.4504570062681291,0.3952187640147068,0.0037925847711051744,False,False,0.02631578947368421,1,0,37.1587501086972,False,True,9.50091543329532,50.0,Atencao,Atencao: sinais iniciais de risco,27.202585699218016
1777741202.2739043,1179,True,0.32437093495682434,0.4171517805264141,0.3707613577416192,0.004001931040446853,False,False,0.026293469041560644,1,0,37.045280231129034,False,True,9.492172879999922,50.0,Atencao,Atencao: sinais iniciais de risco,27.159323429565667
1777741202.3093283,1180,True,0.33539501173212705,0.4531158787730822,0.3942554452526046,0.004046749233197379,False,False,0.026271186440677965,1,0,37.38974111947146,False,True,9.506332066795675,50.0,Atencao,Atencao: sinais iniciais de risco,27.260871864286226
1777741202.3435974,1181,True,0.35106789228338176,0.42172846951230375,0.3863981808978427,0.004002909316202184,False,False,0.026248941574936496,1,0,36.44326413436369,False,True,9.455949548500834,50.0,Atencao,Atencao: sinais iniciais de risco,27.45076366355076
1777741202.3785076,1182,True,0.31897575994711985,0.42194934923607064,0.37046255459159527,0.004110858032327528,False,False,0.02622673434856176,1,0,37.31606388092041,False,True,9.496536042202143,50.0,Atencao,Atencao: foco visual fora da direcao,27.612985193561627
1777741202.4145362,1183,True,0.33658028531404877,0.4215809343505786,0.3790806098323137,0.0035274696314330917,False,False,0.026204564666103127,1,0,36.388609730655496,False,True,9.447115003350836,50.0,Atencao,Atencao: foco visual fora da direcao,27.59569787271863
1777741202.450575,1184,True,0.3151660899852716,0.42760535567262087,0.3713857228289462,0.003716624387183858,False,False,0.026182432432432432,1,0,36.62264008630405,False,True,9.455773339003542,50.0,Atencao,Atencao: foco visual fora da direcao,27.633409125808253
1777741202.486016,1185,True,0.32479716819943744,0.4292491899313042,0.3770231790653708,0.0038512107777230187,False,False,0.026160337552742614,1,0,36.60786222111095,False,True,9.45199639978654,50.0,Atencao,Atencao: foco visual fora da direcao,27.706022442010486
1777741202.5188484,1186,True,0.3195847926191131,0.42071475469291997,0.37014977365601653,0.0038225087149691894,False,False,0.026138279932546374,1,0,36.65536985614083,False,True,9.45133885876105,50.0,Atencao,Atencao: foco visual fora da direcao,27.945256340836863
1777741202.5550356,1187,True,0.32564336250445713,0.42520017942690963,0.3754217709656834,0.004171285708054414,False,False,0.02611625947767481,1,0,36.88183114799586,False,True,9.459634110808961,50.0,Atencao,Atencao: foco visual fora da direcao,27.874420544296825
1777741202.59326,1188,True,0.3266740650575697,0.428818408529553,0.37774623679356134,0.004164142595169834,False,False,0.026094276094276093,1,0,36.890859486839986,False,True,9.457062812533843,50.0,Atencao,Atencao: foco visual fora da direcao,27.75094567156358
1777741202.626084,1189,True,0.32768022038364025,0.43244572235921747,0.38006297137142886,0.003927808262743243,False,False,0.02607232968881413,1,0,36.68602752522989,False,True,9.44380358370232,50.0,Atencao,Atencao: foco visual fora da direcao,27.99246055327115
1777741202.6814203,1190,True,0.3305840440484549,0.435053812372151,0.38281892821030294,0.00408971467478126,False,False,0.026050420168067228,1,0,36.800806772708896,False,True,9.446529986973571,50.0,Atencao,Atencao: foco visual fora da direcao,27.002579772722523
1777741202.7182376,1191,True,0.3289654604259644,0.4326105054779094,0.38078798295193694,0.003869118610396045,False,False,0.026028547439126783,1,0,36.0680311051282,False,True,9.406883703365224,50.0,Atencao,Atencao: foco visual fora da direcao,27.026345504023688
1777741202.7525647,1192,True,0.315920064969953,0.4402747927497223,0.37809742885983766,0.0038703534499784802,False,False,0.026006711409395974,1,0,36.778718241778286,False,True,9.439415606109742,50.0,Atencao,Atencao: foco visual fora da direcao,27.166420966842768
1777741202.790613,1193,True,0.3338793574260805,0.413429777302904,0.3736545673644922,0.003421685514469238,False,False,0.025984911986588432,1,0,36.94211287498474,False,True,9.44458791713403,50.0,Atencao,Atencao: foco visual fora da direcao,27.14327999180722
1777741202.8260927,1194,True,0.3275167401702082,0.41525420300461807,0.37138547158741314,0.00401262716223466,False,False,0.025963149078726967,1,0,37.33876725435257,False,True,9.461428236271468,50.0,Atencao,Atencao: foco visual fora da direcao,27.238832658964515
1777741202.8600128,1195,True,0.3413840841731076,0.41573943869601415,0.3785617614345609,0.003862007262665284,False,False,0.02594142259414226,1,0,36.411181724071504,False,True,9.412061568127017,50.0,Atencao,Atencao: foco visual fora da direcao,27.45099641421573
1777741202.8939679,1196,True,0.32509136835117775,0.41141389579154913,0.36825263207136344,0.003861372095494962,False,False,0.025919732441471572,1,0,37.2891045386141,False,True,9.452975312861927,50.0,Atencao,Atencao: foco visual fora da direcao,27.622598682616385
1777741202.927513,1197,True,0.33082765085531285,0.41254216499492563,0.3716849079251192,0.003951627145070621,False,False,0.025898078529657476,1,0,37.636423063278194,False,True,9.467363826220694,50.0,Atencao,Atencao: foco visual fora da direcao,27.88755041767822
1777741202.9664006,1198,True,0.3427572790652787,0.4209404507300448,0.3818488648976618,0.003598122555517035,False,False,0.02587646076794658,1,0,37.50491843223572,False,True,9.457816152433322,50.0,Atencao,Atencao: foco visual fora da direcao,27.66941016453018
1777741203.0010273,1199,True,0.3351723780959007,0.4190011646184513,0.37708677135717605,0.0038493926850366737,False,False,0.02585487906588824,1,0,36.61564717184413,False,True,9.41038510538072,50.0,Atencao,Atencao: foco visual fora da direcao,27.783591174879767
1777741203.0363164,1200,True,0.32782963150303807,0.4232831850426494,0.37555640827284376,0.004084781477164865,False,False,0.025833333333333333,1,0,37.38961444442923,False,True,9.446120930783676,50.0,Atencao,Atencao: foco visual fora da direcao,27.807985480480728
1777741203.0756197,1201,True,0.31828980685541436,0.3474809853064136,0.33288539608091394,0.0042746229508624,False,False,0.025811823480432972,1,0,37.750289702415465,False,True,9.461197088909188,50.0,Atencao,Atencao: foco visual fora da direcao,27.58022632608885
1777741203.1181176,1202,True,0.23335223099666313,0.26797888838074424,0.2506655596887037,0.0040421668342234185,False,False,0.025790349417637273,1,0,35.80865502628413,False,True,9.361162671468213,50.0,Atencao,Atencao: foco visual fora da direcao,27.17820490150067
1777741203.159908,1203,True,0.2203560910489937,0.29479902138596586,0.2575775562174798,0.004205134548902031,False,False,0.025768911055694097,1,0,34.906159936839884,False,True,9.313090142228814,50.0,Atencao,Atencao: foco visual fora da direcao,26.87339536548264
1777741203.2008257,1204,True,0.22276173122663295,0.30013030351323383,0.2614460173699334,0.0044314087753720335,False,False,0.02574750830564784,1,0,35.330944761362936,False,True,9.331386505323607,50.0,Atencao,Atencao: foco visual fora da direcao,26.61700472458713
1777741203.243503,1205,True,0.23673842481500088,0.3090947518433675,0.2729165883291842,0.004548786190461661,False,False,0.025726141078838173,1,0,36.50677578232505,False,True,9.387240062685382,50.0,Atencao,Atencao: foco visual fora da direcao,26.32870131986436
1777741203.2842338,1206,True,0.2489731452061771,0.3165127086793972,0.28274292694278713,0.0044212570953272405,False,False,0.02570480928689884,1,0,35.81868270473046,False,True,9.349902287413997,50.0,Atencao,Atencao: foco visual fora da direcao,26.13268618202374
1777741203.3234868,1207,True,0.2506403468790369,0.3530224501854397,0.3018313985322383,0.00456742514445094,False,False,0.02568351284175642,1,0,36.822000829740006,False,True,9.397139932457389,50.0,Atencao,Atencao: foco visual fora da direcao,26.04087516762527
1777741203.363109,1208,True,0.26064243780931484,0.3180125815529701,0.28932750968114246,0.004158018877570963,False,False,0.02566225165562914,1,0,37.35481164997274,False,True,9.420857060376525,50.0,Atencao,Atencao: foco visual fora da direcao,25.978690928691364
1777741203.400029,1209,True,0.2553229088514358,0.324754245084115,0.2900385769677754,0.004067479307497982,False,False,0.02564102564102564,1,0,37.53510132161054,False,True,9.426952966950434,50.0,Atencao,Atencao: foco visual fora da direcao,26.103718124870515
1777741203.433592,1210,True,0.26448909003519,0.32908300655462863,0.2967860482949093,0.004101778797218478,False,False,0.0256198347107438,1,0,37.56815721501003,False,True,9.425692008706656,50.0,Atencao,Atencao: foco visual fora da direcao,26.450360201872623
1777741203.470149,1211,True,0.2703759972814326,0.33218609123945847,0.30128104426044555,0.004090824568362323,False,False,0.02559867877786953,1,0,37.0699386509982,False,True,9.397872139735853,50.0,Atencao,Atencao: foco visual fora da direcao,26.57042091871165
1777741203.507182,1212,True,0.2621882435406977,0.33929259197464534,0.3007404177576715,0.0037082911180038635,False,False,0.02557755775577558,1,0,37.35470348596573,False,True,9.40920624094631,50.0,Atencao,Atencao: foco visual fora da direcao,26.599565114058404
1777741203.5410166,1213,True,0.2637938465004014,0.3387875393017201,0.30129069290106075,0.004119889815977427,False,False,0.025556471558120363,1,0,37.8610305016691,False,True,9.431623239553886,50.0,Atencao,Atencao: foco visual fora da direcao,26.893940539884326
1777741203.5771136,1214,True,0.2710675786221067,0.34441566034056315,0.30774161948133494,0.003670341946136246,False,False,0.025535420098846788,1,0,37.80728040445934,False,True,9.426041159043283,50.0,Atencao,Atencao: foco visual fora da direcao,26.900720076703983
1777741203.611068,1215,True,0.27149686219805513,0.34084267895722925,0.30616977057764216,0.003792932135699839,False,False,0.02551440329218107,1,0,37.63248672810467,False,True,9.41441166430901,50.0,Atencao,Atencao: foco visual fora da direcao,27.211821523513045
1777741203.6495,1216,True,0.27129074220376054,0.34438093064188185,0.3078358364228212,0.0035439226869183236,False,False,0.02549342105263158,1,0,39.14766416549683,False,True,9.487285478240565,50.0,Atencao,Atencao: foco visual fora da direcao,27.102717099639445
1777741203.6851802,1217,True,0.3327272879294178,0.36715202522879453,0.3499396565791062,0.0037504760750266463,False,False,0.025472473294987676,1,0,37.778838706016536,False,True,9.415963888590515,50.0,Atencao,Atencao: foco visual fora da direcao,27.190047285308502
1777741203.7212152,1218,True,0.3411734563606678,0.34959468729329135,0.3453840718269796,0.0036486256635846885,False,False,0.025451559934318555,1,0,36.817153048515316,False,True,9.365004018623448,50.0,Atencao,Atencao: foco visual fora da direcao,27.273788124402042
1777741203.7543488,1219,True,0.3115832249588662,0.3682948302057241,0.33993902758229516,0.003463597301193121,False,False,0.02543068088597211,1,0,37.05348776416345,False,True,9.37394988525822,50.0,Atencao,Atencao: foco visual fora da direcao,27.565523323152618
1777741203.791599,1220,True,0.2944656312746653,0.38287664317279185,0.33867113722372855,0.003802105287130756,False,False,0.02540983606557377,1,0,37.90465957847508,False,True,9.41364231316903,50.0,Atencao,Atencao: foco visual fora da direcao,27.488477854008178
1777741203.827776,1221,True,0.31123291173562456,0.36970558284779514,0.34046924729170985,0.003962656602567849,False,False,0.025389025389025387,1,0,37.94590310345997,False,True,9.41284302139287,50.0,Atencao,Atencao: foco visual fora da direcao,27.496463568966014
1777741203.862423,1222,True,0.31226899529938623,0.36514222832130866,0.3387056118103474,0.00383748934801745,False,False,0.02536824877250409,1,0,37.64051284248179,False,True,9.394716723572284,50.0,Atencao,Atencao: foco visual fora da direcao,27.611752693214427
1777741203.8961296,1223,True,0.31913785071821416,0.3741907894808191,0.34666432009951664,0.0038922944340807806,False,False,0.025347506132461162,1,0,37.697747794064604,False,True,9.394726358145522,50.0,Atencao,Atencao: foco visual fora da direcao,27.840248113753127
1777741203.933304,1224,True,0.32488979674137575,0.39629804367701144,0.36059392020919356,0.004303749282616474,False,False,0.025326797385620915,1,0,37.35966934615916,False,True,9.374974983059715,50.0,Atencao,Atencao: foco visual fora da direcao,27.757991339948695
1777741203.9675455,1225,True,0.3344657944273216,0.37322553907334644,0.353845666750334,0.003815849816754692,False,False,0.025306122448979593,1,0,36.966654014587405,False,True,9.352481412692946,50.0,Atencao,Atencao: foco visual fora da direcao,27.882701824984757
1777741204.0039396,1226,True,0.3153582481548455,0.3812918506822919,0.3483250494185687,0.003893860925594294,False,False,0.02528548123980424,1,0,37.63016205538403,False,True,9.382818648471167,50.0,Atencao,Atencao: foco visual fora da direcao,27.865397462831982
1777741204.0406528,1227,True,0.3101442124108308,0.37827396183395157,0.3442090871223912,0.003808782703518184,False,False,0.02526487367563162,1,0,37.8749249691313,False,True,9.392223254084794,50.0,Atencao,Atencao: foco visual fora da direcao,27.771735056610005
1777741204.0793746,1228,True,0.3261559571741494,0.3639685402108547,0.345062248692502,0.0038139642921890386,False,False,0.025244299674267102,1,0,37.27653415311466,False,True,9.35947478809634,50.0,Atencao,Atencao: foco visual fora da direcao,27.590345994829555
1777741204.1210856,1229,True,0.2309466352462859,0.27764113426582376,0.25429388475605486,0.0032545642428538886,False,False,0.025223759153783564,1,0,35.60324280207807,False,True,9.272985898978026,50.0,Atencao,Atencao: foco visual fora da direcao,27.236788184036847
1777741204.1590924,1230,True,0.18838446468479422,0.19063659880415057,0.1895105317444724,0.00307891915075523,True,False,0.026016260162601626,1,0,33.99100079482252,False,True,9.30134268732773,50.0,Atencao,Atencao: foco visual fora da direcao,27.152969138656232
1777741204.2018173,1231,True,0.13310804759418235,0.1597779835841159,0.14644301558914913,0.0034734963924802405,True,False,0.026807473598700244,1,0,36.29567942565138,False,True,9.525368466332734,50.0,Atencao,Atencao: foco visual fora da direcao,26.774049857878843
1777741204.2426739,1232,True,0.141686599945829,0.16732513895812381,0.15450586945197642,0.0038239930026205647,True,False,0.027597402597402596,1,0,36.834950333833696,False,True,9.660947249063423,50.0,Atencao,Atencao: foco visual fora da direcao,26.521992667989675
1777741204.2782998,1233,True,0.14602769088537076,0.19585788790016986,0.1709427893927703,0.003667640032828964,True,False,0.028386050283860504,1,0,36.59221861525015,False,True,9.757249720022209,50.0,Atencao,Atencao: foco visual fora da direcao,26.648165440220453
1777741204.3164263,1234,True,0.14861870580780565,0.17798036396539638,0.163299534886601,0.003589183176714457,True,False,0.029173419773095625,1,0,35.40859543085098,False,True,9.80633186557208,50.0,Atencao,Atencao: foco visual fora da direcao,26.645975470629974
1777741204.3501139,1235,True,0.14788307991197946,0.18374178309865558,0.16581243150531752,0.0026169956771360595,True,False,0.029959514170040485,1,0,35.644171696359464,False,True,9.92619865842742,50.0,Atencao,Atencao: foco visual fora da direcao,26.947487157610812
1777741204.3851814,1236,True,0.14850868425898273,0.1790570508512295,0.16378286755510613,0.0027994386975102974,True,False,0.030744336569579287,1,0,35.28801911310716,False,True,10.016304109201391,50.0,Atencao,Atencao: foco visual fora da direcao,27.134815382022712
1777741204.4195695,1237,True,0.1441878124158033,0.18860118416723673,0.16639449829152003,0.0028326501770941045,True,False,0.03152789005658852,1,0,35.589250720630986,False,True,10.139104294041353,50.0,Atencao,Atencao: foco visual fora da direcao,27.240967519475884
1777741204.457312,1238,True,0.14420185005713068,0.1844535696009648,0.16432770982904774,0.0029760255275820195,True,False,0.03231017770597738,1,0,34.50619821114973,False,True,10.192516220358259,50.0,Atencao,Atencao: foco visual fora da direcao,27.21281175736849
1777741204.492306,1239,True,0.15020129246758906,0.19186164362793262,0.17103146804776084,0.003164485809456578,True,False,0.033091202582728005,1,0,35.06922270709818,False,True,10.328058365708891,50.0,Atencao,Atencao: foco visual fora da direcao,27.34989028518394
1777741204.5261261,1240,True,0.15427227454148512,0.19152814288683473,0.17290020871415993,0.002976066624184777,True,False,0.03387096774193549,1,0,35.49827301502228,False,True,10.456728590496127,50.0,Atencao,Atencao: foco visual fora da direcao,27.57751309238478
1777741204.5614524,1241,True,0.15128656571571225,0.19073724491424568,0.17101190531497895,0.0028888998802615354,True,False,0.0346494762288477,1,0,35.42306993928822,False,True,10.560013353659853,50.0,Atencao,Atencao: foco visual fora da direcao,27.67750885160861
1777741204.5961657,1242,True,0.15389940164854565,0.19403688952052492,0.17396814558453527,0.003249304414090765,True,False,0.03542673107890499,1,0,36.05560045892542,False,True,10.698512421524589,50.0,Atencao,Atencao: foco visual fora da direcao,27.77831768967979
1777741204.630456,1243,True,0.1475062837976139,0.19679071271133536,0.17214849825447465,0.003251401008304054,True,False,0.036202735317779566,1,0,35.40349768020889,False,True,10.772607865434017,50.0,Atencao,Atencao: foco visual fora da direcao,27.868107888663385
1777741204.6657748,1244,True,0.1533993572030217,0.19129103970722772,0.1723451984551247,0.002894982930115786,True,False,0.03697749196141479,1,0,35.38424414504658,False,True,10.878174227175743,50.0,Atencao,Atencao: foco visual fora da direcao,27.95017777814
1777741204.7002754,1245,True,0.15077995398490904,0.1909607562233168,0.17087035510411291,0.002905516477494009,True,False,0.03775100401606426,1,0,35.53251924189654,False,True,10.991945889532543,50.0,Atencao,Atencao: foco visual fora da direcao,28.032965502477403
1777741204.7396216,1246,True,0.15310491883587043,0.19414980371620089,0.17362736127603567,0.003197603831151959,True,False,0.038523274478330656,1,0,34.600944851203394,False,True,11.051554358559516,50.0,Atencao,Atencao: foco visual fora da direcao,27.780110305532475
1777741204.7761395,1247,True,0.15052683702412004,0.19244022261900962,0.17148352982156484,0.003349027261096661,True,False,0.03929430633520449,1,0,34.26297402165153,False,True,11.140672697402076,50.0,Atencao,Atencao: foco visual fora da direcao,27.731639999849463
1777741204.81335,1248,True,0.15165796002005075,0.1956678433276566,0.17366290167385368,0.0031894026478509006,True,False,0.04006410256410257,1,0,34.841998587413265,False,True,11.275470907163648,50.0,Atencao,Atencao: foco visual fora da direcao,27.651338836716675
1777741204.8514214,1249,True,0.15437914811570988,0.1938090431441283,0.1740940956299191,0.0035314499649898574,True,False,0.04083266613290633,1,0,34.49568824876438,False,True,11.363832880941722,50.0,Atencao,Atencao: foco visual fora da direcao,27.503752469451307
1777741204.8872743,1250,True,0.15690986135018417,0.18986028444842235,0.17338507289930327,0.0037522629328037857,True,False,0.0416,1,0,34.66681149493564,False,True,11.477897449975663,50.0,Atencao,Atencao: foco visual fora da direcao,27.57425964902933
1777741204.9219272,1251,True,0.1538502994873499,0.18442215406846232,0.16913622677790613,0.003970158239632948,True,False,0.042366107114308556,1,0,34.623551704124964,False,True,11.581074188652556,50.0,Atencao,Atencao: foco visual fora da direcao,27.64752975538263
1777741204.958539,1252,True,0.15533495963151797,0.18506062060852094,0.17019779012001945,0.0038160689357475985,True,False,0.04313099041533546,1,0,34.748457894542,False,True,11.692490952064606,50.0,Atencao,Atencao: foco visual fora da direcao,27.649457094282848
1777741204.9924939,1253,True,0.1396852888692615,0.18167447604765527,0.16067988245845838,0.003929327328965235,True,False,0.04389465283320032,1,0,34.685650987516745,False,True,11.794354189169763,50.0,Atencao,Atencao: foco visual fora da direcao,27.831912070411455
1777741205.0265827,1254,True,0.14450385283299633,0.17684705799797315,0.16067545541548472,0.0034266754044339313,True,False,0.044657097288676235,1,0,35.05884727727283,False,True,11.917850116285507,50.0,Atencao,Atencao: foco visual fora da direcao,27.981211985668043
1777741205.0625167,1255,True,0.14091569324500877,0.1833815204741182,0.1621486068595635,0.003980094869086177,True,False,0.04541832669322709,1,0,34.80388174219565,False,True,12.009770882657389,50.0,Atencao,Atencao: foco visual fora da direcao,27.952115369328325
1777741205.101749,1256,True,0.14469364191041437,0.18142507626581383,0.1630593590881141,0.003793611588931579,True,False,0.04617834394904458,1,0,35.68600781234827,False,True,12.158379558839925,50.0,Atencao,Atencao: foco visual fora da direcao,27.724502281008416
1777741205.1436749,1257,True,0.13960628293798819,0.1885586359660698,0.16408245945202898,0.0038282712614155254,True,False,0.046937151949085126,1,0,35.74383007558909,False,True,12.26560677200754,50.0,Atencao,Atencao: foco visual fora da direcao,27.319039210652075
1777741205.1844342,1258,True,0.14312010770967865,0.19002718722480397,0.1665736474672413,0.004216632650629199,True,False,0.04769475357710652,1,0,35.938701371713115,False,True,12.379520560666684,50.0,Atencao,Atencao: foco visual fora da direcao,27.048504106837235
1777741205.2233715,1259,True,0.13936475826818298,0.18804717652769792,0.16370596739794047,0.004210286350413744,True,False,0.048451151707704525,1,0,36.00911965803667,False,True,12.487046217940087,50.0,Atencao,Atencao: foco visual fora da direcao,26.940172802130416
1777741205.258012,1260,True,0.14301689669493103,0.1906880236278571,0.16685246016139407,0.0036659482253922136,True,False,0.049206349206349205,1,0,35.86336278481917,False,True,12.583598030342856,50.0,Atencao,Atencao: foco visual fora da direcao,27.08809804624255
1777741205.2917924,1261,True,0.17428263851479808,0.10978349111904442,0.14203306481692124,0.004405792885745191,True,False,0.0499603489294211,1,0,36.947971715168514,False,True,12.741503438782708,50.0,Atencao,Atencao: foco visual fora da direcao,27.37331814479807
1777741205.3262887,1262,True,0.18843964654920645,0.10175334407183738,0.1450964953105219,0.003432800657818632,True,False,0.05071315372424723,1,0,36.25323926318775,False,True,12.810277475472263,50.0,Atencao,Atencao: foco visual fora da direcao,27.531591093101873
1777741205.3595433,1263,True,0.22430468102243384,0.2185595517565739,0.22143211638950389,0.0035894557579925967,False,False,0.050673000791765635,1,0,37.0739666223526,False,True,13.107594232882947,50.0,Atencao,Atencao: foco visual fora da direcao,27.742378540081386
1777741205.3934388,1264,True,0.21120251554131486,0.21852571683438218,0.2148641161878485,0.003696682939894866,False,False,0.05063291139240506,1,0,37.16378825632008,False,True,13.10657302216924,50.0,Atencao,Atencao: foco visual fora da direcao,27.95855342016782
1777741205.4275954,1265,True,0.27933790211692167,0.2869242044103912,0.2831310532636564,0.0036651215144260785,False,False,0.05059288537549407,1,0,37.48433029489083,False,True,13.117096546772519,50.0,Atencao,Atencao: foco visual fora da direcao,28.073855381557962
1777741205.4616232,1266,True,0.2850942646476451,0.3326908822470679,0.3088925734473565,0.0036886250697979344,False,False,0.05055292259083728,1,0,38.12571098804474,False,True,13.143670698539905,50.0,Atencao,Atencao: foco visual fora da direcao,28.192534049390424
1777741205.496797,1267,True,0.2932090686398994,0.3484454380716014,0.32082725335575035,0.003773706958486688,False,False,0.050513022888713496,1,0,38.177708935737606,False,True,13.140784386882526,50.0,Atencao,Atencao: foco visual fora da direcao,28.224891379412774
1777741205.5341725,1268,True,0.2962552890692644,0.3464678907078108,0.3213615898885376,0.0036633657910074223,False,False,0.050473186119873815,1,0,37.72529258728027,False,True,13.112686013744206,50.0,Atencao,Atencao: foco visual fora da direcao,28.06591530698085
1777741205.5758073,1269,True,0.3065383740925946,0.35886480963445605,0.3327015918635253,0.0036889583432504337,False,False,0.0504334121355398,1,0,37.93591938018799,False,True,13.117748430543664,50.0,Atencao,Atencao: foco visual fora da direcao,27.672410427449982
1777741205.6161304,1270,True,0.31199465341447224,0.371869797070608,0.34193222524254013,0.0041068307464121444,False,False,0.050393700787401574,1,0,38.431166315078734,False,True,13.137050466919195,50.0,Atencao,Atencao: foco visual fora da direcao,27.402179215773526
1777741205.6568425,1271,True,0.31482012318906466,0.3973574939882269,0.3560888085886458,0.004438513661541767,False,False,0.05035405192761605,1,0,37.940730190277094,False,True,13.107076942458605,50.0,Atencao,Atencao: foco visual fora da direcao,27.108516300276957
1777741205.6976569,1272,True,0.3122694675289167,0.393479096646236,0.3528742820875763,0.004561477991114816,False,False,0.050314465408805034,1,0,38.52949051856994,False,True,13.131071812536732,50.0,Atencao,Atencao: foco visual fora da direcao,26.808064097030027
1777741205.736065,1273,True,0.3150135055141973,0.390384627836883,0.3526990666755402,0.004950112589973409,False,False,0.05027494108405342,1,0,38.050122904777524,False,True,13.101668837193763,50.0,Atencao,Atencao: foco visual fora da direcao,26.799068479729495
1777741205.7712092,1274,True,0.3160588143846277,0.3957183726925276,0.3558885935385776,0.00479906460334339,False,False,0.05023547880690738,1,0,38.310503816604616,False,True,13.109261819677537,50.0,Atencao,Atencao: foco visual fora da direcao,26.944922399949313
1777741205.8072107,1275,True,0.31427332085210047,0.39311781582840316,0.35369556834025184,0.00489700963883873,False,False,0.05019607843137255,1,0,37.81692521572113,False,True,13.079165337997324,50.0,Atencao,Atencao: foco visual fora da direcao,27.0202370493372
1777741205.842864,1276,True,0.3129754510716817,0.38088803070697747,0.34693174088932954,0.004138973942096006,False,False,0.050156739811912224,1,0,38.22132401466369,False,True,13.093976217768658,50.0,Atencao,Atencao: foco visual fora da direcao,27.094996108072394
1777741205.8769093,1277,True,0.3188044786342375,0.39428298400000783,0.3565437313171227,0.004669163264769519,False,False,0.050117462803445575,1,0,37.87397472858429,False,True,13.071208164800524,50.0,Atencao,Atencao: foco visual fora da direcao,27.328343465174676
1777741205.9133005,1278,True,0.31290196814482885,0.38456441985816775,0.34873319400149827,0.004317036165427612,False,False,0.050078247261345854,1,0,38.03635759353637,False,True,13.073935171009417,50.0,Atencao,Atencao: foco visual fora da direcao,27.39543743994639
1777741205.9492824,1279,True,0.31270021830638767,0.37680148031023813,0.3447508493083129,0.0043698071818511885,False,False,0.05003909304143862,1,0,38.24435324668884,False,True,13.078951248429794,50.0,Atencao,Atencao: foco visual fora da direcao,27.39928760605028
1777741205.9858136,1280,True,0.31168856162436603,0.3793241327407393,0.3455063471825527,0.004905450075526999,False,False,0.05,1,0,37.79460515975952,False,True,13.051088550885519,50.0,Atencao,Atencao: foco visual fora da direcao,27.430608787922825
1777741206.018757,1281,True,0.31200625272294014,0.3785951177131219,0.34530068521803103,0.0044065134438232975,False,False,0.04996096799375488,1,0,38.30286209583282,False,True,13.07113449683048,50.0,Atencao,Atencao: foco visual fora da direcao,27.67825577935208
1777741206.0545902,1282,True,0.31289405708572204,0.38172976935197533,0.3473119132188487,0.00451086992064645,False,False,0.0499219968798752,1,0,37.696652388572694,False,True,13.035465483309016,50.0,Atencao,Atencao: foco visual fora da direcao,27.70663965835781
1777741206.0942035,1283,True,0.307425140442455,0.3723143027647628,0.3398697216036089,0.004092777915531711,False,False,0.04988308651597818,1,0,37.77101459503174,False,True,13.03383341859613,50.0,Atencao,Atencao: foco visual fora da direcao,27.446526282656354
1777741206.136578,1284,True,0.3026651422292986,0.3695361890726814,0.33610066565098995,0.0038886259793365066,False,False,0.04984423676012461,1,0,38.1421434879303,False,True,13.04704802181119,50.0,Atencao,Atencao: foco visual fora da direcao,27.0991331077257
1777741206.177412,1285,True,0.27734619906343366,0.29777363480950164,0.28755991693646765,0.004434398669347215,False,False,0.049805447470817124,1,0,36.4099924325943,False,True,12.955106941764612,50.0,Atencao,Atencao: foco visual fora da direcao,26.81478525615908
1777741206.4104412,1286,True,0.1337597506535172,0.04220838912466526,0.08798406988909123,0.010650340689536934,True,False,0.05054432348367029,1,0,37.792701860449526,False,True,13.125837864924684,50.0,Atencao,Atencao: foco visual fora da direcao,24.562819405479093
1777741206.4444208,1287,True,0.15136341448258492,0.09258243375202323,0.12197292411730407,0.008673123753465828,True,False,0.05128205128205128,1,0,35.12912826538086,False,True,13.094096757448636,50.0,Atencao,Atencao: foco visual fora da direcao,24.989453594053515
1777741206.4819698,1288,True,0.12444431619783622,0.07993688774967565,0.10219060197375593,0.006480725038272677,True,False,0.05201863354037267,1,0,36.85481225197965,False,True,13.281661017297766,50.0,Atencao,Atencao: foco visual fora da direcao,25.200645503467733
1777741206.5193706,1289,True,0.11214944826198511,0.09934088522945402,0.10574516674571957,0.00600504570434081,True,False,0.05275407292474787,1,0,34.76388249722394,False,True,13.27823744491157,50.0,Atencao,Atencao: foco visual fora da direcao,25.30812868654432
1777741206.5545135,1290,True,0.12456488174708825,0.09914622240293712,0.11185555207501269,0.0064483420853870006,True,False,0.053488372093023255,1,0,33.37485254948789,False,True,13.309752083162634,50.0,Atencao,Atencao: foco visual fora da direcao,25.69216434819357
1777741206.5915976,1291,True,0.1452357808311074,0.12850023195684593,0.13686800639397667,0.004897403151171423,True,False,0.054221533694810226,1,0,35.03575381528247,False,True,13.493606866698071,50.0,Atencao,Atencao: foco visual fora da direcao,25.800732741683937
1777741206.627578,1292,True,0.1138401680323966,0.11467939976317444,0.11425978389778552,0.00534576117107252,True,False,0.05495356037151703,1,0,35.81269539215348,False,True,13.633107613588809,50.0,Atencao,Atencao: foco visual fora da direcao,25.986100309177147
1777741206.6662571,1293,True,0.1292918837848751,0.1036944727666126,0.11649317827574385,0.005002718152095864,True,False,0.05568445475638051,1,0,37.452683157270606,False,True,13.815604979763393,50.0,Atencao,Atencao: foco visual fora da direcao,25.99796559283265
1777741206.7007794,1294,True,0.1807340282689702,0.10221519926558119,0.1414746137672757,0.005683604044325338,True,False,0.05641421947449768,1,0,38.20251434499567,False,True,13.953439187890757,50.0,Atencao,Atencao: foco visual fora da direcao,26.275684700929155
1777741206.7363694,1295,True,0.16701512519050868,0.13986830197937825,0.15344171358494346,0.0036577758423649385,True,False,0.05714285714285714,1,0,41.6885828722607,False,True,14.227930293653436,50.0,Atencao,Atencao: foco visual fora da direcao,26.44802887289663
1777741206.7736838,1296,True,0.2964470009271756,0.2911677484602501,0.2938073746937129,0.005066688963801383,False,False,0.05709876543209876,1,0,42.178012993660836,False,True,14.29227612066717,50.0,Atencao,Atencao: foco visual fora da direcao,26.483149342584767
1777741206.8103662,1297,True,0.29474014415242156,0.3346281460977241,0.3146841451250728,0.004980138612258216,False,False,0.05705474171164225,1,0,42.7565284837376,False,True,14.315148633608239,50.0,Atencao,Atencao: foco visual fora da direcao,26.561926156285264
1777741206.8447232,1298,True,0.2948217103228719,0.29812380228546614,0.296472756304169,0.005475926078706538,False,False,0.05701078582434515,1,0,39.99934097961946,True,False,14.17124532389898,50.07704160246533,Atencao,Atencao: sinais iniciais de risco,26.779296757140354
1777741206.8802903,1299,True,0.2987268391657762,0.379985291675455,0.3393560654206156,0.008615415860924019,False,False,0.05696689761354888,1,0,39.27781910191883,False,False,14.12913460102946,50.076982294072366,Atencao,Atencao: sinais iniciais de risco,26.95960423599689
1777741206.9176524,1300,True,0.2902714900675496,0.3682876699696141,0.3292795800185818,0.0049723475993505815,False,False,0.05692307692307692,1,0,33.109858891909774,False,False,13.814711245589114,50.07692307692308,Atencao,Atencao: sinais iniciais de risco,26.965404550381688
1777741206.9512177,1301,True,0.31045670103449197,0.34928427626006564,0.3298704886472788,0.009617114181530434,False,False,0.0568793235972329,1,0,32.02531935491345,True,False,13.754468186435744,50.15372790161414,Atencao,Atencao: sinais iniciais de risco,27.225545750251527
1777741206.9869568,1302,True,0.31265099830765886,0.3505981049278274,0.3316245516177431,0.007105228712901601,False,False,0.05683563748079877,1,0,30.43429528935389,False,False,13.668910142148073,50.153609831029186,Atencao,Atencao: sinais iniciais de risco,27.282853850712083
1777741207.0202358,1303,True,0.31801829569759094,0.3508615332430922,0.3344399144703416,0.0042174184111444385,False,False,0.056792018419033,1,0,29.880372141978956,False,False,13.635216363786533,50.15349194167306,Atencao,Atencao: sinais iniciais de risco,27.560450977718222
1777741207.0559256,1304,True,0.2608218413622169,0.3491523863570741,0.3049871138596455,0.005609230509448992,False,False,0.05674846625766871,1,0,29.451453822580255,False,False,13.60778202562901,50.15337423312884,Atencao,Atencao: sinais iniciais de risco,27.63402062741914
1777741207.0937836,1305,True,0.2722516932156631,0.3597825501120449,0.316017121663854,0.004965423893845098,False,False,0.056704980842911874,1,0,25.479562453248285,False,False,13.403208212633345,50.15325670498084,Atencao,Atencao: sinais iniciais de risco,27.45039159689017
1777741207.1340377,1306,True,0.28334869711297717,0.37424160859665545,0.3287951528548163,0.006053014395166826,False,False,0.05666156202143951,1,0,23.197037621790713,False,False,13.283111883108015,50.1531393568147,Atencao,Atencao: sinais iniciais de risco,27.24250909644631
1777741207.1759832,1307,True,0.2948263441005597,0.3315178915517108,0.31317211782613524,0.00615732744291819,False,False,0.056618209640397855,1,0,24.54603437998078,False,False,13.344600768624293,50.15302218821729,Atencao,Atencao: sinais iniciais de risco,26.89221305163975
1777741207.2171502,1308,True,0.2803542706986945,0.3631392982837369,0.32174678449121574,0.006225375861252417,False,False,0.05657492354740061,1,0,23.293275791813027,False,False,13.276011001428783,50.15290519877676,Atencao,Atencao: sinais iniciais de risco,26.61625310123609
1777741207.258794,1309,True,0.29186233726925653,0.34192176934585705,0.31689205330755676,0.008491238983485895,False,False,0.05653170359052712,1,0,21.916363577951085,False,False,13.201222646665581,50.152788388082506,Atencao,Atencao: sinais iniciais de risco,26.365608361554155
1777741207.2988956,1310,True,0.2851842430952242,0.3481231540651215,0.3166536985801729,0.007772166789344911,False,False,0.05648854961832061,1,0,24.63917009098963,False,False,13.331429301139114,50.152671755725194,Atencao,Atencao: sinais iniciais de risco,26.219304394988058
1777741207.341336,1311,True,0.27642464471291944,0.344907882058396,0.3106662633856577,0.008846464069828336,False,False,0.05644546147978642,1,0,24.663391177491707,False,False,13.326715736415768,50.15255530129672,Atencao,Atencao: sinais iniciais de risco,25.938060947801976
1777741207.3773854,1312,True,0.24529580968349513,0.3593098001094159,0.3023028048964555,0.00730106923862276,False,False,0.056402439024390245,1,0,27.136385974287986,False,False,13.444449888638605,50.15243902439025,Atencao,Atencao: sinais iniciais de risco,26.115466396607815
1777741207.412576,1313,True,0.28165158500052917,0.3655891921800342,0.3236203885902817,0.008173371583380742,False,False,0.05635948210205636,1,0,25.912899377942082,False,False,13.377368982000402,50.15232292460015,Atencao,Atencao: sinais iniciais de risco,26.380301499134628
1777741207.4484057,1314,True,0.2861364572662568,0.3729196456375724,0.3295280514519146,0.005397451948232753,False,False,0.0563165905631659,1,0,22.523966558684002,False,False,13.20202475444006,50.15220700152207,Atencao,Atencao: sinais iniciais de risco,26.531407106716806
1777741207.482816,1315,True,0.3333263936077376,0.39174466622444143,0.3625355299160895,0.0056103185894576255,False,False,0.05627376425855513,1,0,19.518581597642466,False,False,13.045866889504001,50.152091254752854,Atencao,Atencao: sinais iniciais de risco,26.78260053797908
1777741207.5178592,1316,True,0.3424196492465702,0.37929673629716015,0.36085819277186515,0.005175286221968227,False,False,0.05623100303951368,1,0,21.077970923347905,False,False,13.117956688171075,50.151975683890576,Atencao,Atencao: sinais iniciais de risco,26.999500931841368
1777741207.5552323,1317,True,0.3419740364490275,0.37193816836796967,0.3569561024084986,0.005095969077344145,False,False,0.05618830675778284,1,0,20.211273671551183,False,False,13.068751086843246,50.15186028853455,Atencao,Atencao: sinais iniciais de risco,26.957400532461488
1777741207.590599,1318,True,0.2954490069501425,0.32394413202150074,0.3096965694858216,0.006974422784626958,False,False,0.05614567526555387,1,0,20.919964769753545,False,False,13.09832381157188,50.15174506828528,Atencao,Atencao: sinais iniciais de risco,27.072307207637067
1777741207.6251223,1319,True,0.22040203132125843,0.06243541729877264,0.14141872431001554,0.009299664897944517,True,False,0.05686125852918878,1,0,26.106960145993664,False,False,13.456066279133688,50.151630022744506,Atencao,Atencao: sinais iniciais de risco,27.251062715913964
1777741207.6612656,1320,True,0.2752595584166812,0.23968922838522616,0.2574743934009537,0.011145741718317776,False,False,0.056818181818181816,1,0,35.70682311979207,False,True,13.903324988068425,50.15151515151515,Atencao,Atencao: sinais iniciais de risco,27.331037008351956
1777741207.6965039,1321,True,0.28625556648963185,0.24764358758827673,0.2669495770389543,0.010041408527759579,False,False,0.05677517032551098,1,0,34.242864951220426,False,True,13.8242129993976,50.151400454201365,Atencao,Atencao: sinais iniciais de risco,27.407569234999396
1777741207.733339,1322,True,0.3203341618371044,0.30682790240753627,0.31358103212232036,0.009819191431195985,False,False,0.056732223903177004,1,0,37.787979459762575,False,True,13.995563591753788,50.15128593040847,Atencao,Atencao: sinais iniciais de risco,27.415409151167864
1777741207.7674549,1323,True,0.28441652258087846,0.3714410379265808,0.3279287802537296,0.008669450116639821,False,False,0.05668934240362812,1,0,38.341689109802246,False,True,14.0173528680678,50.15117157974301,Atencao,Atencao: sinais iniciais de risco,27.577384391989504
1777741207.8014443,1324,True,0.33797573589220864,0.39267610607597037,0.3653259209840895,0.006318429961082714,False,False,0.05664652567975831,1,0,37.371562433242794,False,True,13.962959234707728,50.151057401812686,Atencao,Atencao: sinais iniciais de risco,27.781643526613315
1777741207.833949,1325,True,0.31580372905752824,0.3883117680873873,0.35205774857245775,0.007738802573587877,False,False,0.05660377358490566,1,0,36.94630141258239,False,True,13.93581777063247,50.15094339622642,Atencao,Atencao: sinais iniciais de risco,28.07172618941297
1777741207.8665373,1326,True,0.38091814756201314,0.3805844699999964,0.38075130878100477,0.005139313820265984,False,False,0.05656108597285068,1,0,35.4334279179573,False,True,13.854304549243654,50.15082956259427,Atencao,Atencao: sinais iniciais de risco,28.309741109277947
1777741207.9012434,1327,True,0.33818696161054335,0.3902748312227565,0.36423089641664996,0.002842619309949589,False,False,0.05651846269781462,1,0,35.574531263113016,False,True,13.85549901618398,50.15071590052751,Atencao,Atencao: sinais iniciais de risco,28.391348771994807
1777741207.9368486,1328,True,0.3410217437946593,0.43677356385928695,0.38889765382697317,0.003937064309076846,False,False,0.05647590361445783,1,0,36.01146584749221,False,True,13.871493871441384,50.15060240963855,Atencao,Atencao: sinais iniciais de risco,28.36223668253623
1777741207.9710312,1329,True,0.3575636921068379,0.3808211274017976,0.3691924097543178,0.0036236072580912333,False,False,0.056433408577878104,1,0,36.03566505908966,False,True,13.866860764491541,50.15048908954101,Atencao,Atencao: sinais iniciais de risco,28.437492394638003
1777741208.0054753,1330,True,0.3550411618814666,0.40059820996724227,0.37781968592435444,0.0040873028305610315,False,False,0.05639097744360902,1,0,35.31586256623268,False,True,13.825036358886694,50.150375939849624,Atencao,Atencao: sinais iniciais de risco,28.439616355904175
1777741208.0431764,1331,True,0.35769362645144237,0.3981107068515434,0.3779021666514929,0.005509935182427752,False,False,0.056348610067618335,1,0,35.47740772366523,False,True,13.827288102559603,50.150262960180314,Atencao,Atencao: sinais iniciais de risco,28.281638984478636
1777741208.0859966,1332,True,0.33644488282719887,0.3581417851159481,0.34729333397157347,0.0053774568690971,False,False,0.05630630630630631,1,0,35.869452750682825,False,True,13.84107358673008,50.150150150150154,Atencao,Atencao: sinais iniciais de risco,27.795795904700874
1777741208.1265273,1333,True,0.3272936783716504,0.3729448892359752,0.3501192838038128,0.005153556760000421,False,False,0.056264066016504126,1,0,37.083864617347714,False,True,13.895986140215523,50.15003750937734,Atencao,Atencao: sinais iniciais de risco,27.467106598417292
1777741208.1655388,1334,True,0.3182677130407444,0.3445948003236767,0.3314312566822105,0.004508994159077936,False,False,0.05622188905547226,1,0,36.819135308265686,False,True,13.87695034261954,50.14992503748126,Atencao,Atencao: sinais iniciais de risco,27.289036434947143
1777741208.2051148,1335,True,0.318709264009313,0.3612397062284011,0.3399744851188571,0.0031437564259311095,False,False,0.056179775280898875,1,0,36.432278263568875,False,True,13.851816846380858,50.149812734082396,Atencao,Atencao: sinais iniciais de risco,27.0472742711146
1777741208.2427077,1336,True,0.3157591090059796,0.33098750894951795,0.32337330897774874,0.003044722922662881,False,False,0.0561377245508982,1,0,35.54042493700981,False,True,13.801442204677812,50.1497005988024,Atencao,Atencao: sinais iniciais de risco,27.01177597108497
1777741208.2792754,1337,True,0.30210154335019007,0.3477578287862715,0.3249296860682308,0.0017319563062472983,False,False,0.05609573672400898,1,0,35.91043411493301,False,True,13.814169337376704,50.149588631264024,Atencao,Atencao: sinais iniciais de risco,27.049123952342057
1777741208.3168225,1338,True,0.3073124891428245,0.335738788287705,0.32152563871526474,0.0028971631540985854,False,False,0.05605381165919283,1,0,36.19052336215972,False,True,13.82240910332582,50.14947683109118,Atencao,Atencao: sinais iniciais de risco,27.05925670749884
1777741208.3526917,1339,True,0.3013530368163822,0.3262095197620546,0.3137812782892184,0.002541485968857819,False,False,0.05601194921583271,1,0,36.459492599964136,False,True,13.830101479254026,50.149365197908885,Atencao,Atencao: sinais iniciais de risco,27.11986592184556
1777741208.3895185,1340,True,0.31248393564878874,0.32923293461410513,0.32085843513144696,0.003229936666791212,False,False,0.055970149253731345,1,0,36.32109265327453,False,True,13.817433987130608,50.149253731343286,Atencao,Atencao: sinais iniciais de risco,27.13076820882441
1777741208.426487,1341,True,0.29922589869817634,0.3398627465543353,0.3195443226262558,0.0033642173435108847,False,False,0.05592841163310962,1,0,35.75570332407951,False,True,13.783425597835368,50.14914243102162,Atencao,Atencao: sinais iniciais de risco,27.080686670278148
1777741208.4624798,1342,True,0.3082134732879721,0.3514732365328638,0.32984335491041794,0.003598257298771156,False,False,0.05588673621460507,1,0,35.00569977881386,False,True,13.740195050527712,50.14903129657228,Atencao,Atencao: sinais iniciais de risco,27.200624316606863
1777741208.5021455,1343,True,0.3155172708596218,0.34622489187543803,0.3308710813675299,0.003336881479258413,False,False,0.05584512285927029,1,0,35.28709606230259,False,True,13.748543028343615,50.14892032762472,Atencao,Atencao: sinais iniciais de risco,27.01032454232311
1777741208.5438395,1344,True,0.31237815196348023,0.34294310146448975,0.327660626713985,0.0020102844419209137,False,False,0.05580357142857143,1,0,35.20839341133833,False,True,13.73889457407431,50.148809523809526,Atencao,Atencao: sinais iniciais de risco,26.714884609601757
1777741208.5832617,1345,True,0.3085041402438533,0.3571608599197798,0.33283250008181653,0.0026128918573843415,False,False,0.055762081784386616,1,0,35.156597098708154,False,True,13.730599932367387,50.14869888475837,Atencao,Atencao: sinais iniciais de risco,26.555977900162492
1777741208.6195855,1346,True,0.3184137962594168,0.3471170264707313,0.33276541136507404,0.0024385958136772952,False,False,0.05572065378900446,1,0,35.566046631336214,False,True,13.745376059633745,50.14858841010401,Atencao,Atencao: sinais iniciais de risco,26.667267113637273
1777741208.6573844,1347,True,0.3259038994194061,0.3318706321909358,0.32888726580517097,0.0019637843994541387,False,False,0.0556792873051225,1,0,35.75994824171066,False,True,13.749383248618697,50.14847809948033,Atencao,Atencao: sinais iniciais de risco,26.6449726829552
1777741208.694336,1348,True,0.3138738927336243,0.34863859132090447,0.3312562420272644,0.0015168072062534978,False,False,0.055637982195845696,1,0,35.280478060245514,False,True,13.719730287019878,50.14836795252226,Atencao,Atencao: sinais iniciais de risco,26.672845239558132
1777741208.7321205,1349,True,0.30945446821350553,0.3516546797981603,0.3305545740058329,0.001694171978864535,False,False,0.05559673832468495,1,0,35.02454756516963,False,True,13.701262729981483,50.14825796886583,Atencao,Atencao: sinais iniciais de risco,26.660362187395283
1777741208.7692194,1350,True,0.3019243724703933,0.34962675947793087,0.3257755659741621,0.0017926179323795428,False,False,0.05555555555555555,1,0,35.23656589984894,False,True,13.706201015960156,50.148148148148145,Atencao,Atencao: sinais iniciais de risco,26.67731954662591
1777741208.8045802,1351,True,0.29089848625220394,0.3471052260316584,0.31900185614193116,0.0029590263013154084,False,False,0.05551443375277572,1,0,35.810526227951044,False,True,13.729244784483035,50.1480384900074,Atencao,Atencao: sinais iniciais de risco,26.865155806802377
1777741208.8389058,1352,True,0.29914557387914165,0.3412264800167353,0.32018602694793846,0.0018909074246149546,False,False,0.05547337278106509,1,0,36.25239001512527,False,True,13.745692090231532,50.14792899408284,Atencao,Atencao: sinais iniciais de risco,27.030722675619298
1777741208.8748996,1353,True,0.30817170385496756,0.3439092962029913,0.32604050002897944,0.001631886534315148,False,False,0.05543237250554324,1,0,36.508881616592404,False,True,13.752879132420635,50.14781966001478,Atencao,Atencao: sinais iniciais de risco,27.15600865849743
1777741208.9105382,1354,True,0.3138903056423801,0.34129571461079367,0.32759301012658687,0.0018046345683430365,False,False,0.055391432791728215,1,0,36.23793709278107,False,True,13.733702695580503,50.147710487444606,Atencao,Atencao: sinais iniciais de risco,27.231427407785603
1777741208.9469702,1355,True,0.31761230590462547,0.3394173509910894,0.3285148284478574,0.0017356167783770314,False,False,0.055350553505535055,1,0,36.192057800292964,False,True,13.725787829104538,50.14760147601476,Atencao,Atencao: sinais iniciais de risco,27.291450962812625
1777741208.9852452,1356,True,0.31049112741245566,0.34166009837184974,0.3260756128921527,0.001727396237409458,False,False,0.05530973451327434,1,0,36.56220897436142,False,True,13.738682776372112,50.147492625368734,Atencao,Atencao: sinais iniciais de risco,27.141686300879154
1777741209.0197902,1357,True,0.3081752600132115,0.335454304298493,0.32181478215585224,0.0021410707283100144,False,False,0.0552689756816507,1,0,36.94850811958313,False,True,13.752393394284947,50.14738393515107,Atencao,Atencao: sinais iniciais de risco,27.251299563491223
1777741209.0544896,1358,True,0.3063222285817632,0.32987459533383845,0.31809841195780086,0.0020081357137153324,False,False,0.05522827687776141,1,0,36.794039487838745,False,True,13.739073877162951,50.14727540500736,Atencao,Atencao: sinais iniciais de risco,27.4892818189863
1777741209.0913851,1359,True,0.31013335535526626,0.3148285240574153,0.3124809397063408,0.0022068220841165113,False,False,0.05518763796909492,1,0,37.0212363243103,False,True,13.744845869044887,50.14716703458425,Atencao,Atencao: sinais iniciais de risco,27.44738026840866
1777741209.1281936,1360,True,0.31190046131436305,0.3234238268879893,0.3176621441011762,0.0030059297937974935,False,False,0.05514705882352941,1,0,36.79447261095047,False,True,13.727928050861639,50.14705882352941,Atencao,Atencao: sinais iniciais de risco,27.385801391280054
1777741209.167503,1361,True,0.3108591192991483,0.32794295285817837,0.3194010360786633,0.002210339949759377,False,False,0.055106539309331376,1,0,37.01025385856628,False,True,13.733145680040197,50.146950771491554,Atencao,Atencao: sinais iniciais de risco,27.23566179494885
1777741209.2050967,1362,True,0.3069248689122033,0.31933664447286786,0.31313075669253554,0.0022499374210801773,False,False,0.05506607929515418,1,0,37.2322639465332,False,True,13.738682932489182,50.14684287812041,Atencao,Atencao: sinais iniciais de risco,27.175211460411997
1777741209.2436306,1363,True,0.30735211917022115,0.32204853752017487,0.314700328345198,0.0024123854738093862,False,False,0.055025678650036686,1,0,36.94942243099212,False,True,13.718985768008471,50.14673514306676,Atencao,Atencao: sinais iniciais de risco,26.986263189660253
1777741209.284817,1364,True,0.30401849253035657,0.33273346848422575,0.31837598050729116,0.0024454109921069602,False,False,0.05498533724340176,1,0,36.47089434862137,False,True,13.68951242047763,50.146627565982406,Atencao,Atencao: sinais iniciais de risco,26.788718587164915
1777741209.3235445,1365,True,0.30599267101879485,0.34655379937356806,0.32627323519618145,0.002069814862728281,False,False,0.054945054945054944,1,0,36.66573451757431,False,True,13.69371561290259,50.146520146520146,Atencao,Atencao: sinais iniciais de risco,26.633238570332743
1777741209.3620305,1366,True,0.3035660616692977,0.34860376429229906,0.3260849129807984,0.002563493674308371,False,False,0.05490483162518302,1,0,36.105271172523494,False,True,13.66016173916766,50.14641288433382,Atencao,Atencao: sinais iniciais de risco,26.56877537439675
1777741209.4021766,1367,True,0.3042536584194307,0.3487622750628333,0.326507966741132,0.0019253268058926714,False,False,0.0548646671543526,1,0,35.931667339801784,False,True,13.645958932792393,50.146305779078276,Atencao,Atencao: sinais iniciais de risco,26.457716201243578
1777741209.4371493,1368,True,0.3033063178524316,0.35375055601053274,0.32852843693148215,0.002196211215786116,False,False,0.05482456140350877,1,0,36.27349578142166,False,True,13.657535814132359,50.146198830409354,Atencao,Atencao: sinais iniciais de risco,26.6330498335135
1777741209.472834,1369,True,0.31989934319631874,0.3277770392043432,0.32383819120033097,0.002989116980060577,False,False,0.0547845142439737,1,0,36.96842534542083,False,True,13.686775807896247,50.14609203798393,Atencao,Atencao: sinais iniciais de risco,26.777337707190167
1777741209.5083592,1370,True,0.2735076017777173,0.29167817237004795,0.28259288707388264,0.0023436838260029774,False,False,0.05474452554744526,1,0,36.76664352362806,False,True,13.671188271033946,50.14598540145985,Atencao,Atencao: sinais iniciais de risco,26.929322775920564
1777741209.5413918,1371,True,0.25518290190268966,0.28381881737191456,0.2695008596373021,0.0031364065725851416,False,False,0.05470459518599562,1,0,37.03130840930072,False,True,13.678931090618255,50.14587892049599,Atencao,Atencao: sinais iniciais de risco,27.25462971696416
1777741209.5767972,1372,True,0.1719053095362958,0.1977204027421229,0.18481285613920934,0.0047561563799383985,True,False,0.05539358600583091,1,0,33.555360402302306,False,True,13.599869927995686,50.14577259475219,Atencao,Atencao: sinais iniciais de risco,27.342850249606016
1777741209.6121857,1373,True,0.08205867511313632,0.15877213116840794,0.12041540314077212,0.01010365116192582,True,False,0.056081573197378005,1,0,13.69304138151082,False,False,12.701352215793838,50.145666423889296,Atencao,Atencao: sinais iniciais de risco,27.463742089939682
1777741209.648793,1374,True,0.25613360935303753,0.16771828950687206,0.2119259494299548,0.15813909231332265,False,False,0.05604075691411936,1,0,51.38859748840332,False,True,14.563656740024332,50.14556040756914,Atencao,Atencao: sinais iniciais de risco,27.43913027524896
1777741209.6834729,1375,True,0.4110112463444567,0.18056819968790336,0.29578972301618,0.12520367079705597,False,False,0.056,1,0,58.948246955871575,False,True,14.936035137706332,50.14545454545455,Atencao,Atencao: sinais iniciais de risco,27.56188563751962
1777741209.7182672,1376,True,0.4154350412767214,0.2218312383059585,0.31863313979133995,0.12404542400814664,False,False,0.0559593023255814,1,0,58.80512599945068,False,True,14.92328315965273,50.145348837209305,Atencao,Atencao: sinais iniciais de risco,27.70528156065312
1777741209.7530425,1377,True,0.3514028911443284,0.20405452276123087,0.2777287069527796,0.185750235098725,False,False,0.05591866376180102,1,0,65.38181838989257,False,True,15.24652997665502,50.145243282498186,Atencao,Atencao: cabeca inclinada,27.820856244059037
1777741209.7857623,1378,True,0.40290710132583774,0.2228207344922311,0.31286391790903445,0.05381542521176065,False,False,0.05587808417997097,1,0,62.766874885559076,False,True,15.110203108936716,50.14513788098694,Atencao,Atencao: sinais iniciais de risco,28.06674302743046
1777741209.8196406,1379,True,0.47799827643448267,0.2343690992866016,0.3561836878605421,0.006073986779058314,False,False,0.05583756345177665,1,0,57.46354942321778,False,True,14.839465235692932,50.14503263234228,Atencao,Atencao: sinais iniciais de risco,28.162421951512236
1777741209.8583493,1380,True,0.5753905542225844,0.33951522283482566,0.457452888528705,0.007105523138560738,False,False,0.05579710144927536,1,0,59.46493911743163,False,True,14.933971195059698,50.14492753623188,Atencao,Atencao: sinais iniciais de risco,27.951703467740806
1777741209.8933382,1381,True,0.5418567973343974,0.34118018766827546,0.44151849250133646,0.0029955344871722372,False,False,0.055756698044895005,1,0,56.02107715606689,False,True,14.75622262888916,50.1448225923244,Atencao,Atencao: sinais iniciais de risco,28.009844390075017
1777741209.9281657,1382,True,0.43339703309767796,0.26085171663860285,0.3471243748681404,0.004308414298075921,False,False,0.055716353111432707,1,0,64.10854759216309,False,True,15.155048722342906,50.144717800289435,Atencao,Atencao: sinais iniciais de risco,28.07924759484147
1777741209.966053,1383,True,0.4619819528733137,0.26236708115956237,0.362174517016438,0.07408723440570009,False,False,0.05567606652205351,1,0,60.967477416992175,False,True,14.992455807544719,50.144613159797544,Atencao,Atencao: sinais iniciais de risco,27.934594718737646
1777741209.999913,1384,True,0.5415376761250381,0.2531752688056728,0.39735647246535544,0.22106109696908802,False,False,0.05563583815028902,1,0,61.99149761199951,False,True,15.03812541617747,50.14450867052023,Atencao,Atencao: sinais iniciais de risco,28.074848006749033
1777741210.0362792,1385,True,0.5426088855921266,0.2409239554446468,0.3917664205183867,0.2027072687905154,False,False,0.0555956678700361,1,0,67.59766464233398,False,True,15.312910354159415,50.144404332129966,Atencao,Atencao: cabeca inclinada,28.056327828645657
1777741210.071442,1386,True,0.5239729045600717,0.23496133267819286,0.3794671186191323,0.12118941875706861,False,False,0.05555555555555555,1,0,69.72042922973633,False,True,15.413533140288457,50.144300144300146,Atencao,Atencao: cabeca inclinada,28.062448176290655
1777741210.1097176,1387,True,0.5184123709960158,0.30523702394606034,0.41182469747103806,0.17674229020264756,False,False,0.0555155010814708,1,0,60.917396926879874,False,True,14.967874034958982,50.14419610670512,Atencao,Atencao: sinais iniciais de risco,27.864601879490383
1777741210.1502082,1388,True,0.9374855138768531,0.2684679834502008,0.6029767486635269,0.015974642403296782,False,False,0.05547550432276657,1,0,48.15813980102539,False,True,14.324411624344428,50.14409221902017,Atencao,Atencao: sinais iniciais de risco,27.55186456946527
1777741210.1881323,1389,True,0.7794224051269094,0.24003519573179366,0.5097288004293515,0.016982271243924357,False,False,0.05543556515478762,1,0,44.35467472076416,False,True,14.12874673473426,50.14398848092153,Atencao,Atencao: sinais iniciais de risco,27.41436266824267
1777741210.227979,1390,True,0.5491482321278117,0.26334424240165394,0.40624623726473286,0.0407705137703781,False,False,0.05539568345323741,1,0,57.93491611480712,False,True,14.802275070473254,50.143884892086334,Atencao,Atencao: sinais iniciais de risco,27.173826722781886
1777741210.2680554,1391,True,0.5399932926173641,0.259747892037727,0.3998705923275455,0.011304346231063427,False,False,0.055355859094176854,1,0,60.0184886932373,False,True,14.900977850023935,50.14378145219267,Atencao,Atencao: sinais iniciais de risco,26.964884957689225
1777741210.3077464,1392,True,0.6530211570277679,0.2581987992205659,0.45560997812416687,0.013165113344961168,False,False,0.05531609195402299,1,0,66.27161827087403,False,True,15.208166347134616,50.14367816091954,Atencao,Atencao: cabeca inclinada,26.79488032612662
1777741210.3468108,1393,True,0.7832088847171859,0.2721317214840027,0.5276703031005943,0.009747890942938884,False,False,0.05527638190954774,1,0,70.57720832824708,False,True,15.41798571888792,50.14357501794688,Atencao,Atencao: cabeca inclinada,26.673381918246907
1777741210.3857064,1394,True,0.6777470619333639,0.2924819551454445,0.4851145085394042,0.013291963034472437,False,False,0.055236728837876614,1,0,68.86809616088867,False,True,15.327077813165221,50.14347202295552,Atencao,Atencao: cabeca inclinada,26.58916201800598
1777741210.4208188,1395,True,0.7039465139477822,0.28813055478259275,0.49603853436518747,0.015720746970584783,False,False,0.055197132616487454,1,0,64.02337951660157,False,True,15.079397500509856,50.14336917562724,Atencao,Atencao: sinais iniciais de risco,26.773861187185723
1777741210.4551625,1396,True,0.7392380878536073,0.26227788853232653,0.5007579881929669,0.008570465612287468,False,False,0.05515759312320917,1,0,55.87998867034912,False,True,14.666791277871472,50.1432664756447,Atencao,Atencao: sinais iniciais de risco,27.01449618307882
1777741210.4904006,1397,True,0.8681294964882179,0.2585589955377704,0.5633442460129942,0.005985231916997915,False,False,0.05511811023622047,1,0,52.112955284118655,False,True,14.473010711599002,50.14316392269148,Atencao,Atencao: sinais iniciais de risco,27.155974778703293
1777741210.5263708,1398,True,0.5850137511217243,0.23325704668062525,0.4091353989011748,0.00405310300795011,False,False,0.05507868383404864,1,0,56.04283695220948,False,True,14.664083664704915,50.14306151645207,Atencao,Atencao: sinais iniciais de risco,27.216335286340463
1777741210.5598598,1399,True,0.5908674060309176,0.2454758853312606,0.4181716456810891,0.010845897328491316,False,False,0.055039313795568263,1,0,57.63757457733154,False,True,14.738407165669965,50.14295925661187,Atencao,Atencao: sinais iniciais de risco,27.473605161642894
1777741210.5955243,1400,True,0.610043473828965,0.2816753664666443,0.44585942014780466,0.005364169458156452,False,False,0.055,1,0,62.15494499206542,False,True,14.958870039516025,50.142857142857146,Atencao,Atencao: sinais iniciais de risco,27.562649332185995
1777741210.6306295,1401,True,0.5768862615115826,0.24834113565116453,0.4126136985813736,0.008108754931350146,False,False,0.054960742326909354,1,0,60.89966773986817,False,True,14.890708246856198,50.14275517487509,Atencao,Atencao: sinais iniciais de risco,27.630844223160235
1777741210.6649148,1402,True,0.5817840229919905,0.226622852497611,0.4042034377448007,0.010120370452234604,False,False,0.05492154065620542,1,0,62.667120742797856,False,True,14.973690667280891,50.14265335235378,Atencao,Atencao: sinais iniciais de risco,27.7816145954172
1777741210.702832,1403,True,0.5186641726686881,0.27996839077508034,0.39931628172188427,0.006631616527099228,False,False,0.0548823948681397,1,0,61.55268478393554,False,True,14.912586323478738,50.14255167498218,Atencao,Atencao: sinais iniciais de risco,27.653281030479704
1777741210.738633,1404,True,0.5252297961162106,0.2506039625281817,0.3879168793221961,0.012114695239608668,False,False,0.054843304843304845,1,0,64.33611907958985,False,True,15.046383159846663,50.142450142450144,Atencao,Atencao: sinais iniciais de risco,27.662224332933462
1777741210.7745218,1405,True,0.49950827246014945,0.2611431859065923,0.3803257291833709,0.004512459386170563,False,False,0.054804270462633455,1,0,67.36348419189453,False,True,15.19238418811958,50.1423487544484,Atencao,Atencao: cabeca inclinada,27.697679547857852
1777741210.8105116,1406,True,0.7412735535533904,0.27412943238368076,0.5077014929685356,0.0068281781415455494,False,False,0.05476529160739687,1,0,66.04906616210937,False,True,15.121303694035293,50.14224751066856,Atencao,Atencao: cabeca inclinada,27.72088001231012
1777741210.8486214,1407,True,0.6317493049355085,0.24815973492318008,0.4399545199293443,0.007659566246788941,False,False,0.05472636815920398,1,0,73.3705955505371,False,True,15.482028189330157,50.14214641080313,Atencao,Atencao: cabeca inclinada,27.57346392673032
1777741210.8827314,1408,True,0.5689246918430118,0.29304382838982806,0.4309842601164199,0.007926882623543583,False,False,0.0546875,1,0,70.82385139465333,False,True,15.349346609645421,50.14204545454545,Atencao,Atencao: cabeca inclinada,27.703570398824535
1777741210.921243,1409,True,0.724963068730109,0.27940341607604785,0.5021832424030784,0.011313028909263242,False,False,0.054648687012065295,1,0,66.85578193664551,False,True,15.145606350904005,50.14194464158978,Atencao,Atencao: cabeca inclinada,27.532047003807552
1777741210.956505,1410,True,0.7439947075299043,0.24290851234985694,0.4934516099398806,0.005884035992618307,False,False,0.05460992907801419,1,0,62.5759033203125,False,True,14.926283204155329,50.141843971631204,Atencao,Atencao: sinais iniciais de risco,27.623428341411362
1777741210.9918494,1411,True,0.7537797165754739,0.26766668865456045,0.5107232026150172,0.008751504176120277,False,False,0.05457122608079376,1,0,56.37609519958495,False,True,14.610971136001144,50.1417434443657,Atencao,Atencao: sinais iniciais de risco,27.646205170110086
1777741211.026062,1412,True,0.7784523392697341,0.24533893844143254,0.5118956388555833,0.0050653504639953375,False,False,0.05453257790368272,1,0,60.456208038330075,False,True,14.809662653585631,50.141643059490086,Atencao,Atencao: sinais iniciais de risco,27.847922649430387
1777741211.0633035,1413,True,0.652033437547611,0.24830795981746967,0.45017069868254034,0.0028373645666610967,False,False,0.05449398443029016,1,0,55.91567363739014,False,True,14.577329330947157,50.14154281670205,Atencao,Atencao: sinais iniciais de risco,27.77164541486903
1777741211.0998933,1414,True,0.7896458598970055,0.22497603201848007,0.5073109459577428,0.012506598583641115,False,False,0.054455445544554455,1,0,56.44596138000488,False,True,14.598544621289236,50.141442715700144,Atencao,Atencao: sinais iniciais de risco,27.654394904739544
1777741211.1427205,1415,True,0.6171489310092653,0.2384195658374374,0.42778424842335133,0.010806738451769235,False,False,0.05441696113074205,1,0,59.1451150894165,False,True,14.728210699860611,50.14134275618375,Atencao,Atencao: sinais iniciais de risco,27.25613307488944
1777741211.1827788,1416,True,0.5631853436575885,0.26539555689498123,0.41429045027628486,0.00928555388607028,False,False,0.054378531073446326,1,0,57.38710346221924,False,True,14.635025985622583,50.14124293785311,Atencao,Atencao: sinais iniciais de risco,27.017822091379752
1777741211.4040105,1417,True,0.6934587102085861,0.24710794955945684,0.47028332988402144,0.007004245531559176,False,False,0.05434015525758645,1,0,59.559469604492186,False,True,14.7383676180555,50.141143260409315,Atencao,Atencao: sinais iniciais de risco,24.769475244580136
1777741211.437264,1418,True,0.6395225668932825,0.24682645058396518,0.44317450873862385,0.004951607273430834,False,False,0.054301833568406205,1,0,57.184424591064456,False,True,14.61434613512183,50.141043723554304,Atencao,Atencao: sinais iniciais de risco,25.273908995282905
1777741211.4726915,1419,True,0.7217128154154423,0.2420513543026211,0.4818820848590317,0.010340673348569914,False,False,0.05426356589147287,1,0,59.17460308074951,False,True,14.708593254027749,50.14094432699084,Atencao,Atencao: sinais iniciais de risco,25.56811686895486
1777741211.5071805,1420,True,0.6561766350038214,0.2722156144097917,0.46419612470680655,0.004073178147106512,False,False,0.054225352112676053,1,0,54.770494842529295,False,True,14.483133447532175,50.140845070422536,Atencao,Atencao: sinais iniciais de risco,25.871520724849034
1777741211.5416648,1421,True,0.7076632674222736,0.23553725327831865,0.4716002603502961,0.005572657025546842,False,False,0.054187192118226604,1,0,58.44465255737305,False,True,14.661594334037563,50.14074595355383,Atencao,Atencao: sinais iniciais de risco,26.220329476682664
1777741211.5763302,1422,True,0.7387838203540397,0.26397184664355966,0.5013778334987997,0.004476939615989791,False,False,0.05414908579465542,1,0,54.57684020996094,False,True,14.462964097175922,50.14064697609001,Atencao,Atencao: sinais iniciais de risco,26.461730762610365
1777741211.613032,1423,True,0.6219451490054863,0.2444438133355028,0.4331944811704945,0.005200972027912351,False,False,0.054111033028812365,1,0,58.95880756378173,False,True,14.676830209563539,50.14054813773718,Atencao,Atencao: sinais iniciais de risco,26.583095570373306
1777741211.6487143,1424,True,0.4775730313173542,0.29216497271934494,0.38486900201834956,0.0083206248423889,False,False,0.05407303370786517,1,0,58.96972351074219,False,True,14.672151100281324,50.140449438202246,Atencao,Atencao: sinais iniciais de risco,26.721691520870042
1777741211.6841903,1425,True,0.5366463944933425,0.1445079011678416,0.34057714783059206,0.00816460658897956,False,False,0.05403508771929825,1,0,68.41665420532226,False,True,15.139280061582376,50.14035087719298,Atencao,Atencao: cabeca inclinada,26.85179669367421
1777741211.7236657,1426,True,0.2505918412449125,0.07035624291128102,0.16047404207809676,0.009743372568814128,True,False,0.0546984572230014,1,0,61.18086109161377,False,True,14.868703712656135,50.140252454417954,Atencao,Atencao: sinais iniciais de risco,26.684779269870884
1777741211.758699,1427,True,0.2699315264492568,0.2168561990762033,0.24339386276273003,0.008035166975916953,False,False,0.05466012613875263,1,0,53.15754406939853,False,True,14.44037225857345,50.140154169586545,Atencao,Atencao: sinais iniciais de risco,26.87790011606742
1777741211.7916665,1428,True,0.2510018545042913,0.22276931166266803,0.23688558308347968,0.004009346326502776,False,False,0.0546218487394958,1,0,54.17556525035337,False,True,14.486010175223377,50.14005602240896,Atencao,Atencao: sinais iniciais de risco,27.20550974905504
1777741211.8287046,1429,True,0.26750578146323056,0.3080615027429593,0.2877836421030949,0.006711599345380583,False,False,0.05458362491252624,1,0,39.184975723786785,False,False,13.731224922686735,50.139958012596225,Atencao,Atencao: sinais iniciais de risco,27.20498880604297
1777741211.8633983,1430,True,0.31919853040994783,0.3492984160310011,0.33424847322047446,0.005741948802512884,False,False,0.05454545454545454,1,0,45.42689056396484,False,True,14.038072239223279,50.13986013986014,Atencao,Atencao: sinais iniciais de risco,27.363994189964163
1777741211.9013023,1431,True,0.2840174451854293,0.43045428159641436,0.35723586339092184,0.008206162997743363,False,False,0.05450733752620545,1,0,40.989556837081906,False,True,13.810964462732382,50.139762403913345,Atencao,Atencao: sinais iniciais de risco,27.261218241218856
1777741211.9358275,1432,True,0.30300864635113794,0.43574992438884347,0.3693792853699907,0.005723453049377803,False,False,0.05446927374301676,1,0,40.92963714599609,False,True,13.802734707989645,50.13966480446928,Atencao,Atencao: sinais iniciais de risco,27.433193527227143
1777741211.97162,1433,True,0.31083254859167614,0.45582787673652064,0.3833302126640984,0.005143933651799747,False,False,0.05443126308443824,1,0,40.993740224838255,False,True,13.800713396377208,50.13956734124215,Atencao,Atencao: sinais iniciais de risco,27.493672757761633
1777741212.0047667,1434,True,0.31788103914003696,0.4316227492719666,0.37475189420600175,0.0057290633083815195,False,False,0.05439330543933055,1,0,39.710590314865115,False,True,13.731336724676243,50.139470013947005,Atencao,Atencao: sinais iniciais de risco,27.76113335200475
1777741212.0403562,1435,True,0.3084568433991595,0.460849304737732,0.38465307406844573,0.008958194276170681,False,False,0.05435540069686411,1,0,39.31549620628357,False,True,13.70637011715803,50.13937282229965,Atencao,Atencao: sinais iniciais de risco,27.781510976017927
1777741212.076702,1436,True,0.3350284107177809,0.45870641664969464,0.3968674136837378,0.007175548445479372,False,False,0.054317548746518104,1,0,38.077106571197504,False,True,13.63924599223115,50.139275766016716,Atencao,Atencao: sinais iniciais de risco,27.758522363981772
1777741212.1189356,1437,True,0.3131152240113947,0.4592241039197423,0.3861696639655685,0.007120581735423873,False,False,0.054279749478079335,1,0,36.51147434711456,False,True,13.555766981616674,50.13917884481559,Atencao,Atencao: sinais iniciais de risco,27.37057586502908
1777741212.1573927,1438,True,0.3195651430414092,0.4612404793391097,0.39040281119025944,0.006403193602929699,False,False,0.054242002781641166,1,0,36.0492125749588,False,True,13.527463722248637,50.139082058414466,Atencao,Atencao: sinais iniciais de risco,27.2376306911178
1777741212.1963432,1439,True,0.333363360595294,0.4360116251759453,0.38468749288561965,0.005877002119036451,False,False,0.054204308547602505,1,0,36.13463374376297,False,True,13.52655182350853,50.13898540653231,Atencao,Atencao: sinais iniciais de risco,27.04960889567933
1777741212.2364936,1440,True,0.33374569080281147,0.4416232474079539,0.3876844691053827,0.005311831407647368,False,False,0.05416666666666667,1,0,35.74327960014343,False,True,13.501808357698875,50.138888888888886,Atencao,Atencao: sinais iniciais de risco,26.865311143110713
1777741212.2767956,1441,True,0.31634205969663587,0.4732738939527435,0.3948079768246897,0.005068046787793629,False,False,0.05412907702984039,1,0,35.6332405269146,False,True,13.491137828973821,50.13879250520472,Atencao,Atencao: sinais iniciais de risco,26.615670653311295
1777741212.3162992,1442,True,0.3440663192980149,0.45467051059968655,0.3993684149488507,0.005022533193249825,False,False,0.05409153952843273,1,0,35.64990466237068,False,True,13.486809629303071,50.13869625520111,Atencao,Atencao: sinais iniciais de risco,26.526411155382448
1777741212.3572419,1443,True,0.33451475465918207,0.44172719556565115,0.3881209751124166,0.005038488624245919,False,False,0.05405405405405406,1,0,36.161841642856594,False,True,13.507252225600299,50.13860013860014,Atencao,Atencao: sinais iniciais de risco,26.30904647779669
1777741212.3923533,1444,True,0.34583416880537793,0.4383869423596808,0.3921105555825294,0.00590320509200693,False,False,0.054016620498614956,1,0,37.09078686237335,False,True,13.54855237270326,50.13850415512465,Atencao,Atencao: sinais iniciais de risco,26.505380579075865
1777741212.4285808,1445,True,0.33404903453463275,0.4352863878590376,0.3846677111968352,0.0056483598238116,False,False,0.05397923875432526,1,0,37.71799418926239,False,True,13.57477274920788,50.13840830449827,Atencao,Atencao: sinais iniciais de risco,26.610339050266777
1777741212.4678836,1446,True,0.3379829329154065,0.42428006765562365,0.38113150028551507,0.005663353939922341,False,False,0.05394190871369295,1,0,37.59697549343109,False,True,13.563588933829372,50.138312586445366,Atencao,Atencao: sinais iniciais de risco,26.462183648216115
1777741212.5092096,1447,True,0.33614588651190475,0.440970644017652,0.3885582652647784,0.005132092886034863,False,False,0.05390463026952315,1,0,36.995216107368464,False,True,13.528375178452892,50.138217000691085,Atencao,Atencao: sinais iniciais de risco,26.245909976145057
1777741212.545991,1448,True,0.33555879799746946,0.4204049734063236,0.3779818857018965,0.0061880197031414135,False,False,0.05386740331491713,1,0,37.365710496902466,False,True,13.541781191671266,50.13812154696133,Atencao,Atencao: sinais iniciais de risco,26.406392100444545
1777741212.5840833,1449,True,0.331542745581421,0.4406237499723452,0.3860832477768831,0.006221376063846775,False,False,0.053830227743271224,1,0,37.583110618591306,False,True,13.547539556654396,50.138026224982745,Atencao,Atencao: sinais iniciais de risco,26.36877395844334
1777741212.6181426,1450,True,0.3211756831642295,0.4251806600164833,0.3731781715903564,0.006029973492915776,False,False,0.05379310344827586,1,0,36.72116590738296,False,True,13.499337730532115,50.13793103448276,Atencao,Atencao: sinais iniciais de risco,26.683028760719907
1777741212.6537135,1451,True,0.3285349515121575,0.4268088537753488,0.37767190264375317,0.005965640532197535,False,False,0.053756030323914544,1,0,36.24988300800323,False,True,13.470676030963448,50.137835975189525,Atencao,Atencao: sinais iniciais de risco,26.832706861389507
1777741212.6900003,1452,True,0.3188967334887876,0.43156488131495985,0.37523080740187376,0.006287014548506778,False,False,0.05371900826446281,1,0,36.98443126678467,False,True,13.502312910727907,50.137741046831955,Atencao,Atencao: sinais iniciais de risco,26.896417242295687
1777741212.7257648,1453,True,0.3163198838011796,0.417265116219667,0.3667925000104233,0.005923475713251663,False,False,0.053682037164487266,1,0,35.87871382832527,False,True,13.4419435125583,50.13764624913971,Atencao,Atencao: sinais iniciais de risco,27.018165018878268
1777741212.7585392,1454,True,0.3197133988630514,0.43340968628975424,0.37656154257640284,0.006339128606170936,False,False,0.05364511691884457,1,0,35.27652290165424,False,True,13.40675743244888,50.13755158184319,Atencao,Atencao: sinais iniciais de risco,27.335034178379324
1777741212.792918,1455,True,0.30621932109925465,0.42769335867341735,0.366956339886336,0.00819091100796231,False,False,0.05360824742268041,1,0,35.60008069872856,False,True,13.417865766580022,50.13745704467354,Atencao,Atencao: sinais iniciais de risco,27.518445366243213
1777741212.8278303,1456,True,0.308882808684216,0.427132171105328,0.368007489894772,0.008049903422913257,False,False,0.05357142857142857,1,0,35.75812342762947,False,True,13.420705310977938,50.137362637362635,Atencao,Atencao: sinais iniciais de risco,27.626538253778158
1777741212.8622866,1457,True,0.31924456206075535,0.43632079229093607,0.3777826771758457,0.007126835030175967,False,False,0.053534660260809885,1,0,35.49749569892883,False,True,13.402618281832837,50.1372683596431,Atencao,Atencao: sinais iniciais de risco,27.72475459259934
1777741212.8996384,1458,True,0.3254010128452306,0.420672106947831,0.37303655989653084,0.007260790298024682,False,False,0.053497942386831275,1,0,35.559936988353726,False,True,13.400691638632024,50.137174211248286,Atencao,Atencao: sinais iniciais de risco,27.666594703021538
1777741212.9351325,1459,True,0.3076216796779103,0.43711215493742733,0.3723669173076688,0.00683436650951022,False,False,0.053461274845784786,1,0,35.32070360481739,False,True,13.383688182561315,50.13708019191227,Atencao,Atencao: sinais iniciais de risco,27.660756966807647
1777741212.974011,1460,True,0.3048928607688845,0.43589532918723783,0.3703940949780612,0.008015612063158978,False,False,0.05342465753424658,1,0,35.61452085375786,False,True,13.393344164671834,50.136986301369866,Atencao,Atencao: sinais iniciais de risco,27.519256743950233
1777741213.0088499,1461,True,0.31390604975710257,0.4373812621143597,0.3756436559357311,0.00734837464415134,False,False,0.053388090349075976,1,0,35.4033270150423,False,True,13.377756484775098,50.1368925393566,Atencao,Atencao: sinais iniciais de risco,27.625470192506118
1777741213.048468,1462,True,0.3151110574876422,0.4278383328602713,0.3714746951739567,0.007234795572016114,False,False,0.0533515731874145,1,0,35.78992321491241,False,True,13.39206518504015,50.13679890560876,Atencao,Atencao: sinais iniciais de risco,27.36782652010947
1777741213.0857003,1463,True,0.3265499630524054,0.4154974949063074,0.3710237289793564,0.007145110389535138,False,False,0.05331510594668489,1,0,35.33040046095848,False,True,13.364074801742134,50.136705399863295,Atencao,Atencao: sinais iniciais de risco,27.370499701477925
1777741213.1234071,1464,True,0.3213112571111165,0.43378711231302236,0.37754918471206944,0.007178450468373255,False,False,0.05327868852459016,1,0,35.49195500612259,False,True,13.367145133462314,50.13661202185792,Atencao,Atencao: sinais iniciais de risco,27.268079305434238
1777741213.1629984,1465,True,0.31432988025633934,0.41998431507093376,0.3671570976636366,0.007011480075423822,False,False,0.05324232081911263,1,0,35.29582716226577,False,True,13.352338181766312,50.136518771331055,Atencao,Atencao: sinais iniciais de risco,27.084014890881
1777741213.2017198,1466,True,0.3172220097737341,0.4274920014260041,0.37235700559986906,0.006024497613126376,False,False,0.05320600272851296,1,0,35.12536630183458,False,True,13.338821401287298,50.13642564802183,Atencao,Atencao: sinais iniciais de risco,26.925814103967955
1777741213.242653,1467,True,0.32334315592433593,0.4338218923898353,0.3785825241570856,0.006745801554360888,False,False,0.053169734151329244,1,0,35.228797122836106,False,True,13.339006012974615,50.136332651670074,Atencao,Atencao: sinais iniciais de risco,26.67244151162409
1777741213.2818522,1468,True,0.32493567103069004,0.42953981634323074,0.3772377436869604,0.007216222658637307,False,False,0.05313351498637602,1,0,35.364351004362106,False,True,13.340803571869847,50.13623978201635,Atencao,Atencao: sinais iniciais de risco,26.543970778506562
1777741213.3242483,1469,True,0.3202490018452323,0.4251441269521163,0.37269656439867427,0.0052135160655112,False,False,0.05309734513274336,1,0,35.560171252489084,False,True,13.345621229401704,50.13614703880191,Atencao,Atencao: sinais iniciais de risco,26.253874647901025
1777741213.3634036,1470,True,0.2981343184109504,0.37892624961575117,0.3385302840133508,0.007205991599696593,False,False,0.053061224489795916,1,0,35.24619146287441,False,True,13.324955651515697,50.136054421768705,Atencao,Atencao: sinais iniciais de risco,26.193490786819126
1777741213.401576,1471,True,0.2797293344409172,0.34889426636839704,0.3143118004046571,0.0037342340886533025,False,False,0.05302515295717199,1,0,35.62950206398964,False,True,13.33916134583567,50.13596193065941,Atencao,Atencao: sinais iniciais de risco,26.20430175059867
1777741213.4368317,1472,True,0.0837964760395175,0.0783665527013759,0.0810815143704467,0.00577546938158136,True,False,0.05366847826086957,1,0,37.46428725719452,False,True,13.51935783475433,50.13586956521739,Atencao,Atencao: sinais iniciais de risco,26.41318210272094
1777741213.4724846,1473,True,0.06157913697358157,0.0270605026705411,0.04431981982206133,0.007591371915587337,True,False,0.05431093007467753,1,0,37.267389512062074,False,True,13.5978500718963,50.135777325186694,Atencao,Atencao: sinais iniciais de risco,26.599814223149373
1777741213.506748,1474,True,0.05544937347315974,0.02774317433514326,0.0415962739041515,0.004739422454994668,True,False,0.05495251017639077,1,0,36.60400111675262,False,True,13.6528979161164,50.135685210312076,Atencao,Atencao: sinais iniciais de risco,26.851795432726714
1777741213.5421686,1475,True,0.08101179183426716,0.04103561454330586,0.061023703188786506,0.00954900051333502,True,False,0.05559322033898305,1,0,36.170567297935484,False,True,13.71932387253198,50.13559322033898,Atencao,Atencao: sinais iniciais de risco,26.964687457526317
1777741213.578112,1476,True,0.07931005603605798,0.09034550368785563,0.0848277798619568,0.007112648593226499,True,False,0.05623306233062331,1,0,36.90528314113617,False,True,13.84403793854255,50.13550135501355,Atencao,Atencao: sinais iniciais de risco,27.05574508916598
1777741213.6115859,1477,True,0.12865680195748627,0.182105779832741,0.15538129089511366,0.03806239164590334,True,False,0.05687203791469194,1,0,38.11442235654051,False,True,13.992354042122205,50.1354096140826,Atencao,Atencao: sinais iniciais de risco,27.322831024031412
1777741213.6471076,1478,True,0.13378720884129322,0.30716707658008624,0.22047714271068974,0.021686250697431998,False,False,0.056833558863328824,1,0,37.30697689815001,True,False,13.957652794566524,50.20297699594046,Atencao,Atencao: sinais iniciais de risco,27.41748295640419
1777741213.6826384,1479,True,0.12707763157476548,0.2677816150329034,0.19742962330383443,0.006464204563049477,True,False,0.05747126436781609,1,0,35.34045055075125,True,False,13.947010984063585,50.355308055877686,Atencao,Atencao: sinais iniciais de risco,27.458869977128515
1777741213.72032,1480,True,0.1505063298325828,0.2269756202146786,0.18874097502363069,0.03436788020910231,True,False,0.05810810810810811,1,0,35.05267266414383,False,False,14.020188104023363,50.270270270270274,Atencao,Atencao: sinais iniciais de risco,27.42841149900819
1777741213.756138,1481,True,0.18084637262108635,0.26793195561354266,0.22438916411731452,0.006643150428034301,False,False,0.05806887238352464,1,0,36.275035420060156,True,False,14.063033199809322,50.33760972316003,Atencao,Atencao: sinais iniciais de risco,27.445630078539967
1777741213.7909303,1482,True,0.22056007801218666,0.20793568621300149,0.21424788211259407,0.006839255098416131,False,False,0.058029689608636977,1,0,35.371370083093645,False,False,14.012462301413942,50.337381916329285,Atencao,Atencao: sinais iniciais de risco,27.548382619873596
1777741213.826903,1483,True,0.21195343240716047,0.2168891656913377,0.2144212990492491,0.006949414617842178,False,False,0.05799055967633176,1,0,36.802809940143064,True,False,14.078653928574447,50.40458530006743,Atencao,Atencao: sinais iniciais de risco,27.619153419514422
1777741213.8617284,1484,True,0.21522571099136628,0.19352538727599378,0.20437554913368003,0.006725566078892275,True,False,0.05862533692722372,1,0,39.37603606906804,True,False,14.294597107018339,50.471698113207545,Atencao,Atencao: sinais iniciais de risco,27.693200349066476
1777741213.8970635,1485,True,0.22594352702023662,0.1467209023599253,0.18633221469008096,0.008411770155281266,True,False,0.05925925925925926,1,0,40.093379602648994,True,False,14.417628604352274,50.70160388946533,Atencao,Atencao: sinais iniciais de risco,27.77414182275026
1777741213.934597,1486,True,0.21510419098801173,0.1974734856014657,0.2062888382947387,0.006004645548735481,True,False,0.059892328398384924,1,0,37.782583572105935,True,False,14.3891358094549,51.07693910598755,Atencao,Atencao: sinais iniciais de risco,27.656203086095296
1777741213.9695847,1487,True,0.191650794534252,0.18516260045564029,0.18840669749494615,0.008816865808838928,True,False,0.0605245460659045,1,0,36.107041623375636,True,False,14.392288641302326,51.4268159866333,Atencao,Atencao: sinais iniciais de risco,27.77903647303225
1777741214.0071325,1488,True,0.2084050140832978,0.17255027760863414,0.190477645845966,0.04428606293948292,True,False,0.061155913978494625,1,0,35.866456001726064,True,False,14.46707244820099,51.80229425430298,Atencao,Atencao: sinais iniciais de risco,27.64041430976363
1777741214.0425847,1489,True,0.16052294696149483,0.1910415517866957,0.17578224937409526,0.005029970892754504,True,False,0.06178643384822028,1,0,32.98156600025567,True,False,14.409524430214748,52.15681552886963,Atencao,Atencao: sinais iniciais de risco,27.704747128660447
1777741214.075663,1490,True,0.1779584526928475,0.269204109390994,0.22358128104192074,0.010251607340157572,False,False,0.06174496644295302,1,0,31.612671900879253,True,False,14.346012494920812,52.48759984970093,Atencao,Atencao: sinais iniciais de risco,27.890289830544816
1777741214.1103585,1491,False,0.0,0.0,0.0,0.0,False,False,0.06174496644295302,1,0,0.0,False,False,12.765378899876849,50.87248322147651,Atencao,Atencao: sinais iniciais de risco,28.00240157542285
1777741214.150197,1492,False,0.0,0.0,0.0,0.0,False,False,0.06174496644295302,1,0,0.0,False,False,12.765378899876849,51.33726633368455,Atencao,Atencao: sinais iniciais de risco,27.748595645189923
1777741214.1934495,1493,False,0.0,0.0,0.0,0.0,False,False,0.06174496644295302,1,0,0.0,False,False,12.765378899876849,51.84187846162442,Atencao,Atencao: sinais iniciais de risco,27.29074454501276
1777741214.2341943,1494,False,0.0,0.0,0.0,0.0,False,False,0.06174496644295302,1,0,0.0,False,False,12.765378899876849,52.31723424572272,Atencao,Atencao: sinais iniciais de risco,27.000046229946683
1777741214.2770784,1495,False,0.0,0.0,0.0,0.0,False,False,0.06174496644295302,1,0,0.0,False,False,12.765378899876849,52.817548878774275,Atencao,Atencao: sinais iniciais de risco,26.64694158679666
1777741214.3202467,1496,False,0.0,0.0,0.0,0.0,False,False,0.06174496644295302,1,0,0.0,False,False,12.765378899876849,53.32117911953254,Atencao,Atencao: sinais iniciais de risco,26.262249983119524
1777741214.359944,1497,False,0.0,0.0,0.0,0.0,False,False,0.06174496644295302,1,0,0.0,False,False,12.765378899876849,53.78431555408759,Atencao,Atencao: sinais iniciais de risco,26.17551403858703
1777741214.3971438,1498,True,0.2552572446301355,0.18711041414065663,0.22118382938539605,0.034295048038620816,False,False,0.06170355466130114,1,0,27.71356096159328,False,False,14.14536282797938,50.87189805499665,Atencao,Atencao: sinais iniciais de risco,26.225924151143417
1777741214.434026,1499,False,0.0,0.0,0.0,0.0,False,False,0.06170355466130114,1,0,0.0,False,False,12.759684779899716,50.87189805499665,Atencao,Atencao: sinais iniciais de risco,26.298749528858398
1777741214.468299,1500,False,0.0,0.0,0.0,0.0,False,False,0.06170355466130114,1,0,0.0,False,False,12.759684779899716,51.271748661914984,Atencao,Atencao: sinais iniciais de risco,26.64251621551846
1777741214.5060976,1501,False,0.0,0.0,0.0,0.0,False,False,0.06170355466130114,1,0,0.0,False,False,12.759684779899716,51.71273283155711,Atencao,Atencao: sinais iniciais de risco,26.588583181385022
1777741214.5431924,1502,False,0.0,0.0,0.0,0.0,False,False,0.06170355466130114,1,0,0.0,False,False,12.759684779899716,52.14550586533499,Atencao,Atencao: sinais iniciais de risco,26.61583178064084
1777741214.5791588,1503,False,0.0,0.0,0.0,0.0,False,False,0.06170355466130114,1,0,0.0,False,False,12.759684779899716,52.56511382253917,Atencao,Atencao: sinais iniciais de risco,26.770396397656228
1777741214.6140332,1504,False,0.0,0.0,0.0,0.0,False,False,0.06170355466130114,1,0,0.0,False,False,12.759684779899716,52.97198228033336,Atencao,Atencao: sinais iniciais de risco,26.978901618505695
1777741214.6516259,1505,False,0.0,0.0,0.0,0.0,False,False,0.06170355466130114,1,0,0.0,False,False,12.759684779899716,53.41056319069815,Atencao,Atencao: sinais iniciais de risco,26.95992970877515
1777741214.6853406,1506,False,0.0,0.0,0.0,0.0,False,False,0.06170355466130114,1,0,0.0,False,False,12.759684779899716,53.80390218885692,Atencao,Atencao: sinais iniciais de risco,27.211537243450316
1777741214.7208977,1507,False,0.0,0.0,0.0,0.0,False,False,0.06170355466130114,1,0,0.0,False,False,12.759684779899716,54.2187342245574,Atencao,Atencao: sinais iniciais de risco,27.303402172283953
1777741214.75647,1508,False,0.0,0.0,0.0,0.0,False,False,0.06170355466130114,1,0,0.0,False,False,12.759684779899716,54.633744279463606,Atencao,Atencao: sinais iniciais de risco,27.379969190077755
1777741214.7934532,1509,False,0.0,0.0,0.0,0.0,False,False,0.06170355466130114,1,0,0.0,False,False,12.759684779899716,55.06521554779959,Atencao,Atencao: sinais iniciais de risco,27.328454432594086
1777741214.8275273,1510,False,0.0,0.0,0.0,0.0,False,False,0.06170355466130114,1,0,0.0,False,False,12.759684779899716,55.462746341943266,Atencao,Atencao: sinais iniciais de risco,27.501183623641396
1777741214.864117,1511,False,0.0,0.0,0.0,0.0,False,False,0.06170355466130114,1,0,0.0,False,False,12.759684779899716,55.88962527108145,Atencao,Atencao: sinais iniciais de risco,27.53949328321925
1777741214.9001727,1512,False,0.0,0.0,0.0,0.0,False,False,0.06170355466130114,1,0,0.0,False,False,12.759684779899716,56.3102763095692,Atencao,Atencao: sinais iniciais de risco,27.492526618638564
1777741214.939885,1513,False,0.0,0.0,0.0,0.0,False,False,0.06170355466130114,1,0,0.0,False,False,12.759684779899716,56.7735852002298,Atencao,Atencao: sinais iniciais de risco,27.31427867921957
1777741214.9767523,1514,False,0.0,0.0,0.0,0.0,False,False,0.06170355466130114,1,0,0.0,False,False,12.759684779899716,57.20370463522227,Atencao,Atencao: sinais iniciais de risco,27.281760451826457
1777741215.012182,1515,False,0.0,0.0,0.0,0.0,False,False,0.06170355466130114,1,0,0.0,False,False,12.759684779899716,57.617051323174955,Atencao,Atencao: sinais iniciais de risco,27.374840882357347
1777741215.0496724,1516,False,0.0,0.0,0.0,0.0,False,False,0.06170355466130114,1,0,0.0,False,False,12.759684779899716,58.054438948551336,Atencao,Atencao: sinais iniciais de risco,27.29556680781331
1777741215.0876534,1517,False,0.0,0.0,0.0,0.0,False,False,0.06170355466130114,1,0,0.0,False,False,12.759684779899716,58.497551004011946,Atencao,Atencao: sinais iniciais de risco,27.15315820873923
1777741215.1296704,1518,False,0.0,0.0,0.0,0.0,False,False,0.06170355466130114,1,0,0.0,False,False,12.759684779899716,58.98774913938793,Atencao,Atencao: sinais iniciais de risco,26.86120946217307
1777741215.1737146,1519,False,0.0,0.0,0.0,0.0,False,False,0.06170355466130114,1,0,0.0,False,False,12.759684779899716,59.50159879517507,Atencao,Atencao: sinais iniciais de risco,26.469171618899683
1777741215.221004,1520,False,0.0,0.0,0.0,0.0,False,False,0.06170355466130114,1,0,0.0,False,False,12.759684779899716,60.05330812923066,Risco por distracao,Atencao: foco visual fora da direcao,25.923549483865408
1777741215.2614586,1521,False,0.0,0.0,0.0,0.0,False,False,0.06170355466130114,1,0,0.0,False,False,12.759684779899716,60.525278766870024,Risco por distracao,Atencao: foco visual fora da direcao,25.795772390805077
1777741215.3018975,1522,False,0.0,0.0,0.0,0.0,False,False,0.06170355466130114,1,0,0.0,False,False,12.759684779899716,60.997065822203474,Risco por distracao,Atencao: foco visual fora da direcao,25.70342942004529
1777741215.3405528,1523,False,0.0,0.0,0.0,0.0,False,False,0.06170355466130114,1,0,0.0,False,False,12.759684779899716,61.448044101317244,Risco por distracao,Atencao: foco visual fora da direcao,25.710891066124024
1777741215.3760426,1524,False,0.0,0.0,0.0,0.0,False,False,0.06170355466130114,1,0,0.0,False,False,12.759684779899716,61.862091739892485,Risco por distracao,Atencao: foco visual fora da direcao,25.956108373884383
1777741215.4116619,1525,False,0.0,0.0,0.0,0.0,False,False,0.06170355466130114,1,0,0.0,False,False,12.759684779899716,62.27764976016633,Risco por distracao,Atencao: foco visual fora da direcao,26.127522349846217
1777741215.4439828,1526,False,0.0,0.0,0.0,0.0,False,False,0.06170355466130114,1,0,0.0,False,False,12.759684779899716,62.654727816501776,Risco por distracao,Atencao: foco visual fora da direcao,26.695482277553364
1777741215.4838295,1527,False,0.0,0.0,0.0,0.0,False,False,0.06170355466130114,1,0,0.0,False,False,12.759684779899716,63.11960550141287,Risco por distracao,Atencao: foco visual fora da direcao,26.521491956890095
1777741215.5193977,1528,False,0.0,0.0,0.0,0.0,False,False,0.06170355466130114,1,0,0.0,False,False,12.759684779899716,63.53456826996756,Risco por distracao,Atencao: foco visual fora da direcao,26.5989803453492
1777741215.5593953,1529,False,0.0,0.0,0.0,0.0,False,False,0.06170355466130114,1,0,0.0,False,False,12.759684779899716,64.00120667608532,Risco por distracao,Atencao: foco visual fora da direcao,26.507577660174924
1777741215.5939894,1530,False,0.0,0.0,0.0,0.0,False,False,0.06170355466130114,1,0,0.0,False,False,12.759684779899716,64.40480403097423,Risco por distracao,Atencao: foco visual fora da direcao,26.726647387279417
1777741215.6316104,1531,False,0.0,0.0,0.0,0.0,False,False,0.06170355466130114,1,0,0.0,False,False,12.759684779899716,64.84371594579967,Risco por distracao,Atencao: foco visual fora da direcao,26.72458756990415
1777741215.668108,1532,False,0.0,0.0,0.0,0.0,False,False,0.06170355466130114,1,0,0.0,False,False,12.759684779899716,65.26952119660329,Risco por distracao,Atencao: foco visual fora da direcao,26.78073855793779
1777741215.7047014,1533,True,0.26461994012046497,0.27540546600017196,0.27001270306031844,0.05865996412194913,False,False,0.06166219839142091,1,0,37.98599116558379,False,False,14.653297851070374,50.871313672922255,Atencao,Atencao: sinais iniciais de risco,26.85222133740188
1777741215.7421534,1534,True,0.24420680574385076,0.2817593884953096,0.2629830971195802,0.07686831607507981,False,False,0.061620897521768254,1,0,56.87868531955914,False,False,15.5922536891919,50.87073007367716,Atencao,Atencao: sinais iniciais de risco,26.83179695866882
1777741215.7797859,1535,True,0.18088469350261083,0.2771296762850632,0.229007184893837,0.004735437619477157,False,False,0.06157965194109773,1,0,35.04404775798321,False,False,14.494850543770907,50.870147255689425,Atencao,Atencao: sinais iniciais de risco,26.804532781561093
1777741215.8136628,1536,True,0.2971673060490409,0.3184137121112035,0.3077905090801222,0.010549198730000426,False,False,0.06153846153846154,1,0,23.236697940122,False,False,13.898819372515371,50.869565217391305,Atencao,Atencao: sinais iniciais de risco,27.090707902691427
1777741215.8489044,1537,True,0.3144084981290574,0.39955156305627576,0.3569800305926666,0.009182980391529788,False,False,0.06149732620320856,1,0,16.99337975111875,False,False,13.580997354467923,50.86898395721925,Atencao,Atencao: sinais iniciais de risco,27.20527548392915
1777741215.8851244,1538,True,0.3239494020811468,0.40025737317212035,0.3621033876266336,0.00367603602626576,False,False,0.06149732620320856,1,0,6.470426505126737,False,False,13.054849692168323,50.86898395721925,Atencao,Atencao: sinais iniciais de risco,27.24535626023427
1777741215.9180923,1539,True,0.312945290356202,0.3890451869566963,0.35099523865644916,0.006652565815974546,False,False,0.0614562458249833,1,0,6.998312087086115,False,False,13.075595419260319,50.868403473613895,Atencao,Atencao: sinais iniciais de risco,27.54517576918669
1777741215.9506717,1540,True,0.31996188746504045,0.3583433621471708,0.33915262480610564,0.004912284854299932,False,False,0.06141522029372497,1,0,8.779025275463407,False,False,13.15899006813116,50.86782376502003,Atencao,Atencao: sinais iniciais de risco,27.83412189603679
1777741215.9853392,1541,True,0.3294817609258608,0.42207297727094645,0.37577736909840365,0.0046899521237870395,False,False,0.061374249499666446,1,0,9.727560150352389,False,False,13.200783327692564,50.867244829886594,Atencao,Atencao: sinais iniciais de risco,27.953248266896598
1777741216.019435,1542,True,0.3259891596896019,0.3794343449457892,0.3527117523176956,0.005350181247150472,False,False,0.06133333333333333,1,0,13.773448439890688,False,False,13.397451769298677,50.86666666666667,Atencao,Atencao: sinais iniciais de risco,28.138371698909374
1777741216.053554,1543,True,0.3148452349504419,0.36033697768976136,0.33759110632010164,0.004848131675165688,False,False,0.06129247168554297,1,0,17.422290486368265,False,False,13.57427539505138,50.86608927381746,Atencao,Atencao: sinais iniciais de risco,28.20971307795631
1777741216.0876074,1544,True,0.3000138377778567,0.34785279566573674,0.3239333167217967,0.006123940679643561,False,False,0.06125166444740346,1,0,17.63249675658616,False,False,13.579174713318093,50.865512649800266,Atencao,Atencao: sinais iniciais de risco,28.33444075550008
1777741216.1226041,1545,True,0.29829331210979537,0.31776695875479827,0.30803013543229685,0.006248952829203126,False,False,0.06121091151031271,1,0,24.685027707164938,False,False,13.926197731997053,50.8649367930805,Atencao,Atencao: sinais iniciais de risco,28.297659703569142
1777741216.16285,1546,True,0.3205021035588399,0.3756626805675695,0.3480823920632047,0.00427953194894569,False,False,0.061170212765957445,1,0,35.50296204090118,False,True,14.461498371335017,50.86436170212766,Atencao,Atencao: sinais iniciais de risco,27.990438981836974
1777741216.20375,1547,True,0.3380376855761643,0.4096022497421578,0.37381996765916103,0.005768498178296087,False,False,0.061170212765957445,1,0,36.996460652351374,False,True,14.536173301907528,50.86436170212766,Atencao,Atencao: sinais iniciais de risco,27.643565497229183
1777741216.4302702,1548,True,0.3520300790402688,0.41078038653084525,0.38140523278555705,0.004705985645365191,False,False,0.06141522029372497,1,0,40.081069469451904,False,True,14.724092277830586,50.86782376502003,Atencao,Atencao: sinais iniciais de risco,25.32100907097136
1777741216.4628506,1549,True,0.3570312193247087,0.4337759319222025,0.3954035756234556,0.009247547978144826,False,False,0.06141522029372497,1,0,38.82993354797363,False,True,14.661535481756673,50.86782376502003,Atencao,Atencao: sinais iniciais de risco,25.800384902169068
1777741216.5007157,1550,True,0.36222796673864915,0.4494038258251251,0.40581589628188713,0.00887816614738064,False,False,0.06141522029372497,1,0,37.65706706047058,False,True,14.60289215738152,50.86782376502003,Atencao,Atencao: sinais iniciais de risco,25.895695479456037
1777741216.5342307,1551,True,0.35512293358765107,0.46117608287183803,0.40814950822974455,0.006572435805305592,False,False,0.06141522029372497,1,0,40.47821493148803,False,True,14.743949550932392,50.86782376502003,Atencao,Atencao: sinais iniciais de risco,26.254100081204356
1777741216.569362,1552,True,0.3702035410287789,0.4569508156415258,0.41357717833515234,0.007887006270423312,False,False,0.06141522029372497,1,0,39.03133826255798,False,True,14.671605717485889,50.86782376502003,Atencao,Atencao: sinais iniciais de risco,26.48995314921404
1777741216.604786,1553,True,0.35496302487491205,0.38284338974995413,0.3689032073124331,0.008445635869720905,False,False,0.06141522029372497,1,0,38.14936656951904,False,True,14.627507132833943,50.86782376502003,Atencao,Atencao: sinais iniciais de risco,26.685972798705052
1777741216.6396985,1554,True,0.34172324372382434,0.3891298676093197,0.365426555666572,0.006926440612036548,False,False,0.06141522029372497,1,0,37.864156770706174,False,True,14.6132466428933,50.86782376502003,Atencao,Atencao: sinais iniciais de risco,26.873033434142354
1777741216.6768029,1555,True,0.32316130911092084,0.4009406196952413,0.36205096440308104,0.0062989863296116465,False,False,0.06141522029372497,1,0,38.5144879579544,False,True,14.645763202255711,50.86782376502003,Atencao,Atencao: sinais iniciais de risco,26.913707130564703
1777741216.7108424,1556,True,0.36318168167183007,0.3711519725114985,0.36716682709166426,0.006254187135628761,False,False,0.06141522029372497,1,0,38.25806813240051,False,True,14.632942210978015,50.86782376502003,Atencao,Atencao: sinais iniciais de risco,27.10112778994073
1777741216.7463913,1557,True,0.34070113323244927,0.37137851828057056,0.35603982575650994,0.007037453131575487,False,False,0.06141522029372497,1,0,37.85513596534729,False,True,14.612795602625354,50.86782376502003,Atencao,Atencao: sinais iniciais de risco,27.222111774648834
1777741216.784709,1558,True,0.3612015551205738,0.3688666515681787,0.36503410334437625,0.007570358708121964,False,False,0.06141522029372497,1,0,38.0246009349823,False,True,14.621268851107105,50.86782376502003,Atencao,Atencao: sinais iniciais de risco,27.117975789708083
1777741216.8196695,1559,True,0.3679116491062768,0.3809735096566169,0.37444257938144687,0.007850017436992617,False,False,0.06141522029372497,1,0,38.050890660285944,False,True,14.622583337372287,50.86782376502003,Atencao,Atencao: sinais iniciais de risco,27.26018166599493
1777741216.8542523,1560,True,0.34403389864056194,0.36593731347934394,0.35498560605995294,0.006982841996647261,False,False,0.06141522029372497,1,0,37.64921998977661,False,True,14.602499803846822,50.86782376502003,Atencao,Atencao: sinais iniciais de risco,27.459679850279358
1777741216.8899171,1561,True,0.33864132247786927,0.39383121638195634,0.36623626942991283,0.004222490551678351,False,False,0.06141522029372497,1,0,38.55766959190369,False,True,14.647922283953175,50.86782376502003,Atencao,Atencao: sinais iniciais de risco,27.492145660933566
1777741216.9243877,1562,True,0.3586647686207505,0.39802480036914845,0.37834478449494946,0.006189803552652386,False,False,0.06141522029372497,1,0,38.388440656661984,False,True,14.63946083719109,50.86782376502003,Atencao,Atencao: sinais iniciais de risco,27.637454659036074
1777741216.959711,1563,True,0.3521297083678852,0.3937612103068574,0.37294545933737133,0.006571527821010137,False,False,0.06141522029372497,1,0,37.7958960533142,False,True,14.6098336070237,50.86782376502003,Atencao,Atencao: sinais iniciais de risco,27.69815305750384
1777741216.9930372,1564,True,0.3657485718581642,0.39746501430648906,0.3816067930823266,0.00793769270531577,False,False,0.061374249499666446,1,0,37.902040076255794,False,True,14.609507323987735,50.867244829886594,Atencao,Atencao: sinais iniciais de risco,27.941665705255662
1777741217.0267246,1565,True,0.3403712386279686,0.4044129724439308,0.3723921055359497,0.005124906986960284,False,False,0.061374249499666446,1,0,37.22170269489288,False,True,14.57549045491959,50.867244829886594,Atencao,Atencao: sinais iniciais de risco,28.106044000795862
1777741217.0646138,1566,True,0.3456201064903633,0.40183105096920424,0.37372557872978374,0.006145880645217797,False,False,0.061374249499666446,1,0,37.762715411186214,False,True,14.602541090734256,50.867244829886594,Atencao,Atencao: sinais iniciais de risco,27.945709928496925
1777741217.1001852,1567,True,0.36583716681405415,0.39555658994086157,0.38069687837745786,0.007984356322184928,False,False,0.061374249499666446,1,0,38.38167848587036,False,True,14.633489244468464,50.867244829886594,Atencao,Atencao: sinais iniciais de risco,27.94514523323576
1777741217.1379437,1568,True,0.3470377920519071,0.40420604648922065,0.3756219192705639,0.005687367381752152,False,False,0.061374249499666446,1,0,37.96243033409119,False,True,14.612526836879505,50.867244829886594,Atencao,Atencao: sinais iniciais de risco,27.80545333004964
1777741217.177175,1569,True,0.3448246276681738,0.40538038701154067,0.3751025073398572,0.005204179009354951,False,False,0.06141522029372497,1,0,38.475800848007204,False,True,14.64382884675835,50.86782376502003,Atencao,Atencao: sinais iniciais de risco,27.56028924000827
1777741217.2177916,1570,True,0.3551837546248452,0.4034894903522495,0.3793366224885474,0.005924640133856111,False,False,0.06141522029372497,1,0,38.0722249507904,False,True,14.62365005189751,50.86782376502003,Atencao,Atencao: sinais iniciais de risco,27.221535129701746
1777741217.2623348,1571,True,0.3524277893173265,0.4039450514506313,0.37818642038397887,0.006209272887793328,False,False,0.06141522029372497,1,0,38.32923572063446,False,True,14.636500590389714,50.86782376502003,Atencao,Atencao: sinais iniciais de risco,26.79949064072122
1777741217.30454,1572,True,0.35422089320681005,0.39678833343126724,0.3755046133190386,0.006507673044253584,False,False,0.0614562458249833,1,0,38.573696327209475,False,True,14.654364631266485,50.868403473613895,Atencao,Atencao: sinais iniciais de risco,26.502019879043885
1777741217.3450723,1573,True,0.35829698846046154,0.39615256142595057,0.37722477494320605,0.007152102222538747,False,False,0.0614562458249833,1,0,38.86689825057983,False,True,14.669024727435003,50.868403473613895,Atencao,Atencao: sinais iniciais de risco,26.291621829387957
1777741217.3833582,1574,True,0.3599790647693439,0.3976556589272032,0.3788173618482735,0.007738235381660568,False,False,0.0614562458249833,1,0,38.634927082061765,False,True,14.657426169009101,50.868403473613895,Atencao,Atencao: sinais iniciais de risco,26.281103867345212
1777741217.4234097,1575,True,0.35945599583371834,0.4016307067107809,0.3805433512722496,0.007445688780499443,False,False,0.0614562458249833,1,0,38.76694412231445,False,True,14.664027021021734,50.868403473613895,Atencao,Atencao: sinais iniciais de risco,26.158072528267457
1777741217.461156,1576,True,0.3666978540445556,0.3870725093322228,0.37688518168838925,0.007654479679320393,False,False,0.0614562458249833,1,0,38.342815208435056,False,True,14.642820575327764,50.868403473613895,Atencao,Atencao: sinais iniciais de risco,26.169743974099944
1777741217.500907,1577,True,0.3599997450058499,0.3799155153870673,0.3699576301964586,0.0075591048788999655,False,False,0.0614562458249833,1,0,38.350375819206235,False,True,14.643198605866324,50.868403473613895,Atencao,Atencao: sinais iniciais de risco,26.053175893481637
1777741217.5382836,1578,True,0.3588070734003815,0.38098623104882895,0.3698966522246052,0.0070966011053013745,False,False,0.0614562458249833,1,0,38.18094711303711,False,True,14.634727170557868,50.868403473613895,Atencao,Atencao: sinais iniciais de risco,26.184075976130508
1777741217.575299,1579,True,0.35582402150147774,0.3893885270925572,0.3726062742970175,0.007275988832475812,False,False,0.0614562458249833,1,0,37.835833716392514,False,True,14.617471500725639,50.868403473613895,Atencao,Atencao: sinais iniciais de risco,26.266852578039977
1777741217.6138964,1580,True,0.3608793323819495,0.37634624054728855,0.36861278646461904,0.008147359379758128,False,False,0.0614562458249833,1,0,37.60019264221191,False,True,14.605689447016609,50.868403473613895,Atencao,Atencao: sinais iniciais de risco,26.204059512768723
1777741217.6531146,1581,True,0.360830310168236,0.3945898237671569,0.3777100669676965,0.008157266515214054,False,False,0.0614562458249833,1,0,37.829585671424866,False,True,14.617159098477256,50.868403473613895,Atencao,Atencao: sinais iniciais de risco,26.143791195539062
1777741217.6921868,1582,True,0.35420034076956386,0.3912580053906105,0.3727291730800872,0.007530505666881603,False,False,0.0614562458249833,1,0,37.936405611038204,False,True,14.622500095457923,50.868403473613895,Atencao,Atencao: sinais iniciais de risco,26.08717924580022
1777741217.730258,1583,True,0.3560646036060952,0.38932386448056805,0.37269423404333163,0.006812887298181157,False,False,0.0614562458249833,1,0,37.74829177856445,False,True,14.613094403834236,50.868403473613895,Atencao,Atencao: sinais iniciais de risco,26.115300067610548
1777741217.7678666,1584,True,0.35971545197687127,0.39441042487150624,0.37706293842418875,0.0069284794681708966,False,False,0.0614562458249833,1,0,37.57837769985199,False,True,14.604598699898611,50.868403473613895,Atencao,Atencao: sinais iniciais de risco,26.137275627984693
1777741217.806556,1585,True,0.36339893326654776,0.38412329958802205,0.37376111642728493,0.0062594600241785035,False,False,0.0614562458249833,1,0,36.92429013252258,False,True,14.571894321532142,50.868403473613895,Atencao,Atencao: sinais iniciais de risco,26.146856684229434
1777741217.8448582,1586,True,0.3544932660755124,0.3942255930878344,0.3743594295816734,0.005967760101931717,False,False,0.0614562458249833,1,0,36.54832671880722,False,True,14.553096150846374,50.868403473613895,Atencao,Atencao: sinais iniciais de risco,26.13683284198916
1777741217.8798482,1587,True,0.35039695594600034,0.40220681478802145,0.3763018853670109,0.00652067653149765,False,False,0.06141522029372497,1,0,36.98020281791687,False,True,14.569048945253835,50.86782376502003,Atencao,Atencao: sinais iniciais de risco,26.367784146991514
1777741217.9157276,1588,True,0.3524041401700804,0.38385421962514277,0.3681291798976116,0.0058123769565139915,False,False,0.06141522029372497,1,0,36.49352210760116,False,True,14.544714909738047,50.86782376502003,Atencao,Atencao: sinais iniciais de risco,26.48481769932601
1777741217.9519813,1589,True,0.3485829747263281,0.40013189058411963,0.37435743265522387,0.005559593515501359,False,False,0.06141522029372497,1,0,37.37145750522613,False,True,14.588611679619298,50.86782376502003,Atencao,Atencao: sinais iniciais de risco,26.638131319851382
1777741217.988618,1590,True,0.35516888644678934,0.38829268046581106,0.3717307834563002,0.006346760261997054,False,False,0.06141522029372497,1,0,37.203892183303836,False,True,14.580233413523182,50.86782376502003,Atencao,Atencao: sinais iniciais de risco,26.713691472303722
1777741218.0219603,1591,True,0.35372184572296717,0.4015066982517219,0.37761427198734454,0.005057083417736641,False,False,0.06141522029372497,1,0,37.10141355991363,False,True,14.575109482353673,50.86782376502003,Atencao,Atencao: sinais iniciais de risco,27.004828844016842
1777741218.0563052,1592,True,0.3557946435738056,0.4024200631496264,0.37910735336171597,0.005074009958524373,False,False,0.06141522029372497,1,0,37.25057120323181,False,True,14.582567364519582,50.86782376502003,Atencao,Atencao: sinais iniciais de risco,27.177223977768946
1777741218.0946395,1593,True,0.3500610794646766,0.39432565507921014,0.3721933672719434,0.004799026949319306,False,False,0.06141522029372497,1,0,36.67429773807525,False,True,14.553753691261754,50.86782376502003,Atencao,Atencao: sinais iniciais de risco,27.12806114855656
1777741218.1294816,1594,True,0.3487039690833073,0.38040425340976886,0.3645541112465381,0.0041822854311329505,False,False,0.06141522029372497,1,0,37.468749809265134,False,True,14.593476294821247,50.86782376502003,Atencao,Atencao: sinais iniciais de risco,27.275233354966748
1777741218.167235,1595,True,0.35247019603144125,0.4023119124432256,0.37739105423733343,0.005158209654123915,False,False,0.06141522029372497,1,0,36.93651435375214,False,True,14.566864522045597,50.86782376502003,Atencao,Atencao: sinais iniciais de risco,27.107185838644853
1777741218.210187,1596,True,0.35066417652818976,0.4035525154065588,0.3771083459673743,0.00422464870608939,False,False,0.06141522029372497,1,0,37.054093384742735,False,True,14.572743473595128,50.86782376502003,Atencao,Atencao: sinais iniciais de risco,26.798021540247603
1777741218.2508764,1597,True,0.3488522373560068,0.4013469161547799,0.37509957675539335,0.003668166466365327,False,False,0.06141522029372497,1,0,37.74376935958862,False,True,14.607227272337422,50.86782376502003,Atencao,Atencao: sinais iniciais de risco,26.543414250490585
1777741218.294166,1598,True,0.3449830041288635,0.3868392141408398,0.3659111091348517,0.006220020922541614,False,False,0.06141522029372497,1,0,37.20800025463104,False,True,14.580438817089544,50.86782376502003,Atencao,Atencao: sinais iniciais de risco,26.220265345240726
1777741218.3348951,1599,True,0.35064430939570457,0.40052690076834113,0.3755856050820229,0.00450712964461006,False,False,0.0614562458249833,1,0,37.33833587169647,False,True,14.592596608490837,50.868403473613895,Atencao,Atencao: sinais iniciais de risco,26.031328836640917
1777741218.3751318,1600,True,0.3461173109613675,0.405472373957553,0.37579484245946027,0.004419365769522384,False,False,0.0614562458249833,1,0,37.30632209777831,False,True,14.590995919794928,50.868403473613895,Atencao,Atencao: sinais iniciais de risco,25.887669970353606
1777741218.4160547,1601,True,0.3552937940136512,0.3741700194857852,0.3647319067497182,0.005148169345113586,False,False,0.0614562458249833,1,0,37.0705310344696,False,True,14.579206366629492,50.868403473613895,Atencao,Atencao: sinais iniciais de risco,25.73719587546637
1777741218.462461,1602,True,0.3454672090313548,0.3764872580094316,0.36097723352039324,0.005614650850033646,False,False,0.0614562458249833,1,0,37.89103529453277,False,True,14.620231579632652,50.868403473613895,Atencao,Atencao: sinais iniciais de risco,25.359058775545442
1777741218.5026126,1603,True,0.34490239992923816,0.3563876528844071,0.3506450264068226,0.006613861084935501,False,False,0.0614562458249833,1,0,37.357279777526855,False,True,14.593543803782355,50.868403473613895,Atencao,Atencao: sinais iniciais de risco,25.275251158963698
1777741218.5455537,1604,True,0.306662478375276,0.33722106135261176,0.32194176986394385,0.005074260082635742,False,False,0.0614562458249833,1,0,38.41806726455688,False,True,14.646583178133856,50.868403473613895,Atencao,Atencao: sinais iniciais de risco,25.10091084303953
1777741218.5865839,1605,True,0.3107550880746271,0.3670855636027059,0.3389203258386665,0.00573328813104879,False,False,0.06149732620320856,1,0,38.3388170003891,False,True,14.64826921693144,50.86898395721925,Atencao,Atencao: sinais iniciais de risco,25.056777216474323
1777741218.6269014,1606,True,0.3157947050181678,0.380540378879113,0.3481675419486404,0.004744825982889591,False,False,0.06149732620320856,1,0,38.15876610279083,False,True,14.639266672051528,50.86898395721925,Atencao,Atencao: sinais iniciais de risco,24.995214797421852
1777741218.666899,1607,True,0.3273469630784978,0.3804948637672638,0.3539209134228808,0.005192499606939013,False,False,0.06149732620320856,1,0,37.93233981132507,False,True,14.62794535747824,50.86898395721925,Atencao,Atencao: sinais iniciais de risco,25.020359306161218
1777741218.7048926,1608,True,0.3312199997682782,0.3766139655819652,0.3539169826751217,0.004740292969050036,False,False,0.06149732620320856,1,0,37.68403656482696,False,True,14.615530195153335,50.86898395721925,Atencao,Atencao: sinais iniciais de risco,25.15117024406054
1777741218.7441723,1609,True,0.33484457575028354,0.3912389981601907,0.36304178695523714,0.004944513523245985,False,False,0.06149732620320856,1,0,37.31187362670898,False,True,14.596922048247436,50.86898395721925,Atencao,Atencao: sinais iniciais de risco,25.194677704095735
1777741218.782417,1610,True,0.34123140648880096,0.3802845920737041,0.3607579992812525,0.0033827175671752806,False,False,0.06149732620320856,1,0,37.44615702629089,False,True,14.60363621822653,50.86898395721925,Atencao,Atencao: sinais iniciais de risco,25.24286112427839
1777741218.8194664,1611,True,0.33984516320964725,0.383797792183253,0.3618214776964501,0.00417063790765747,False,False,0.06149732620320856,1,0,37.28515989780426,False,True,14.5955863618022,50.86898395721925,Atencao,Atencao: sinais iniciais de risco,25.466831930064938
1777741218.857664,1612,True,0.34858012309449427,0.37583081207742824,0.3622054675859613,0.0038234180794015226,False,False,0.06149732620320856,1,0,37.830107951164244,False,True,14.6228337644702,50.86898395721925,Atencao,Atencao: sinais iniciais de risco,25.517268012494018
1777741218.894943,1613,True,0.342529725287726,0.38542589506579916,0.36397781017676256,0.004108786814117491,False,False,0.06149732620320856,1,0,37.300721645355225,False,True,14.596364449179747,50.86898395721925,Atencao,Atencao: sinais iniciais de risco,25.66928156422794
1777741218.9305558,1614,True,0.3584395272419167,0.38227243881277645,0.37035598302734657,0.004260754682838801,False,False,0.0614562458249833,1,0,37.71785085201263,False,True,14.611572357506644,50.868403473613895,Atencao,Atencao: sinais iniciais de risco,25.918826396516103
1777741218.9673247,1615,True,0.33976969917476774,0.38955072111376,0.36466021014426386,0.004490239868414815,False,False,0.06141522029372497,1,0,37.08159589767456,False,True,14.574118599241718,50.86782376502003,Atencao,Atencao: sinais iniciais de risco,26.016221872450494
1777741219.0049894,1616,True,0.34952131273925136,0.38793910526323944,0.3687302090012454,0.0045328066119201295,False,False,0.061374249499666446,1,0,37.90038805007934,False,True,14.609424722678913,50.867244829886594,Atencao,Atencao: sinais iniciais de risco,26.071157263664077
1777741219.0403488,1617,True,0.34105743406027633,0.3705819259921835,0.3558196800262299,0.005058956254282248,False,False,0.06133333333333333,1,0,37.02543129920959,False,True,14.560050912264622,50.86666666666667,Atencao,Atencao: sinais iniciais de risco,26.284550018432604
1777741219.0771055,1618,True,0.35675753813477706,0.38079544686843525,0.36877649250160616,0.004563134203246798,False,False,0.06129247168554297,1,0,38.47136747837067,False,True,14.6267292446515,50.86608927381746,Atencao,Atencao: sinais iniciais de risco,26.409838733471688
1777741219.1121256,1619,True,0.3468256819134875,0.3851773264940465,0.366001504203767,0.005630725027147226,False,False,0.06125166444740346,1,0,37.710306549072264,False,True,14.583065202942397,50.865512649800266,Atencao,Atencao: sinais iniciais de risco,26.572354748620093
1777741219.1505566,1620,True,0.3448044515593279,0.39592916985647736,0.3703668107079026,0.005663062785990348,False,False,0.06121091151031271,1,0,38.002033257484435,False,True,14.592048009513029,50.8649367930805,Atencao,Atencao: sinais iniciais de risco,26.517171771130382
1777741219.1920354,1621,True,0.34173681962258895,0.3829159595764347,0.3623263895995118,0.006423815220760979,False,False,0.061170212765957445,1,0,37.905326747894286,False,True,14.581616606684673,50.86436170212766,Atencao,Atencao: foco visual fora da direcao,26.293422846318485
1777741219.232838,1622,True,0.3464491714710033,0.39213159070582876,0.36929038108841605,0.006152972405166997,False,False,0.061129568106312294,1,0,37.997934627532956,False,True,14.580658359965398,50.863787375415285,Atencao,Atencao: foco visual fora da direcao,26.10070398730478
1777741219.274705,1623,True,0.33973139186905066,0.3729179475255506,0.3563246696973006,0.00548365778954102,False,False,0.06108897742363878,1,0,37.5936888217926,False,True,14.554864850810771,50.863213811420984,Atencao,Atencao: foco visual fora da direcao,25.912128715562968
1777741219.3162067,1624,True,0.3498228257830802,0.36966465242097335,0.3597437391020268,0.004545723444241425,False,False,0.06104844061048441,1,0,38.13831264972686,False,True,14.576522230398758,50.86264100862641,Atencao,Atencao: foco visual fora da direcao,25.66915501746491
1777741219.360231,1625,True,0.35198139945423934,0.36863672199670866,0.360309060725474,0.005235689808351483,False,False,0.0610079575596817,1,0,37.91405894756317,False,True,14.5597431258052,50.86206896551724,Atencao,Atencao: foco visual fora da direcao,25.428740691029585
1777741219.4027507,1626,True,0.3537978328753743,0.3843362544976515,0.3690670436865129,0.003885397831776286,False,False,0.06096752816434725,1,0,37.905921554565424,False,True,14.553777214296828,50.86149768058317,Atencao,Atencao: foco visual fora da direcao,25.222861248057704
1777741219.443452,1627,True,0.3336521601105034,0.3722417069320204,0.35294693352126194,0.0042886694068178625,False,False,0.060927152317880796,1,0,37.719952845573424,False,True,14.538927099958089,50.86092715231788,Atencao,Atencao: foco visual fora da direcao,25.17209701252343
1777741219.4824948,1628,True,0.3343926453705963,0.37724084428765636,0.35581674482912634,0.004763215650461135,False,False,0.06088682991396426,1,0,37.3278874874115,False,True,14.51377950151147,50.86035737921906,Atencao,Atencao: foco visual fora da direcao,25.172891037080234
1777741219.5189118,1629,True,0.17979946244762837,0.2128991245610429,0.19634929350433564,0.14404783036883578,True,False,0.061507936507936505,1,0,38.21763458251953,False,True,14.643669012938055,50.85978835978836,Atencao,Atencao: foco visual fora da direcao,25.45691070566503
1777741219.5664904,1630,True,0.17219590230915874,0.2622662482314384,0.21723107527029856,0.13287881004570945,False,False,0.061507936507936505,1,0,37.42872009277344,False,True,14.58861802724742,50.85978835978836,Atencao,Atencao: foco visual fora da direcao,24.956920592879435
1777741219.6102438,1631,True,0.19849414826313672,0.2899106412552914,0.24420239475921407,0.31390081666410435,False,False,0.06154864328259431,1,0,34.06562284393744,False,True,14.42606034632107,50.86035737921906,Atencao,Atencao: foco visual fora da direcao,24.814330276905533
1777741219.6455655,1632,True,0.2227277885091135,0.3119395157208703,0.26733365211499194,0.44033637071514464,False,False,0.061507936507936505,1,0,23.184426412358878,False,False,13.876403343226693,50.85978835978836,Atencao,Atencao: sinais iniciais de risco,25.141720322768965
1777741219.6807137,1633,True,0.2318318360913179,0.30868573793016596,0.2702587870107419,0.5325691132998205,False,False,0.061507936507936505,1,0,21.259184166518125,False,False,13.780141230934657,50.85978835978836,Atencao,Atencao: sinais iniciais de risco,25.433510398445506
1777741219.7200413,1634,True,0.2431798794942567,0.2883692444178537,0.2657745619560552,0.5084256735137599,False,False,0.061507936507936505,1,0,21.09761581204154,False,False,13.772062813210827,50.85978835978836,Atencao,Atencao: sinais iniciais de risco,25.465076573482865
1777741219.7569308,1635,True,0.23502872214099998,0.284895549571917,0.2599621358564585,0.6219256137276066,False,False,0.061507936507936505,1,0,21.320758290995254,False,False,13.783219937158513,50.85978835978836,Atencao,Atencao: sinais iniciais de risco,25.658445075819316
1777741219.7912705,1636,True,0.22746295892452528,0.3194146297579638,0.2734387943412445,0.7050865527978163,False,True,0.061507936507936505,1,0,22.830772043900055,False,False,13.858720624803752,50.85978835978836,Atencao,Atencao: sinais iniciais de risco,25.97481041743108
1777741219.827232,1637,True,0.23286071079173873,0.3085029424936488,0.27068182664269375,0.6984891672848047,False,True,0.061507936507936505,1,0,22.769140030850068,False,False,13.855639024151253,50.85978835978836,Atencao,Atencao: sinais iniciais de risco,26.13700825829313
1777741219.861163,1638,True,0.2167564279951719,0.2926485133648291,0.2547024706800005,0.6747293270452077,False,True,0.061467283542630535,1,0,22.62822551781481,False,False,13.843003515769919,50.859220092531395,Atencao,Atencao: sinais iniciais de risco,26.475040691060574
1777741219.8960001,1639,True,0.2207116907798238,0.2867226872922883,0.25371718903605606,0.6813889914542526,False,True,0.061467283542630535,1,0,22.5400747843764,False,False,13.838595979097997,50.859220092531395,Atencao,Atencao: sinais iniciais de risco,26.714731048981506
1777741219.93092,1640,True,0.22038546789973393,0.29246404773538603,0.25642475781755997,0.698094203639105,False,True,0.061467283542630535,1,0,21.011120778864083,False,False,13.762148278822382,50.859220092531395,Atencao,Atencao: sinais iniciais de risco,26.89461661247796
1777741219.9687417,1641,True,0.2082671389157095,0.31290968705282735,0.26058841298426844,0.707238653263103,False,True,0.061467283542630535,1,0,22.161264000697567,False,False,13.819655439914056,50.859220092531395,Atencao,Atencao: sinais iniciais de risco,26.878465688639608
1777741220.0030031,1642,True,0.2320229764121494,0.29218607160136917,0.26210452400675927,0.7018298554111781,False,True,0.061467283542630535,1,0,22.044097337888722,False,False,13.813797106773613,50.859220092531395,Atencao,Atencao: sinais iniciais de risco,27.070753679613954
1777741220.039444,1643,True,0.227506566841864,0.3160473378818736,0.27177695236186883,0.7304727213949006,False,True,0.061467283542630535,1,0,23.854383770986036,False,False,13.904311428428478,50.859220092531395,Atencao,Atencao: sinais iniciais de risco,27.084137522583344
1777741220.0749514,1644,True,0.22203228043091106,0.292079415162955,0.257055847796933,0.7935105050725693,False,True,0.06142668428005284,1,0,25.51263357563452,False,False,13.981641520056472,50.85865257595773,Atencao,Atencao: sinais iniciais de risco,27.233462672030164
1777741220.1085193,1645,True,0.23353557797300334,0.2662034091808365,0.24986949357691993,0.8971056779988493,False,True,0.06142668428005284,1,0,26.833972710912878,False,False,14.04770847682039,50.85865257595773,Atencao,Atencao: sinais iniciais de risco,27.39812798181397
1777741220.1500514,1646,True,0.22777596115277426,0.28735321190342683,0.25756458652810055,0.8804139769664369,False,True,0.06142668428005284,1,0,27.89957484061068,False,False,14.10098858330528,50.85865257595773,Atencao,Atencao: sinais iniciais de risco,27.11657999115598
1777741220.191664,1647,True,0.23515168816097098,0.2581468007722731,0.24664924446662204,0.8711795027330285,False,True,0.06142668428005284,1,0,27.855091584270653,False,True,14.098764420488278,50.85865257595773,Atencao,Atencao: sinais iniciais de risco,26.830940555217207
1777741220.229501,1648,True,0.22104493454630217,0.27886705025198816,0.24995599239914518,0.8541689313718109,False,True,0.06142668428005284,1,0,28.53637963316657,False,True,14.132828822933075,50.85865257595773,Atencao,Atencao: sinais iniciais de risco,26.76966950764705
1777741220.2692802,1649,True,0.2251627270405876,0.2767622172200617,0.25096247213032463,0.8367531819429359,False,True,0.06142668428005284,1,0,28.912478941678998,False,True,14.151633788358696,50.85865257595773,Atencao,Atencao: sinais iniciais de risco,26.59071039631005
1777741220.3110347,1650,True,0.2304936187746631,0.27354691777755785,0.25202026827611046,0.8314625587987006,False,True,0.06142668428005284,1,0,28.78932716683908,False,True,14.1454761996167,50.85865257595773,Atencao,Atencao: sinais iniciais de risco,26.353955670893278
1777741220.3517807,1651,True,0.22525636082428785,0.262167740059606,0.24371205044194694,0.8593415208254235,False,True,0.061386138613861385,1,0,28.02962513566017,False,True,14.101916068956427,50.85808580858086,Atencao,Atencao: sinais iniciais de risco,26.164151802302428
1777741220.3902223,1652,True,0.22983258687929978,0.3019664997028571,0.26589954329107846,0.8496301806118638,False,True,0.06134564643799472,1,0,27.542281501943418,False,True,14.071981213088925,50.857519788918204,Atencao,Atencao: sinais iniciais de risco,26.15313814068373
1777741220.426315,1653,True,0.2224436885144761,0.31162822185459993,0.26703595518453804,0.8288340875868284,False,True,0.061305207646671064,1,0,28.33352218324488,False,True,14.105982913346994,50.856954515491104,Atencao,Atencao: sinais iniciais de risco,26.301965675486546
1777741220.4608204,1654,True,0.22592834318454366,0.27309724244298295,0.24951279281376332,0.84711560532296,False,True,0.06126482213438735,1,0,29.396889282898464,False,True,14.153598260390666,50.856389986824766,Atencao,Atencao: sinais iniciais de risco,26.54672849824158
1777741220.4963834,1655,True,0.17005797659301447,0.22505403627181927,0.1975560064324169,0.8561335418549435,True,True,0.06188281764318631,1,0,30.78091140064326,False,True,14.30777374873776,50.85582620144832,Atencao,Atencao: sinais iniciais de risco,26.754571857580537
1777741220.5314045,1656,True,0.1039611710150322,0.10235007220538725,0.10315562161020972,0.8790177295077037,True,True,0.0625,1,0,32.370960165695706,False,True,14.472138761052266,50.85526315789474,Atencao,Atencao: sinais iniciais de risco,26.94552011453185
1777741220.566995,1657,True,0.1294796388885614,0.13483424896133211,0.13215694392494676,0.861736459288476,True,True,0.0631163708086785,1,0,31.628472154790703,False,True,14.519765346700307,50.85470085470085,Atencao,Atencao: sinais iniciais de risco,27.03361551321863
1777741220.6012568,1658,True,0.22934908208093654,0.2181079944431019,0.22372853826201922,0.8219742994910737,False,True,0.06307490144546649,1,0,29.276577769084412,False,True,14.390519265517527,50.85413929040736,Atencao,Atencao: sinais iniciais de risco,27.237205354223214
1777741220.6347346,1659,True,0.2251571023961433,0.22230856780821748,0.2237328351021804,0.8660157728862404,False,True,0.06303348653972422,1,0,30.587422386082736,False,True,14.450366946827884,50.85357846355877,Atencao,Atencao: sinais iniciais de risco,27.446156543183534
1777741220.6708174,1660,True,0.24925773747638302,0.22816949485065666,0.23871361616351983,0.8768776568606756,False,True,0.06299212598425197,1,0,29.625104587728323,False,True,14.39656398053273,50.85301837270341,Atencao,Atencao: sinais iniciais de risco,27.55976169961025
1777741220.7069712,1661,True,0.2522958684825503,0.23582700523818284,0.24406143686036658,0.8736362644229622,False,True,0.06295081967213115,1,0,30.52384745424444,False,True,14.43582150594192,50.852459016393446,Atencao,Atencao: sinais iniciais de risco,27.54261112405706
1777741220.7421663,1662,True,0.25785068712244724,0.2364434018681027,0.24714704449527497,0.8874638312930517,False,True,0.06290956749672345,1,0,30.015411413257777,False,True,14.40472752977403,50.8519003931848,Atencao,Atencao: sinais iniciais de risco,27.59554879211649
1777741220.7767828,1663,True,0.2610566811933289,0.23216421832125078,0.24661044975728985,0.8341154520697489,False,True,0.06286836935166994,1,0,32.043152234771036,False,True,14.500449825904832,50.8513425016372,Atencao,Atencao: sinais iniciais de risco,27.779170013361323
1777741220.811769,1664,True,0.28437870197231746,0.26168154719477615,0.2730301245835468,0.8635602475062768,False,True,0.06282722513089005,1,0,32.195729396018116,False,True,14.502421353609952,50.85078534031414,Atencao,Atencao: sinais iniciais de risco,27.83088377314973
1777741220.8451426,1665,True,0.2890807834467539,0.292649674359389,0.2908652289030714,0.9180533732955256,False,True,0.06278613472858077,1,0,32.679653943668704,False,True,14.520967650674958,50.85022890778286,Atencao,Atencao: sinais iniciais de risco,27.91839727448422
1777741220.8833337,1666,True,0.29695250627601305,0.259784253243785,0.27836837975989903,0.9587694505045292,False,True,0.06274509803921569,1,0,33.398454838991164,False,True,14.551265150653382,50.849673202614376,Atencao,Atencao: sinais iniciais de risco,27.86747756117012
1777741220.917553,1667,True,0.282853430383686,0.2723811983624174,0.2776173143730517,0.9882532813233769,False,True,0.06270411495754409,1,0,33.54724804542281,False,True,14.55306963724512,50.84911822338341,Atencao,Atencao: sinais iniciais de risco,27.976770627335036
1777741220.9511597,1668,True,0.2978400525623727,0.2369308439065756,0.2673854482344742,0.9486008420265946,False,True,0.06266318537859007,1,0,32.04542106660929,False,True,14.472350471198265,50.84856396866841,Atencao,Atencao: sinais iniciais de risco,28.153663963242504
1777741220.9877634,1669,True,0.32955904958804694,0.25109109281693753,0.29032507120249224,0.9417582491872155,False,True,0.06262230919765166,1,0,31.86226005554199,False,True,14.45757194576587,50.848010437051535,Atencao,Atencao: sinais iniciais de risco,28.08836838202107
1777741221.0242133,1670,True,0.3060162693446732,0.24580985036685074,0.275913059855762,0.918000401936845,False,True,0.06262230919765166,1,0,32.05004930821332,False,True,14.466961408399436,50.848010437051535,Atencao,Atencao: sinais iniciais de risco,28.00472816571438
1777741221.0600884,1671,True,0.2921260592112245,0.24911128810940855,0.2706186736603165,0.8782848540505419,False,True,0.06258148631029987,1,0,30.624602980505333,False,True,14.390075945003165,50.847457627118644,Atencao,Atencao: sinais iniciais de risco,27.999284672144118
1777741221.0968187,1672,True,0.2833316693189216,0.2480485915516424,0.265690130435282,0.9006401729051784,False,True,0.06254071661237785,1,0,30.201663297414775,False,True,14.363323127384358,50.846905537459286,Atencao,Atencao: sinais iniciais de risco,27.926135631048325
1777741221.1310337,1673,True,0.29204895584200224,0.2535696052840685,0.2728092805630354,0.919114232430353,False,True,0.0625,1,0,31.444462085312065,False,True,14.41986453257727,50.846354166666664,Atencao,Atencao: sinais iniciais de risco,28.055388438619325
1777741221.1649315,1674,True,0.2912657523085018,0.27163953811859426,0.28145264521354807,0.904280418882966,False,True,0.062459336369551074,1,0,30.74015513495965,False,True,14.37905793587292,50.84580351333767,Atencao,Atencao: sinais iniciais de risco,28.225145712449063
1777741221.2031126,1675,True,0.2884456196449643,0.255594615570143,0.2720201176075536,0.9030695506204293,False,True,0.06241872561768531,1,0,30.867239682240914,False,True,14.379828184855441,50.84525357607282,Atencao,Atencao: sinais iniciais de risco,28.010063888828206
1777741221.4347558,1676,True,0.3119265438115172,0.33310503079241577,0.3225157873019665,0.9229922919635154,False,True,0.06262230919765166,2,0,37.083077288757664,False,True,18.468612807426652,50.848010437051535,Atencao,Atencao: bocejo detectado,25.640347224386574
1777741221.468905,1677,True,0.32800698262046474,0.3258515637911142,0.32692927320578946,0.8949199105197585,False,True,0.06262230919765166,2,0,36.99430799700997,False,True,18.464174342839268,50.848010437051535,Atencao,Atencao: sinais iniciais de risco,26.028385598693667
1777741221.5039692,1678,True,0.33032315072650675,0.3274448449305359,0.3288839978285213,0.8736452286841293,False,True,0.06262230919765166,2,0,36.193646078759976,False,True,18.424141246926766,50.848010437051535,Atencao,Atencao: sinais iniciais de risco,26.27817459024199
1777741221.5382369,1679,True,0.32632650236783645,0.34626765087830813,0.3362970766230723,0.8803799997339852,False,True,0.06262230919765166,2,0,36.188126487623556,False,True,18.423865267369948,50.848010437051535,Atencao,Atencao: sinais iniciais de risco,26.5563370586057
1777741221.573891,1680,True,0.3265875683450397,0.32139795884437145,0.3239927635947056,0.8724049565046632,False,True,0.06262230919765166,2,0,36.03275731856173,False,True,18.416096808916855,50.848010437051535,Atencao,Atencao: sinais iniciais de risco,26.70833561892641
1777741221.6093166,1681,True,0.31378242347003993,0.3056176089944457,0.3097000162322428,0.8773312996145685,False,True,0.06262230919765166,2,0,38.26138442104513,False,True,18.527528164041026,50.848010437051535,Atencao,Atencao: sinais iniciais de risco,26.852801522234724
1777741221.6447866,1682,True,0.33397145797985384,0.3305619248075096,0.3322666913936817,0.8685928153615476,False,True,0.06262230919765166,2,0,37.18130762793801,False,True,18.473524324385668,50.848010437051535,Atencao,Atencao: sinais iniciais de risco,26.90793813442631
1777741221.6833205,1683,True,0.32968861826094226,0.35032638108832054,0.3400074996746314,0.8902997085528476,False,True,0.06262230919765166,2,0,36.54608630321242,False,True,18.44176325814939,50.848010437051535,Atencao,Atencao: sinais iniciais de risco,26.916374498760195
1777741221.7238297,1684,True,0.32806379815519293,0.3032526820360648,0.3156582400956289,0.8923372975554462,False,True,0.06262230919765166,2,0,37.60726627219807,False,True,18.494822256598674,50.848010437051535,Atencao,Atencao: sinais iniciais de risco,26.665803599789037
1777741221.761883,1685,True,0.34215229734081953,0.3312646195262904,0.33670845843355496,0.8528295120201158,False,True,0.06262230919765166,2,0,37.68665831143206,False,True,18.498791858560374,50.848010437051535,Atencao,Atencao: sinais iniciais de risco,26.622889761302538
1777741221.7968497,1686,True,0.3507585571541059,0.3509560900772572,0.35085732361568156,0.8926333330520945,False,True,0.06262230919765166,2,0,36.85062514380975,False,True,18.456990200179256,50.848010437051535,Atencao,Atencao: sinais iniciais de risco,26.852587954394757
1777741221.831456,1687,True,0.3442960102214429,0.3403217737859251,0.342308892003684,0.8966623621760278,False,True,0.06258148631029987,2,0,36.44951702952385,False,True,18.431321647454087,50.847457627118644,Atencao,Atencao: sinais iniciais de risco,27.0276019739203
1777741221.8670964,1688,True,0.3451905739739071,0.3228988771812554,0.33404472557758125,0.8787956268512247,False,True,0.06258148631029987,2,0,36.69046211080118,False,True,18.443368901517953,50.847457627118644,Atencao,Atencao: sinais iniciais de risco,27.072041693918475
1777741221.9069595,1689,True,0.33021991495015457,0.3270571223780749,0.32863851866411475,0.8378524220901256,False,True,0.06258148631029987,2,0,37.99914618622173,False,True,18.508803105288983,50.847457627118644,Atencao,Atencao: sinais iniciais de risco,26.934527514316983
1777741221.9441035,1690,True,0.34041907508811564,0.3515485797987088,0.3459838274434122,0.8132382950089785,False,True,0.06258148631029987,2,0,37.533651958270504,False,True,18.48552839389142,50.847457627118644,Atencao,Atencao: sinais iniciais de risco,26.925732215167564
1777741221.9788506,1691,True,0.3538085267600737,0.3574405440904735,0.3556245354252736,0.8360662739500709,False,True,0.06258148631029987,2,0,37.501002886078574,False,True,18.483895940281826,50.847457627118644,Atencao,Atencao: sinais iniciais de risco,27.10752339920648
1777741222.013538,1692,True,0.3525300073388871,0.3467884234724645,0.3496592154056758,0.8005464858367085,False,True,0.06258148631029987,2,0,36.915236205946314,False,True,18.45460760627521,50.847457627118644,Atencao,Atencao: sinais iniciais de risco,27.28818962162714
1777741222.048698,1693,True,0.36300015549639797,0.33619021808853117,0.3495951867924646,0.7779265908449795,False,True,0.06258148631029987,2,0,35.46425719044425,False,True,18.38205865550011,50.847457627118644,Atencao,Atencao: sinais iniciais de risco,27.421600105207602
1777741222.0832353,1694,True,0.3475321588518568,0.3163707772082904,0.3319514680300736,0.791999890555383,False,True,0.06254071661237785,2,0,35.23287886164405,False,True,18.364883905595818,50.846905537459286,Atencao,Atencao: sinais iniciais de risco,27.539205763770205
1777741222.1201422,1695,True,0.3394960495587206,0.34883916859847475,0.34416760907859767,0.7345651301170774,False,True,0.06254071661237785,2,0,35.23815023411404,False,True,18.365147474219317,50.846905537459286,Atencao,Atencao: sinais iniciais de risco,27.53198708659421
1777741222.153825,1696,True,0.325456698113499,0.3359285743206723,0.33069263621708567,0.7037514978068379,False,True,0.06254071661237785,2,0,35.650566073439336,False,True,18.385768266185583,50.846905537459286,Atencao,Atencao: sinais iniciais de risco,27.72097730657919
1777741222.1924956,1697,True,0.33512698159818366,0.3627689650305658,0.34894797331437477,0.6802991310667561,False,True,0.06254071661237785,2,0,35.2361894743009,False,True,18.36504943622866,50.846905537459286,Atencao,Atencao: sinais iniciais de risco,27.495709411657515
1777741222.2328763,1698,True,0.31608338833834343,0.3433846284678659,0.32973400840310463,0.6960608801658607,False,True,0.06254071661237785,2,0,36.23251876939426,False,True,18.41486590098333,50.846905537459286,Atencao,Atencao: sinais iniciais de risco,27.273318288095307
1777741222.2731688,1699,True,0.3379978020616511,0.3491767419731847,0.3435872720174179,0.7407470024684536,False,True,0.0625,2,0,35.81182663928379,False,True,18.388232760275855,50.846354166666664,Atencao,Atencao: sinais iniciais de risco,26.964582561818
1777741222.3139825,1700,True,0.31209278885903097,0.3601751725016607,0.33613398068034583,0.5240527965919115,False,False,0.062459336369551074,2,0,37.82536859512329,False,True,18.4833186088811,50.84580351333767,Atencao,Atencao: sinais iniciais de risco,26.773360246186243
1777741222.353939,1701,True,0.2781782360253951,0.3048169143104995,0.2914975751679473,0.29115563760897384,False,False,0.06241872561768531,2,0,38.45769593715668,False,True,18.509350997601224,50.84525357607282,Atencao,Atencao: sinais iniciais de risco,26.57296391534028
1777741222.3946795,1702,True,0.2053268105000493,0.23818380919556315,0.22175530984780623,0.10973696954971716,False,False,0.06237816764132553,2,0,37.284661006927486,False,True,18.4451225293403,50.84470435347628,Atencao,Atencao: sinais iniciais de risco,26.403656756147114
1777741222.4349914,1703,True,0.17765843362862746,0.18511270326060916,0.1813855684446183,0.04156145186211787,True,False,0.06298701298701298,2,0,29.750819240916858,False,True,18.152146676071794,50.84415584415584,Atencao,Atencao: sinais iniciais de risco,26.217357097776457
1777741222.474434,1704,True,0.21866404624213714,0.23164059143351698,0.22515231883782705,0.08456303072221162,False,False,0.06294613887086307,2,0,26.813672601634803,False,False,17.985035451494724,50.843608046722906,Atencao,Atencao: sinais iniciais de risco,26.098311780116028
1777741222.5158057,1705,True,0.21445486741440337,0.217595206955019,0.21602503718471117,0.09225173369915798,False,False,0.062905317769131,2,0,27.08275715221058,False,False,17.99287677753535,50.843060959792474,Atencao,Atencao: sinais iniciais de risco,25.885745802349824
1777741222.5589116,1706,True,0.2229433807583039,0.25559681682412544,0.23927009879121466,0.12137559449969022,False,False,0.06286454957874271,2,0,23.861115800250662,False,False,17.82618908375897,50.84251458198315,Atencao,Atencao: sinais iniciais de risco,25.68705722543723
1777741222.5937996,1707,True,0.23341258134811807,0.26133284580151495,0.2473727135748165,0.11722566978766877,False,False,0.06282383419689119,2,0,20.48239537016912,False,False,17.651654697250304,50.8419689119171,Atencao,Atencao: sinais iniciais de risco,25.9467177530275
1777741222.628957,1708,True,0.23609900977490622,0.27676066984031683,0.2564298398076115,0.2046425843803753,False,False,0.0627831715210356,2,0,20.324671389027074,False,False,17.63817738026306,50.84142394822006,Atencao,Atencao: sinais iniciais de risco,26.189134671148114
1777741222.664423,1709,True,0.2288905457585092,0.2656709073591038,0.2472807265588065,0.18505883248307398,False,False,0.0627831715210356,2,0,19.62575654495846,False,False,17.603231638059626,50.84142394822006,Atencao,Atencao: sinais iniciais de risco,26.41827470105742
1777741222.6994603,1710,True,0.25166469129541974,0.282533232956956,0.2670989621261879,0.1975578216100385,False,False,0.0627831715210356,2,0,19.740803536772727,False,False,17.60898398765034,50.84142394822006,Atencao,Atencao: sinais iniciais de risco,26.62299280743107
1777741222.7392952,1711,True,0.24418896740444243,0.28551464823470624,0.26485180781957435,0.1668607919837334,False,False,0.0627831715210356,2,0,22.887386696717954,False,False,17.7663131456476,50.84142394822006,Atencao,Atencao: sinais iniciais de risco,26.475796720569363
1777741222.7772443,1712,True,0.25976510750616855,0.2939829765991647,0.27687404205266664,0.14153411763182538,False,False,0.0627831715210356,2,0,21.157583825425668,False,False,17.679823002082987,50.84142394822006,Atencao,Atencao: sinais iniciais de risco,26.462957684471306
1777741222.812503,1713,True,0.2666367529739655,0.3128156659696238,0.2897262094717946,0.08225938677391564,False,False,0.0627831715210356,2,0,20.982027067921376,False,False,17.671045164207772,50.84142394822006,Atencao,Atencao: sinais iniciais de risco,26.68642352767212
1777741222.8457527,1714,True,0.26657297141636793,0.2950406714093423,0.2808068214128551,0.10841584837490145,False,False,0.0627831715210356,2,0,22.252165261994705,False,False,17.734552073911438,50.84142394822006,Atencao,Atencao: sinais iniciais de risco,26.996977442256394
1777741222.8803766,1715,True,0.272774162764871,0.3055194344690684,0.2891467986169697,0.00991245315066067,False,False,0.0627831715210356,2,0,20.211025954376566,False,False,17.63249510853053,50.84142394822006,Atencao,Atencao: sinais iniciais de risco,27.146396189566303
1777741222.916884,1716,True,0.266475428596152,0.3067906183245398,0.2866330234603459,0.007653846113803669,False,False,0.0627831715210356,2,0,20.804466469450432,False,False,17.662167134284225,50.84142394822006,Atencao,Atencao: sinais iniciais de risco,27.165662748641942
1777741222.9526029,1717,True,0.26632047776947365,0.31058603860393647,0.2884532581867051,0.010587369156879405,False,False,0.0627831715210356,2,0,18.73347419662909,False,False,17.558617520643157,50.84142394822006,Atencao,Atencao: sinais iniciais de risco,27.29468623578196
1777741222.986685,1718,True,0.27559864549956586,0.31600125209628716,0.2957999487979265,0.009176361229064097,False,False,0.06274256144890039,2,0,19.35478580621156,False,False,17.584099216203697,50.840879689521344,Atencao,Atencao: sinais iniciais de risco,27.47339482384274
1777741223.024004,1719,True,0.2658414160084696,0.3252128031906439,0.29552710959955675,0.09729517100429806,False,False,0.06274256144890039,2,0,19.149534476887094,False,False,17.573836649737473,50.840879689521344,Atencao,Atencao: sinais iniciais de risco,27.38615334064851
1777741223.0602922,1720,True,0.26014620291002793,0.32551267932917244,0.2928294411196002,0.08880523718190055,False,False,0.06274256144890039,2,0,18.113883168588984,False,False,17.522054084322566,50.840879689521344,Atencao,Atencao: sinais iniciais de risco,27.46938360726199
1777741223.0938673,1721,True,0.2656094128196927,0.3198469792679494,0.29272819604382105,0.0964206380386339,False,False,0.06274256144890039,2,0,18.94235535264015,False,False,17.563477693525126,50.840879689521344,Atencao,Atencao: sinais iniciais de risco,27.69991177705714
1777741223.129359,1722,True,0.2468097982487444,0.31020432816863214,0.2785070632086883,0.09395804309111762,False,False,0.06274256144890039,2,0,18.17481025565754,False,False,17.525100438675995,50.840879689521344,Atencao,Atencao: sinais iniciais de risco,27.708516519309036
1777741223.1665425,1723,True,0.25586198086119655,0.33757948228379037,0.29672073157249346,0.010714809773656119,False,False,0.06274256144890039,2,0,18.54479376714338,False,False,17.543599614250287,50.840879689521344,Atencao,Atencao: sinais iniciais de risco,27.663500335448525
1777741223.2016406,1724,True,0.25800457126491594,0.32656645250434246,0.2922855118846292,0.01069114159605596,False,False,0.06274256144890039,2,0,16.65861716229807,False,False,17.44929078400802,50.840879689521344,Atencao,Atencao: sinais iniciais de risco,27.676835256257444
1777741223.2429278,1725,True,0.24527574710591765,0.3299383043775861,0.2876070257417519,0.12948619726859198,False,False,0.06274256144890039,2,0,17.49763886942105,False,False,17.49124186936417,50.840879689521344,Atencao,Atencao: sinais iniciais de risco,27.357162107516068
1777741223.2832086,1726,True,0.26112771607153124,0.3164613703360587,0.28879454320379494,0.09781962930168106,False,False,0.06274256144890039,2,0,16.123317636414008,False,False,17.422525807713818,50.840879689521344,Atencao,Atencao: sinais iniciais de risco,27.130604326710213
1777741223.3192828,1727,True,0.2397278941119515,0.3218429281675845,0.28078541113976796,0.07324114191878485,False,False,0.06274256144890039,2,0,17.35016669752923,False,False,17.48386826076958,50.840879689521344,Atencao,Atencao: sinais iniciais de risco,27.108834072830433
1777741223.361195,1728,True,0.24903947844046298,0.3309119193621023,0.2899756989012826,0.03457611685370303,False,False,0.06274256144890039,2,0,17.796219472722573,False,False,17.506170899529245,50.840879689521344,Atencao,Atencao: sinais iniciais de risco,26.794871099930887
1777741223.3965118,1729,True,0.24410019366897048,0.3453113201728912,0.2947057569209308,0.026792338466811286,False,False,0.06274256144890039,2,0,18.100508932769298,False,False,17.521385372531583,50.840879689521344,Atencao,Atencao: sinais iniciais de risco,27.0078145007481
1777741223.431805,1730,True,0.26010804614108096,0.3244581954257805,0.29228312078343077,0.17791307130959436,False,False,0.06274256144890039,2,0,18.54332864270969,False,False,17.5435263580286,50.840879689521344,Atencao,Atencao: sinais iniciais de risco,27.12586396971343
1777741223.4689293,1731,True,0.26091634173874634,0.329105131253329,0.2950107364960377,0.21160460715280882,False,False,0.06274256144890039,2,0,20.38755076961084,False,False,17.63573746437366,50.840879689521344,Atencao,Atencao: sinais iniciais de risco,27.104256334359423
1777741223.5033586,1732,True,0.2692999137219311,0.3306566305758114,0.29997827214887124,0.1803562018321115,False,False,0.06274256144890039,2,0,19.93340375938199,False,False,17.613030113862216,50.840879689521344,Atencao,Atencao: sinais iniciais de risco,27.33359781319516
1777741223.5376534,1733,True,0.2555345475905339,0.3107984269203326,0.28316648725543325,0.153586499769984,False,False,0.06274256144890039,2,0,20.406106171011924,False,False,17.636665234443715,50.840879689521344,Atencao,Atencao: sinais iniciais de risco,27.49923410729017
1777741223.5715332,1734,True,0.2600322171451367,0.30297033600814016,0.2815012765766384,0.15901568473890187,False,False,0.06274256144890039,2,0,21.83378807739778,False,False,17.708049329763007,50.840879689521344,Atencao,Atencao: sinais iniciais de risco,27.68052105260961
1777741223.6053486,1735,True,0.26694942521640974,0.30948111862550903,0.2882152719209594,0.09774342975416478,False,False,0.06274256144890039,2,0,23.110868446664377,False,False,17.77190334822634,50.840879689521344,Atencao,Atencao: sinais iniciais de risco,27.876090492576267
1777741223.6414182,1736,True,0.2671569276466622,0.3078683943620997,0.28751266100438094,0.08252794938145785,False,False,0.06274256144890039,2,0,22.615291352434593,False,False,17.747124493514846,50.840879689521344,Atencao,Atencao: sinais iniciais de risco,27.818275506976196
1777741223.6764934,1737,True,0.25977942701559203,0.31068329906852404,0.28523136304205804,0.09707258908746086,False,False,0.06274256144890039,2,0,21.576751282540236,False,False,17.695197490020128,50.840879689521344,Atencao,Atencao: sinais iniciais de risco,27.918749187535063
1777741223.7138326,1738,True,0.2442282917523609,0.3145130147711243,0.2793706532617426,0.08929526616578731,False,False,0.06274256144890039,2,0,20.706726949865168,False,False,17.651696273386378,50.840879689521344,Atencao,Atencao: sinais iniciais de risco,27.783848296276034
1777741223.75179,1739,True,0.2521661177486453,0.3401182267689317,0.29614217225878847,0.03849281498324934,False,False,0.06274256144890039,2,0,20.23017996197397,False,False,17.627868923991816,50.840879689521344,Atencao,Atencao: sinais iniciais de risco,27.665950708306283
1777741223.7859755,1740,True,0.2488945426942177,0.335351067936661,0.2921228053154393,0.030830659836335927,False,False,0.06274256144890039,2,0,20.108497821742837,False,False,17.62178481698026,50.840879689521344,Atencao,Atencao: sinais iniciais de risco,27.787208745490293
1777741223.8244655,1741,True,0.25606792522252225,0.3279694589427357,0.292018692082629,0.007379722864658058,False,False,0.06274256144890039,2,0,20.265884776007045,False,False,17.62965416469347,50.840879689521344,Atencao,Atencao: sinais iniciais de risco,27.62369425341961
1777741223.8620992,1742,True,0.25643400826351664,0.31435665489047715,0.2853953315769969,0.003946153478816952,False,False,0.06274256144890039,2,0,19.63045583855022,False,False,17.597882717820628,50.840879689521344,Atencao,Atencao: sinais iniciais de risco,27.565562366409544
1777741223.8971868,1743,True,0.2619541415548886,0.31320582870423286,0.28757998512956073,0.00392538586536062,False,False,0.06274256144890039,2,0,19.630585903471164,False,False,17.597889221066676,50.840879689521344,Atencao,Atencao: sinais iniciais de risco,27.585256969736303
1777741223.9346206,1744,True,0.2588881522021526,0.31099137172725744,0.28493976196470505,0.004646493108447146,False,False,0.0627831715210356,2,0,19.219411579045385,False,False,17.582914389763975,50.84142394822006,Atencao,Atencao: sinais iniciais de risco,27.5304643154982
1777741223.9699304,1745,True,0.2609253633745569,0.3115949570395583,0.2862601602070576,0.003946929173698344,False,False,0.0627831715210356,2,0,19.2194018187848,False,False,17.582913901750945,50.84142394822006,Atencao,Atencao: sinais iniciais de risco,27.613339942305863
1777741224.0030963,1746,True,0.2574912391323262,0.31108924983255193,0.28429024448243906,0.006481671289689672,False,False,0.0627831715210356,2,0,18.721281601082197,False,False,17.558007890865813,50.84142394822006,Atencao,Atencao: sinais iniciais de risco,27.865433781962146
1777741224.0373278,1747,True,0.2505633465134558,0.30358279049117254,0.27707306850231417,0.019557307110744392,False,False,0.0627831715210356,2,0,17.02000732056119,False,False,17.472944176839764,50.84142394822006,Atencao,Atencao: sinais iniciais de risco,28.018251389247347
1777741224.0720825,1748,True,0.2506565898264065,0.3014765096526058,0.2760665497395062,0.008486880991864483,False,False,0.0627831715210356,2,0,18.26175530227748,False,False,17.53503157592558,50.84142394822006,Atencao,Atencao: sinais iniciais de risco,28.06502331487106
1777741224.110154,1749,True,0.2536840210655035,0.3042609979405802,0.27897250950304187,0.11676192202911476,False,False,0.0627831715210356,2,0,16.934110899134115,False,False,17.46864935576841,50.84142394822006,Atencao,Atencao: sinais iniciais de risco,27.89481056346856
1777741224.146433,1750,True,0.22511225003206672,0.2765279644592725,0.2508201072456696,0.14984129274536614,False,False,0.0627831715210356,2,0,15.485060309144583,False,False,17.396196826268934,50.84142394822006,Atencao,Atencao: sinais iniciais de risco,27.8521219424521
1777741224.1817513,1751,True,0.1972984336768985,0.27231970255193483,0.23480906811441665,0.1392964308194268,False,False,0.0627831715210356,2,0,13.569232738153502,False,False,17.300405447719378,50.84142394822006,Atencao,Atencao: sinais iniciais de risco,27.88659112240913
1777741224.2205172,1752,True,0.19645462310324732,0.27677642557812265,0.236615524340685,0.15061576685780967,False,False,0.0627831715210356,2,0,14.355368689650838,False,False,17.339712245294244,50.84142394822006,Atencao,Atencao: sinais iniciais de risco,27.6911450547432
1777741224.2601454,1753,True,0.20288338834890074,0.27543643343655244,0.2391599108927266,0.15270252252965824,False,False,0.0627831715210356,2,0,15.144799990410155,False,False,17.37918381033221,50.84142394822006,Atencao,Atencao: sinais iniciais de risco,27.455292275978582
1777741224.297368,1754,True,0.1973766734429384,0.2729606004327747,0.23516863693785656,0.14596761444767756,False,False,0.0627831715210356,2,0,14.168507709421895,False,False,17.3303691962828,50.84142394822006,Atencao,Atencao: sinais iniciais de risco,27.394254739766456
1777741224.3342383,1755,True,0.1996031434847572,0.2714286567247453,0.23551590010475126,0.14876795196664824,False,False,0.0627831715210356,2,0,14.344695622406222,False,False,17.339178591932015,50.84142394822006,Atencao,Atencao: sinais iniciais de risco,27.360845008255495
1777741224.3729148,1756,True,0.19817714940509795,0.27400237544988093,0.23608976242748944,0.14985011102871867,False,False,0.0627831715210356,2,0,14.530939107185059,False,False,17.348490766170958,50.84142394822006,Atencao,Atencao: sinais iniciais de risco,27.21542736899225
1777741224.4098992,1757,True,0.1980198364092993,0.26835633853777574,0.23318808747353753,0.15132116523043873,False,False,0.0627831715210356,2,0,14.481239660761574,False,False,17.346005793849784,50.84142394822006,Atencao,Atencao: sinais iniciais de risco,27.18047505660025
1777741224.4458287,1758,True,0.19976632102604167,0.27292169266713,0.23634400684658585,0.15210424841429537,False,False,0.0627831715210356,2,0,14.369463663345034,False,False,17.340416993978955,50.84142394822006,Atencao,Atencao: sinais iniciais de risco,27.28319857772727
1777741224.4803646,1759,True,0.19795187657476015,0.27454401259843514,0.23624794458659765,0.15180128621398514,False,False,0.0627831715210356,2,0,14.647172317992558,False,False,17.35430242671133,50.84142394822006,Atencao,Atencao: sinais iniciais de risco,27.462590845156505
1777741224.5145714,1760,True,0.21547134006136842,0.2812830781207605,0.24837720909106445,0.15146726875173402,False,False,0.0627831715210356,2,0,14.843365984071383,False,False,17.364112110015274,50.84142394822006,Atencao,Atencao: sinais iniciais de risco,27.624111526249713
1777741224.549785,1761,True,0.2099785583459135,0.27248113840196225,0.24122984837393788,0.14305029491965718,False,False,0.0627831715210356,2,0,14.775957271050322,False,False,17.36074167436422,50.84142394822006,Atencao,Atencao: sinais iniciais de risco,27.696079118764874
1777741224.5848324,1762,True,0.1897935374647369,0.2295331189580557,0.2096633282113963,0.13946709771208177,True,False,0.0627831715210356,2,0,17.053575765409253,False,False,17.474622599082167,50.84142394822006,Atencao,Atencao: sinais iniciais de risco,27.725271081486863
1777741224.62068,1763,True,0.18458805333685863,0.21798222683423635,0.2012851400855475,0.14306732086921753,True,False,0.0627831715210356,2,0,16.470465595342898,False,False,17.44546709057885,50.84142394822006,Atencao,Atencao: sinais iniciais de risco,27.788834934573007
1777741224.654272,1764,True,0.2059037718141938,0.20318759908541947,0.20454568544980664,0.14862116815524354,True,False,0.0634304207119741,2,0,26.48441275683316,False,False,18.045943788412075,50.84142394822006,Atencao,Atencao: sinais iniciais de risco,27.997987345391984
1777741224.6884694,1765,True,0.22240503444697934,0.21438364336229038,0.21839433890463486,0.13819875763998868,False,False,0.0634304207119741,2,0,34.381754739718,False,True,18.4353184526573,50.84142394822006,Atencao,Atencao: sinais iniciais de risco,28.113657505900004
1777741224.7230074,1766,True,0.21571982278495128,0.23135636175212956,0.22353809226854043,0.13635357086121622,False,False,0.0634304207119741,2,0,32.979654366319835,False,True,18.365213433987392,50.84142394822006,Atencao,Atencao: sinais iniciais de risco,28.18802813658445
1777741224.7576606,1767,True,0.23409967021970998,0.25417310991600023,0.2441363900678551,0.14283415898202503,False,False,0.0634304207119741,2,0,39.05691598816351,False,True,18.669076515079578,50.84142394822006,Atencao,Atencao: sinais iniciais de risco,28.250040248154765
1777741224.7927792,1768,True,0.2515972909478434,0.3260570528166412,0.2888271718822423,0.14364265566606993,False,False,0.0634304207119741,2,0,40.35535945892334,False,True,18.733998688617568,50.84142394822006,Atencao,Atencao: sinais iniciais de risco,28.28121613933251
1777741224.8265157,1769,True,0.2620762055835989,0.33541154917381977,0.29874387737870933,0.1482840849731515,False,False,0.0634304207119741,2,0,40.12427449226379,False,True,18.72244444028459,50.84142394822006,Atencao,Atencao: sinais iniciais de risco,28.36476040678863
1777741224.8616817,1770,True,0.25397114031821283,0.31458684663229114,0.284278993475252,0.14647619664900585,False,False,0.0634304207119741,2,0,39.39993901252746,False,True,18.686227666297775,50.84142394822006,Atencao,Atencao: sinais iniciais de risco,28.347782886908014
1777741224.8958282,1771,True,0.2573678949708421,0.3119348411725723,0.2846513680717072,0.1560318525289736,False,False,0.0634304207119741,2,0,39.52061524391174,False,True,18.69226147786699,50.84142394822006,Atencao,Atencao: sinais iniciais de risco,28.515953497962883
1777741224.9333835,1772,True,0.2662042553452219,0.3179397404489936,0.29207199789710775,0.1474192742401507,False,False,0.0634304207119741,2,0,39.647203063964845,False,True,18.698590868869644,50.84142394822006,Atencao,Atencao: sinais iniciais de risco,28.345855279684216
1777741224.966784,1773,True,0.26286270394338973,0.3048951490778976,0.28387892651064367,0.14593553881497484,False,False,0.06338939197930142,2,0,39.86275997161865,False,True,18.70372726350984,50.840879689521344,Atencao,Atencao: sinais iniciais de risco,28.495720760647455
1777741225.0005033,1774,True,0.27722557777509865,0.30551427037626944,0.2913699240756841,0.1466096570733282,False,False,0.06338939197930142,2,0,39.83809309005737,False,True,18.702493919431774,50.840879689521344,Atencao,Atencao: sinais iniciais de risco,28.59304560662664
1777741225.035602,1775,True,0.27579767587125364,0.30572972707797424,0.29076370147461394,0.1481999005975843,False,False,0.06338939197930142,2,0,39.61593794822693,False,True,18.69138616234025,50.840879689521344,Atencao,Atencao: sinais iniciais de risco,28.583929439957235
1777741225.070854,1776,True,0.26892380989843256,0.30453539440958827,0.28672960215401044,0.15073177027810694,False,False,0.06338939197930142,2,0,39.83727340698242,False,True,18.70245293527803,50.840879689521344,Atencao,Atencao: sinais iniciais de risco,28.56040538545348
1777741225.1070604,1777,True,0.2644373904727505,0.307021914837709,0.28572965265522976,0.15226363114064537,False,False,0.06338939197930142,2,0,40.31752786636352,False,True,18.726465658247083,50.840879689521344,Atencao,Atencao: sinais iniciais de risco,28.479837439215345
1777741225.1432583,1778,True,0.2538946507649841,0.3004811975075617,0.2771879241362729,0.14209063394577043,False,False,0.06338939197930142,2,0,40.15836901664734,False,True,18.718507715761273,50.840879689521344,Atencao,Atencao: sinais iniciais de risco,28.383801388129154
1777741225.1784656,1779,True,0.2816084929461537,0.3071402313373741,0.29437436214176393,0.14765246446037975,False,False,0.06338939197930142,2,0,40.111732912063594,False,True,18.716175910532087,50.840879689521344,Atencao,Atencao: sinais iniciais de risco,28.373035730620547
1777741225.2160778,1780,True,0.28214429007688874,0.30777984355853694,0.29496206681771286,0.14610834505097572,False,False,0.0634304207119741,2,0,40.03544487953186,False,True,18.718002959647993,50.84142394822006,Atencao,Atencao: sinais iniciais de risco,28.19970643604902
1777741225.2544477,1781,True,0.2823178563643376,0.315019913211531,0.2986688847879343,0.14826041980253132,False,False,0.0634304207119741,2,0,39.7292902469635,False,True,18.702695228019575,50.84142394822006,Atencao,Atencao: sinais iniciais de risco,28.002817335733713
1777741225.2929857,1782,True,0.2759559317098058,0.3182618517799374,0.2971088917448716,0.15253010355302266,False,False,0.0634304207119741,2,0,39.82870235443115,False,True,18.70766583339296,50.84142394822006,Atencao,Atencao: sinais iniciais de risco,27.773190040055916
1777741225.3318877,1783,True,0.2662699647633036,0.31133490285902227,0.28880243381116294,0.15082241464700694,False,False,0.0634304207119741,2,0,39.89508681297302,False,True,18.71098505632005,50.84142394822006,Atencao,Atencao: sinais iniciais de risco,27.59160157586478
1777741225.3700383,1784,True,0.2717258965842273,0.3121387893459944,0.29193234296511084,0.14920344098346788,False,False,0.0634304207119741,2,0,39.79345726966857,False,True,18.70590357915483,50.84142394822006,Atencao,Atencao: sinais iniciais de risco,27.45949216146484
1777741225.4087336,1785,True,0.26019579301450346,0.3149625096618016,0.28757915133815254,0.14486414896543864,False,False,0.0634304207119741,2,0,39.620383119583124,False,True,18.697249871650556,50.84142394822006,Atencao,Atencao: sinais iniciais de risco,27.25578225251848
1777741225.4485002,1786,True,0.2638331557544164,0.31640243381469463,0.2901177947845555,0.14401008721052203,False,False,0.0634304207119741,2,0,39.480273103713984,False,True,18.6902443708571,50.84142394822006,Atencao,Atencao: sinais iniciais de risco,27.028380356874397
1777741225.4875333,1787,True,0.2681096277597632,0.3174683317652374,0.2927889797625003,0.14351926850571706,False,False,0.0634304207119741,2,0,39.21452755928039,False,True,18.67695709363542,50.84142394822006,Atencao,Atencao: sinais iniciais de risco,26.932560414524993
1777741225.5266714,1788,True,0.2729852664603723,0.3088512371605538,0.29091825181046305,0.1424688351321591,False,False,0.0634304207119741,2,0,39.60417356491089,False,True,18.696439393916947,50.84142394822006,Atencao,Atencao: sinais iniciais de risco,26.755774669727256
1777741225.565077,1789,True,0.2748425768167138,0.30861079253676976,0.2917266846767418,0.14171456864154386,False,False,0.0634304207119741,2,0,39.164808845520014,False,True,18.6744711579474,50.84142394822006,Atencao,Atencao: sinais iniciais de risco,26.70012436831623
1777741225.602579,1790,True,0.2789421301087728,0.3062545202262728,0.2925983251675228,0.14512641847922744,False,False,0.06347150259067358,2,0,40.21929292678833,False,True,18.732844120331997,50.8419689119171,Atencao,Atencao: sinais iniciais de risco,26.713393480734084
1777741225.637281,1791,True,0.26651367569115236,0.31848588474449424,0.2924997802178233,0.14742917875484857,False,False,0.0634304207119741,2,0,39.33906874656677,False,True,18.68318415299974,50.84142394822006,Atencao,Atencao: sinais iniciais de risco,26.93165129325832
1777741225.6717486,1792,True,0.26328365303149504,0.30553764678300926,0.2844106499072522,0.15116148963445133,False,False,0.0634304207119741,2,0,39.960159349441525,False,True,18.714238683143478,50.84142394822006,Atencao,Atencao: sinais iniciais de risco,27.152239074695018
1777741225.7083962,1793,True,0.27096131474168866,0.3076366316711402,0.2892989732064144,0.14815472212797193,False,False,0.0634304207119741,2,0,39.55045771598816,False,True,18.69375360147081,50.84142394822006,Atencao,Atencao: sinais iniciais de risco,27.138929204807845
1777741225.7436876,1794,True,0.2712864924612747,0.30170557451350727,0.28649603348739094,0.14828374260706995,False,False,0.0634304207119741,2,0,39.924642610549924,False,True,18.712462846198896,50.84142394822006,Atencao,Atencao: sinais iniciais de risco,27.277427871170207
1777741225.7783966,1795,True,0.26817158801901,0.31268490214859057,0.2904282450838003,0.14408383553480175,False,False,0.0634304207119741,2,0,40.04279456138611,False,True,18.718370443740707,50.84142394822006,Atencao,Atencao: sinais iniciais de risco,27.43376525093197
1777741225.813136,1796,True,0.27533934116848796,0.30583983496480355,0.29058958806664575,0.14039847950529727,False,False,0.0634304207119741,2,0,39.661141538619994,False,True,18.6992877926024,50.84142394822006,Atencao,Atencao: sinais iniciais de risco,27.58951087036903
1777741225.8478584,1797,True,0.26828313787130176,0.30640801117141997,0.2873455745213609,0.14123792780652658,False,False,0.0634304207119741,2,0,39.8385844707489,False,True,18.708159939208844,50.84142394822006,Atencao,Atencao: sinais iniciais de risco,27.6875557102277
1777741225.8839536,1798,True,0.26431719154741606,0.3097378619220794,0.28702752673474774,0.14759174444383155,False,False,0.0634304207119741,2,0,39.61090269088745,False,True,18.696775850215772,50.84142394822006,Atencao,Atencao: sinais iniciais de risco,27.703873261118922
1777741225.9191287,1799,True,0.2708308630453864,0.2941598851797028,0.2824953741125446,0.1468206170579479,False,False,0.0634304207119741,2,0,39.707337331771846,False,True,18.701597582259993,50.84142394822006,Atencao,Atencao: sinais iniciais de risco,27.748840878487744
1777741225.9573698,1800,True,0.25486103112167463,0.30420692529389026,0.2795339782077825,0.14966977133720996,False,False,0.0634304207119741,2,0,39.1576600074768,False,True,18.67411371604524,50.84142394822006,Atencao,Atencao: sinais iniciais de risco,27.581450728514692
1777741225.9943447,1801,True,0.25520241431250495,0.3253955196300449,0.29029896697127494,0.1465321652337078,False,False,0.06347150259067358,2,0,39.144392728805535,False,True,18.67909911043286,50.8419689119171,Atencao,Atencao: sinais iniciais de risco,27.549371480501975
1777741226.028945,1802,True,0.2525758942689047,0.3051622208835443,0.2788690575762245,0.14804243539016382,False,False,0.0634304207119741,2,0,39.335187911987305,False,True,18.682990111270765,50.84142394822006,Atencao,Atencao: sinais iniciais de risco,27.70532046427638
1777741226.0662053,1803,True,0.2508086879590973,0.3011505395472581,0.2759796137531777,0.15038728880540253,False,False,0.0634304207119741,2,0,39.30954084396362,False,True,18.68170775786958,50.84142394822006,Atencao,Atencao: sinais iniciais de risco,27.60819206070826
1777741226.099464,1804,True,0.25456015702067153,0.3102363935929412,0.2823982753068064,0.14782394707537372,False,False,0.06338939197930142,2,0,39.69864010810852,False,True,18.695521270334332,50.840879689521344,Atencao,Atencao: sinais iniciais de risco,27.863363640873423
1777741226.1358366,1805,True,0.25743487823643235,0.30464106577240285,0.2810379720044176,0.14794212460761658,False,False,0.06334841628959276,2,0,39.72727108001709,False,True,18.69131866159482,50.84033613445378,Atencao,Atencao: sinais iniciais de risco,27.823231333938963
1777741226.1686196,1806,True,0.25173988999642327,0.303332249946249,0.2775360699713362,0.14882418089764804,False,False,0.06330749354005168,2,0,39.74608173370361,False,True,18.68663231621725,50.83979328165375,Atencao,Atencao: sinais iniciais de risco,28.088230062707822
1777741226.2041595,1807,True,0.25021913331458684,0.29891339808104017,0.2745662656978135,0.14761997519698355,False,False,0.0632666236281472,2,0,40.08803720474243,False,True,18.69811047688232,50.83925112976114,Atencao,Atencao: sinais iniciais de risco,28.08105330260814
1777741226.2444017,1808,True,0.19453679417450528,0.15231562514668476,0.17342620966059502,0.15072778779470822,True,False,0.06387096774193549,2,0,36.76506326198577,False,True,18.61505909539038,50.83870967741935,Atencao,Atencao: sinais iniciais de risco,27.77997391263427
1777741226.4747708,1809,True,0.2547448731569492,0.2727428674972858,0.26374387032711755,0.1682774099292415,False,False,0.06411917098445596,2,0,37.62609355449676,False,True,18.70422870781803,50.8419689119171,Atencao,Atencao: sinais iniciais de risco,25.435537618861005
1777741226.5098631,1810,True,0.22477588816938399,0.31489556886261794,0.26983572851600096,0.1481886389448686,False,False,0.06411917098445596,2,0,38.91259107589721,False,True,18.76855358388805,50.8419689119171,Atencao,Atencao: sinais iniciais de risco,25.771919344855903
1777741226.5439708,1811,True,0.25311970853788796,0.3092585796914072,0.28118914411464757,0.15267813060840818,False,False,0.06411917098445596,2,0,38.85582866668701,False,True,18.76571546342754,50.8419689119171,Atencao,Atencao: sinais iniciais de risco,26.086003853493064
1777741226.5788357,1812,True,0.2615351854513586,0.3152346033603518,0.28838489440585524,0.15111614824096944,False,False,0.06411917098445596,2,0,38.550352525711055,False,True,18.750441656378744,50.8419689119171,Atencao,Atencao: sinais iniciais de risco,26.371692453222348
1777741226.6129189,1813,True,0.24587080507625722,0.30919963448669846,0.2775352197814778,0.15043720684412407,False,False,0.06411917098445596,2,0,39.517410326004025,False,True,18.798794546393392,50.8419689119171,Atencao,Atencao: sinais iniciais de risco,26.653719848790644
1777741226.6454425,1814,True,0.27488190345005464,0.3258422816238762,0.30036209253696544,0.15641167135399242,False,False,0.06411917098445596,2,0,38.70929036140441,False,True,18.75838854816341,50.8419689119171,Atencao,Atencao: sinais iniciais de risco,27.055277466631903
1777741226.6779284,1815,True,0.2603313545168795,0.31348942826702997,0.28691039139195473,0.15188207788694613,False,False,0.06411917098445596,2,0,39.12786002159118,False,True,18.77931703117275,50.8419689119171,Atencao,Atencao: sinais iniciais de risco,27.337901698299014
1777741226.7143912,1816,True,0.284881412904805,0.33548057537031517,0.31018099413756006,0.1487981106271441,False,False,0.06411917098445596,2,0,38.55006713867187,False,True,18.750427387026782,50.8419689119171,Atencao,Atencao: sinais iniciais de risco,27.41585674838319
1777741226.7524352,1817,True,0.2584024787889282,0.316955817767807,0.2876791482783676,0.15537608608531306,False,False,0.06411917098445596,2,0,39.713575935363764,False,True,18.808602826861378,50.8419689119171,Atencao,Atencao: sinais iniciais de risco,27.306889212099243
1777741226.7878046,1818,True,0.28842237466972315,0.3273511779479507,0.30788677630883693,0.15331852940361734,False,False,0.06411917098445596,2,0,38.60573906898498,False,True,18.753210983542438,50.8419689119171,Atencao,Atencao: sinais iniciais de risco,27.429812825349256
1777741226.8234537,1819,True,0.2803290969853809,0.3266443877783526,0.30348674238186674,0.16580699487292336,False,False,0.06411917098445596,2,0,39.3754120349884,False,True,18.79169463184261,50.8419689119171,Atencao,Atencao: sinais iniciais de risco,27.480182250238467
1777741226.8590922,1820,True,0.2975382764642837,0.33222557112154105,0.31488192379291235,0.16382882980761757,False,False,0.06407766990291262,2,0,38.292736649513245,False,True,18.731854463856642,50.84142394822006,Atencao,Atencao: sinais iniciais de risco,27.488936725403654
1777741226.89301,1821,True,0.2857719454710465,0.3315777344943733,0.3086748399827099,0.16016564955927629,False,False,0.06407766990291262,2,0,39.49780144691467,False,True,18.792107703726714,50.84142394822006,Atencao,Atencao: sinais iniciais de risco,27.72499293804861
1777741226.9278145,1822,True,0.29651358513803866,0.35050124099660196,0.32350741306732034,0.16215862912810128,False,False,0.06407766990291262,2,0,38.22459008693695,False,True,18.728447135727826,50.84142394822006,Atencao,Atencao: sinais iniciais de risco,27.8222964296608
1777741226.9623754,1823,True,0.30294859626960885,0.34690453134441024,0.32492656380700957,0.1566057081088285,False,False,0.06407766990291262,2,0,39.70800037384033,False,True,18.802617650072996,50.84142394822006,Atencao,Atencao: sinais iniciais de risco,27.977916575538238
1777741226.9969518,1824,True,0.2889664590736598,0.33642030957305435,0.3126933843233571,0.16071185540149246,False,False,0.06407766990291262,2,0,38.53881323337555,False,True,18.744158293049757,50.84142394822006,Atencao,Atencao: sinais iniciais de risco,28.042313402214894
1777741227.0344198,1825,True,0.30322529645563895,0.35361145197985683,0.3284183742177479,0.14739685766650135,False,False,0.06407766990291262,2,0,39.40438461303711,False,True,18.787436862032838,50.84142394822006,Atencao,Atencao: sinais iniciais de risco,27.91121414522498
1777741227.0694885,1826,True,0.2970823822557764,0.3195359314586115,0.30830915685719396,0.13867514386296076,False,False,0.06407766990291262,2,0,37.978064608573916,False,True,18.716120861809678,50.84142394822006,Atencao,Atencao: sinais iniciais de risco,27.99909130079456
1777741227.10567,1827,True,0.2733905096696252,0.35244160799329927,0.31291605883146223,0.11489960472161836,False,False,0.06407766990291262,2,0,39.59596214294434,False,True,18.7970157385282,50.84142394822006,Atencao,Atencao: sinais iniciais de risco,27.941357371499805
1777741227.1434495,1828,True,0.2829692884802049,0.33310130493465034,0.30803529670742763,0.12593595296465823,False,False,0.06407766990291262,2,0,38.418563795089725,False,True,18.73814582113547,50.84142394822006,Atencao,Atencao: sinais iniciais de risco,27.77899450326873
1777741227.1800182,1829,True,0.28237402213530716,0.3440037756769834,0.3131888989061453,0.12020078243075037,False,False,0.06407766990291262,2,0,39.14489741325378,False,True,18.77446250204367,50.84142394822006,Atencao,Atencao: sinais iniciais de risco,27.751218809693363
1777741227.2182078,1830,True,0.24901818142618215,0.3311050987450814,0.2900616400856318,0.09523629187952966,False,False,0.06407766990291262,2,0,37.93897841518575,False,True,18.71416655214027,50.84142394822006,Atencao,Atencao: sinais iniciais de risco,27.61196957021913
1777741227.2605112,1831,True,0.25371652675373035,0.3250643698919994,0.28939044832286487,0.08317797031288345,False,False,0.06407766990291262,2,0,37.53945996382019,False,True,18.69419062957199,50.84142394822006,Atencao,Atencao: sinais iniciais de risco,27.187712624749953
1777741227.3026586,1832,True,0.24800802604298203,0.3151466626808631,0.28157734436192255,0.08143309891113201,False,False,0.06411917098445596,2,0,37.47124334844676,False,True,18.69648619751553,50.8419689119171,Atencao,Atencao: sinais iniciais de risco,26.860576380534116
1777741227.3455007,1833,True,0.2438911926858818,0.3048683464461023,0.274379769565992,0.05501167868391006,False,False,0.06411917098445596,2,0,37.06564714854414,False,True,18.6762063875204,50.8419689119171,Atencao,Atencao: sinais iniciais de risco,26.51719623531976
1777741227.3873873,1834,True,0.24462615377014602,0.30357244653168525,0.27409930015091566,0.04299575925362443,False,False,0.06411917098445596,2,0,36.865619314800604,False,True,18.66620499583322,50.8419689119171,Atencao,Atencao: sinais iniciais de risco,26.210351419544974
1777741227.4290352,1835,True,0.24484808635273703,0.3064154915028807,0.2756317889278089,0.044689257589788325,False,False,0.06411917098445596,2,0,36.91622897494923,False,True,18.668735478840652,50.8419689119171,Atencao,Atencao: sinais iniciais de risco,25.998740014539024
1777741227.469457,1836,True,0.25569385571360115,0.3272044559110976,0.29144915581234937,0.011237146004643943,False,False,0.06411917098445596,2,0,36.46753513758833,False,True,18.646300786972606,50.8419689119171,Atencao,Atencao: sinais iniciais de risco,25.869374319797554
1777741227.5085413,1837,True,0.2507705474025359,0.3241672868194987,0.2874689171110173,0.00983527846122618,False,False,0.06416072585871678,2,0,37.20530739372427,False,True,18.688903194990267,50.84251458198315,Atencao,Atencao: sinais iniciais de risco,25.84863847455504
1777741227.547172,1838,True,0.25372760573045045,0.33115672654488376,0.2924421661376671,0.005478278351149741,False,False,0.06416072585871678,2,0,37.83085673939098,False,True,18.720180662273602,50.84251458198315,Atencao,Atencao: sinais iniciais de risco,25.860024086494096
1777741227.5820546,1839,True,0.2529846171338098,0.327994614912867,0.29048961602333845,0.005745118956123621,False,False,0.06416072585871678,2,0,38.201579843867904,False,True,18.738716817497448,50.84251458198315,Atencao,Atencao: sinais iniciais de risco,26.167247188071713
1777741227.6162739,1840,True,0.25087352871060453,0.3140715498468051,0.2824725392787048,0.0074644115689139505,False,False,0.06416072585871678,2,0,37.260106197270474,False,True,18.691643135167578,50.84251458198315,Atencao,Atencao: sinais iniciais de risco,26.482102325445805
1777741227.6525133,1841,True,0.2502032945501363,0.3522500746257594,0.3012266845879479,0.00545437204499607,False,False,0.06416072585871678,2,0,38.83518665270372,False,True,18.77039715793924,50.84251458198315,Atencao,Atencao: sinais iniciais de risco,26.530792816264327
1777741227.68784,1842,True,0.25895088963731305,0.31033144108138383,0.28464116535934847,0.004928756656053089,False,False,0.06416072585871678,2,0,37.84862716035409,False,True,18.72106918332176,50.84251458198315,Atencao,Atencao: sinais iniciais de risco,26.74371643309307
1777741227.7240243,1843,True,0.2528281164516983,0.31579907844999877,0.2843135974508485,0.0045400937877675416,False,False,0.06411917098445596,2,0,38.41137106906284,False,True,18.74349258354633,50.8419689119171,Atencao,Atencao: foco visual fora da direcao,26.8428929086633
1777741227.7577424,1844,True,0.25543979276681844,0.3171133544650331,0.28627657361592573,0.0054880103326562625,False,False,0.06411917098445596,2,0,38.79491020170125,False,True,18.76266954017825,50.8419689119171,Atencao,Atencao: foco visual fora da direcao,27.132050732606295
1777741227.791991,1845,True,0.25648398964239705,0.31487144714785464,0.28567771839512585,0.0054024785243996076,False,False,0.06411917098445596,2,0,38.19944039203904,False,True,18.732896049695142,50.8419689119171,Atencao,Atencao: foco visual fora da direcao,27.319473065441176
1777741227.8271286,1846,True,0.25652892580050674,0.31723169677945895,0.2868803112899828,0.0057661574644204796,False,False,0.06411917098445596,2,0,38.81746159846132,False,True,18.763797110016256,50.8419689119171,Atencao,Atencao: foco visual fora da direcao,27.43523861962828
1777741227.8616476,1847,True,0.25754675560776047,0.312265199947487,0.2849059777776237,0.00547353216133232,False,False,0.06411917098445596,2,0,38.041000210697,False,True,18.72497404062804,50.8419689119171,Atencao,Atencao: foco visual fora da direcao,27.608944205251383
1777741227.8963392,1848,True,0.25503525298036517,0.3110795329821382,0.28305739298125165,0.005496204753896878,False,False,0.06411917098445596,2,0,38.04322420846332,False,True,18.725085240516357,50.8419689119171,Atencao,Atencao: foco visual fora da direcao,27.722166355452398
1777741227.9339716,1849,True,0.2515173097440057,0.3213790128366433,0.28644816129032447,0.004318956465339624,False,False,0.06411917098445596,2,0,38.997291417555374,False,True,18.77278860097096,50.8419689119171,Atencao,Atencao: foco visual fora da direcao,27.603271943550574
1777741227.968768,1850,True,0.2614588450241375,0.31632892764326626,0.2888938863337019,0.004962884549141282,False,False,0.06411917098445596,2,0,38.828151098706506,False,True,18.764331585028515,50.8419689119171,Atencao,Atencao: foco visual fora da direcao,27.718383610995758
1777741228.003218,1851,True,0.26057813284900616,0.3073432575692878,0.283960695209147,0.004761475239446052,False,False,0.06411917098445596,2,0,38.71408365748145,False,True,18.758628212967263,50.8419689119171,Atencao,Atencao: foco visual fora da direcao,27.84154645285586
1777741228.0371914,1852,True,0.25954871934069806,0.3127389142050245,0.28614381677286127,0.004620843528417294,False,False,0.06411917098445596,2,0,38.584978106346995,False,True,18.75217293541054,50.8419689119171,Atencao,Atencao: foco visual fora da direcao,28.008010259674283
1777741228.071764,1853,True,0.25727807866975316,0.31045449676828957,0.28386628771902134,0.004775492765891795,False,False,0.06411917098445596,2,0,38.57723334756764,False,True,18.751785697471572,50.8419689119171,Atencao,Atencao: foco visual fora da direcao,28.098468952974237
1777741228.1100142,1854,True,0.2541989395331683,0.3075339618364531,0.2808664506848107,0.005464597281606494,False,False,0.06411917098445596,2,0,38.04498845176263,False,True,18.72517345268132,50.8419689119171,Atencao,Atencao: foco visual fora da direcao,27.925537288972333
1777741228.147097,1855,True,0.25504090154946774,0.308169578193211,0.28160523987133934,0.005184058546019077,False,False,0.06411917098445596,2,0,38.590395495024595,False,True,18.75244380484442,50.8419689119171,Atencao,Atencao: foco visual fora da direcao,27.831215947143484
1777741228.1840785,1856,True,0.2520381952670487,0.30190526778261784,0.27697173152483323,0.005234760833280927,False,False,0.06411917098445596,2,0,38.25558423995972,False,True,18.735703242091176,50.8419689119171,Atencao,Atencao: foco visual fora da direcao,27.755157624490977
1777741228.2197874,1857,True,0.25122307864516574,0.29537023349426184,0.27329665606971376,0.004817051121034082,False,False,0.06411917098445596,2,0,38.6600496021184,False,True,18.75592651019911,50.8419689119171,Atencao,Atencao: foco visual fora da direcao,27.716788221493278
1777741228.2604532,1858,True,0.2536331043036383,0.29410483141164345,0.27386896785764087,0.004964108944481708,False,False,0.06411917098445596,2,0,38.67482622807677,False,True,18.75666534149703,50.8419689119171,Atencao,Atencao: foco visual fora da direcao,27.44062993985539
1777741228.2999215,1859,True,0.24201106294020636,0.28726234786806537,0.26463670540413586,0.004226846873475025,False,False,0.06411917098445596,2,0,38.84500587745146,False,True,18.765174323965763,50.8419689119171,Atencao,Atencao: foco visual fora da direcao,27.213315910903162
1777741228.343323,1860,True,0.2154790098027329,0.24470455230517021,0.23009178105395156,0.004979464732170795,False,False,0.06416072585871678,2,0,38.238904214447196,False,True,18.740583036026415,50.84251458198315,Atencao,Atencao: foco visual fora da direcao,26.813468026426328
1777741228.3841915,1861,True,0.17247051660341337,0.11820523951914232,0.14533787806127785,0.0033892969181997766,True,False,0.06480881399870382,2,0,38.06927991130135,False,True,18.82121394011734,50.84251458198315,Atencao,Atencao: foco visual fora da direcao,26.58180472426172
1777741228.42474,1862,True,0.1688930164970754,0.13026012475278959,0.1495765706249325,0.0037949491841776516,True,False,0.06545690213869086,2,0,37.764778232574464,False,True,18.89510097542921,50.84251458198315,Atencao,Atencao: foco visual fora da direcao,26.36750660405358
1777741228.4636846,1863,True,0.273561041566349,0.28077011575630995,0.27716557866132946,0.005030259072049163,False,False,0.06545690213869086,2,0,40.812342746149405,False,True,19.03902318779661,50.84251458198315,Atencao,Atencao: foco visual fora da direcao,26.28246635286094
1777741228.5042956,1864,True,0.26412041636451394,0.28040835095098904,0.2722643836577515,0.003508174515604273,False,False,0.0654993514915694,2,0,39.87997955300591,False,True,18.998241814160234,50.843060959792474,Atencao,Atencao: foco visual fora da direcao,26.128193514358177
1777741228.5452805,1865,True,0.25842777857600646,0.2992972680847862,0.2788625233303963,0.0033357361210691666,False,False,0.0654993514915694,2,0,39.06871585629203,False,True,18.95767862932454,50.843060959792474,Atencao,Atencao: foco visual fora da direcao,25.919064307028236
1777741228.5837495,1866,True,0.2732852314759141,0.30957764724972137,0.29143143936281773,0.003323812864434512,False,False,0.0654993514915694,2,0,39.15245307900689,False,True,18.961865490460283,50.843060959792474,Atencao,Atencao: foco visual fora da direcao,25.97146429171251
1777741228.6187863,1867,True,0.28014942411325966,0.31862508014838614,0.2993872521308229,0.0031130988483480974,False,False,0.0654993514915694,2,0,37.89732989397916,False,True,18.899109331208898,50.843060959792474,Atencao,Atencao: foco visual fora da direcao,26.26187077529235
1777741228.6540267,1868,True,0.27406658430356584,0.3171428504591459,0.29560471738135585,0.002942289144659146,False,False,0.0654993514915694,2,0,39.22459116849032,False,True,18.965472394934455,50.843060959792474,Atencao,Atencao: foco visual fora da direcao,26.449248453986044
1777741228.689191,1869,True,0.2769960034381182,0.3178890324864626,0.2974425179622904,0.002717521257613411,False,False,0.0654993514915694,2,0,39.54586820060557,False,True,18.981536246540216,50.843060959792474,Atencao,Atencao: foco visual fora da direcao,26.61312301829168
1777741228.7258034,1870,True,0.28422232044723017,0.3293315259826676,0.30677692321494887,0.0036424761617917787,False,False,0.0654993514915694,2,0,38.6443154156208,False,True,18.93645860729098,50.843060959792474,Atencao,Atencao: foco visual fora da direcao,26.734280044731875
1777741228.7598648,1871,True,0.2827169952046372,0.3375250381177315,0.31012101666118436,0.002988087453070193,False,False,0.0654993514915694,2,0,38.65835022113539,False,True,18.937160347566707,50.843060959792474,Atencao,Atencao: foco visual fora da direcao,26.97672048621654
1777741228.7937043,1872,True,0.29091302335558555,0.3433343410272477,0.3171236821914166,0.0029460459852590423,False,False,0.0654993514915694,2,0,38.604129102555184,False,True,18.934449291637698,50.843060959792474,Atencao,Atencao: foco visual fora da direcao,27.228718222380994
1777741228.8281822,1873,True,0.296573644580594,0.34445197137758227,0.3205128079790881,0.005302862853644306,False,False,0.06545690213869086,2,0,39.414616305177866,False,True,18.96913686574803,50.84251458198315,Atencao,Atencao: foco visual fora da direcao,27.413600800230387
1777741228.8649468,1874,True,0.30889931937186876,0.32721124641291954,0.31805528289239415,0.10011999711002689,False,False,0.06545690213869086,2,0,39.38060898835008,False,True,18.96743649990664,50.84251458198315,Atencao,Atencao: foco visual fora da direcao,27.394721880514073
1777741228.9011438,1875,True,0.32542474652356895,0.2998478825312818,0.31263631452742535,0.05800171759071683,False,False,0.06545690213869086,2,0,40.01782855987548,False,True,18.999297478482912,50.84251458198315,Atencao,Atencao: foco visual fora da direcao,27.38297373497311
1777741228.936408,1876,True,0.31906312324855546,0.3377863353342914,0.3284247292914234,0.004903187009647597,False,False,0.06545690213869086,2,0,39.158864641189574,False,True,18.956349282548615,50.84251458198315,Atencao,Atencao: foco visual fora da direcao,27.49830517762173
1777741228.9757717,1877,True,0.30296838240346063,0.33399396886153904,0.31848117563249984,0.004518025608794762,False,False,0.06545690213869086,2,0,39.98990612030029,False,True,18.99790135650415,50.84251458198315,Atencao,Atencao: foco visual fora da direcao,27.294863501115692
1777741229.0114584,1878,True,0.31765666063966136,0.3385392350149101,0.32809794782728574,0.004281256577083464,False,False,0.06545690213869086,2,0,39.36558270454407,False,True,18.96668518571634,50.84251458198315,Atencao,Atencao: foco visual fora da direcao,27.360422094042107
1777741229.0491273,1879,True,0.3023914329182771,0.33574190046858776,0.3190666666934324,0.006422115923391424,False,False,0.0654993514915694,2,0,39.91554455757141,False,True,19.000020064388508,50.843060959792474,Atencao,Atencao: foco visual fora da direcao,27.308857162999978
1777741229.086286,1880,True,0.30643319221297494,0.34269672199384094,0.32456495710340794,0.005793585374772776,False,False,0.0654993514915694,2,0,39.70176520347595,False,True,18.989331096683735,50.843060959792474,Atencao,Atencao: foco visual fora da direcao,27.21208746281676
1777741229.1238866,1881,True,0.3058752514776148,0.34154094735652935,0.32370809941707207,0.14499824502003006,False,False,0.0654993514915694,2,0,40.25826606750488,False,True,19.01715613988518,50.843060959792474,Atencao,Atencao: foco visual fora da direcao,27.204686027991094
1777741229.158776,1882,True,0.32292583217013016,0.32598350206649446,0.3244546671183123,0.19461048392816557,False,False,0.0654993514915694,2,0,40.03203997611999,False,True,19.005844835315937,50.843060959792474,Atencao,Atencao: foco visual fora da direcao,27.343034728293834
1777741229.1926038,1883,True,0.32405259749205706,0.32296725980943053,0.3235099286507438,0.18317818708077388,False,False,0.0654993514915694,2,0,39.87709112167358,False,True,18.998097392593618,50.843060959792474,Atencao,Atencao: foco visual fora da direcao,27.557531245130185
1777741229.226702,1884,True,0.338668053779352,0.34494831492807515,0.3418081843537136,0.17411193631762095,False,False,0.0654993514915694,2,0,40.22343640327453,False,True,19.015414656673666,50.843060959792474,Atencao,Atencao: foco visual fora da direcao,27.735998760830388
1777741229.2640238,1885,True,0.30998704183891157,0.33960553680064276,0.32479628931977716,0.1596206231943539,False,False,0.0654993514915694,2,0,40.45010752677917,False,True,19.026748212848897,50.843060959792474,Atencao,Atencao: foco visual fora da direcao,27.63668906287676
1777741229.3054569,1886,True,0.33319830527365507,0.32847880876461444,0.3308385570191348,0.09015785005486421,False,False,0.0654993514915694,2,0,39.824829244613646,False,True,18.99548429874062,50.843060959792474,Atencao,Atencao: foco visual fora da direcao,27.305684019175356
1777741229.3451068,1887,True,0.32566103151567255,0.3343516561162528,0.33000634381596267,0.11582155484997239,False,False,0.06554185593770279,2,0,39.44830417633056,False,True,18.98250240666981,50.843608046722906,Atencao,Atencao: foco visual fora da direcao,27.06660096780338
1777741229.3861265,1888,True,0.31619120950921764,0.32679165793132064,0.3214914337202691,0.11416927413523746,False,False,0.06554185593770279,2,0,40.07676076889038,False,True,19.0139252362978,50.843608046722906,Atencao,Atencao: foco visual fora da direcao,26.777975540758487
1777741229.4258227,1889,True,0.3237810726728022,0.3311878190841781,0.3274844458784901,0.15922362285506453,False,False,0.06554185593770279,2,0,39.55294036865234,False,True,18.987734216285897,50.843608046722906,Atencao,Atencao: foco visual fora da direcao,26.637360395040833
1777741229.4611819,1890,True,0.3179305676892854,0.3277941000448207,0.32286233386705304,0.2099898709795295,False,False,0.06554185593770279,2,0,39.56023769378662,False,True,18.98809908254261,50.843608046722906,Atencao,Atencao: foco visual fora da direcao,26.798578870380712
1777741229.496142,1891,True,0.3299027335995982,0.32273401165315063,0.3263183726263744,0.2555484886478146,False,False,0.06554185593770279,2,0,40.34457011222839,False,True,19.0273157034647,50.843608046722906,Atencao,Atencao: foco visual fora da direcao,26.972838478725357
1777741229.52875,1892,True,0.321907464128548,0.3404355768284496,0.3311715204784988,0.15549028225509157,False,False,0.06554185593770279,2,0,39.72061877250671,False,True,18.996118136478618,50.843608046722906,Atencao,Atencao: foco visual fora da direcao,27.335146294462056
1777741229.5661032,1893,True,0.33188862728721985,0.3269045690362317,0.3293965981617258,0.12287473973459397,False,False,0.06554185593770279,2,0,39.597507095336915,False,True,18.989962552620128,50.843608046722906,Atencao,Atencao: foco visual fora da direcao,27.311056670058765
1777741229.5999858,1894,True,0.3321632173630663,0.30606377547637675,0.31911349641972153,0.12929741091032831,False,False,0.06554185593770279,2,0,39.914509010314944,False,True,19.005812648369027,50.843608046722906,Atencao,Atencao: foco visual fora da direcao,27.525346322450112
1777741229.6354342,1895,True,0.33713117346393234,0.32008498043107364,0.328608076947503,0.12295208976360934,False,False,0.06554185593770279,2,0,39.421875619888304,False,True,18.981180978847696,50.843608046722906,Atencao,Atencao: foco visual fora da direcao,27.603275406398968
1777741229.6700406,1896,True,0.3249045025817942,0.31528008733395746,0.32009229495787583,0.15917376845360479,False,False,0.06554185593770279,2,0,39.77434964179992,False,True,18.998804679943277,50.843608046722906,Atencao,Atencao: foco visual fora da direcao,27.713071879733448
1777741229.7080612,1897,True,0.325397558114772,0.2984611698546894,0.3119293639847307,0.1350515746111756,False,False,0.06554185593770279,2,0,39.92835521697998,False,True,19.00650495870228,50.843608046722906,Atencao,Atencao: foco visual fora da direcao,27.58436607150786
1777741229.7471836,1898,True,0.3280701073037527,0.337451362262936,0.33276073478334434,0.006044149082909058,False,False,0.06554185593770279,2,0,39.62625308036804,False,True,18.991399851871684,50.843608046722906,Atencao,Atencao: foco visual fora da direcao,27.39093964737574
1777741229.7825887,1899,True,0.288335599098318,0.3339922016308574,0.31116390036458774,0.005512822993632172,False,False,0.06554185593770279,2,0,40.14295768737793,False,True,19.01723508222218,50.843608046722906,Atencao,Atencao: foco visual fora da direcao,27.4547247991488
1777741229.8189678,1900,True,0.3044157935241836,0.3430846282601039,0.32375021089214373,0.005370005850007173,False,False,0.06554185593770279,2,0,39.6934413433075,False,True,18.994759265018654,50.843608046722906,Atencao,Atencao: foco visual fora da direcao,27.476093389155608
1777741229.8550649,1901,True,0.3068928428890889,0.3244334424709084,0.3156631426799986,0.06544386686067122,False,False,0.0654993514915694,2,0,39.90196528434753,False,True,18.999341100727314,50.843060959792474,Atencao,Atencao: foco visual fora da direcao,27.487256948859745
1777741229.8901742,1902,True,0.30243850978007336,0.29628528056888054,0.299361895174477,0.08776984044448935,False,False,0.0654993514915694,2,0,39.23483896255493,False,True,18.965984784637683,50.843060959792474,Atencao,Atencao: foco visual fora da direcao,27.593080545770817
1777741229.926713,1903,True,0.28396279946598174,0.277876520941436,0.28091966020370884,0.08257317763091902,False,False,0.0654993514915694,2,0,40.032503032684325,False,True,19.005867988144153,50.843060959792474,Atencao,Atencao: foco visual fora da direcao,27.55805593718926
1777741229.9625015,1904,True,0.17306037613766975,0.03758037207483218,0.10532037410625097,0.11984738131950441,True,False,0.06614785992217899,2,0,39.753686891360715,False,True,19.081097090286793,50.843060959792474,Atencao,Atencao: foco visual fora da direcao,27.605758091659414
1777741229.9984155,1905,True,0.17806422595179505,0.1096113641413594,0.14383779504657723,0.12804255631977013,True,False,0.06679636835278858,2,0,39.43933821591464,False,True,19.15454956572331,50.843060959792474,Atencao,Atencao: foco visual fora da direcao,27.637526791657503
1777741230.0343676,1906,True,0.1747438179869068,0.08697282026618036,0.13085831912654358,0.16806502015164512,True,False,0.06744487678339818,2,0,39.70307540893555,False,True,19.256906334583174,50.843060959792474,Atencao,Atencao: foco visual fora da direcao,27.65430925560881
1777741230.0699997,1907,True,0.16004950648516283,0.054085305060806554,0.1070674057729847,0.17090451579695576,True,False,0.06809338521400778,2,0,39.56353218609637,False,True,19.339099082650034,50.843060959792474,Atencao,Atencao: foco visual fora da direcao,27.705462374647375
1777741230.1050289,1908,True,0.15860259651391745,0.0733281908336493,0.11596539367378338,0.18973030507064942,True,False,0.06874189364461739,2,0,38.69990226897326,False,True,19.3850874960027,50.843060959792474,Atencao,Atencao: foco visual fora da direcao,27.78804830569547
1777741230.1466498,1909,True,0.17245203734049694,0.04295296466804137,0.10770250100426915,0.09487334680752854,True,False,0.06939040207522698,2,0,37.606029549511995,False,True,19.41956376923845,50.843060959792474,Atencao,Atencao: foco visual fora da direcao,27.420398444329038
1777741230.1877348,1910,True,0.17980998485171762,0.05474623028635288,0.11727810756903526,0.005050692712692228,True,False,0.07003891050583658,2,0,38.332160606709394,False,True,19.545040231307144,50.843060959792474,Atencao,Atencao: foco visual fora da direcao,27.070125181179844
1777741230.2262437,1911,True,0.17680426457585477,0.090202852120107,0.1335035583479809,0.010016166463498014,True,False,0.07073329007138222,2,0,37.304451116106726,False,True,19.589131947039537,50.843608046722906,Atencao,Atencao: foco visual fora da direcao,27.0016281289655
1777741230.2672772,1912,True,0.16742511899208815,0.08738319548548028,0.1274041572387842,0.012500745024736408,True,False,0.07138221933809215,2,0,37.50643638264049,False,True,19.68845898453884,50.843608046722906,Atencao,Atencao: foco visual fora da direcao,26.698581105597828
1777741230.3097131,1913,True,0.17626124676104032,0.08507357322045968,0.13066740999075,0.15162329830653032,True,False,0.07203114860480207,2,0,37.68077655813911,False,True,19.786403767486384,50.843608046722906,Atencao,Atencao: foco visual fora da direcao,26.376229006089535
1777741230.3551364,1914,True,0.16279093723665392,0.10892835648126012,0.13585964685895702,0.17379162387145294,True,False,0.07268007787151201,2,0,38.66653485569086,False,True,19.924919456536593,50.843608046722906,Atencao,Atencao: foco visual fora da direcao,25.96019147205997
1777741230.395155,1915,True,0.14308311873875504,0.12593104093514823,0.13450707983695165,0.17425622181690698,True,False,0.07332900713822194,2,0,38.794503048333254,False,True,20.020545640341325,50.843608046722906,Atencao,Atencao: foco visual fora da direcao,25.850231746710925
1777741230.4373515,1916,True,0.11377923076856217,0.11140406142609068,0.11259164609732641,0.1971812711488629,True,False,0.07402597402597402,2,0,36.845332692969926,False,True,20.01892006963907,50.84415584415584,Atencao,Atencao: foco visual fora da direcao,25.682594412811792
1777741230.476506,1917,True,0.10963859621839234,0.07533946627786091,0.09248903124812663,0.20865406924441235,True,False,0.07467532467532467,2,0,36.565844081206755,False,True,20.094231353336625,50.84415584415584,Atencao,Atencao: foco visual fora da direcao,25.5763037077891
1777741230.5190275,1918,True,0.10784005085564347,0.09818100397209309,0.10301052741386828,0.1919949363008722,True,False,0.07532467532467532,2,0,38.480721696398476,False,True,20.279260948381925,50.84415584415584,Atencao,Atencao: foco visual fora da direcao,25.430014355985904
1777741230.5581906,1919,True,0.11670667775701411,0.058299288030630364,0.08750298289382225,0.15795490406160315,True,False,0.07597402597402597,2,0,36.50463551824743,False,True,20.269742353760087,50.84415584415584,Atencao,Atencao: foco visual fora da direcao,25.425406119382636
1777741230.5956569,1920,True,0.10458012694794779,0.1069770209758077,0.10577857396187774,0.16073342562865284,True,False,0.07662337662337662,2,0,36.995134743777186,False,True,20.38355302932229,50.84415584415584,Atencao,Atencao: foco visual fora da direcao,25.558722853175812
1777741230.6356933,1921,True,0.07968940687754164,0.03223072481349876,0.0559600658455202,0.09277875236313726,True,False,0.07727272727272727,2,0,37.35729501301592,False,True,20.490946757069942,50.84415584415584,Atencao,Atencao: foco visual fora da direcao,25.50728968486237
1777741230.6736956,1922,True,0.07600698576955064,0.01662569132799719,0.046316338548773914,0.02178380461419786,True,False,0.07792207792207792,2,0,37.36361644322222,False,True,20.580548542865973,50.84415584415584,Atencao,Atencao: foco visual fora da direcao,25.592954551718545
1777741230.7103388,1923,True,0.08680561036951343,0.0653862458667841,0.07609592811814876,0.0043829740871309765,True,False,0.07862248213125406,2,0,38.97468105392022,False,True,20.757407352162588,50.84470435347628,Atencao,Atencao: foco visual fora da direcao,25.783654284258574
1777741230.746315,1924,True,0.12052871166478041,0.021247091251972963,0.07088790145837669,0.005588715687899273,True,False,0.0792722547108512,2,0,40.23612761226567,False,True,20.90982340977447,50.84470435347628,Atencao,Atencao: foco visual fora da direcao,25.96771216160249
1777741230.7818336,1925,True,0.10569695198223075,0.0679298052888353,0.08681337863553303,0.005394275441259963,True,False,0.07987012987012987,2,0,39.48898819522424,False,True,20.954674273323217,50.84415584415584,Atencao,Atencao: foco visual fora da direcao,26.186430646811345
1777741230.8168044,1926,True,0.056005744838282405,0.036140645792500474,0.04607319531539144,0.0036603121949788484,True,False,0.08051948051948052,2,0,39.8605676320466,False,True,21.062538959450045,50.84415584415584,Atencao,Atencao: foco visual fora da direcao,26.388630222023256
1777741230.8528407,1927,True,0.04244915263999789,0.06603630617495057,0.05424272940747423,0.005067749590932883,True,False,0.08116883116883117,2,0,40.39361773458394,False,True,21.17847717886263,50.84415584415584,Atencao,Atencao: foco visual fora da direcao,26.53568605331974
1777741230.8895302,1928,True,0.04920221639266015,0.047320619557833815,0.04826141797524698,0.005693210023388079,True,False,0.08181818181818182,2,0,40.794458443468265,False,True,21.28780492859256,50.84415584415584,Atencao,Atencao: foco visual fora da direcao,26.619938251674842
1777741230.9248705,1929,True,0.06215395941536345,0.02196651425303706,0.04206023683420025,0.00458314481903642,True,False,0.08246753246753247,2,0,41.35264146653088,False,True,21.404999794031404,50.84415584415584,Atencao,Atencao: foco visual fora da direcao,26.803072713838407
1777741230.9602242,1930,True,0.05129690123531586,0.03238959641861399,0.04184324882696493,0.003398672469062553,True,False,0.08311688311688312,2,0,41.72067083662206,False,True,21.512686976821676,50.84415584415584,Atencao,Atencao: foco visual fora da direcao,26.970818939478686
1777741230.9937143,1931,True,0.0650691874215738,0.055088164134800596,0.0600786757781872,0.003505996764689499,True,False,0.08376623376623377,2,0,40.58442054228349,False,True,21.545160176390464,50.84415584415584,Atencao,Atencao: foco visual fora da direcao,27.26414084222095
1777741231.0297692,1932,True,0.0851463100797621,0.04602270768447626,0.06558450888211918,0.003538053413021402,True,False,0.08441558441558442,2,0,40.85161835497076,False,True,21.647805781310538,50.84415584415584,Atencao,Atencao: foco visual fora da direcao,27.311736502407157
1777741231.0647955,1933,True,0.08199443621034552,0.05675887358014459,0.06937665489524505,0.0031761248726026093,True,False,0.08506493506493507,2,0,40.61754168055274,False,True,21.725387661875352,50.84415584415584,Atencao,Atencao: foco visual fora da direcao,27.403133255794337
1777741231.1018684,1934,True,0.10346439665419087,0.04657666886125162,0.07502053275772125,0.003821509576673453,True,False,0.08565866320571058,2,0,40.49401786815036,False,True,21.80084909061187,50.843608046722906,Atencao,Atencao: foco visual fora da direcao,27.366370233856525
1777741231.1372635,1935,True,0.06449887222203156,0.014511401210990035,0.0395051367165108,0.0044909403490578665,True,False,0.08625162127107652,2,0,39.77603200619871,False,True,21.8464815315021,50.843060959792474,Atencao,Atencao: foco visual fora da direcao,27.450289424385602
1777741231.1707733,1936,True,0.13108622502582412,0.02202808583169076,0.07655715542875743,0.004351083224371617,True,False,0.08684381075826313,2,0,40.6374051397497,False,True,21.97097624266781,50.84251458198315,Atencao,Atencao: foco visual fora da direcao,27.693073192232486
1777741231.2052846,1937,True,0.1323424561307078,0.017163056761919187,0.07475275644631349,0.0048951713662722645,True,False,0.08743523316062177,2,0,39.0974238038063,False,True,21.97529775619495,50.8419689119171,Atencao,Atencao: foco visual fora da direcao,27.814507404353805
1777741231.2409313,1938,True,0.13413767219379855,0.03006495734573662,0.08210131476976758,0.005022317062367103,True,False,0.08802588996763754,2,0,40.883983110297805,False,True,22.145841032484196,50.84142394822006,Atencao,Atencao: foco visual fora da direcao,27.84193496538823
1777741231.2766213,1939,True,0.12420680391820571,0.0266056988391284,0.07540625137866705,0.005028717785845677,True,False,0.08867313915857605,2,0,40.336829142137006,False,True,22.207480097830203,50.84142394822006,Atencao,Atencao: foco visual fora da direcao,27.84916621497564
1777741231.5096047,1940,True,0.17952616865438473,0.055470466979057276,0.117498317816721,0.004158727693914427,True,False,0.08961038961038961,2,0,38.73979022611271,False,True,22.256500089153352,50.84415584415584,Atencao,Atencao: foco visual fora da direcao,25.493708406588926
1777741231.5454888,1941,True,0.14559517536335512,0.07248665708095337,0.10904091622215424,0.004818074243383022,True,False,0.0903183885640026,2,0,40.94211662574247,False,True,22.463966265256627,50.84470435347628,Atencao,Atencao: foco visual fora da direcao,25.75405243677225
1777741231.5793126,1942,True,0.1390981685176519,0.08517121687142112,0.1121346926945365,0.0033992915820978175,True,False,0.09096816114359974,2,0,41.68119923093102,False,True,22.59026412521066,50.84470435347628,Atencao,Atencao: foco visual fora da direcao,26.10232459768973
1777741231.6136422,1943,True,0.13748173351834556,0.07827064323115854,0.10787618837475205,0.0036413966883373085,True,False,0.09161793372319688,2,0,41.84627067446709,False,True,22.68786142708207,50.84470435347628,Atencao,Atencao: foco visual fora da direcao,26.40496236389632
1777741231.6528413,1944,True,0.15400360225113324,0.18670747365905577,0.1703555379550945,0.0034661363788769006,True,False,0.09226770630279402,2,0,39.81582972569899,False,True,22.675683109338273,50.84470435347628,Atencao,Atencao: foco visual fora da direcao,26.3185879664478
1777741231.6881175,1945,True,0.1620473498168189,0.21574143854653371,0.1888943941816763,0.003833680269970093,True,False,0.09291747888239116,2,0,40.97237638289278,False,True,22.82285417189257,50.84470435347628,Atencao,Atencao: foco visual fora da direcao,26.526081460288438
1777741231.726056,1946,True,0.17710832579672867,0.22710593479310764,0.20210713029491817,0.003875922273797516,True,False,0.0935672514619883,2,0,39.51303919607943,False,True,22.83923104224651,50.84470435347628,Atencao,Atencao: foco visual fora da direcao,26.521273519586195
1777741231.760149,1947,True,0.19593231885941487,0.25516841082711117,0.22555036484326302,0.004249435808840258,False,False,0.0935672514619883,2,0,40.53105790940198,False,True,23.097049269350777,50.84470435347628,Atencao,Atencao: foco visual fora da direcao,26.786954429921447
1777741231.7932508,1948,True,0.19451027187505904,0.25206621839391297,0.223288245134486,0.0042951897577769415,False,False,0.0935672514619883,2,0,39.746769022941585,False,True,23.057834825027754,50.84470435347628,Atencao,Atencao: foco visual fora da direcao,27.12403147320003
1777741231.8268054,1949,True,0.20367886285024359,0.27216737864492424,0.23792312074758393,0.00427999521245392,False,False,0.09350649350649351,2,0,40.28411364988847,False,True,23.076347837494566,50.84415584415584,Atencao,Atencao: foco visual fora da direcao,27.38734941692182
1777741231.8609767,1950,True,0.20413320206902066,0.2751007656315198,0.23961698385027025,0.0039261126546292656,False,False,0.09350649350649351,2,0,39.79958327575163,False,True,23.052121318787723,50.84415584415584,Atencao,Atencao: foco visual fora da direcao,27.56992602732037
1777741231.8957343,1951,True,0.20194988757339213,0.2770169771540167,0.2394834323637044,0.0042238585609316705,False,False,0.09350649350649351,2,0,40.080352409319445,False,True,23.066159775466115,50.84415584415584,Atencao,Atencao: foco visual fora da direcao,27.705983163197615
1777741231.931657,1952,True,0.20240508851030495,0.2825372335787058,0.2424711610445054,0.004323692350903244,False,False,0.09350649350649351,2,0,40.04460304812951,False,True,23.064372307406618,50.84415584415584,Atencao,Atencao: foco visual fora da direcao,27.706128014124392
1777741231.9668715,1953,True,0.207725794358146,0.2890469807940752,0.2483863875761106,0.005180727606859381,False,False,0.09350649350649351,2,0,39.99763822555542,False,True,23.062024066277914,50.84415584415584,Atencao,Atencao: foco visual fora da direcao,27.786191108218407
1777741232.0022802,1954,True,0.21052821744529068,0.28874704774627064,0.24963763259578065,0.004599123306538759,False,False,0.09350649350649351,2,0,39.7674011062492,False,True,23.050512210312604,50.84415584415584,Atencao,Atencao: foco visual fora da direcao,27.861306679842414
1777741232.03786,1955,True,0.21562479827293865,0.28672837422654013,0.2511765862497394,0.005204916778775613,False,False,0.09350649350649351,2,0,39.68123962283134,False,True,23.04620413614171,50.84415584415584,Atencao,Atencao: foco visual fora da direcao,27.8620265406636
1777741232.0737822,1956,True,0.21864738637230235,0.29291091213262915,0.25577914925246575,0.005365209304286561,False,False,0.09344581440622972,2,0,40.34890166033397,False,True,23.07124386173057,50.843608046722906,Atencao,Atencao: foco visual fora da direcao,27.869237018357087
1777741232.1097994,1957,True,0.2124329211484829,0.2936821177118166,0.25305751943014976,0.005094076576035964,False,False,0.09344581440622972,2,0,40.018699592351915,False,True,23.054733758331466,50.843608046722906,Atencao,Atencao: foco visual fora da direcao,27.867177023516213
1777741232.1427522,1958,True,0.21729714670290018,0.2897840481419254,0.25354059742241275,0.004967598668128248,False,False,0.09344581440622972,2,0,39.60566441470926,False,True,23.03408199944933,50.843608046722906,Atencao,Atencao: foco visual fora da direcao,28.091310429516135
1777741232.1767728,1959,True,0.22122677335892232,0.2861753801432196,0.25370107675107095,0.004488762838830192,False,False,0.09344581440622972,2,0,39.903478637066755,False,True,23.048972710567206,50.843608046722906,Atencao,Atencao: foco visual fora da direcao,28.2069427697027
1777741232.2123458,1960,True,0.22009663192380297,0.2869603459995578,0.25352848896168034,0.0044780705704088476,False,False,0.09344581440622972,2,0,39.739980939301574,False,True,23.040797825678947,50.843608046722906,Atencao,Atencao: foco visual fora da direcao,28.19774865349566
1777741232.2470646,1961,True,0.22610953831146635,0.2957143447710758,0.26091194154127106,0.0047205005105154406,False,False,0.09344581440622972,2,0,40.1052210222591,False,True,23.059059829826825,50.843608046722906,Atencao,Atencao: foco visual fora da direcao,28.258216190119434
1777741232.2856143,1962,True,0.22948839568602722,0.2861671079032438,0.2578277517946355,0.004960986344588603,False,False,0.09344581440622972,2,0,39.93623547824946,False,True,23.050610552626342,50.843608046722906,Atencao,Atencao: foco visual fora da direcao,28.00820717701657
1777741232.3262784,1963,True,0.22908053361439346,0.29216992502614103,0.2606252293202672,0.005332047770772457,False,False,0.09350649350649351,2,0,40.63956631422043,False,True,23.094120470711164,50.84415584415584,Atencao,Atencao: foco visual fora da direcao,27.71065948953658
1777741232.3666558,1964,True,0.22956425681258957,0.29440557532632244,0.261984916069456,0.005306860131047653,False,False,0.09350649350649351,2,0,40.659269109639254,False,True,23.095105610482104,50.84415584415584,Atencao,Atencao: foco visual fora da direcao,27.41693208443048
1777741232.4068007,1965,True,0.23041538964155095,0.29192010784532857,0.26116774874343973,0.004999549386204429,False,False,0.09350649350649351,2,0,39.918679398840126,False,True,23.058076124942147,50.84415584415584,Atencao,Atencao: foco visual fora da direcao,27.13359433353167
1777741232.4486651,1966,True,0.22541543753060905,0.29117583747730436,0.2582956375039567,0.00534677808985712,False,False,0.09350649350649351,2,0,39.67541180794889,False,True,23.045912745397587,50.84415584415584,Atencao,Atencao: foco visual fora da direcao,26.824242863668044
1777741232.490187,1967,True,0.22959226460912083,0.2975287502515932,0.263560507430357,0.004910110340323249,False,False,0.09350649350649351,2,0,40.118441496112126,False,True,23.06806422980575,50.84415584415584,Atencao,Atencao: foco visual fora da direcao,26.532350158958803
1777741232.5303438,1968,True,0.23240569264926614,0.293984487203832,0.26319508992654905,0.005266432467012443,False,False,0.0935672514619883,2,0,40.7069721178575,False,True,23.10584497977355,50.84470435347628,Atencao,Atencao: foco visual fora da direcao,26.3554414646393
1777741232.568186,1969,True,0.22768781140304012,0.3005312361007655,0.2641095237519028,0.005194011038698675,False,False,0.0935672514619883,2,0,40.84925769838419,False,True,23.112959258799886,50.84470435347628,Atencao,Atencao: foco visual fora da direcao,26.36575694401489
1777741232.6058886,1970,True,0.22595505065434712,0.3095086017113002,0.26773182618282365,0.005198150757023173,False,False,0.0935672514619883,2,0,41.38741942319003,False,True,23.139867345040177,50.84470435347628,Atencao,Atencao: foco visual fora da direcao,26.42197157276352
1777741232.6394672,1971,True,0.22207460240550106,0.3059160850672266,0.26399534373636385,0.0052139068235222295,False,False,0.0935672514619883,2,0,41.28884788480672,False,True,23.13493876812101,50.84470435347628,Atencao,Atencao: foco visual fora da direcao,26.702947577738225
1777741232.6751297,1972,True,0.22588357349152238,0.31536374398153677,0.2706236587365296,0.005774945538830049,False,False,0.0935672514619883,2,0,41.12999207919294,False,True,23.126995977840323,50.84470435347628,Atencao,Atencao: foco visual fora da direcao,26.869532251351814
1777741232.7089262,1973,True,0.2281970195499252,0.31002507864224527,0.26911104909608524,0.005020361690686176,False,False,0.0935672514619883,2,0,40.597197304530575,False,True,23.100356239107207,50.84470435347628,Atencao,Atencao: foco visual fora da direcao,27.156592101853775
1777741232.744411,1974,True,0.22650199981911184,0.3111148705500176,0.2688084351845647,0.005044499003855733,False,False,0.0935672514619883,2,0,40.4427844285965,False,True,23.0926355953105,50.84470435347628,Atencao,Atencao: foco visual fora da direcao,27.216652011687714
1777741232.7796512,1975,True,0.22339373401077153,0.30835249430462036,0.26587311415769593,0.005392478380217508,False,False,0.0935672514619883,2,0,40.06490528150038,False,True,23.073741637955695,50.84470435347628,Atencao,Atencao: foco visual fora da direcao,27.3798740425669
1777741232.814626,1976,True,0.22962352752125487,0.31006109723225844,0.26984231237675665,0.005129086543821152,False,False,0.0935672514619883,2,0,40.49989686499942,False,True,23.095491217130647,50.84470435347628,Atencao,Atencao: foco visual fora da direcao,27.48254555694848
1777741232.8509717,1977,True,0.22940781926031104,0.3111464994935729,0.27027715937694197,0.004723338138545203,False,False,0.0935672514619883,2,0,40.54901172356172,False,True,23.097946960058763,50.84470435347628,Atencao,Atencao: foco visual fora da direcao,27.48468705713901
1777741232.885973,1978,True,0.23104374988953227,0.31997868275879354,0.2755112163241629,0.004941090309481235,False,False,0.0935672514619883,2,0,40.912387300621376,False,True,23.116115738911745,50.84470435347628,Atencao,Atencao: foco visual fora da direcao,27.59556699167173
1777741232.9214168,1979,True,0.22775232468968462,0.31912241411900244,0.27343736940434354,0.004909183450332224,False,False,0.0935672514619883,2,0,41.1836554825306,False,True,23.129679148007206,50.84470435347628,Atencao,Atencao: foco visual fora da direcao,27.64602518397946
1777741232.955842,1980,True,0.22714511208658228,0.32224627633863934,0.2746956942126108,0.0047642669720490225,False,False,0.09350649350649351,2,0,40.992425137216394,False,True,23.111763411860963,50.84415584415584,Atencao,Atencao: foco visual fora da direcao,27.806887670081895
1777741232.990592,1981,True,0.23024846854784314,0.316585294975097,0.27341688176147005,0.005436011615568127,False,False,0.09350649350649351,2,0,40.991412681883034,False,True,23.111712789094295,50.84415584415584,Atencao,Atencao: foco visual fora da direcao,27.904228027124212
1777741233.025557,1982,True,0.23111577558794363,0.3215332490842365,0.27632451233609007,0.005141298599192189,False,False,0.09350649350649351,2,0,40.93952443545515,False,True,23.109118376772898,50.84415584415584,Atencao,Atencao: foco visual fora da direcao,27.946000487792915
1777741233.05941,1983,True,0.22974829095916846,0.3241443135320433,0.2769463022456059,0.004899672812493251,False,False,0.09350649350649351,2,0,40.933319514447994,False,True,23.108808130722544,50.84415584415584,Atencao,Atencao: foco visual fora da direcao,28.098931438886133
1777741233.096191,1984,True,0.2339724463942034,0.31570254480244164,0.2748374955983225,0.003999343335779871,False,False,0.09350649350649351,2,0,40.405492591857914,False,True,23.082416784593036,50.84415584415584,Atencao,Atencao: foco visual fora da direcao,28.033441087052775
1777741233.1324,1985,True,0.2317614564386206,0.32094360703247843,0.2763525317355495,0.0044663172678106045,False,False,0.09350649350649351,2,0,40.34237830584699,False,True,23.079261070292493,50.84415584415584,Atencao,Atencao: foco visual fora da direcao,27.99631809877306
1777741233.1681793,1986,True,0.23429762544480326,0.30957232978927673,0.27193497761704,0.004260377055969666,False,False,0.09350649350649351,2,0,40.351094075766476,False,True,23.079696858788466,50.84415584415584,Atencao,Atencao: foco visual fora da direcao,27.98592318144607
1777741233.2045934,1987,True,0.23286916271674168,0.31262868642440317,0.2727489245705724,0.004447130545001751,False,False,0.09350649350649351,2,0,40.54348184574734,False,True,23.08931624728751,50.84415584415584,Atencao,Atencao: foco visual fora da direcao,27.94171170435581
1777741233.2398627,1988,True,0.23310074637865405,0.320186712360993,0.2766437293698235,0.004452491324705128,False,False,0.09350649350649351,2,0,40.04615654566071,False,True,23.06444998228318,50.84415584415584,Atencao,Atencao: foco visual fora da direcao,27.981300823556623
1777741233.275861,1989,True,0.2373389606772972,0.3177335365328677,0.2775362486050824,0.004576614529287117,False,False,0.09350649350649351,2,0,40.127930476990606,False,True,23.068538678849674,50.84415584415584,Atencao,Atencao: foco visual fora da direcao,27.917660034621342
1777741233.3197172,1990,True,0.23675149498939124,0.31833231732015094,0.2775419061547711,0.004546218927909148,False,False,0.0935672514619883,2,0,40.21302458047867,False,True,23.081147602904608,50.84470435347628,Atencao,Atencao: foco visual fora da direcao,27.430460990326836
1777741233.359957,1991,True,0.23512587576260768,0.30684694647653743,0.27098641111957256,0.004534239222178678,False,False,0.0935672514619883,2,0,39.74919913031838,False,True,23.057956330396596,50.84470435347628,Atencao,Atencao: foco visual fora da direcao,27.158948997559964
1777741233.4026628,1992,True,0.23644329184230387,0.3067928293192771,0.27161806058079047,0.00456468838105956,False,False,0.0935672514619883,2,0,39.90225232297724,False,True,23.06560899002954,50.84470435347628,Atencao,Atencao: foco visual fora da direcao,26.817612132968787
1777741233.4448278,1993,True,0.23428365153619166,0.2894815598825324,0.261882605709362,0.004564542059061304,False,False,0.0935672514619883,2,0,39.69618995027109,False,True,23.055305871394232,50.84470435347628,Atencao,Atencao: foco visual fora da direcao,26.493852090050957
1777741233.4853718,1994,True,0.2364105841137113,0.3042444377850394,0.27032751094937535,0.0047115576964853155,False,False,0.09362808842652796,2,0,39.7010748017918,False,True,23.06391519659447,50.84525357607282,Atencao,Atencao: foco visual fora da direcao,26.282385289175984
1777741233.5270948,1995,True,0.2392538289147703,0.3059173532089442,0.27258559106185726,0.00462405893628919,False,False,0.09362808842652796,2,0,40.27746463526378,False,True,23.092734688268067,50.84525357607282,Atencao,Atencao: foco visual fora da direcao,26.07800724281377
1777741233.5636263,1996,True,0.23181094040358327,0.3138347070786744,0.2728228237411288,0.005255666139150789,False,False,0.09362808842652796,2,0,39.578897044333544,False,True,23.057806308721556,50.84525357607282,Atencao,Atencao: foco visual fora da direcao,26.200977112765443
1777741233.5983684,1997,True,0.24015098934050957,0.3166887130194972,0.2784198511800034,0.004106567113655131,False,False,0.09362808842652796,2,0,40.275236160646784,False,True,23.092623264537217,50.84525357607282,Atencao,Atencao: foco visual fora da direcao,26.475721372387337
1777741233.6319587,1998,True,0.2368878927751139,0.31647564302314407,0.276681767899129,0.005351578817155389,False,False,0.09362808842652796,2,0,39.73815074400468,False,True,23.065768993705113,50.84525357607282,Atencao,Atencao: foco visual fora da direcao,26.804570029215313
1777741233.668124,1999,True,0.24010338889201369,0.3194353676467048,0.27976937826935927,0.005006405321192463,False,False,0.09362808842652796,2,0,38.92448122501373,False,True,23.025085517755564,50.84525357607282,Atencao,Atencao: foco visual fora da direcao,26.885392163394872
1777741233.7039742,2000,True,0.239764974157304,0.3181949535540145,0.27897996385565926,0.004923565728519857,False,False,0.09362808842652796,2,0,38.79892534396865,False,True,23.01880772370331,50.84525357607282,Atencao,Atencao: foco visual fora da direcao,26.98511769536745
1777741233.741467,2001,True,0.24119436399002778,0.3162993149608362,0.278746839475432,0.004979195590332212,False,False,0.09362808842652796,2,0,38.64358885992657,False,True,23.011040899501207,50.84525357607282,Atencao,Atencao: foco visual fora da direcao,26.94413070940642
1777741233.7769933,2002,True,0.24315372795375312,0.31327453690265605,0.2782141324282046,0.005123960408656256,False,False,0.09362808842652796,2,0,39.59338929111308,False,True,23.05853092106053,50.84525357607282,Atencao,Atencao: foco visual fora da direcao,27.091078764143433
1777741233.8115056,2003,True,0.23933402469707668,0.31204751712328765,0.2756907709101822,0.004761273226766277,False,False,0.09362808842652796,2,0,39.38865325721827,False,True,23.048294119365792,50.84525357607282,Atencao,Atencao: foco visual fora da direcao,27.235322859915055
1777741233.8469687,2004,True,0.24586033693445916,0.3134564154201542,0.27965837617730666,0.004626698369708771,False,False,0.09362808842652796,2,0,39.91281784501942,False,True,23.07450234875585,50.84525357607282,Atencao,Atencao: foco visual fora da direcao,27.340420839346304
1777741233.8840363,2005,True,0.2454939895103592,0.31887761960163863,0.2821858045559989,0.0042997163310057925,False,False,0.0935672514619883,2,0,39.34093662717125,False,True,23.03754320523924,50.84470435347628,Atencao,Atencao: foco visual fora da direcao,27.316119461945256
1777741233.9186912,2006,True,0.24246270666794706,0.31390476873276285,0.278183737700355,0.004265812395041938,False,False,0.0935672514619883,2,0,39.484911414168096,False,True,23.04474194458908,50.84470435347628,Atencao,Atencao: foco visual fora da direcao,27.457096695567937
1777741233.954911,2007,True,0.250890196566617,0.32663453628990924,0.28876236642826314,0.004580331209878515,False,False,0.0935672514619883,2,0,39.67892275669358,False,True,23.054442511715354,50.84470435347628,Atencao,Atencao: foco visual fora da direcao,27.475337374691847
1777741233.991246,2008,True,0.24527442163420612,0.32405722171277845,0.2846658216734923,0.004003799383169933,False,False,0.0935672514619883,2,0,40.51315972425721,False,True,23.096154360093536,50.84470435347628,Atencao,Atencao: foco visual fora da direcao,27.49374931172652
1777741234.0273979,2009,True,0.24474576002699555,0.3279649512034739,0.28635535561523473,0.003738738581805813,False,False,0.0935672514619883,2,0,40.952037458528174,False,True,23.118098246807087,50.84470435347628,Atencao,Atencao: foco visual fora da direcao,27.508194864181704
1777741234.0596848,2010,True,0.24696883656619734,0.3336275092896481,0.2902981729279227,0.003979489068672731,False,False,0.0935672514619883,2,0,41.4934313703667,False,True,23.145167942399013,50.84470435347628,Atencao,Atencao: foco visual fora da direcao,27.855019309338655
1777741234.0927012,2011,True,0.24624354021513503,0.3332116590897309,0.28972759965243294,0.004006815269109818,False,False,0.0935672514619883,2,0,41.782940502600226,False,True,23.159643399010687,50.84470435347628,Atencao,Atencao: foco visual fora da direcao,28.08642715722755
1777741234.1267712,2012,True,0.24282983799017838,0.3354012732021014,0.2891155555961399,0.004691623690569793,False,False,0.0935672514619883,2,0,42.18827572735873,False,True,23.17991016024861,50.84470435347628,Atencao,Atencao: foco visual fora da direcao,28.215125093023335
1777741234.1622229,2013,True,0.24371970605821833,0.3341565631797495,0.28893813461898393,0.004310866250440879,False,False,0.0935672514619883,2,0,41.90588128024881,False,True,23.165790437893115,50.84470435347628,Atencao,Atencao: foco visual fora da direcao,28.22754954538476
1777741234.1973686,2014,True,0.24284044541590255,0.32829232870031366,0.2855663870581081,0.004687813141008924,False,False,0.0935672514619883,2,0,41.91380976926197,False,True,23.166186862343775,50.84470435347628,Atencao,Atencao: foco visual fora da direcao,28.231410001514217
1777741234.2321,2015,True,0.24372349408225544,0.3351126695937518,0.2894180818380036,0.004352728349822177,False,False,0.0935672514619883,2,0,41.71021958806298,False,True,23.156007353283826,50.84470435347628,Atencao,Atencao: foco visual fora da direcao,28.288345495704043
1777741234.2666368,2016,True,0.24596929875475929,0.3327303547627825,0.2893498267587709,0.004613104673182889,False,False,0.0935672514619883,2,0,41.431399098851465,False,True,23.142066328823248,50.84470435347628,Atencao,Atencao: foco visual fora da direcao,28.361569377663578
1777741234.3025723,2017,True,0.24209645682083675,0.33464328482178163,0.28836987082130916,0.004817097961280265,False,False,0.0935672514619883,2,0,41.61609161604534,False,True,23.15130095468294,50.84470435347628,Atencao,Atencao: foco visual fora da direcao,28.282808464562805
1777741234.3448029,2018,True,0.23672998000935078,0.3247251005463977,0.2807275402778742,0.00400663892792068,False,False,0.0935672514619883,2,0,42.43810328299349,False,True,23.19240153803035,50.84470435347628,Atencao,Atencao: foco visual fora da direcao,27.85852402305505
1777741234.3847253,2019,True,0.24155014924987758,0.3296622718669803,0.28560621055842894,0.004184808812034942,False,False,0.0935672514619883,2,0,41.66117938269268,False,True,23.15355534301531,50.84470435347628,Atencao,Atencao: foco visual fora da direcao,27.516464387155217
1777741234.4253,2020,True,0.24348016275610282,0.3363578955719602,0.2899190291640315,0.004978152538249827,False,False,0.09362808842652796,2,0,41.473406686566086,False,True,23.152531790833184,50.84525357607282,Atencao,Atencao: foco visual fora da direcao,27.268724040204525
1777741234.4614348,2021,True,0.23767810803887518,0.3298393575409709,0.28375873278992303,0.004562731775745498,False,False,0.09362808842652796,2,0,42.478040470318355,False,True,23.202763480020796,50.84525357607282,Atencao,Atencao: foco visual fora da direcao,27.217007463874012
1777741234.50192,2022,True,0.238782619511646,0.3237041473931897,0.28124338345241784,0.003900168420272297,False,False,0.09362808842652796,2,0,41.882070660591125,False,True,23.172964989534435,50.84525357607282,Atencao,Atencao: foco visual fora da direcao,27.032605003321507
1777741234.540173,2023,True,0.23931725793510586,0.32331471707616305,0.28131598750563447,0.0038255753581636063,False,False,0.09362808842652796,2,0,41.79199584126473,False,True,23.168461248568114,50.84525357607282,Atencao,Atencao: foco visual fora da direcao,26.935323139802595
1777741234.575058,2024,True,0.23838891944199392,0.32259309648334,0.28049100796266696,0.003754071225836459,False,False,0.09362808842652796,2,0,41.71666432673281,False,True,23.16469467284152,50.84525357607282,Atencao,Atencao: foco visual fora da direcao,27.13409584880769
1777741234.6096468,2025,True,0.2373744537949522,0.326571537817656,0.2819729958063041,0.004454513784302013,False,False,0.09362808842652796,2,0,41.73750222867185,False,True,23.16573656793847,50.84525357607282,Atencao,Atencao: foco visual fora da direcao,27.303228434472537
1777741234.645099,2026,True,0.23755303123639923,0.32178350157943003,0.27966826640791465,0.004707282155079874,False,False,0.09362808842652796,2,0,42.09448925690217,False,True,23.183585919349987,50.84525357607282,Atencao,Atencao: foco visual fora da direcao,27.395197178445475
1777741234.6823146,2027,True,0.23584501595709942,0.3204986939465035,0.27817185495180147,0.0044382729762415815,False,False,0.09362808842652796,2,0,41.61941375244747,False,True,23.15983214412725,50.84525357607282,Atencao,Atencao: foco visual fora da direcao,27.37441335867314
1777741234.7194178,2028,True,0.23688098633195714,0.3266885323347283,0.2817847593333427,0.004255815005469218,False,False,0.09362808842652796,2,0,41.177533869309855,False,True,23.13773814997037,50.84525357607282,Atencao,Atencao: foco visual fora da direcao,27.287059739526114
1777741234.7568629,2029,True,0.23586676270593177,0.3238138195757756,0.2798402911408537,0.004361090816161512,False,False,0.09362808842652796,2,0,41.90229306817055,False,True,23.173976109913404,50.84525357607282,Atencao,Atencao: foco visual fora da direcao,27.257715095904818
1777741234.7928886,2030,True,0.24199802826007455,0.3247362338223392,0.28336713104120687,0.004007427659501552,False,False,0.09362808842652796,2,0,40.95641455596144,False,True,23.12668218430295,50.84525357607282,Atencao,Atencao: foco visual fora da direcao,27.297560332302115
1777741234.8270977,2031,True,0.2440801037766604,0.32344045379978176,0.2837602787882211,0.004101861907288869,False,False,0.09362808842652796,2,0,41.196379941160025,False,True,23.13868045356288,50.84525357607282,Atencao,Atencao: foco visual fora da direcao,27.50402373909925
1777741234.862588,2032,True,0.2406785083126817,0.3233860963688,0.28203230234074084,0.004173391145037965,False,False,0.09362808842652796,2,0,41.08828841231086,False,True,23.133275877120422,50.84525357607282,Atencao,Atencao: foco visual fora da direcao,27.572404609826265
1777741234.894784,2033,True,0.2458682394746065,0.3372169698846166,0.29154260467961157,0.00397408884448381,False,False,0.09362808842652796,2,0,41.46695382649248,False,True,23.152209147829502,50.84525357607282,Atencao,Atencao: foco visual fora da direcao,27.851327897399827
1777741234.9299128,2034,True,0.2430248952600389,0.3366838175261363,0.2898543563930876,0.004219391420665776,False,False,0.09362808842652796,2,0,42.21897953261028,False,True,23.189810433135392,50.84525357607282,Atencao,Atencao: foco visual fora da direcao,27.965661897057814
1777741234.9655647,2035,True,0.23973046828381475,0.33587243751835955,0.28780145290108716,0.004753855412502346,False,False,0.09362808842652796,2,0,41.69614482847127,False,True,23.163668697928443,50.84525357607282,Atencao,Atencao: foco visual fora da direcao,27.990002006391975
1777741235.0007668,2036,True,0.24428750721691975,0.3364892915674075,0.2903883993921636,0.004497377902883298,False,False,0.09362808842652796,2,0,41.61745527549223,False,True,23.15973422027949,50.84525357607282,Atencao,Atencao: foco visual fora da direcao,28.02436866735102
1777741235.0354984,2037,True,0.24135564975407714,0.33276115398281225,0.28705840186844467,0.004183713892139001,False,False,0.09362808842652796,2,0,41.64947358044711,False,True,23.16133513552723,50.84525357607282,Atencao,Atencao: foco visual fora da direcao,28.09837973340605
1777741235.0711913,2038,True,0.24523426044228772,0.335572873861759,0.29040356715202337,0.0041955634407413,False,False,0.09362808842652796,2,0,41.614453842423174,False,True,23.15958414862604,50.84525357607282,Atencao,Atencao: foco visual fora da direcao,28.076573298025004
1777741235.1070356,2039,True,0.24646485137096408,0.3400851949508091,0.2932750231608866,0.0045076055257397794,False,False,0.09362808842652796,2,0,41.43408470533111,False,True,23.150565691771433,50.84525357607282,Atencao,Atencao: foco visual fora da direcao,28.068899168195383
1777741235.1443658,2040,True,0.2433567330574436,0.3439507215211616,0.2936537272893026,0.004619105592780946,False,False,0.09362808842652796,2,0,41.865506665273145,False,True,23.172136789768537,50.84525357607282,Atencao,Atencao: foco visual fora da direcao,27.93943560254607
1777741235.182999,2041,True,0.24479149911947506,0.3409115293558147,0.2928515142376449,0.004100112821880453,False,False,0.09362808842652796,2,0,43.100509732419795,False,True,23.233886943125867,50.84525357607282,Atencao,Atencao: foco visual fora da direcao,27.73468990732694
1777741235.218753,2042,True,0.24986781236807157,0.3377012956172686,0.29378455399267006,0.004026867792744061,False,False,0.09362808842652796,2,0,42.82050545811653,False,True,23.219886729410703,50.84525357607282,Atencao,Atencao: foco visual fora da direcao,27.779996215654105
1777741235.2543633,2043,True,0.2469935725910378,0.3368489171414653,0.29192124486625154,0.004318544370551092,False,False,0.09362808842652796,2,0,42.07699403871189,False,True,23.182711158440473,50.84525357607282,Atencao,Atencao: foco visual fora da direcao,27.821113588791
1777741235.2869215,2044,True,0.24614025206954215,0.34366649785880155,0.29490337496417185,0.004366822565003116,False,False,0.0935672514619883,2,0,42.188743739236486,False,True,23.1799335608425,50.84470435347628,Atencao,Atencao: foco visual fora da direcao,28.066030568067525
1777741235.3247766,2045,True,0.24776545187217544,0.34608384768421985,0.29692464977819766,0.004243071220198438,False,False,0.09362808842652796,2,0,42.45179521278901,False,True,23.201451217144328,50.84525357607282,Atencao,Atencao: foco visual fora da direcao,27.92713992253013
1777741235.3633378,2046,True,0.24998201766628755,0.34577432893136356,0.29787817329882554,0.004470651405911234,False,False,0.09362808842652796,2,0,42.37772815390066,False,True,23.19774786419991,50.84525357607282,Atencao,Atencao: foco visual fora da direcao,27.73348922708642
1777741235.4016376,2047,True,0.24725310008233378,0.34453560953165824,0.295894354806996,0.003915319350132943,False,False,0.09362808842652796,2,0,42.22951449589296,False,True,23.190337181299526,50.84525357607282,Atencao,Atencao: foco visual fora da direcao,27.543165179743248
1777741235.440048,2048,True,0.24640371732372596,0.3435742564813944,0.29498898690256015,0.0038007991352424467,False,False,0.09362808842652796,2,0,42.77208228707314,False,True,23.217465570858536,50.84525357607282,Atencao,Atencao: foco visual fora da direcao,27.37353593970632
1777741235.4787865,2049,True,0.25103884152601613,0.33469553271719465,0.2928671871216054,0.0035899250595131057,False,False,0.09362808842652796,2,0,42.5205465473912,False,True,23.204888783874438,50.84525357607282,Atencao,Atencao: foco visual fora da direcao,27.17270188842401
1777741235.5194027,2050,True,0.24701739030179484,0.3315156254371142,0.2892665078694545,0.003812063546076048,False,False,0.09362808842652796,2,0,42.05571458881552,False,True,23.181647185945653,50.84525357607282,Atencao,Atencao: foco visual fora da direcao,26.992498241046782
1777741235.5558364,2051,True,0.24206055786072025,0.3344097641529531,0.28823516100683666,0.0043102280325093755,False,False,0.09362808842652796,2,0,42.066029134121806,False,True,23.18216291321097,50.84525357607282,Atencao,Atencao: foco visual fora da direcao,27.00749768444628
1777741235.5965898,2052,True,0.2414253640571821,0.32976590287122143,0.28559563346420175,0.004106468576858518,False,False,0.09362808842652796,2,0,41.98622788732702,False,True,23.178172850871228,50.84525357607282,Atencao,Atencao: foco visual fora da direcao,26.76654257175382
1777741235.63148,2053,True,0.24054236119025532,0.32512921491146063,0.28283578805085796,0.004572642374410786,False,False,0.09362808842652796,2,0,41.51246824156154,False,True,23.154484868582955,50.84525357607282,Atencao,Atencao: foco visual fora da direcao,26.937357910183692
1777741235.6677437,2054,True,0.24251938835218612,0.3232138297354099,0.282866609043798,0.0041736190575475006,False,False,0.09362808842652796,2,0,41.19919273365627,False,True,23.13882109318769,50.84525357607282,Atencao,Atencao: foco visual fora da direcao,27.011520038261224
1777741235.7079203,2055,True,0.24178717977412828,0.32814537788517356,0.2849662788296509,0.004731524186255049,False,False,0.09362808842652796,2,0,41.20411103151061,False,True,23.13906700808041,50.84525357607282,Atencao,Atencao: foco visual fora da direcao,26.81159989089538
1777741235.7422254,2056,True,0.22999686030067437,0.31923664881894737,0.2746167545598109,0.004119118572225046,False,False,0.09362808842652796,2,0,40.12662167765877,False,True,23.085192540387816,50.84525357607282,Atencao,Atencao: foco visual fora da direcao,27.020713552542563
1777741235.7826254,2057,True,0.204622413452572,0.3038628822088482,0.2542426478307101,0.00432616713106885,False,False,0.09362808842652796,2,0,40.21836169416254,False,True,23.089779541213005,50.84525357607282,Atencao,Atencao: foco visual fora da direcao,26.822792827077805
1777741235.8216865,2058,True,0.16999015786864755,0.2505623007371452,0.21027622930289636,0.004251155121116562,False,False,0.09362808842652796,2,0,41.061128826574844,False,True,23.13191789783362,50.84525357607282,Atencao,Atencao: foco visual fora da direcao,26.707571516430605
1777741235.8591764,2059,True,0.18724656337289147,0.2429867765474153,0.21511666996015338,0.0043680372728685845,False,False,0.09362808842652796,2,0,40.03980650089004,False,True,23.08085178154938,50.84525357607282,Atencao,Atencao: foco visual fora da direcao,26.66664931511992
1777741235.8955338,2060,True,0.17876946711981023,0.23886921626718877,0.2088193416934995,0.004736046715305613,True,False,0.09427828348504551,2,0,39.385568704388355,False,True,23.13754171227046,50.84525357607282,Atencao,Atencao: foco visual fora da direcao,26.79966970114504
1777741235.9287603,2061,True,0.17758975511664757,0.23834473378853555,0.20796724445259157,0.0044343586677389685,True,False,0.09492847854356307,2,0,39.19325012564659,False,True,23.217327603879532,50.84525357607282,Atencao,Atencao: foco visual fora da direcao,27.100808481894543
1777741235.9639215,2062,True,0.15677417404485888,0.14001805554384752,0.14839611479435322,0.004085474730855039,True,False,0.09557867360208062,2,0,39.070402227748524,False,True,23.300587029530796,50.84525357607282,Atencao,Atencao: foco visual fora da direcao,27.250648699349227
1777741236.0004096,2063,True,0.14926469339624998,0.165903229599555,0.1575839614979025,0.004012114175140737,True,False,0.09622886866059818,2,0,39.11596896214918,False,True,23.392267186796992,50.84525357607282,Atencao,Atencao: foco visual fora da direcao,27.25222942954135
1777741236.0367088,2064,True,0.1507151734361061,0.1685447503824555,0.1596299619092808,0.0038712749569189933,True,False,0.09687906371911574,2,0,40.60754189978946,False,True,23.55624765422517,50.84525357607282,Atencao,Atencao: foco visual fora da direcao,27.267971577661232
1777741236.0715637,2065,True,0.16745797586189157,0.19425380933680395,0.18085589259934776,0.003976716414573665,True,False,0.09752925877763328,2,0,40.1457270367579,False,True,23.622558731619755,50.84525357607282,Atencao,Atencao: foco visual fora da direcao,27.451509894871634
1777741236.1045873,2066,True,0.17234116717214074,0.21079643429961303,0.1915688007358769,0.0037553527274704233,True,False,0.09811565951916829,2,0,40.193089977177706,False,True,23.70555698060181,50.84470435347628,Atencao,Atencao: foco visual fora da direcao,27.6909880652628
1777741236.1407611,2067,True,0.1760448266360876,0.21748834735016756,0.19676658699312757,0.003347806723563778,True,False,0.0987012987012987,2,0,39.75180762952024,False,True,23.764018250761865,50.84415584415584,Atencao,Atencao: foco visual fora da direcao,27.691627102842936
1777741236.175648,2068,True,0.16600221378386398,0.2170022221443351,0.19150221796409955,0.0036085227942638833,True,False,0.09928617780661908,2,0,39.95035373514349,False,True,23.854366433024584,50.843608046722906,Atencao,Atencao: foco visual fora da direcao,27.79283556284702
1777741236.2114635,2069,True,0.16557127463268542,0.21764759816435728,0.19160943639852135,0.003629031142839597,True,False,0.09987029831387809,2,0,39.91861577413299,False,True,23.933096104722168,50.843060959792474,Atencao,Atencao: foco visual fora da direcao,27.823764318001544
1777741236.2454438,2070,True,0.144129962781493,0.15629983292475938,0.1502148978531262,0.00393043577021375,True,False,0.10045366169799093,2,0,40.28624006563967,False,True,24.031689784613018,50.84251458198315,Atencao,Atencao: foco visual fora da direcao,27.917719987436154
1777741236.280238,2071,True,0.13540641481786167,0.09819326104124747,0.11679983792955456,0.0034122916629137426,True,False,0.10110174983797797,2,0,40.670508222146466,False,True,24.14001531168658,50.84251458198315,Atencao,Atencao: foco visual fora da direcao,27.996080245160087
1777741236.5031755,2072,True,0.1500731141696089,0.03407398855500854,0.09207355136230871,0.0033841605465957363,True,False,0.10208062418725618,2,0,41.33158077922734,False,True,24.307664162566375,50.84525357607282,Atencao,Atencao: foco visual fora da direcao,25.646590151470527
1777741236.5431976,2073,True,0.1508124269202222,0.04550038368080624,0.09815640530051423,0.002405470958890603,True,False,0.10273081924577374,2,0,41.00467595078728,False,True,24.38072074169053,50.84525357607282,Atencao,Atencao: foco visual fora da direcao,25.573608932061422
1777741236.58181,2074,True,0.14328245721087451,0.02262382837152638,0.08295314279120045,0.004107358270973896,True,False,0.1033810143042913,2,0,40.31479939926754,False,True,24.435628734660717,50.84525357607282,Atencao,Atencao: foco visual fora da direcao,25.59311601218585
1777741236.6182754,2075,True,0.15120759789647012,0.045310629796780764,0.09825911384662545,0.00392026281086843,True,False,0.10403120936280884,2,0,40.3763131244616,False,True,24.528106241466578,50.84525357607282,Atencao,Atencao: foco visual fora da direcao,25.74793580830741
1777741236.653226,2076,True,0.14378828092117002,0.020307884554438778,0.0820480827378044,0.004426010641855896,True,False,0.1046814044213264,2,0,40.312346463853665,False,True,24.614309728982345,50.84525357607282,Atencao,Atencao: foco visual fora da direcao,26.082063889912728
1777741236.691227,2077,True,0.14667735075084282,0.02951204255259305,0.08809469665171793,0.0037141290898148557,True,False,0.10533159947984395,2,0,40.81486216729338,False,True,24.728837334700497,50.84525357607282,Atencao,Atencao: foco visual fora da direcao,26.086808853833404
1777741236.726356,2078,True,0.14228229500831058,0.030961892562186347,0.08662209378524846,0.0038410197770934575,True,False,0.10598179453836151,2,0,41.26300301335075,False,True,24.840646197549532,50.84525357607282,Atencao,Atencao: foco visual fora da direcao,26.28391687504548
1777741236.7641125,2079,True,0.14759488141882982,0.027876050040642707,0.08773546572973626,0.0037152913526290656,True,False,0.10663198959687907,2,0,41.163667899370196,False,True,24.925081262396667,50.84525357607282,Atencao,Atencao: foco visual fora da direcao,26.357242128835395
1777741236.8013198,2080,True,0.15441260554489653,0.05058047055200819,0.10249653804845235,0.004371016605050255,True,False,0.10728218465539661,2,0,40.29851070371541,False,True,24.971225223160086,50.84525357607282,Atencao,Atencao: foco visual fora da direcao,26.413416644114193
1777741236.8371751,2081,True,0.14594640099876238,0.055610553898814814,0.1007784774487886,0.0045603189321364946,True,False,0.10793237971391417,2,0,40.13400179852138,False,True,25.05240159844655,50.84525357607282,Atencao,Atencao: foco visual fora da direcao,26.473857616564764
1777741236.8761787,2082,True,0.14663503996718058,0.04484067854440999,0.09573785925579528,0.004356838952956069,True,False,0.10858257477243173,2,0,40.281860885295,False,True,25.149196373331396,50.84525357607282,Atencao,Atencao: foco visual fora da direcao,26.45664573705827
1777741236.9114854,2083,True,0.14840663614031793,0.036863836982128494,0.09263523656122322,0.00422616494608371,True,False,0.10923276983094929,2,0,41.17727114124731,False,True,25.283368706675176,50.84525357607282,Atencao,Atencao: foco visual fora da direcao,26.621754294181525
1777741236.9489775,2084,True,0.14716059313926588,0.028015697685217493,0.08758814541224169,0.0044526015463438266,True,False,0.10988296488946683,2,0,41.39047714255073,False,True,25.38343082728651,50.84525357607282,Atencao,Atencao: foco visual fora da direcao,26.620398821478844
1777741236.9868393,2085,True,0.14703230679643414,0.03043697430975908,0.08873464055309661,0.0044221700804366335,True,False,0.11053315994798439,2,0,41.18589476834644,False,True,25.46260352912246,50.84525357607282,Atencao,Atencao: foco visual fora da direcao,26.648852617358727
1777741237.0249612,2086,True,0.14853842477644857,0.02185556647154059,0.08519699562399458,0.004232206470348647,True,False,0.11118335500650195,2,0,41.47180150422183,False,True,25.56630068646239,50.84525357607282,Atencao,Atencao: foco visual fora da direcao,26.589993531537868
1777741237.0596356,2087,True,0.152770431272118,0.024907457165746986,0.0888389442189325,0.004731407796261065,True,False,0.11176088369070825,2,0,41.946066117828536,False,True,25.669424111221094,50.84470435347628,Atencao,Atencao: foco visual fora da direcao,26.810075637821363
1777741237.0949616,2088,True,0.15405137048100911,0.023341442367387343,0.08869640642419822,0.004681020159899133,True,False,0.11241065627030539,2,0,41.91827675212513,False,True,25.75737837263053,50.84470435347628,Atencao,Atencao: foco visual fora da direcao,26.980825183203052
1777741237.130847,2089,True,0.15454512355565905,0.03315066841458169,0.09384789598512037,0.004226742773432659,True,False,0.11306042884990253,2,0,41.53042624159292,False,True,25.82732957679853,50.84470435347628,Atencao,Atencao: foco visual fora da direcao,27.057560635034065
1777741237.1664777,2090,True,0.16513939969184893,0.04158011104969965,0.1033597553707743,0.0039676922871977865,True,False,0.11378413524057217,2,0,40.86159885146401,False,True,25.893397836009157,50.84525357607282,Atencao,Atencao: foco visual fora da direcao,27.15419669339116
1777741237.1992252,2091,True,0.15613962394744688,0.02796192677508002,0.09205077536126345,0.00422594847869148,True,False,0.11435997400909681,2,0,41.2123518678275,False,True,25.990113317499468,50.84470435347628,Atencao,Atencao: foco visual fora da direcao,27.362548459172032
1777741237.2353618,2092,True,0.15552679313179205,0.030444955835381874,0.09298587448358696,0.0038009625498364092,True,False,0.11500974658869395,2,0,41.85409541780298,False,True,26.11154422469285,50.84470435347628,Atencao,Atencao: foco visual fora da direcao,27.503693363071893
1777741237.2696726,2093,True,0.15540610217945583,0.032367942842768394,0.09388702251111211,0.003680481158904226,True,False,0.11565951916829109,2,0,42.051127357374526,False,True,26.210739551366036,50.84470435347628,Atencao,Atencao: foco visual fora da direcao,27.599650842205204
1777741237.3079286,2094,True,0.1714002563144327,0.030080974643603268,0.10074061547901798,0.0034269476863137962,True,False,0.11638491547464239,2,0,41.58897189281203,False,True,26.287373770261215,50.84525357607282,Atencao,Atencao: foco visual fora da direcao,27.526615458814977
1777741237.346696,2095,True,0.16137991642813246,0.025374579916443048,0.09337724817228775,0.0036214115587934535,True,False,0.11703511053315994,2,0,41.71284765817902,False,True,26.38296937907573,50.84525357607282,Atencao,Atencao: foco visual fora da direcao,27.355531772202283
1777741237.3864765,2096,True,0.1534333380472669,0.02392475198824665,0.08867904501775677,0.0036879746794601736,True,False,0.1176853055916775,2,0,42.20097456520254,False,True,26.496777544973067,50.84525357607282,Atencao,Atencao: foco visual fora da direcao,27.127853320856705
1777741237.4269452,2097,True,0.1500513877354102,0.019878028297057013,0.08496470801623361,0.00375316119027523,True,False,0.11833550065019506,2,0,42.33564961715178,False,True,26.59291311811669,50.84525357607282,Atencao,Atencao: foco visual fora da direcao,26.85641463435268
1777741237.4664319,2098,True,0.15039051444836302,0.017300186317145774,0.0838453503827544,0.0032870678160350753,True,False,0.11898569570871262,2,0,42.932720588554034,False,True,26.71216848723297,50.84525357607282,Atencao,Atencao: foco visual fora da direcao,26.734882310382403
1777741237.507822,2099,True,0.16277980412788515,0.041412212768312015,0.10209600844809857,0.0035723990844791992,True,False,0.11963589076723016,2,0,42.38006462996656,False,True,26.77393750984976,50.84525357607282,Atencao,Atencao: foco visual fora da direcao,26.43800631595167
1777741237.5490777,2100,True,0.1396579624316466,0.032082502794724445,0.08587023261318552,0.003330139692314136,True,False,0.12028608582574772,2,0,42.08215090036392,False,True,26.84844364391579,50.84525357607282,Atencao,Atencao: foco visual fora da direcao,26.246207743797015
1777741237.5839584,2101,True,0.14168562856085667,0.02214066402363954,0.0819131462922481,0.0037219627899591763,True,False,0.12093628088426528,2,0,42.643963957374744,False,True,26.965936117312495,50.84525357607282,Atencao,Atencao: foco visual fora da direcao,26.49595137497299
1777741237.6194038,2102,True,0.14247700475386663,0.021264534115481713,0.08187076943467417,0.00361493670477586,True,False,0.12158647594278284,2,0,42.86845724961974,False,True,27.06656260247091,50.84525357607282,Atencao,Atencao: foco visual fora da direcao,26.672061107233368
1777741237.6532626,2103,True,0.1479026073467198,0.030437453295658355,0.08917003032118909,0.0037135141032570633,True,False,0.1222366710013004,2,0,42.46394766135649,False,True,27.13573894360391,50.84525357607282,Atencao,Atencao: foco visual fora da direcao,26.914462228619804
1777741237.6901822,2104,True,0.14691361325455674,0.047828047127840466,0.0973708301911986,0.0043770394455447375,True,False,0.12288686605981794,2,0,42.57238289388743,False,True,27.230562525776623,50.84525357607282,Atencao,Atencao: foco visual fora da direcao,26.944556181109512
1777741237.7283955,2105,True,0.14171362067861873,0.034898822339255696,0.08830622150893722,0.003949603334833306,True,False,0.1236174365647365,2,0,42.754090318354685,False,True,27.340101341426283,50.84580351333767,Atencao,Atencao: foco visual fora da direcao,26.8832732727997
1777741237.762445,2106,True,0.14700414837747236,0.012028379711679648,0.079516264044576,0.003524854730592436,True,False,0.12426805465191933,2,0,43.533330617709595,False,True,27.468523343381673,50.84580351333767,Atencao,Atencao: foco visual fora da direcao,27.14543381017035
1777741237.7958834,2107,True,0.14753827569176556,0.010716529198556432,0.07912740244516099,0.003580031573399032,True,False,0.12491867273910215,2,0,43.23615141781894,False,True,27.543124370374773,50.84580351333767,Atencao,Atencao: foco visual fora da direcao,27.449849491276986
1777741237.830389,2108,True,0.1468438853668961,0.013974391229568122,0.08040913829823211,0.003724789858268549,True,False,0.12548764629388817,2,0,43.191493323716244,False,True,27.619125329452718,50.84525357607282,Atencao,Atencao: foco visual fora da direcao,27.563820791280225
1777741237.8647199,2109,True,0.14302886322244626,0.013420012016531447,0.07822443761948886,0.0035275716764407157,True,False,0.12613784135240572,2,0,43.132767950946636,False,True,27.705590881360404,50.84525357607282,Atencao,Atencao: foco visual fora da direcao,27.683059490928862
1777741237.9007802,2110,True,0.1452127968680035,0.01422244611870671,0.07971762149335511,0.00335676008294593,True,False,0.1267880364109233,2,1,43.20711433508178,False,True,52.79871002111333,50.84525357607282,Atencao,Risco: olhos fechados por tempo prolongado,27.73659117502861
1777741237.934926,2111,True,0.14625233663359652,0.01827581981796992,0.08226407822578322,0.003698485808911194,True,False,0.12743823146944083,2,1,42.948239305344494,False,True,52.87516809017262,50.84525357607282,Atencao,Risco: olhos fechados por tempo prolongado,27.867612079798697
1777741237.968161,2112,True,0.14899676668840311,0.022189364438462388,0.08559306556343275,0.003442318490802552,True,False,0.12808842652795838,2,1,42.27343272404237,False,True,52.93082958165368,50.84525357607282,Atencao,Risco: olhos fechados por tempo prolongado,28.112816891896877
1777741238.00453,2113,True,0.1516778038997658,0.025451458841230703,0.08856463137049825,0.0034866381769871743,True,False,0.12873862158647595,2,1,41.78615298216993,False,True,52.995867415106225,50.84525357607282,Atencao,Risco: olhos fechados por tempo prolongado,28.044447516246667
1777741238.0404565,2114,True,0.15101641099436255,0.03258095202492627,0.09179868150964442,0.003029530473865026,True,False,0.1293888166449935,2,1,41.961346447467804,False,True,53.094028908917274,50.84525357607282,Atencao,Risco: olhos fechados por tempo prolongado,28.032565609240372
1777741238.0764751,2115,True,0.15896334336225473,0.05477874931031224,0.10687104633628348,0.003918966892607478,True,False,0.13003901170351106,2,1,42.32128187526356,False,True,53.201427500853235,50.84525357607282,Atencao,Risco: olhos fechados por tempo prolongado,27.986218552658503
1777741238.1126773,2116,True,0.15904004043477557,0.056380851189346964,0.10771044581206127,0.0038273581774330104,True,False,0.1306892067620286,2,1,41.95470259514722,False,True,53.272500357393575,50.84525357607282,Atencao,Risco: olhos fechados por tempo prolongado,27.963038481298664
1777741238.148027,2117,True,0.1628444987350305,0.027265494235762074,0.0950549964853963,0.0033813746664924527,True,False,0.13133940182054615,2,1,43.02884069085121,False,True,53.41560908272494,50.84525357607282,Atencao,Risco: olhos fechados por tempo prolongado,27.994381096692987
1777741238.1822708,2118,True,0.1588792845584513,0.029274423360113395,0.09407685395928235,0.003265185372030797,True,False,0.13198959687906373,2,1,43.481960707902914,False,True,53.52766690412369,50.84525357607282,Atencao,Risco: olhos fechados por tempo prolongado,28.07889007233567
1777741238.2171874,2119,True,0.15102415367606759,0.03541373974436032,0.09321894671021395,0.0034281651316604355,True,False,0.13263979193758127,2,1,42.823822585019194,False,True,53.58416181852567,50.84525357607282,Atencao,Risco: olhos fechados por tempo prolongado,28.127719494365518
1777741238.2536647,2120,True,0.15409687877414321,0.030373923906350405,0.09223540134024681,0.003186937268106672,True,False,0.13328998699609884,2,1,42.51199847730723,False,True,53.65797243368623,50.84525357607282,Atencao,Risco: olhos fechados por tempo prolongado,28.111243011830936
1777741238.2874968,2121,True,0.1603485053590961,0.036012491829553954,0.09818049859432502,0.0032034274454527958,True,False,0.13394018205461639,2,1,42.746444657174024,False,True,53.75909656322573,50.84525357607282,Atencao,Risco: olhos fechados por tempo prolongado,28.219375005174786
1777741238.3225546,2122,True,0.16468983830799044,0.03698113542756798,0.10083548686777921,0.00352824523304195,True,False,0.13459037711313393,2,1,42.94930691448125,False,True,53.85864149663727,50.84525357607282,Atencao,Risco: olhos fechados por tempo prolongado,28.273496611275966
1777741238.3613281,2123,True,0.1807159424254192,0.05371834460011725,0.11721714351276821,0.0038716024116036804,True,False,0.1352405721716515,2,1,42.401779298890716,False,True,53.9206669364039,50.84525357607282,Atencao,Risco: olhos fechados por tempo prolongado,28.0035805139307
1777741238.400447,2124,True,0.16645537617111625,0.07873644701241436,0.1225959115917653,0.003726490924121731,True,False,0.13589076723016905,2,1,42.87085463242097,False,True,54.03352252362657,50.84525357607282,Atencao,Risco: olhos fechados por tempo prolongado,27.767785333147497
1777741238.4424767,2125,True,0.17692693409303736,0.10701045160330683,0.1419686928481721,0.003922717878974987,True,False,0.13654096228868662,2,1,42.0876150412993,False,True,54.08376236461665,50.84525357607282,Atencao,Risco: olhos fechados por tempo prolongado,27.393374572521182
1777741238.482948,2126,True,0.17563169956606023,0.1090073313209051,0.14231951544348265,0.003997041804033617,True,False,0.1372804163955758,2,1,42.19752782637423,False,True,54.19093294356767,50.84580351333767,Atencao,Risco: olhos fechados por tempo prolongado,27.087008747511593
1777741238.5206184,2127,True,0.18165499874771196,0.15984171216425475,0.17074835545598335,0.004785526215401201,True,False,0.13793103448275862,2,1,40.97475501840765,False,True,54.219254290156975,50.84580351333767,Atencao,Risco: olhos fechados por tempo prolongado,27.069040452774168
1777741238.5604959,2128,True,0.185326248337327,0.159726610859622,0.1725264295984745,0.0044404851908808355,True,False,0.13858165256994145,2,1,41.72025190700184,False,True,54.34598912157433,50.84580351333767,Atencao,Risco: olhos fechados por tempo prolongado,26.85306941249381
1777741238.5995858,2129,True,0.19319083307823262,0.19605985966265763,0.19462534637044512,0.0049583897806315435,True,False,0.13923227065712426,2,1,41.436692119728434,False,True,54.421271119198295,50.84580351333767,Atencao,Risco: olhos fechados por tempo prolongado,26.72852291282389
1777741238.6367989,2130,True,0.1946433180988703,0.20204541953817062,0.19834436881852047,0.004767143767046507,True,False,0.1398828887443071,2,1,41.5760553912683,False,True,54.51769926976293,50.84580351333767,Atencao,Risco: olhos fechados por tempo prolongado,26.734919040600182
1777741238.6736658,2131,True,0.19603120174328165,0.20216847562486936,0.1990998386840755,0.0047561069274189675,True,False,0.1405335068314899,2,1,41.37122559980912,False,True,54.5969177671776,50.84580351333767,Atencao,Risco: olhos fechados por tempo prolongado,26.82014675555776
1777741238.7100828,2132,True,0.21655657698397873,0.22366441085349276,0.22011049391873574,0.00473908937364621,False,False,0.1405335068314899,2,1,41.30712468569929,False,True,38.90908934542326,50.84580351333767,Atencao,Atencao: foco visual fora da direcao,26.859309373028204
1777741238.7452857,2133,True,0.20834797753755813,0.24204547439411517,0.22519672596583665,0.005097117391733389,False,False,0.1405335068314899,2,1,41.092162842642175,False,True,38.89834125327041,50.84580351333767,Atencao,Atencao: foco visual fora da direcao,26.991176774905675
1777741238.779855,2134,True,0.2336572784237781,0.27097980570586333,0.25231854206482074,0.004961453412238017,False,False,0.1405335068314899,2,1,40.116743051463914,False,True,38.84957026371149,50.84580351333767,Atencao,Atencao: foco visual fora da direcao,27.196966942772992
1777741238.812903,2135,True,0.22788377970088172,0.28396850943640695,0.2559261445686443,0.004666483438430265,False,False,0.1405335068314899,2,1,40.25497683557597,False,True,38.8564819529171,50.84580351333767,Atencao,Atencao: foco visual fora da direcao,27.530630775309966
1777741238.8481405,2136,True,0.2254421249395971,0.29463451153062237,0.2600383182351097,0.004987133190866588,False,False,0.1405335068314899,2,1,40.213740622455425,False,True,38.85442014226107,50.84580351333767,Atencao,Atencao: foco visual fora da direcao,27.4812861201375
1777741238.8860571,2137,True,0.23650293603322584,0.290463586740777,0.2634832613870014,0.004657248628717644,False,False,0.1405335068314899,2,1,40.272848243605004,False,True,38.85737552331855,50.84580351333767,Atencao,Atencao: foco visual fora da direcao,27.508414429085665
1777741238.9245412,2138,True,0.23070428180610356,0.29934591326100235,0.26502509753355297,0.0047890314073487485,False,False,0.1405335068314899,2,1,40.60739425691691,False,True,38.874102823984146,50.84580351333767,Atencao,Atencao: foco visual fora da direcao,27.333624465374214
1777741238.9599738,2139,True,0.24329355167233888,0.3030406310511366,0.2731670913617377,0.004630426619525891,False,False,0.1405335068314899,2,1,40.61062216000123,False,True,38.87426421913836,50.84580351333767,Atencao,Atencao: foco visual fora da direcao,27.450694142742645
1777741238.994662,2140,True,0.2401430324362507,0.3064218148538853,0.273282423645068,0.004747650821215277,False,False,0.1405335068314899,2,1,40.92674824595451,False,True,38.89007052343602,50.84580351333767,Atencao,Atencao: foco visual fora da direcao,27.546348203810016
1777741239.029376,2141,True,0.23179611334792669,0.29759998495441553,0.2646980491511711,0.0049252175430365445,False,False,0.1405335068314899,2,1,40.916586119478396,False,True,38.88956241711222,50.84580351333767,Atencao,Atencao: foco visual fora da direcao,27.65568066713808
1777741239.0666873,2142,True,0.237356027732098,0.30336932547443934,0.2703626766032687,0.004194876372177728,False,False,0.1405335068314899,2,1,41.8165756073865,False,True,38.93456189150763,50.84580351333767,Atencao,Atencao: foco visual fora da direcao,27.604310298471976
1777741239.1011152,2143,True,0.24386833583520748,0.2992776573854392,0.27157299661032336,0.004257276165008574,False,False,0.14044213263979194,2,1,43.1089750111103,False,True,38.98661791033534,50.84525357607282,Atencao,Atencao: foco visual fora da direcao,27.752056480263754
1777741239.138503,2144,True,0.24857013571013895,0.30345363129132,0.27601188350072947,0.004549065937009794,False,False,0.14044213263979194,2,1,42.93741824897852,False,True,38.97804007222875,50.84525357607282,Atencao,Atencao: foco visual fora da direcao,27.635647460387105
1777741239.1712852,2145,True,0.24587563910977855,0.3013294920178865,0.27360256556383256,0.004362572964283977,False,False,0.14044213263979194,2,1,42.32541737664829,False,True,38.94744002861224,50.84525357607282,Atencao,Atencao: foco visual fora da direcao,27.933688343946233
1777741239.20707,2146,True,0.24131504841890425,0.30127183501870264,0.27129344171880343,0.004551146626850822,False,False,0.14044213263979194,2,1,42.74523270292715,False,True,38.968430794926185,50.84525357607282,Atencao,Atencao: foco visual fora da direcao,27.928965259414138
1777741239.2420933,2147,True,0.23587651583445218,0.27012810720257197,0.25300231151851205,0.004075911260945646,False,False,0.14044213263979194,2,1,44.638226772980246,False,True,39.06308049842884,50.84525357607282,Atencao,Atencao: foco visual fora da direcao,27.982622412858603
1777741239.276565,2148,True,0.2429799284853458,0.2626042454348765,0.25279208696011113,0.004497977932052883,False,False,0.14044213263979194,2,1,44.49150809645653,False,True,39.055744564602655,50.84525357607282,Atencao,Atencao: foco visual fora da direcao,28.067193185566687
1777741239.3121278,2149,True,0.24822810969276876,0.26701047587708826,0.2576192927849285,0.00484027706737691,False,False,0.14044213263979194,2,1,44.367377889156344,False,True,39.049538054237644,50.84525357607282,Atencao,Atencao: foco visual fora da direcao,28.115748560820197
1777741239.3498938,2150,True,0.25125638526660027,0.27964109848650587,0.2654487418765531,0.005198666482723983,False,False,0.1397919375812744,2,1,45.214373838359656,False,True,39.00248603115165,50.84525357607282,Atencao,Atencao: foco visual fora da direcao,27.914049473280286
1777741239.3976018,2151,True,0.25744337257894107,0.2943930011646064,0.2759181868717737,0.0053280638806663646,False,False,0.13858165256994145,2,1,45.26181933121248,False,True,38.838444116736014,50.84580351333767,Atencao,Atencao: foco visual fora da direcao,27.242555150974994
1777741239.4328864,2152,True,0.26127843626380254,0.30915619890246276,0.2852173175831326,0.005346199887708422,False,False,0.13793103448275862,2,1,45.419764060865745,False,True,38.756881366231035,50.84580351333767,Atencao,Atencao: foco visual fora da direcao,27.36130867513139
1777741239.4680011,2153,True,0.26083977249739176,0.3107479952359145,0.28579388386665316,0.005121235941251701,False,False,0.1372804163955758,2,1,45.75027988769791,False,True,38.683947170585,50.84580351333767,Atencao,Atencao: foco visual fora da direcao,27.457493396977537
1777741239.5027006,2154,True,0.2619383966612695,0.31756300432285733,0.2897507004920634,0.005202167258224561,False,False,0.13662979830839297,2,1,45.774293068864125,False,True,38.59568784265568,50.84580351333767,Atencao,Atencao: foco visual fora da direcao,27.58468810487876
1777741239.5370913,2155,True,0.2662707867835768,0.3184138852508673,0.29234233601722204,0.005158758738780021,False,False,0.13597918022121014,2,1,45.314002045718105,False,True,38.48321330451074,50.84580351333767,Atencao,Atencao: foco visual fora da direcao,27.728648341565133
1777741239.5705633,2156,True,0.2661904863634528,0.3482857617322525,0.30723812404785267,0.005398660315307177,False,False,0.13532856213402733,2,1,45.436601012945175,False,True,38.399883265884455,50.84580351333767,Atencao,Atencao: foco visual fora da direcao,27.930406990665258
1777741239.608515,2157,True,0.2658133946063498,0.34516733443732056,0.3054903645218352,0.005390104034050052,False,False,0.1346779440468445,2,1,45.45317119197412,False,True,38.311251787848256,50.84580351333767,Atencao,Atencao: foco visual fora da direcao,27.779541752895668
1777741239.6406097,2158,True,0.2664008713555462,0.35480341843259267,0.31060214489406945,0.005583102750455699,False,False,0.1346779440468445,2,1,45.16897156075997,False,True,38.295171249135564,50.84580351333767,Atencao,Atencao: foco visual fora da direcao,27.99464070310951
1777741239.6757665,2159,True,0.26901610308630514,0.3621780592530553,0.3155970811696802,0.00532330630422066,False,False,0.1346779440468445,2,1,44.930689861557696,False,True,38.28325716417545,50.84580351333767,Atencao,Atencao: foco visual fora da direcao,28.168800587225775
1777741239.709878,2160,True,0.27192388777864424,0.3613789977591318,0.316651442768888,0.00516943195477412,False,False,0.1346779440468445,2,1,45.33378782218153,False,True,38.30341206220664,50.84580351333767,Atencao,Atencao: foco visual fora da direcao,28.265138676010537
1777741239.743997,2161,True,0.27190520600877277,0.3535197685075106,0.3127124872581417,0.0051521473064123375,False,False,0.1346779440468445,2,1,45.243280082399195,False,True,38.298886675217524,50.84580351333767,Atencao,Atencao: foco visual fora da direcao,28.369500112437013
1777741239.779597,2162,True,0.2691382766595109,0.36632572370126576,0.31773200018038833,0.005104669137091141,False,False,0.1340273259596617,2,1,45.20253551710736,False,True,38.2073894599653,50.84580351333767,Atencao,Atencao: foco visual fora da direcao,28.371418755103218
1777741239.8162415,2163,True,0.27193666254132043,0.34654368885089376,0.30924017569610707,0.004518672034050325,False,False,0.13337670787247885,2,1,44.94335902279074,False,True,38.104970648261826,50.84580351333767,Atencao,Atencao: foco visual fora da direcao,28.272929956744846
1777741239.8510864,2164,True,0.27184190684282256,0.3510301441886586,0.31143602551574057,0.004963277831073173,False,False,0.13337670787247885,2,1,44.9545425620946,False,True,38.133849092438155,50.84580351333767,Atencao,Atencao: foco visual fora da direcao,28.254554712381164
1777741239.8877122,2165,True,0.2729977119752148,0.3491744831903529,0.3110860975827838,0.004543649563770104,False,False,0.13272608978529604,2,1,44.47253097079017,False,True,38.0202885258853,50.84580351333767,Atencao,Atencao: foco visual fora da direcao,28.173012553253123
1777741239.9225988,2166,True,0.28479792595477643,0.361655174283335,0.3232265501190557,0.004230140335600113,False,False,0.13272608978529604,2,1,45.116810064424165,False,True,38.08748626902741,50.84580351333767,Atencao,Atencao: foco visual fora da direcao,28.2317869530144
1777741239.9573872,2167,True,0.2804899521364469,0.35684699858955193,0.3186684753629994,0.0038697590837047115,False,False,0.1320754716981132,2,1,44.88464821360328,False,True,37.98641818949872,50.84580351333767,Atencao,Atencao: foco visual fora da direcao,28.288386166476744
1777741239.9949608,2168,True,0.28022293551135574,0.34633510296044523,0.3132790192359005,0.004523569499585266,False,False,0.1320754716981132,2,1,45.39180562333627,False,True,38.04984937927377,50.84580351333767,Atencao,Atencao: foco visual fora da direcao,28.130123942746685
1777741240.029652,2169,True,0.2775101506701323,0.34226432660969064,0.30988723863991147,0.004408429975678953,False,False,0.13198959687906373,2,1,45.670105443759404,False,True,38.05195658267563,50.84525357607282,Atencao,Atencao: foco visual fora da direcao,28.140726001198406
1777741240.0658803,2170,True,0.28204083356482706,0.3304391448835952,0.30623998922421114,0.004442838655064684,False,False,0.13133940182054615,2,1,45.72823068499565,False,True,37.96546102419127,50.84525357607282,Atencao,Atencao: foco visual fora da direcao,28.142174806361034
1777741240.1014786,2171,True,0.2775615866180635,0.3238477448189198,0.30070466571849164,0.004660162609400401,False,False,0.13133940182054615,2,1,45.30652294809168,False,True,37.98558265246309,50.84525357607282,Atencao,Atencao: foco visual fora da direcao,28.136070524081685
1777741240.135247,2172,True,0.2768229907906561,0.3366918732414167,0.3067574320160364,0.004510708884760079,False,False,0.1306892067620286,2,1,45.71152211048386,False,True,37.91643079003653,50.84525357607282,Atencao,Atencao: foco visual fora da direcao,28.271480859493945
1777741240.1693757,2173,True,0.27132242124435635,0.3269241843940016,0.299123302819179,0.004062087569393821,False,False,0.1306892067620286,2,1,45.08100158626383,False,True,37.93015540465665,50.84525357607282,Atencao,Atencao: foco visual fora da direcao,28.35983566908269
1777741240.2037609,2174,True,0.2753966704451342,0.33772514412768856,0.3065609072864114,0.004334688771767223,False,False,0.1306892067620286,2,1,45.968869032643056,False,True,37.97454877697562,50.84525357607282,Atencao,Atencao: foco visual fora da direcao,28.45351671306545
1777741240.2378418,2175,True,0.27242149089201684,0.3305356915189032,0.30147859120546006,0.003920294711075347,False,False,0.1306892067620286,2,1,45.48147233670407,False,True,37.95017894217867,50.84525357607282,Atencao,Atencao: foco visual fora da direcao,28.54285068033218
1777741240.2743492,2176,True,0.2784203653554872,0.33720432299795,0.3078123441767186,0.004531367837692172,False,False,0.1306892067620286,2,1,46.07207131331617,False,True,37.979708891009274,50.84525357607282,Atencao,Atencao: foco visual fora da direcao,28.44049815867013
1777741240.312533,2177,True,0.28087010552098923,0.32997533008608965,0.30542271780353947,0.004780250030013401,False,False,0.13077423552374756,2,1,46.0426635064862,False,True,37.989929955404136,50.84580351333767,Atencao,Atencao: foco visual fora da direcao,28.19140426683149
1777741240.3521051,2178,True,0.2837838711623193,0.32044409868677476,0.302113984924547,0.004351789645680409,False,False,0.13077423552374756,2,1,45.656766866012056,False,True,37.97063512338043,50.84580351333767,Atencao,Atencao: foco visual fora da direcao,27.87988701557677
1777741240.391851,2179,True,0.2795820409874098,0.3288939961653135,0.3042380185763617,0.004143144261188219,False,False,0.13077423552374756,2,1,45.966962508721785,False,True,37.98614490551592,50.84580351333767,Atencao,Atencao: foco visual fora da direcao,27.59370586684721
1777741240.4306185,2180,True,0.2792787740559002,0.33104739810314243,0.3051630860795213,0.004554518711621475,False,False,0.13077423552374756,2,1,45.89379176226529,False,True,37.98248636819309,50.84580351333767,Atencao,Atencao: foco visual fora da direcao,27.482815717432096
1777741240.4685178,2181,True,0.2782686946132773,0.33176755059608787,0.3050181226046826,0.00442627841462479,False,False,0.13077423552374756,2,1,45.52916149442846,False,True,37.964254854801254,50.84580351333767,Atencao,Atencao: foco visual fora da direcao,27.29424581757071
1777741240.5084426,2182,True,0.2892174671776875,0.34018102054180804,0.3146992438597478,0.004817065086889681,False,False,0.13077423552374756,2,1,45.15359293276614,False,True,37.94547642671814,50.84580351333767,Atencao,Atencao: foco visual fora da direcao,27.13358709962427
1777741240.546558,2183,True,0.2879575415210537,0.32978787049989794,0.3088727060104758,0.005017197542907913,False,False,0.13077423552374756,2,1,45.75084936185316,False,True,37.97533924817249,50.84580351333767,Atencao,Atencao: foco visual fora da direcao,27.022822654169993
1777741240.5854115,2184,True,0.2848136194155545,0.325943221448829,0.30537842043219177,0.0051042131118032305,False,False,0.13077423552374756,2,1,46.15783650333232,False,True,37.99568860524644,50.84580351333767,Atencao,Atencao: foco visual fora da direcao,26.873847050836478
1777741240.628472,2185,True,0.28086315004103285,0.3273065821044817,0.3040848660727573,0.005390438141997097,False,False,0.13077423552374756,2,1,46.090734870325434,False,True,37.9923335235961,50.84580351333767,Atencao,Atencao: foco visual fora da direcao,26.516345895957254
1777741240.6667879,2186,True,0.28016233422831954,0.31797110891980135,0.29906672157406045,0.005110406291817951,False,False,0.13077423552374756,2,1,45.514824578978796,False,True,37.96353800902877,50.84580351333767,Atencao,Atencao: foco visual fora da direcao,26.456486052567822
1777741240.707514,2187,True,0.2855719685690034,0.3119910589412662,0.29878151375513484,0.00544989833677794,False,False,0.13020833333333334,2,1,44.574291453578255,False,True,37.83869980157677,50.846354166666664,Atencao,Atencao: foco visual fora da direcao,26.27709290614995
1777741240.753197,2188,True,0.27928192808890584,0.31871823405458116,0.2990000810717435,0.005301138643895013,False,False,0.12955729166666666,2,1,44.324801192500374,False,True,37.73670705935622,50.846354166666664,Atencao,Atencao: foco visual fora da direcao,25.83197959631153
1777741240.7934494,2189,True,0.278987807371188,0.3140446816557872,0.29651624451348757,0.005463759540964939,False,False,0.12890625,2,1,44.38485165346752,False,True,37.65019135323791,50.846354166666664,Atencao,Atencao: foco visual fora da direcao,25.789025446494897
1777741240.8301132,2190,True,0.2815957017129123,0.311647199547593,0.2966214506302527,0.0052008459488048706,False,False,0.12825520833333334,2,1,44.36529607610269,False,True,37.559695345203,50.846354166666664,Atencao,Atencao: foco visual fora da direcao,25.90477805484366
1777741240.8655264,2191,True,0.28266849946847566,0.3020149872228745,0.2923417433456751,0.005429715632672088,False,False,0.12825520833333334,2,1,44.87026421590284,False,True,37.617213654337505,50.846354166666664,Atencao,Atencao: foco visual fora da direcao,26.175964534521817
1777741240.900926,2192,True,0.2859731213108027,0.2964061720339081,0.2911896466723554,0.005044208739841985,False,False,0.12825520833333334,2,1,45.70176983800801,False,True,37.658788935442765,50.846354166666664,Atencao,Atencao: foco visual fora da direcao,26.360948698681675
1777741240.9381447,2193,True,0.2880404991594266,0.3020054512783545,0.29502297521889054,0.004771370495425111,False,False,0.12825520833333334,2,1,45.96633443561467,False,True,37.6720171653231,50.846354166666664,Atencao,Atencao: foco visual fora da direcao,26.41714391805826
1777741240.9744797,2194,True,0.28517052900355716,0.29856909066306814,0.2918698098333127,0.004422750431281151,False,False,0.12825520833333334,2,1,45.97811186963862,False,True,37.672606037024295,50.846354166666664,Atencao,Atencao: foco visual fora da direcao,26.510173073572318
1777741241.0103493,2195,True,0.2847168569060745,0.29903760907815297,0.29187723299211377,0.004080034133841384,False,False,0.12825520833333334,2,1,45.85250865654512,False,True,37.66632587636962,50.846354166666664,Atencao,Atencao: foco visual fora da direcao,26.640410114224558
1777741241.045846,2196,True,0.2870943802173686,0.3059188482311407,0.2965066142242546,0.004515463207760765,False,False,0.12825520833333334,2,1,45.66322232918306,False,True,37.656861560001516,50.846354166666664,Atencao,Atencao: foco visual fora da direcao,26.799848023426406
1777741241.0828478,2197,True,0.28230666050397807,0.3127550327024977,0.2975308466032379,0.0046766774193121585,False,False,0.12833876221498372,2,1,45.46207947785204,False,True,37.6582930761619,50.846905537459286,Atencao,Atencao: foco visual fora da direcao,26.855414721637224
1777741241.117015,2198,True,0.28290432762530565,0.32089400934337997,0.30189916848434284,0.005003695056209895,False,False,0.12825520833333334,2,1,45.55971468849616,False,True,37.65168617796717,50.846354166666664,Atencao,Atencao: foco visual fora da direcao,27.001924135175397
1777741241.1545985,2199,True,0.28192535702507876,0.3138046968433679,0.29786502693422334,0.0049210831332261095,False,False,0.12817176317501627,2,1,45.436328104951166,False,True,37.634043139521324,50.84580351333767,Atencao,Atencao: foco visual fora da direcao,26.99675724363408
1777741241.196945,2200,True,0.2882450713343095,0.3142235624524441,0.30123431689337676,0.004455038139114378,False,False,0.12808842652795838,2,1,45.731428166411135,False,True,37.637339353623865,50.84525357607282,Atencao,Atencao: foco visual fora da direcao,26.666379211072943
1777741241.2376087,2201,True,0.2870146525989563,0.30435001778972837,0.29568233519434234,0.004968916565677479,False,False,0.12800519818063677,2,1,46.17272406112064,False,True,37.647960250602615,50.84470435347628,Atencao,Atencao: foco visual fora da direcao,26.46258316465972
1777741241.2737153,2202,True,0.28545130073419184,0.3127575865975712,0.2991044436658815,0.00479470660383273,False,False,0.1279220779220779,2,1,46.73533281358805,False,True,37.66466165267414,50.84415584415584,Atencao,Atencao: foco visual fora da direcao,26.585364765616802
1777741241.3095036,2203,True,0.2794598331863552,0.31112150265437877,0.29529066792036696,0.004458517887125526,False,False,0.1279220779220779,2,1,47.67420049092986,False,True,37.711605036541236,50.84415584415584,Atencao,Atencao: foco visual fora da direcao,26.70183106367521
1777741241.5316641,2204,True,0.14648684560144387,0.11574050016406894,0.1311136728827564,0.002774918370071501,True,False,0.1289902280130293,2,1,44.80711684606292,False,True,37.71512149180371,50.846905537459286,Atencao,Atencao: foco visual fora da direcao,24.482386108686708
1777741241.5704148,2205,True,0.14425443485190517,0.09591644363614224,0.1200854392440237,0.002594274633848034,True,False,0.12964169381107493,2,1,41.46923589110374,False,True,37.63780399128702,50.846905537459286,Atencao,Atencao: foco visual fora da direcao,24.5873368156527
1777741241.610711,2206,True,0.14927475946181612,0.09854996417928763,0.12391236182055188,0.003202337653684539,True,False,0.13029315960912052,2,1,42.09956990588795,False,True,37.7588972392575,50.846905537459286,Atencao,Atencao: foco visual fora da direcao,24.57284389176868
1777741241.64628,2207,True,0.1780988453202412,0.1845673016536706,0.1813330734869559,0.003353287516906877,True,False,0.13102998696219034,2,1,42.25611303936351,False,True,37.86803815697837,50.847457627118644,Atencao,Atencao: foco visual fora da direcao,25.002295524879738
1777741241.6809208,2208,True,0.18365284060569037,0.211994125507674,0.19782348305668218,0.0031962362754664932,True,False,0.1316818774445893,2,1,41.72161728360436,False,True,37.93094831052028,50.847457627118644,Atencao,Atencao: foco visual fora da direcao,25.329288734861386
1777741241.7183762,2209,True,0.21441732902714336,0.25346978253069136,0.23394355577891734,0.0035724890210070133,False,False,0.1316818774445893,2,1,41.20231709100983,False,True,37.87954342242869,50.847457627118644,Atencao,Atencao: foco visual fora da direcao,25.498295800320264
1777741241.757059,2210,True,0.22697731928764617,0.26439681199951287,0.2456870656435795,0.00367832445751624,False,False,0.13102998696219034,2,1,40.07733281634071,False,True,37.733659267365375,50.847457627118644,Atencao,Atencao: foco visual fora da direcao,25.55406460671714
1777741241.7894084,2211,True,0.2325736982882652,0.277889670963365,0.2552316846258151,0.0036165932287475903,False,False,0.1303780964797914,2,1,39.95977070819248,False,True,37.638146220628116,50.847457627118644,Atencao,Atencao: foco visual fora da direcao,26.069845193511824
1777741241.8251197,2212,True,0.244124419898183,0.28571946859045094,0.264921944244317,0.003218546217346613,False,False,0.12972620599739243,2,1,39.61285880316387,False,True,37.53116568404682,50.847457627118644,Atencao,Atencao: foco visual fora da direcao,26.29275568204914
1777741241.8607109,2213,True,0.2560034433884481,0.3115944463920767,0.28379894489026236,0.0036879002698115768,False,False,0.12972620599739243,2,1,39.96118900288235,False,True,37.58650320383151,50.847457627118644,Atencao,Atencao: foco visual fora da direcao,26.461622151625477
1777741241.9024904,2214,True,0.2451698168820178,0.31383333746680375,0.27950157717441076,0.003779129054275378,False,False,0.12972620599739243,2,1,39.546658572825514,False,True,37.56577668232867,50.847457627118644,Atencao,Atencao: foco visual fora da direcao,26.20712355154266
1777741241.9409077,2215,True,0.25410877094168405,0.31397071704840435,0.28403974399504417,0.0036637985803705036,False,False,0.12972620599739243,2,1,39.79747502749616,False,True,37.5783175050622,50.847457627118644,Atencao,Atencao: foco visual fora da direcao,26.16835566043511
1777741241.9769673,2216,True,0.2515363361469555,0.3143163803214812,0.2829263582342183,0.004044461784148488,False,False,0.12972620599739243,2,1,40.93217725645412,False,True,37.6350526165101,50.847457627118644,Atencao,Atencao: foco visual fora da direcao,26.34160524506079
1777741242.0127814,2217,True,0.2564523468093321,0.3240102128206608,0.2902312798149964,0.004699978291471733,False,False,0.12964169381107493,2,1,41.55953823002901,False,True,37.65480023957019,50.846905537459286,Atencao,Atencao: foco visual fora da direcao,26.507247617493064
1777741242.0485806,2218,True,0.2583223169093331,0.3346900545667457,0.29650618573803944,0.004714604328387459,False,False,0.12964169381107493,2,1,41.80343744321303,False,True,37.666995200229394,50.846905537459286,Atencao,Atencao: foco visual fora da direcao,26.653576998682603
1777741242.084219,2219,True,0.25739483877057767,0.33564848426570587,0.29652166151814174,0.004636774642084449,False,False,0.12964169381107493,2,1,41.47782163403251,False,True,37.650714409770366,50.846905537459286,Atencao,Atencao: foco visual fora da direcao,26.809205175828527
1777741242.1201332,2220,True,0.26197374603968365,0.33942518974012165,0.30069946788990265,0.004322724513272907,False,False,0.12964169381107493,2,1,42.14482489661737,False,True,37.68406457289961,50.846905537459286,Atencao,Atencao: foco visual fora da direcao,26.929412952183228
1777741242.1553276,2221,True,0.25495201716674065,0.33787810691123404,0.2964150620389874,0.005376998775600245,False,False,0.12964169381107493,2,1,42.62667531208558,False,True,37.70815709367302,50.846905537459286,Atencao,Atencao: foco visual fora da direcao,27.053008107749772
1777741242.1911721,2222,True,0.2484293141011264,0.3242324129467829,0.28633086352395465,0.0049227259070943425,False,False,0.12964169381107493,2,1,43.48847838423468,False,True,37.751247247280475,50.846905537459286,Atencao,Atencao: foco visual fora da direcao,27.149910948437718
1777741242.225322,2223,True,0.24463086493937009,0.3314214315410938,0.288026148240232,0.004972253928764845,False,False,0.12964169381107493,2,1,43.14481069012122,False,True,37.7340638625748,50.846905537459286,Atencao,Atencao: foco visual fora da direcao,27.350660769826717
1777741242.2599082,2224,True,0.24696906568387797,0.3272015904749142,0.2870853280793961,0.004825430478670983,False,False,0.12964169381107493,2,1,43.5392706811428,False,True,37.75378686212588,50.846905537459286,Atencao,Atencao: foco visual fora da direcao,27.50800010521824
1777741242.2940285,2225,True,0.242092490408426,0.32757159578927386,0.2848320430988499,0.0051160690311387366,False,False,0.12964169381107493,2,1,44.245799364826894,False,True,37.789113296310084,50.846905537459286,Atencao,Atencao: foco visual fora da direcao,27.668815109797873
1777741242.3292162,2226,True,0.24327686857302885,0.3209197054687243,0.2820982870208766,0.005228933274110038,False,False,0.12964169381107493,2,1,43.6716740803285,False,True,37.76040703208517,50.846905537459286,Atencao,Atencao: foco visual fora da direcao,27.74847917529748
1777741242.3645988,2227,True,0.24087013833456947,0.33760880102069774,0.2892394696776336,0.005178048176044468,False,False,0.12964169381107493,2,1,43.98339635621418,False,True,37.77599314587945,50.846905537459286,Atencao,Atencao: foco visual fora da direcao,27.75464582797661
1777741242.4045932,2228,True,0.24268586763912786,0.3199149242537769,0.2813003959464524,0.005231138260091932,False,False,0.12964169381107493,2,1,42.90820465575565,False,True,37.72223356085652,50.846905537459286,Atencao,Atencao: foco visual fora da direcao,27.52269439595198
1777741242.4434335,2229,True,0.24218216603017848,0.3129603689313264,0.27757126748075245,0.004706323078775305,False,False,0.12964169381107493,2,1,44.389980964769016,False,True,37.796322376307195,50.846905537459286,Atencao,Atencao: foco visual fora da direcao,27.35550644941432
1777741242.4843051,2230,True,0.2430232266280569,0.3147619328521734,0.27889257974011517,0.004510668657397509,False,False,0.12972620599739243,2,1,43.05541460514068,False,True,37.741214483944425,50.847457627118644,Atencao,Atencao: foco visual fora da direcao,27.064089028434555
1777741242.5253208,2231,True,0.24095379088060112,0.3368587126980802,0.28890625178934065,0.004450179727205969,False,False,0.12972620599739243,2,1,44.13638747442852,False,True,37.795263127408816,50.847457627118644,Atencao,Atencao: foco visual fora da direcao,26.790343991622017
1777741242.5593886,2232,True,0.24081281786763398,0.31367706749592894,0.27724494268178146,0.004857777864239126,False,False,0.12972620599739243,2,1,43.154134034026754,False,True,37.74615045538873,50.847457627118644,Atencao,Atencao: foco visual fora da direcao,27.038890033056663
1777741242.5952573,2233,True,0.24073286500827537,0.3370285478274331,0.28888070641785424,0.0047656316768239625,False,False,0.12972620599739243,2,1,44.162993692268024,False,True,37.796593438300796,50.847457627118644,Atencao,Atencao: foco visual fora da direcao,27.0973098790957
1777741242.6308196,2234,True,0.23352443759467315,0.30504430349894945,0.2692843705468113,0.004881992886596365,False,False,0.12972620599739243,2,1,42.858308678865434,False,True,37.731359187630666,50.847457627118644,Atencao,Atencao: foco visual fora da direcao,27.234821481554178
1777741242.6651816,2235,True,0.23733345619131277,0.31680035613813823,0.2770669061647255,0.005287299000426022,False,False,0.12972620599739243,2,1,43.011150646209714,False,True,37.73900128599788,50.847457627118644,Atencao,Atencao: foco visual fora da direcao,27.37662779371603
1777741242.7007494,2236,True,0.2380348571741124,0.3262392617869434,0.2821370594805279,0.004509185076943274,False,False,0.12972620599739243,2,1,43.45562973076647,False,True,37.76122524022571,50.847457627118644,Atencao,Atencao: foco visual fora da direcao,27.497193999356508
1777741242.737276,2237,True,0.2371593823610053,0.32550100965170997,0.28133019600635767,0.004674851812319122,False,False,0.12972620599739243,2,1,43.82192203456705,False,True,37.77953985541575,50.847457627118644,Atencao,Atencao: foco visual fora da direcao,27.50074824050446
1777741242.7741003,2238,True,0.23651490569597988,0.3201828779718632,0.27834889183392153,0.004338329359520327,False,False,0.12972620599739243,2,1,43.37320456559008,False,True,37.7571039819669,50.847457627118644,Atencao,Atencao: foco visual fora da direcao,27.456396291803635
1777741242.8092322,2239,True,0.24078630086653685,0.3443111763109106,0.29254873858872377,0.004747727455397069,False,False,0.12972620599739243,2,1,43.27331684394316,False,True,37.75210959588455,50.847457627118644,Atencao,Atencao: foco visual fora da direcao,27.539602972561273
1777741242.8477695,2240,True,0.2347824776022218,0.3208980776875114,0.2778402776448666,0.004253497905585179,False,False,0.12972620599739243,2,1,43.97048707387664,False,True,37.78696810738123,50.847457627118644,Atencao,Atencao: foco visual fora da direcao,27.38752591940961
1777741242.8822193,2241,True,0.23411108640713774,0.3159300485292799,0.2750205674682088,0.004241083735039949,False,False,0.12972620599739243,2,1,44.02979149059816,False,True,37.7899333282173,50.847457627118644,Atencao,Atencao: foco visual fora da direcao,27.576430907230478
1777741242.918345,2242,True,0.2339889933113041,0.3168525457692704,0.27542076954028727,0.004508488730070359,False,False,0.12972620599739243,2,1,43.701218115199694,False,True,37.773504659447376,50.847457627118644,Atencao,Atencao: foco visual fora da direcao,27.557335893796203
1777741242.9539762,2243,True,0.23491273073079103,0.3098753231849553,0.2723940269578732,0.004551912494502291,False,False,0.12972620599739243,2,1,43.68767870122736,False,True,37.77282768874876,50.847457627118644,Atencao,Atencao: foco visual fora da direcao,27.545079001574454
1777741242.989505,2244,True,0.2339315404996115,0.317085123555284,0.27550833202744773,0.004778589624201079,False,False,0.12972620599739243,2,1,43.424245749820365,False,True,37.75965604117841,50.847457627118644,Atencao,Atencao: foco visual fora da direcao,27.69996670688035
1777741243.0250053,2245,True,0.23696579824024494,0.31579227130947496,0.2763790347748599,0.005003800506817369,False,False,0.12972620599739243,2,1,42.86989233764735,False,True,37.731938370569765,50.847457627118644,Atencao,Atencao: foco visual fora da direcao,27.728605420310686
1777741243.058878,2246,True,0.23608456932455243,0.31699183056966496,0.2765381999471087,0.004870983853731867,False,False,0.12972620599739243,2,1,42.89717159867287,False,True,37.73330233362104,50.847457627118644,Atencao,Atencao: foco visual fora da direcao,27.92298946697869
1777741243.0923576,2247,True,0.19869145353511528,0.25861455141151646,0.22865300247331588,0.004843548778248185,False,False,0.12964169381107493,2,1,43.70133090561087,False,True,37.76188987334928,50.846905537459286,Atencao,Atencao: foco visual fora da direcao,28.08523194273299
1777741243.127689,2248,True,0.1708791094658038,0.08284418967081768,0.12686164956831075,0.0037696491738954344,True,False,0.13029315960912052,2,1,41.95876810063015,False,True,37.764338280331515,50.846905537459286,Atencao,Atencao: foco visual fora da direcao,28.09972536798414
1777741243.1635897,2249,True,0.1660085560424759,0.11088546990364728,0.1384470129730616,0.00350935658816906,True,False,0.13094462540716612,2,1,40.920970529859716,False,True,37.80202494902427,50.846905537459286,Atencao,Atencao: foco visual fora da direcao,28.091045908785297
1777741243.2006905,2250,True,0.1703046996320063,0.09528935255137505,0.1327970260916907,0.004095170582896486,True,False,0.13159609120521173,2,1,41.450375194441186,False,True,37.91807172948461,50.846905537459286,Atencao,Atencao: foco visual fora da direcao,27.96463259254967
1777741243.2381823,2251,True,0.1956693970790923,0.22863933467180497,0.21215436587544864,0.004125292507173506,False,False,0.1316818774445893,2,1,41.80904438387264,False,True,37.91021977714864,50.847457627118644,Atencao,Atencao: foco visual fora da direcao,27.86519370891817
1777741243.2770016,2252,True,0.20563356819387718,0.24404330639495622,0.22483843729441672,0.004905377204439612,False,False,0.1316818774445893,2,1,40.49341670003804,False,True,37.84443839295691,50.847457627118644,Atencao,Atencao: foco visual fora da direcao,27.63737738037812
1777741243.3154676,2253,True,0.22390451632748484,0.2647876995130837,0.24434610792028427,0.0040481331325372925,False,False,0.1316818774445893,2,1,40.496474812247534,False,True,37.84459129856739,50.847457627118644,Atencao,Atencao: foco visual fora da direcao,27.475841104272767
1777741243.35176,2254,True,0.22757728822744738,0.26065587428028614,0.24411658125386676,0.004638538771293987,False,False,0.1316818774445893,2,1,40.26455140764063,False,True,37.83299512833704,50.847457627118644,Atencao,Atencao: foco visual fora da direcao,27.515736749842713
1777741243.389481,2255,True,0.23086971389408767,0.26433312858897806,0.24760142124153287,0.0037023152810721797,False,False,0.1316818774445893,2,1,40.03435479239984,False,True,37.821485297575,50.847457627118644,Atencao,Atencao: foco visual fora da direcao,27.374672467009404
1777741243.4275007,2256,True,0.24024384714382255,0.28021846813548523,0.2602311576396539,0.004057115099337723,False,False,0.1316818774445893,2,1,40.3857864417813,False,True,37.839056880044076,50.847457627118644,Atencao,Atencao: foco visual fora da direcao,27.246134541153676
1777741243.467284,2257,True,0.24577848324501628,0.2858093738134647,0.2657939285292405,0.0038802569095058403,False,False,0.1316818774445893,2,1,40.39219262925061,False,True,37.83937718941754,50.847457627118644,Atencao,Atencao: foco visual fora da direcao,27.069869628390247
1777741243.507004,2258,True,0.2398584592857243,0.2869268875266053,0.2633926734061648,0.0041320123109822625,False,False,0.1316818774445893,2,1,41.01891641183333,False,True,37.870713378546675,50.847457627118644,Atencao,Atencao: foco visual fora da direcao,26.861720705596507
1777741243.5477204,2259,True,0.24343532275847077,0.28627138083811327,0.264853351798292,0.0040591162791197045,False,False,0.13176777560339203,2,1,41.17734544223005,False,True,37.890445826901896,50.848010437051535,Atencao,Atencao: foco visual fora da direcao,26.657554096966955
1777741243.5871413,2260,True,0.24595000161505587,0.28589748242377794,0.26592374201941693,0.003818273509589945,False,False,0.13176777560339203,2,1,41.42504035071893,False,True,37.90283057232634,50.848010437051535,Atencao,Atencao: foco visual fora da direcao,26.468456190455434
1777741243.62893,2261,True,0.2470599025347716,0.3069935254438501,0.2770267139893109,0.00471161855303303,False,False,0.13176777560339203,2,1,41.630037514729935,False,True,37.91308043052689,50.848010437051535,Atencao,Atencao: foco visual fora da direcao,26.246011684386126
1777741243.668702,2262,True,0.24039619301155016,0.3005258878899218,0.270461040450736,0.004862552718550264,False,False,0.13176777560339203,2,1,41.91606737321073,False,True,37.92738192345092,50.848010437051535,Atencao,Atencao: foco visual fora da direcao,26.156232631975584
1777741243.7097335,2263,True,0.23795299273066564,0.2994450421989443,0.26869901746480496,0.004582905029090559,False,False,0.13176777560339203,2,1,41.857890134507954,False,True,37.92447306151579,50.848010437051535,Atencao,Atencao: foco visual fora da direcao,25.994247871025003
1777741243.7480671,2264,True,0.23961484554216633,0.29691509542261707,0.26826497048239173,0.0042692959692065425,False,False,0.13176777560339203,2,1,42.19661940065297,False,True,37.94140952482304,50.848010437051535,Atencao,Atencao: foco visual fora da direcao,25.975128644531736
1777741243.7842987,2265,True,0.23573935422725623,0.2958512615543008,0.26579530789077854,0.004186792199563642,False,False,0.13176777560339203,2,1,42.44905651591041,False,True,37.95403138058591,50.848010437051535,Atencao,Atencao: foco visual fora da direcao,26.16551518025728
1777741243.8189747,2266,True,0.2359860583093628,0.30861567467340545,0.27230086649138413,0.00442880188747688,False,False,0.13176777560339203,2,1,42.62496827840805,False,True,37.96282696871079,50.848010437051535,Atencao,Atencao: foco visual fora da direcao,26.4349748784283
1777741243.8557608,2267,True,0.23521505605532608,0.31358688737719714,0.2744009717162616,0.0046078633402764305,False,False,0.13176777560339203,2,1,42.36527347781441,False,True,37.94984222868111,50.848010437051535,Atencao,Atencao: foco visual fora da direcao,26.479649432102164
1777741243.8905008,2268,True,0.23466320614453562,0.3139026617460841,0.2742829339453099,0.00462612392902228,False,False,0.13176777560339203,2,1,41.94349774122238,False,True,37.92875344185151,50.848010437051535,Atencao,Atencao: foco visual fora da direcao,26.665131633053917
1777741243.9261515,2269,True,0.23334955708174415,0.3114772333187787,0.2724133952002614,0.005310253502358934,False,False,0.13176777560339203,2,1,42.94289437911727,False,True,37.978723273746255,50.848010437051535,Atencao,Atencao: foco visual fora da direcao,26.85156342076846
1777741243.9618728,2270,True,0.23488698574517736,0.308391294067016,0.27163913990609667,0.005848175402374147,False,False,0.13176777560339203,2,1,43.04635558832775,False,True,37.983896334206776,50.848010437051535,Atencao,Atencao: foco visual fora da direcao,26.972447923687433
1777741243.9968116,2271,True,0.238548898447554,0.31315348660146897,0.2758511925245115,0.0055921198824124075,False,False,0.13176777560339203,2,1,42.99406104738062,False,True,37.98128160715942,50.848010437051535,Atencao,Atencao: foco visual fora da direcao,27.145821490898555
1777741244.031815,2272,True,0.23745822581567871,0.3191200930101008,0.2782891594128898,0.00507001265848578,False,False,0.13176777560339203,2,1,42.95198839794506,False,True,37.979177974687644,50.848010437051535,Atencao,Atencao: foco visual fora da direcao,27.23886372515315
1777741244.0657756,2273,True,0.23370368239967668,0.30919261589088987,0.27144814914528326,0.0050244135482071135,False,False,0.1316818774445893,2,1,43.46861398220062,False,True,37.99319825706504,50.847457627118644,Atencao,Atencao: foco visual fora da direcao,27.51307356519572
1777741244.100399,2274,True,0.23982553201866857,0.2998984110413483,0.26986197153000846,0.0058496514072976505,False,False,0.1316818774445893,2,1,43.143798266757614,False,True,37.97695747129289,50.847457627118644,Atencao,Atencao: foco visual fora da direcao,27.600320587154172
1777741244.1336076,2275,True,0.23324801491682956,0.29426506598654184,0.26375654045168573,0.005292001176922203,False,False,0.1316818774445893,2,1,43.32075090137395,False,True,37.98580510302371,50.847457627118644,Atencao,Atencao: foco visual fora da direcao,27.859913067292617
1777741244.1679168,2276,True,0.23372682766195177,0.307957268388072,0.2708420480250119,0.005334955148941325,False,False,0.1316818774445893,2,1,43.074406740882175,False,True,37.97348789499912,50.847457627118644,Atencao,Atencao: foco visual fora da direcao,28.01760035814389
1777741244.2012563,2277,True,0.24056804696627263,0.31851878649624477,0.2795434167312587,0.005372779586013757,False,False,0.1316818774445893,2,1,43.04433065165173,False,True,37.971984090537596,50.847457627118644,Atencao,Atencao: foco visual fora da direcao,28.2575728947808
1777741244.2341235,2278,True,0.23955759438712423,0.31650144740727676,0.2780295208972005,0.005086199111333215,False,False,0.1316818774445893,2,1,42.92225285280834,False,True,37.96588020059543,50.847457627118644,Atencao,Atencao: foco visual fora da direcao,28.440130590649584
1777741244.266915,2279,True,0.2388817772333862,0.3098795300867506,0.2743806536600684,0.005213192355848331,False,False,0.13159609120521173,2,1,43.08900265693665,False,True,37.96242208288743,50.846905537459286,Atencao,Atencao: foco visual fora da direcao,28.597363044679682
1777741244.302067,2280,True,0.23832219043808112,0.3096190423466422,0.27397061639236164,0.005031132840156648,False,False,0.13159609120521173,2,1,43.231163128397675,False,True,37.96953010646048,50.846905537459286,Atencao,Atencao: foco visual fora da direcao,28.637656901261455
1777741244.3369398,2281,True,0.23305533603244855,0.3271251815006751,0.2800902587665618,0.004946105176359518,False,False,0.13159609120521173,2,1,43.27353031743656,False,True,37.97164846591242,50.846905537459286,Atencao,Atencao: foco visual fora da direcao,28.62230977111901
1777741244.370226,2282,True,0.2319198909094705,0.3298189119876937,0.2808694014485821,0.005212758824109405,False,False,0.13159609120521173,2,1,43.363960883292286,False,True,37.97616999420521,50.846905537459286,Atencao,Atencao: foco visual fora da direcao,28.726839208311276
1777741244.4084322,2283,True,0.23609180846708144,0.3191727409974252,0.2776322747322533,0.005460819936492375,False,False,0.13159609120521173,2,1,43.07111773870208,False,True,37.9615278369757,50.846905537459286,Atencao,Atencao: foco visual fora da direcao,28.511658883749526
1777741244.4449072,2284,True,0.23945259893459483,0.3200199084059566,0.2797362536702757,0.005394216075956294,False,False,0.13159609120521173,2,1,42.45839780135588,False,True,37.93089184010839,50.846905537459286,Atencao,Atencao: foco visual fora da direcao,28.369653748761397
1777741244.4810705,2285,True,0.2384848926113152,0.3208567136672914,0.2796708031393033,0.005222429510333967,False,False,0.13159609120521173,2,1,42.66517006592318,False,True,37.94123045333676,50.846905537459286,Atencao,Atencao: foco visual fora da direcao,28.352441310503863
1777741244.5189452,2286,True,0.22926964683457743,0.32128276022900637,0.2752762035317919,0.0053526042334994355,False,False,0.13159609120521173,2,1,42.9154363074086,False,True,37.953743765411026,50.846905537459286,Atencao,Atencao: foco visual fora da direcao,28.13790020669895
1777741244.5517497,2287,True,0.22992427864721354,0.30898648038654974,0.26945537951688164,0.004748224084601876,False,False,0.13159609120521173,2,1,43.10988656986843,False,True,37.963466278534014,50.846905537459286,Atencao,Atencao: foco visual fora da direcao,28.363125061371882
1777741244.5874255,2288,True,0.20657211336537398,0.27022375360901546,0.23839793348719474,0.005261701687743773,False,False,0.13159609120521173,2,1,42.67400207898834,False,True,37.94167205399001,50.846905537459286,Atencao,Atencao: foco visual fora da direcao,28.326654642938536
1777741244.6223834,2289,True,0.17333249677369358,0.21518461453531573,0.19425855565450467,0.00498950959078353,True,False,0.13224755700325733,2,1,44.12328682054172,False,True,38.10371283829895,50.846905537459286,Atencao,Atencao: foco visual fora da direcao,28.35897390814312
1777741244.6553833,2290,True,0.1745247305854795,0.20912217594540786,0.19182345326544367,0.004145505580996374,True,False,0.13289902280130292,2,1,43.3517490890893,False,True,38.15471249895759,50.846905537459286,Atencao,Atencao: foco visual fora da direcao,28.5436770137987
1777741244.6915395,2291,True,0.19403781561390815,0.22447357815882374,0.20925569688636594,0.004565465160285736,True,False,0.13355048859934854,2,1,43.10134104869582,False,True,38.23176864416919,50.846905537459286,Atencao,Atencao: foco visual fora da direcao,28.495680896667594
1777741244.7274547,2292,True,0.1897729061261321,0.23449270491111196,0.21213280551862201,0.004486702716543355,False,False,0.13355048859934854,2,1,42.40569939830086,False,True,38.16174656841929,50.846905537459286,Atencao,Atencao: foco visual fora da direcao,28.393108966053767
1777741244.7624052,2293,True,0.19222493916113434,0.23332962153320402,0.2127772803471692,0.004341510859985278,False,False,0.13355048859934854,2,1,41.485672891681844,False,True,38.11574524308834,50.846905537459286,Atencao,Atencao: foco visual fora da direcao,28.425405626487215
1777741244.7995996,2294,True,0.19237280714467134,0.220793341082174,0.20658307411342267,0.004452234044679609,True,False,0.13420195439739413,2,1,41.45909292697907,False,True,38.20399279208447,50.846905537459286,Atencao,Atencao: foco visual fora da direcao,28.27428562049311
1777741244.8360476,2295,True,0.1644289628562499,0.18094845400965248,0.1726887084329512,0.004702856861732203,True,False,0.13485342019543975,2,1,42.016144133156,False,True,38.32142189962459,50.846905537459286,Atencao,Atencao: foco visual fora da direcao,28.206033393002834
1777741244.8693924,2296,True,0.17792230822100574,0.20296215449595564,0.1904422313584807,0.0049930641076022615,True,False,0.13550488599348534,2,1,41.30694397146052,False,True,38.37553843877109,50.846905537459286,Atencao,Atencao: foco visual fora da direcao,28.308252912675332
1777741244.906406,2297,True,0.17693059636082945,0.21608623133773905,0.19650841384928425,0.004688230334171405,True,False,0.13615635179153093,2,1,41.83337765877897,False,True,38.49143667036827,50.846905537459286,Atencao,Atencao: foco visual fora da direcao,28.23143677013555
1777741244.9410112,2298,True,0.17771130905869906,0.20501413227105078,0.19136272066487492,0.0047388910418038055,True,False,0.13680781758957655,2,1,42.01425694660707,False,True,38.59005718199096,50.846905537459286,Atencao,Atencao: foco visual fora da direcao,28.28774760885933
1777741244.9771059,2299,True,0.19133341375001672,0.21275937108553614,0.20204639241777644,0.0040134539782179235,True,False,0.13745928338762214,2,1,41.96579715717922,False,True,38.677210739750834,50.846905537459286,Atencao,Atencao: foco visual fora da direcao,28.239353370998
1777741245.0140498,2300,True,0.1868089375352526,0.2241169661134916,0.2054629518243721,0.0054175956630671,True,False,0.13811074918566776,2,1,42.11966527266936,False,True,38.77448069275661,50.846905537459286,Atencao,Atencao: foco visual fora da direcao,28.102629326235405
1777741245.0512395,2301,True,0.18256338206250022,0.22367961900223776,0.203121500532369,0.005137458444991669,True,False,0.13876221498371336,2,1,42.03891461545771,False,True,38.86001970712729,50.846905537459286,Atencao,Atencao: foco visual fora da direcao,27.966914064298336
1777741245.086767,2302,True,0.16889296928452355,0.20633851558548666,0.18761574243500512,0.005303789872291847,True,False,0.13941368078175895,2,1,42.62585564147342,False,True,38.97894330565935,50.846905537459286,Atencao,Atencao: foco visual fora da direcao,28.0407668547518
1777741245.121221,2303,True,0.1714633324185507,0.20822035403378192,0.18984184322616632,0.0052154261046393445,True,False,0.14006514657980457,2,1,42.70826148119839,False,True,39.07264014487687,50.846905537459286,Atencao,Atencao: foco visual fora da direcao,28.141235202138805
1777741245.1591582,2304,True,0.1728313900549428,0.20356772385184052,0.18819955695339166,0.004409313560756316,True,False,0.14071661237785016,2,1,43.18444644862956,False,True,39.186025940479695,50.846905537459286,Atencao,Atencao: foco visual fora da direcao,27.94084160539188
1777741245.1943004,2305,True,0.15436426443652548,0.14644374291354878,0.15040400367503715,0.003912865282481479,True,False,0.14136807817589578,2,1,42.29664314172484,False,True,39.231212322365735,50.846905537459286,Atencao,Atencao: foco visual fora da direcao,27.919967129413074
1777741245.2300007,2306,True,0.1577830931993333,0.14706181562981432,0.1524224544145738,0.003978245867344519,True,False,0.14201954397394137,2,1,42.04221276044846,False,True,39.30806735053319,50.846905537459286,Atencao,Atencao: foco visual fora da direcao,28.004087426708963
1777741245.2674177,2307,True,0.18106569106756046,0.19457520227669195,0.18782044667212622,0.0038524848975168787,True,False,0.14267100977198696,2,1,44.0453780027953,False,True,39.49780215988179,50.846905537459286,Atencao,Atencao: foco visual fora da direcao,27.878841668260346
1777741245.300622,2308,True,0.17064066192309255,0.17212877450898112,0.17138471821603685,0.004612283035372531,True,False,0.14332247557003258,2,1,42.70652114532211,False,True,39.52043586423941,50.846905537459286,Atencao,Atencao: foco visual fora da direcao,28.07441126831832
1777741245.3351686,2309,True,0.1536022239387315,0.11129859044417764,0.13245040719145457,0.0037401117284363403,True,False,0.14397394136807817,2,1,42.84734090512449,False,True,39.6170533994608,50.846905537459286,Atencao,Atencao: foco visual fora da direcao,28.20487171238142
1777741245.3713028,2310,True,0.15945221433766438,0.11029431071167833,0.13487326252467136,0.0035858087087840456,True,False,0.14462540716612377,2,1,42.528965851935475,False,True,39.690711194032616,50.846905537459286,Atencao,Atencao: foco visual fora da direcao,28.111714296625586
1777741245.4130871,2311,True,0.15353727421521557,0.1052505903204997,0.12939393226785764,0.0033691336776370813,True,False,0.14527687296416938,2,1,42.798023577169936,False,True,39.79374062752561,50.846905537459286,Atencao,Atencao: foco visual fora da direcao,27.65358923705737
1777741245.4536695,2312,True,0.1695933731305561,0.13581457773571928,0.15270397543313768,0.003920573455918715,True,False,0.14592833876221498,2,1,42.20292552276091,False,True,39.853562272036434,50.846905537459286,Atencao,Atencao: foco visual fora da direcao,27.36928128796173
1777741245.494853,2313,True,0.185081378574195,0.1839257265886967,0.18450355258144585,0.00377755804846236,True,False,0.1465798045602606,2,1,42.42222691069949,False,True,39.95410388866463,50.846905537459286,Atencao,Atencao: foco visual fora da direcao,27.065289275550324
1777741245.5353825,2314,True,0.20416167527295787,0.22436262618599367,0.21426215072947577,0.0034179185520016716,False,False,0.14667535853976532,2,1,42.74384231729941,False,True,40.03920215517212,50.847457627118644,Atencao,Atencao: foco visual fora da direcao,26.82463267477826
1777741245.5778635,2315,True,0.2064578919682623,0.23578614332754172,0.221122017647902,0.004339898458343096,False,False,0.14667535853976532,2,1,43.030448314276605,False,True,40.05353245502098,50.847457627118644,Atencao,Atencao: foco visual fora da direcao,26.548682394334364
1777741245.6181858,2316,True,0.19623237554054399,0.2390231268264401,0.21762775118349204,0.004129845906812229,False,False,0.14667535853976532,2,1,43.36823135668582,False,True,40.07042160714144,50.847457627118644,Atencao,Atencao: foco visual fora da direcao,26.302373209356922
1777741245.6591194,2317,True,0.20115145125639974,0.24241641786241583,0.22178393455940779,0.004180900057185732,False,False,0.14667535853976532,2,1,42.4983202923428,False,True,40.02692605392429,50.847457627118644,Atencao,Atencao: foco visual fora da direcao,26.191947912298353
1777741245.693431,2318,True,0.21299308144979456,0.24784803000846098,0.23042055572912779,0.004203455713493458,False,False,0.14667535853976532,2,1,41.97085194316777,False,True,40.00055263646554,50.847457627118644,Atencao,Atencao: foco visual fora da direcao,26.443330278677198
1777741245.7302425,2319,True,0.21294247019507107,0.24780919582341304,0.23037583300924205,0.004162709404502596,False,False,0.14667535853976532,2,1,41.8873831234195,False,True,39.99637919547813,50.847457627118644,Atencao,Atencao: foco visual fora da direcao,26.526959406896477
1777741245.7663784,2320,True,0.21780305405640116,0.2572042524631077,0.23750365325975442,0.004993717493112755,False,False,0.14667535853976532,2,1,42.05260637077418,False,True,40.00464035784586,50.847457627118644,Atencao,Atencao: foco visual fora da direcao,26.636755457491827
1777741245.8018422,2321,True,0.21574460215936192,0.2612189149702566,0.23848175856480927,0.004895842068550481,False,False,0.14667535853976532,2,1,42.32809766043316,False,True,40.01841492232881,50.847457627118644,Atencao,Atencao: foco visual fora da direcao,26.798601146052476
1777741245.8363452,2322,True,0.21232145778805456,0.2587029762301856,0.2355122170091201,0.004802799488277076,False,False,0.14667535853976532,2,1,42.15473764213649,False,True,40.00974692141398,50.847457627118644,Atencao,Atencao: foco visual fora da direcao,27.012954630612768
1777741245.87201,2323,True,0.22078121862369968,0.2677149685024169,0.24424809356305827,0.00455242105106679,False,False,0.14667535853976532,2,1,42.24940372542901,False,True,40.0144802255786,50.847457627118644,Atencao,Atencao: foco visual fora da direcao,27.09872717346634
1777741245.9069788,2324,True,0.22404724088454384,0.27579611099600804,0.24992167594027592,0.004765943820908507,False,False,0.14667535853976532,2,1,42.361028897220436,False,True,40.020061484168174,50.847457627118644,Atencao,Atencao: foco visual fora da direcao,27.24088809983463
1777741245.9439607,2325,True,0.22577899840735888,0.2945063993949277,0.2601426989011433,0.00518972994480306,False,False,0.14667535853976532,2,1,42.48533029122786,False,True,40.02627655386854,50.847457627118644,Atencao,Atencao: foco visual fora da direcao,27.270520253020976
1777741245.9793954,2326,True,0.22993965065266322,0.2984644983160747,0.26420207448436894,0.005086717847489183,False,False,0.14667535853976532,2,1,42.167481492866166,False,True,40.01038411395046,50.847457627118644,Atencao,Atencao: foco visual fora da direcao,27.36045692395572
1777741246.0156019,2327,True,0.22824414827427322,0.30133329547052967,0.26478872187240143,0.004808526196620542,False,False,0.14667535853976532,2,1,42.15269440900195,False,True,40.00964475975725,50.847457627118644,Atencao,Atencao: foco visual fora da direcao,27.360179765001977
1777741246.051572,2328,True,0.23046534867265528,0.30586620957992644,0.26816577912629086,0.005014541376076908,False,False,0.14667535853976532,2,1,42.35698763240467,False,True,40.01985942092738,50.847457627118644,Atencao,Atencao: foco visual fora da direcao,27.41244986044746
1777741246.088007,2329,True,0.23718509196216478,0.29990834850138837,0.26854672023177656,0.005734674572958839,False,False,0.14667535853976532,2,1,42.63169501640579,False,True,40.03359479012744,50.847457627118644,Atencao,Atencao: foco visual fora da direcao,27.3845924568323
1777741246.1216586,2330,True,0.2330908402766957,0.3007776829383554,0.26693426160752554,0.005679207381487508,False,False,0.14667535853976532,2,1,42.28128969994458,False,True,40.01607452430438,50.847457627118644,Atencao,Atencao: foco visual fora da direcao,27.635741334926333
1777741246.155734,2331,True,0.23389871984485944,0.308926567380608,0.2714126436127337,0.0052292100421986775,False,False,0.1465798045602606,2,1,42.73561171347445,False,True,40.02565195279897,50.846905537459286,Atencao,Atencao: foco visual fora da direcao,27.85848092813952
1777741246.1927044,2332,True,0.2426217820954444,0.3032476517838879,0.27293471693966614,0.005401295341156906,False,False,0.146484375,2,1,43.238014779849486,False,True,40.03765054158189,50.846354166666664,Atencao,Atencao: foco visual fora da direcao,27.761455399176064
1777741246.2278192,2333,True,0.23321156963594572,0.31682061356818864,0.2750160916020672,0.005146341863727601,False,False,0.14638906961613532,2,1,43.72189049070532,False,True,40.04873983684329,50.84580351333767,Atencao,Atencao: foco visual fora da direcao,27.811030698444
1777741246.2638104,2334,True,0.23368795058765246,0.3292892255063181,0.2814885880469853,0.0050888322898765236,False,False,0.14629388816644995,2,1,43.30835348367691,False,True,40.01497553716013,50.84525357607282,Atencao,Atencao: foco visual fora da direcao,27.84297793467122
1777741246.2987025,2335,True,0.23640942111606997,0.33347903025151454,0.28494422568379224,0.004894471372046444,False,False,0.14619883040935672,2,1,43.559827916730534,False,True,40.01447881721249,50.84470435347628,Atencao,Atencao: foco visual fora da direcao,27.89440919233432
1777741246.3342092,2336,True,0.2311377591505066,0.33083041064473256,0.2809840848976196,0.004598892302637447,False,False,0.1461038961038961,2,1,43.847944028811014,False,True,40.015831155815675,50.84415584415584,Atencao,Atencao: foco visual fora da direcao,27.948559385658324
1777741246.5556026,2337,True,0.2329335454945113,0.27725378471242484,0.2550936651034681,0.004462897969299882,False,False,0.14667535853976532,2,1,45.82776980183341,False,True,40.19339852939882,50.847457627118644,Atencao,Atencao: foco visual fora da direcao,25.60562018415408
1777741246.5945816,2338,True,0.26587854351402207,0.28578234573738515,0.2758304446257036,0.0038887941087459897,False,False,0.14667535853976532,2,1,45.537304707006975,False,True,40.1788752746575,50.847457627118644,Atencao,Atencao: foco visual fora da direcao,25.59512230019157
1777741246.636387,2339,True,0.26776277840130197,0.26729336509365964,0.26752807174748083,0.005021371998088979,False,False,0.14667535853976532,2,1,46.06903421607884,False,True,40.20546175011109,50.847457627118644,Atencao,Atencao: foco visual fora da direcao,25.43340410073191
1777741246.678592,2340,True,0.2571359111824293,0.26840717705899453,0.2627715441207119,0.004850688350686362,False,False,0.14667535853976532,2,1,46.340572831847446,False,True,40.21903868089952,50.847457627118644,Atencao,Atencao: foco visual fora da direcao,25.251667785697105
1777741246.7214646,2341,True,0.27187158232804454,0.2828625540404269,0.27736706818423573,0.004297615658032406,False,False,0.14677103718199608,2,1,46.07529110041531,False,True,40.21893040763464,50.848010437051535,Atencao,Atencao: foco visual fora da direcao,25.02996910842673
1777741246.7614474,2342,True,0.2464206799361323,0.28650407483197665,0.2664623773840545,0.004426137816367618,False,False,0.14677103718199608,2,1,47.094666314125064,False,True,40.26989916832013,50.848010437051535,Atencao,Atencao: foco visual fora da direcao,25.019562970806895
1777741246.800504,2343,True,0.24592583500656942,0.2877997460292675,0.26686279051791845,0.005905263453262196,False,False,0.1461187214611872,2,1,46.9017259245569,False,True,40.17055873723051,50.848010437051535,Atencao,Atencao: foco visual fora da direcao,25.105297033352745
1777741246.8392525,2344,True,0.26020915407623957,0.3107361234067485,0.28547263874149403,0.005527498181979675,False,False,0.1461187214611872,2,1,46.15449597672983,False,True,40.17956468542726,50.848010437051535,Atencao,Atencao: foco visual fora da direcao,25.208210356261745
1777741246.8767977,2345,True,0.2731487524185794,0.31788331396561137,0.2955160331920954,0.005247752062077807,False,False,0.1461187214611872,2,1,46.47738180160522,False,True,40.19570897667103,50.848010437051535,Atencao,Atencao: foco visual fora da direcao,25.30622556140459
1777741246.9125788,2346,True,0.2557173630060892,0.3176745869247774,0.2866959749654333,0.0052462623221413126,False,False,0.1461187214611872,2,1,45.661730194091795,False,True,40.15492639629536,50.848010437051535,Atencao,Atencao: foco visual fora da direcao,25.588146950513316
1777741246.949018,2347,True,0.2780228058609785,0.32396917144120546,0.300995988651092,0.005277989361539548,False,False,0.1461187214611872,2,1,45.45184669494628,False,True,40.144432221338086,50.848010437051535,Atencao,Atencao: foco visual fora da direcao,25.79114522174563
1777741246.9836872,2348,True,0.2758490128267887,0.3211931989327453,0.298521105879767,0.0052344404011491685,False,False,0.14602346805736635,2,1,43.53024864196777,False,True,40.03525497566379,50.847457627118644,Atencao,Atencao: foco visual fora da direcao,26.07283538814527
1777741247.0178149,2349,True,0.2716136855935021,0.3538053701287437,0.3127095278611229,0.003964251798168732,False,False,0.14602346805736635,2,1,42.883921241760255,False,True,40.00293860565341,50.847457627118644,Atencao,Atencao: foco visual fora da direcao,26.38470587701346
1777741247.0539162,2350,True,0.29053993774905335,0.34633548922023616,0.3184377134846448,0.003444967263954107,False,False,0.14602346805736635,2,1,43.38496475219726,False,True,40.02799078117526,50.847457627118644,Atencao,Atencao: foco visual fora da direcao,26.50221024463695
1777741247.0895832,2351,True,0.2704827888782025,0.3088378286362288,0.2896603087572156,0.0025847814949922503,False,False,0.14602346805736635,2,1,42.49380702972412,False,True,39.98343289505161,50.847457627118644,Atencao,Atencao: foco visual fora da direcao,26.697190358007333
1777741247.1236875,2352,True,0.2775274815753052,0.32993485213878204,0.3037311668570436,0.0025944428167074636,False,False,0.14602346805736635,2,1,41.53961997032165,False,True,39.93572354208148,50.847457627118644,Atencao,Atencao: foco visual fora da direcao,26.985342366776127
1777741247.1589046,2353,True,0.27362547126377257,0.323792851013713,0.2987091611387428,0.002240903265035934,False,False,0.14602346805736635,2,1,41.332108831405634,False,True,39.92534798513568,50.847457627118644,Atencao,Atencao: foco visual fora da direcao,27.103447712853367
1777741247.1930919,2354,True,0.29353385255615216,0.33356242626283084,0.3135481394094915,0.00415042131115341,False,False,0.14602346805736635,2,1,40.74603757858276,False,True,39.89604442249453,50.847457627118644,Atencao,Atencao: foco visual fora da direcao,27.28362722153518
1777741247.2260945,2355,True,0.27310171002170286,0.3249595191497332,0.299030614585718,0.004268409538528199,False,False,0.14602346805736635,2,1,40.200704145431516,False,True,39.868777750836976,50.847457627118644,Atencao,Atencao: foco visual fora da direcao,27.611966320047554
1777741247.2619271,2356,True,0.2685691490620988,0.32759946622314745,0.2980843076426231,0.00441021776875168,False,False,0.14602346805736635,2,1,39.89359378814697,False,True,39.85342223297275,50.847457627118644,Atencao,Atencao: foco visual fora da direcao,27.634982087818045
1777741247.2949765,2357,True,0.26405857294165946,0.3189946045288093,0.2915265887352344,0.005854217233274085,False,False,0.14602346805736635,2,1,39.99558811187744,False,True,39.85852194915927,50.847457627118644,Atencao,Atencao: foco visual fora da direcao,27.842554563820798
1777741247.3326857,2358,True,0.26964927592064497,0.3179806090595935,0.29381494249011925,0.004740879565906406,False,False,0.14602346805736635,2,1,38.96331100463867,False,True,39.80690809379733,50.847457627118644,Atencao,Atencao: foco visual fora da direcao,27.774361905457834
1777741247.366377,2359,True,0.2648893536497859,0.3078385293505379,0.28636394150016187,0.00580490443681702,False,False,0.14602346805736635,2,1,39.010092163085936,False,True,39.809247151719696,50.847457627118644,Atencao,Atencao: foco visual fora da direcao,27.958081272507915
1777741247.4044855,2360,True,0.23017899936479827,0.2730286774014183,0.2516038383831083,0.006544493160988812,False,False,0.14602346805736635,2,1,39.35131936073303,False,True,39.82630851160205,50.847457627118644,Atencao,Atencao: foco visual fora da direcao,27.805049117354983
1777741247.4467566,2361,True,0.1868142743818154,0.23488954364298015,0.21085190901239775,0.0038388194064586747,False,False,0.14602346805736635,2,1,37.81947073936462,False,True,39.74971608053363,50.847457627118644,Atencao,Atencao: foco visual fora da direcao,27.366184901150895
1777741247.488218,2362,True,0.20889787063586202,0.19262533862844616,0.2007616046321541,0.0031273471875221926,True,False,0.14667535853976532,2,1,36.3065058350563,False,True,39.763702776648074,50.847457627118644,Atencao,Atencao: foco visual fora da direcao,27.006088274532527
1777741247.5322807,2363,True,0.21648823104243242,0.16656857718758017,0.1915284041150063,0.003391222936330599,True,False,0.14732724902216426,2,1,36.06125494241714,False,True,39.84107517334596,50.847457627118644,Atencao,Atencao: foco visual fora da direcao,26.617682330144742
1777741247.576406,2364,True,0.18967349091433294,0.12339101143651704,0.156532251175425,0.003076674117268602,True,False,0.14742335290280495,2,1,36.24456601142883,False,True,39.86345501038465,50.848010437051535,Atencao,Atencao: foco visual fora da direcao,26.1980916990578
1777741247.6193414,2365,True,0.1799355986215908,0.11889398700060767,0.14941479281109923,0.0023507442557829136,True,False,0.14807566862361382,2,1,35.52728586792946,False,True,39.96730663400715,50.848010437051535,Atencao,Atencao: foco visual fora da direcao,25.871797387353947
1777741247.6605275,2366,True,0.1712105780498844,0.1134226730014801,0.14231662552568225,0.0035704284413143644,True,False,0.14807566862361382,2,1,35.30800554454326,False,True,39.95634261783784,50.848010437051535,Atencao,Atencao: foco visual fora da direcao,25.795212359914075
1777741247.700084,2367,True,0.16204426910087882,0.06263400997454352,0.11233913953771117,0.002915096694184636,True,False,0.1487279843444227,2,1,35.33215628862381,False,True,40.10254098967468,50.848010437051535,Atencao,Atencao: foco visual fora da direcao,25.68901631150814
1777741247.737456,2368,True,0.1677073403170472,0.04852469952212741,0.1081160199195873,0.0026345084328324806,True,False,0.14938030006523156,2,1,35.2004073753953,False,True,40.18564695562447,50.848010437051535,Atencao,Atencao: foco visual fora da direcao,25.82270051277728
1777741247.7750294,2369,True,0.16638895368377815,0.06541681250822816,0.11590288309600316,0.0024957966785348106,True,False,0.15003261578604044,2,1,35.08936386853456,False,True,40.26978819189266,50.848010437051535,Atencao,Atencao: foco visual fora da direcao,25.919348713619577
1777741247.8122156,2370,True,0.17102809258710258,0.056233593966253756,0.11363084327667816,0.002450030341355631,True,False,0.1506849315068493,2,1,35.14120703935623,False,True,40.36207376204495,50.848010437051535,Atencao,Atencao: foco visual fora da direcao,26.00266986488484
1777741247.8516364,2371,True,0.16888132590760957,0.057123051624025395,0.11300218876581748,0.002305912227888982,True,False,0.15133724722765818,2,1,35.4438969284296,False,True,40.46690166810984,50.848010437051535,Atencao,Atencao: foco visual fora da direcao,25.958248095243338
1777741247.887635,2372,True,0.16650800610814176,0.04175505555805013,0.10413153083309595,0.002399986009854036,True,False,0.15198956294846705,2,1,35.361720588803294,False,True,40.55248626273975,50.848010437051535,Atencao,Atencao: foco visual fora da direcao,26.116462773277547
1777741247.9264638,2373,True,0.17485380714055082,0.06266852706229616,0.11876116710142348,0.0030335749297793137,True,False,0.15264187866927592,2,1,35.271322044730184,False,True,40.63765974714732,50.848010437051535,Atencao,Atencao: foco visual fora da direcao,26.100169777818873
1777741247.960485,2374,True,0.17196584037065166,0.06747982420531735,0.1197228322879845,0.0033365480647531993,True,False,0.1532941943900848,2,1,35.32908000946045,False,True,40.730241056995055,50.848010437051535,Atencao,Atencao: foco visual fora da direcao,26.40819945960847
1777741247.998762,2375,True,0.17886005711197028,0.06039645889703852,0.1196282580045044,0.0021941316531282878,True,False,0.15394651011089366,2,1,35.04950857274234,False,True,40.805955896770364,50.848010437051535,Atencao,Atencao: foco visual fora da direcao,26.389346879718726
1777741248.0342913,2376,True,0.18947341322428474,0.05223318138441437,0.12085329730434956,0.002763822359770974,True,False,0.15459882583170254,2,1,35.55200440883636,False,True,40.92077410018628,50.848010437051535,Atencao,Atencao: foco visual fora da direcao,26.56327259114506
1777741248.0700147,2377,True,0.19026865067250434,0.03495048658577601,0.11260956862914018,0.00370045212150724,True,False,0.1552511415525114,2,1,35.93673800230026,False,True,41.02970419147069,50.848010437051535,Atencao,Atencao: foco visual fora da direcao,26.732650201788232
1777741248.10731,2378,True,0.19523597195983572,0.038695199280312356,0.11696558562007403,0.0044484164701921475,True,False,0.1558018252933507,2,1,36.273287534713745,False,True,41.12225068245677,50.847457627118644,Atencao,Atencao: foco visual fora da direcao,26.703097375737045
1777741248.1462376,2379,True,0.19050579804242848,0.06921872349003962,0.12986226076623406,0.005081897870824864,True,False,0.15645371577574968,2,1,36.93047916889191,False,True,41.24474520549554,50.847457627118644,Atencao,Atencao: foco visual fora da direcao,26.628235226198328
1777741248.1850653,2380,True,0.17819032963093323,0.032725035783850484,0.10545768270739186,0.003244663670531349,True,False,0.15710560625814862,2,1,36.10669049024582,False,True,41.29319071289309,50.847457627118644,Atencao,Atencao: foco visual fora da direcao,26.499629985987323
1777741248.222715,2381,True,0.1744367899854476,0.034281945967652536,0.10435936797655007,0.0029653459422587535,True,False,0.1577574967405476,2,1,37.80964505672454,False,True,41.46797338254689,50.847457627118644,Atencao,Atencao: foco visual fora da direcao,26.533582282714335
1777741248.261625,2382,True,0.1740761171686042,0.041702662346671915,0.10788938975763805,0.0027985364983609175,True,False,0.15851272015655576,2,1,37.51391992568969,False,True,41.55703034569627,50.848010437051535,Atencao,Atencao: foco visual fora da direcao,26.447044814300245
1777741248.2963207,2383,True,0.16349727152575835,0.06929136140633343,0.1163943164660459,0.002928391458558677,True,False,0.1590612777053455,2,1,37.798017144203186,False,True,41.64666186958053,50.847457627118644,Atencao,Atencao: foco visual fora da direcao,26.683395953784704
1777741248.333781,2384,True,0.17510268223523925,0.05022761906971747,0.11266515065247837,0.004168056823157209,True,False,0.1598173515981735,2,1,37.76245341300964,False,True,41.7488438432847,50.848010437051535,Atencao,Atencao: foco visual fora da direcao,26.716408382495658
1777741248.3706431,2385,True,0.1530996195116234,0.0909161099275671,0.12200786471959525,0.0028255651979880838,True,False,0.16046966731898238,2,1,38.629171705245966,False,True,41.88187316950774,50.848010437051535,Atencao,Atencao: foco visual fora da direcao,26.75917153187811
1777741248.407084,2386,True,0.1842802778995892,0.20143278436099576,0.1928565311302925,0.004387034975271929,True,False,0.16112198303979125,2,1,38.979126596450804,False,True,41.98906432567921,50.848010437051535,Atencao,Atencao: foco visual fora da direcao,26.798034180070378
1777741248.4482236,2387,True,0.17976397153760848,0.20526222882994205,0.19251310018377527,0.006901503385365792,True,False,0.16177429876060012,2,1,38.5615530014038,False,True,42.05787905753808,50.848010437051535,Atencao,Atencao: foco visual fora da direcao,26.570557531932003
1777741248.492665,2388,True,0.1811859208788088,0.19638648691041447,0.18878620389461165,0.005627417111652716,True,False,0.162426614481409,2,1,38.88042817115783,False,True,42.163516227637,50.848010437051535,Atencao,Atencao: foco visual fora da direcao,26.131322857090456
1777741248.5345535,2389,True,0.20974998224810745,0.2443586417866987,0.22705431201740306,0.00356802303139516,False,False,0.162426614481409,2,1,39.975203360210756,False,True,42.31722623829654,50.848010437051535,Atencao,Atencao: foco visual fora da direcao,25.88127354453854
1777741248.571754,2390,True,0.20589321513843975,0.22918882746267502,0.21754102130055739,0.006205905184530324,False,False,0.162426614481409,2,1,37.59297654520382,False,True,42.1981148975462,50.848010437051535,Atencao,Atencao: foco visual fora da direcao,26.033653072386542
1777741248.6080284,2391,True,0.19612653162847068,0.24594849927814003,0.22103751545330536,0.0041035247467356905,False,False,0.162426614481409,2,1,38.73969649618322,False,True,42.255450895095166,50.848010437051535,Atencao,Atencao: foco visual fora da direcao,26.187334087221615
1777741248.6463964,2392,True,0.19898802814928207,0.24228700399327469,0.22063751607127838,0.004362650507390204,False,False,0.162426614481409,2,1,40.10979204773903,False,True,42.32395567267296,50.848010437051535,Atencao,Atencao: foco visual fora da direcao,26.200712974935577
1777741248.683801,2393,True,0.2094447935159314,0.2606990260634365,0.23507190978968395,0.005164693002604281,False,False,0.162426614481409,2,1,38.930900360237466,False,True,42.26501108829788,50.848010437051535,Atencao,Atencao: foco visual fora da direcao,26.220041582351616
1777741248.7188754,2394,True,0.21778415656401356,0.2600771625823918,0.23893065957320267,0.0037774141754507227,False,False,0.162426614481409,2,1,40.69315862601454,False,True,42.353124001586735,50.848010437051535,Atencao,Atencao: foco visual fora da direcao,26.485006802750213
1777741248.7558105,2395,True,0.2262525372521793,0.29021641681390414,0.2582344770330417,0.004449432608459899,False,False,0.162426614481409,2,1,41.61394152153621,False,True,42.39916314636282,50.848010437051535,Atencao,Atencao: foco visual fora da direcao,26.49621498895933
1777741248.7926564,2396,True,0.22943268726730198,0.2853135733884114,0.2573731303278567,0.0029453736828880155,False,False,0.162426614481409,2,1,42.9221130490303,False,True,42.464571722737524,50.848010437051535,Atencao,Atencao: foco visual fora da direcao,26.581972885568547
1777741248.8305018,2397,True,0.23366694024773485,0.2892712114367019,0.2614690758422184,0.003887666241049774,False,False,0.16253263707571802,2,1,43.25525944883174,False,True,42.49580714944508,50.84856396866841,Atencao,Atencao: foco visual fora da direcao,26.568047050812734
1777741248.869283,2398,True,0.2283803085489116,0.2749374118795171,0.25165886021421435,0.004999465784585066,False,False,0.16253263707571802,2,1,43.10635205453092,False,True,42.48836177973004,50.84856396866841,Atencao,Atencao: foco visual fora da direcao,26.485523217853455
1777741248.90512,2399,True,0.23432151207913215,0.30403040804345854,0.26917596006129535,0.004173199432778403,False,False,0.16253263707571802,2,1,43.02152020768686,False,True,42.48412018738784,50.84856396866841,Atencao,Atencao: foco visual fora da direcao,26.619207982394485
1777741248.94255,2400,True,0.23982155055006066,0.3060758212729194,0.27294868591149,0.003933246486712056,False,False,0.16253263707571802,2,1,44.17907655780965,False,True,42.541998004893976,50.84856396866841,Atencao,Atencao: foco visual fora da direcao,26.63986331354396
1777741248.978863,2401,True,0.2538850944363463,0.3191662415065579,0.2865256679714521,0.003607149560823994,False,False,0.162426614481409,2,1,45.35164855718613,False,True,42.58604849814532,50.848010437051535,Atencao,Atencao: foco visual fora da direcao,26.71195241400018
1777741249.016442,2402,True,0.2425935307970348,0.3108861392725585,0.27673983503479666,0.00417139981085833,False,False,0.162426614481409,2,1,45.856454175710674,False,True,42.61128877907154,50.848010437051535,Atencao,Atencao: foco visual fora da direcao,26.68271623614772
1777741249.05265,2403,True,0.2555402896883984,0.3068056842874001,0.2811729869878993,0.0035745624713624667,False,False,0.162426614481409,2,1,46.37623378959569,False,True,42.637277759765794,50.848010437051535,Atencao,Atencao: foco visual fora da direcao,26.76893167108542
1777741249.0883267,2404,True,0.2655056566292052,0.31487502984220817,0.2901903432357067,0.004014777870665423,False,False,0.162426614481409,2,1,46.21900940103964,False,True,42.62941654033799,50.848010437051535,Atencao,Atencao: foco visual fora da direcao,26.900601251197468
1777741249.1256857,2405,True,0.2596244367472739,0.3111112491373361,0.285367842942305,0.003567187833613884,False,False,0.162426614481409,2,1,45.4703269508752,False,True,42.59198241782977,50.848010437051535,Atencao,Atencao: foco visual fora da direcao,26.93122238377089
1777741249.1617644,2406,True,0.246937123739871,0.28386744827984467,0.2654022860098578,0.0034615482153027627,False,False,0.162426614481409,2,1,45.17902514338493,False,True,42.57741732745525,50.848010437051535,Atencao,Atencao: foco visual fora da direcao,26.987127678539913
1777741249.2000916,2407,True,0.24632682551620466,0.3025567072930989,0.2744417664046518,0.0036712430398673735,False,False,0.162426614481409,2,1,46.11934171915054,False,True,42.62443315624353,50.848010437051535,Atencao,Atencao: foco visual fora da direcao,26.918574957174034
1777741249.2383006,2408,True,0.24155954206851932,0.27629701264673134,0.25892827735762536,0.0038285906266685116,False,False,0.162426614481409,2,1,46.60895125486634,False,True,42.64891363302932,50.848010437051535,Atencao,Atencao: foco visual fora da direcao,26.84792195461617
1777741249.2775083,2409,True,0.26810901600378745,0.3056716624822144,0.2868903392430009,0.004937131177953315,False,False,0.162426614481409,2,1,45.293669114329596,False,True,42.58314952600249,50.848010437051535,Atencao,Atencao: foco visual fora da direcao,26.701800054675598
1777741249.31369,2410,True,0.28927918019282967,0.35061185666769457,0.3199455184302621,0.00529158888754253,False,False,0.162426614481409,2,1,45.40633926391601,False,True,42.58878303348181,50.848010437051535,Atencao,Atencao: foco visual fora da direcao,26.825610733822543
1777741249.350137,2411,True,0.27794240253698327,0.35145108886046,0.31469674569872164,0.004603536561749728,False,False,0.162426614481409,2,1,45.20765581130981,False,True,42.578848860851494,50.848010437051535,Atencao,Atencao: foco visual fora da direcao,26.86560494236604
1777741249.385508,2412,True,0.285585265184999,0.36097345534923714,0.32327936026711807,0.005252658206494979,False,False,0.162426614481409,2,1,45.73458242416382,False,True,42.6051951914942,50.848010437051535,Atencao,Atencao: foco visual fora da direcao,26.961800267090695
1777741249.4247317,2413,True,0.2794239106795015,0.3503217683907473,0.3148728395351244,0.004933708914096517,False,False,0.162426614481409,2,1,45.36350631713867,False,True,42.586641386142944,50.848010437051535,Atencao,Atencao: foco visual fora da direcao,26.828165565691258
1777741249.4694562,2414,True,0.30146990989615347,0.3381058804414009,0.31978789516877715,0.004740752325892768,False,False,0.16253263707571802,2,1,44.957888507843016,False,True,42.58093860239565,50.84856396866841,Atencao,Atencao: foco visual fora da direcao,26.403715127869205
1777741249.5119686,2415,True,0.3013645220167728,0.34524012598964954,0.32330232400321113,0.0037019183304215593,False,False,0.16253263707571802,2,1,43.77249031066894,False,True,42.52166869253694,50.84856396866841,Atencao,Atencao: foco visual fora da direcao,26.092228777413247
1777741249.554884,2416,True,0.29823157715844983,0.35115507035734383,0.32469332375789683,0.004018051294283416,False,False,0.16253263707571802,2,1,43.43456974029541,False,True,42.50477266401826,50.84856396866841,Atencao,Atencao: foco visual fora da direcao,25.808846922337548
1777741249.5992062,2417,True,0.2704524137092156,0.35294170499369526,0.3116970593514554,0.0027716596683189467,False,False,0.16253263707571802,2,1,42.77771434783935,False,True,42.47192989439546,50.84856396866841,Atencao,Atencao: foco visual fora da direcao,25.491727053022267
1777741249.641174,2418,True,0.3009278047234506,0.3367000993387211,0.31881395203108587,0.004237804347349244,False,False,0.16253263707571802,2,1,43.058345508575435,False,True,42.485961452432264,50.84856396866841,Atencao,Atencao: foco visual fora da direcao,25.351757504299442
1777741249.680379,2419,True,0.27837008102942673,0.3594796095274187,0.3189248452784227,0.002199449251598334,False,False,0.16253263707571802,2,1,42.073483848571776,False,True,42.436718369432086,50.84856396866841,Atencao,Atencao: foco visual fora da direcao,25.30345108284144
1777741249.72512,2420,True,0.31716149911185215,0.33861687975148513,0.32788918943166867,0.0037051814633600097,False,False,0.16263879817112997,2,1,41.778457164764404,False,True,42.43656418586087,50.84911822338341,Atencao,Atencao: foco visual fora da direcao,25.02901646058718
1777741249.7669687,2421,True,0.31512648988379627,0.38024052132134717,0.3476835056025717,0.0037116097918854928,False,False,0.16263879817112997,2,1,41.57992219924927,False,True,42.42663743758511,50.84911822338341,Atencao,Atencao: foco visual fora da direcao,24.959483107519137
1777741249.8115425,2422,True,0.275888603632035,0.3169878462226608,0.2964382249273479,0.004093701199967285,False,False,0.16263879817112997,2,1,42.43904790878295,False,True,42.46959372306179,50.84911822338341,Atencao,Atencao: foco visual fora da direcao,24.705325358744304
1777741249.8556287,2423,True,0.1985007101454897,0.25626498525964536,0.22738284770256753,0.0021515030819134573,False,False,0.16263879817112997,2,1,40.8161762714386,False,True,42.388450141194575,50.84911822338341,Atencao,Atencao: foco visual fora da direcao,24.463016394299956
1777741249.899565,2424,True,0.1789381679248548,0.2647563496884105,0.22184725880663264,0.0027191393011274634,False,False,0.16263879817112997,2,1,40.01479959487915,False,True,42.3483813073666,50.84911822338341,Atencao,Atencao: foco visual fora da direcao,24.31137691211984
1777741249.9364493,2425,True,0.16650668543606767,0.27075849730374724,0.21863259136990745,0.0032608751123045536,False,False,0.16263879817112997,2,1,39.77658441933718,False,True,42.3364705485895,50.84911822338341,Atencao,Atencao: foco visual fora da direcao,24.627024106941175
1777741249.9745076,2426,True,0.1577422050956624,0.24944089488261537,0.20359154998913886,0.0043769610291462206,True,False,0.16329196603527107,2,1,38.66684841080145,False,True,42.370794329482116,50.84911822338341,Atencao,Atencao: foco visual fora da direcao,24.750854140751144
1777741250.01055,2427,True,0.24856870710328777,0.3073547523480124,0.2779617297256501,0.0028387254051256243,False,False,0.16329196603527107,2,1,29.641413781317794,False,False,41.86291184810846,50.84911822338341,Atencao,Atencao: sinais iniciais de risco,25.05448046127183
1777741250.049473,2428,True,0.26018067200573874,0.33225772724675157,0.29621919962624516,0.0030995830315148605,False,False,0.16329196603527107,2,1,29.0314433103258,False,False,41.83241332455886,50.84911822338341,Atencao,Atencao: sinais iniciais de risco,25.103774141563207
1777741250.0861323,2429,True,0.2509741514329484,0.3337446281889385,0.29235938981094345,0.002459745315091177,False,False,0.16318537859007834,2,1,28.058122163740073,False,False,41.769091493515575,50.84856396866841,Atencao,Atencao: sinais iniciais de risco,25.299595546681775
1777741250.1235714,2430,True,0.25911836716238856,0.3444042819783177,0.3017613245703531,0.001534574929383546,False,False,0.16318537859007834,2,1,25.518236950039864,False,False,41.642097232830565,50.84856396866841,Atencao,Atencao: sinais iniciais de risco,25.473105896407333
1777741250.1622212,2431,True,0.2728372218453035,0.33252475145388194,0.30268098664959275,0.0025495961551663645,False,False,0.16318537859007834,2,1,25.085722599788145,False,False,41.62047151531798,50.84856396866841,Atencao,Atencao: sinais iniciais de risco,25.515254654075047
1777741250.198869,2432,True,0.27304280303488976,0.2841097071610469,0.27857625509796835,0.004170958626206508,False,False,0.16318537859007834,2,1,22.920000300353223,False,False,41.51218540034623,50.84856396866841,Atencao,Atencao: sinais iniciais de risco,25.712273145458646
1777741250.2339616,2433,True,0.2823968590340676,0.2996203607769025,0.29100860990548505,0.009202777405779771,False,False,0.16318537859007834,2,1,16.766967006264764,False,False,41.20453373564181,50.84856396866841,Atencao,Atencao: sinais iniciais de risco,26.011046289882472
1777741250.2678142,2434,True,0.24297128660256165,0.2805203703024826,0.26174582845252214,0.005143413686002449,False,False,0.16318537859007834,2,1,17.627762655829166,False,False,41.24757351812003,50.84856396866841,Atencao,Atencao: sinais iniciais de risco,26.32820972885368
1777741250.3050442,2435,True,0.26129018908284946,0.30980213731160094,0.2855461631972252,0.006079381401899001,False,False,0.16318537859007834,2,1,24.796308088031683,False,False,41.60600078973015,50.84856396866841,Atencao,Atencao: sinais iniciais de risco,26.391962219247947
1777741250.3391511,2436,True,0.28499163974478,0.33560805683550193,0.31029984829014096,0.018753119298278036,False,False,0.16318537859007834,2,1,31.648000900853763,False,False,41.94858543037126,50.84856396866841,Atencao,Atencao: sinais iniciais de risco,26.68159830371874
1777741250.3740208,2437,True,0.30202475092445635,0.3116795801636173,0.3068521655440368,0.00609886254812462,False,False,0.16318537859007834,2,1,34.31963536278768,False,False,42.08216715346796,50.84856396866841,Atencao,Atencao: sinais iniciais de risco,26.858429155451194
1777741250.4087214,2438,True,0.30127703458561245,0.3347175292867449,0.3179972819361787,0.0046859757678556786,False,False,0.16318537859007834,2,1,34.66800014241175,False,False,42.09958539244916,50.84856396866841,Atencao,Atencao: sinais iniciais de risco,27.074644666533793
1777741250.4439483,2439,True,0.2899684227330081,0.32082928321324145,0.30539885297312475,0.0033005214704386336,False,False,0.16318537859007834,2,1,35.37929473194209,False,False,42.135150121925676,50.84856396866841,Atencao,Atencao: sinais iniciais de risco,27.177076657286133
1777741250.4863622,2440,True,0.2954248349372757,0.3137260570111024,0.30457544597418906,0.0044359593472291835,False,False,0.16318537859007834,2,1,30.70320769277486,False,False,41.901345769967314,50.84856396866841,Atencao,Atencao: sinais iniciais de risco,26.808121100860294
1777741250.5283685,2441,True,0.2968706625304342,0.2910911625592294,0.29398091254483183,0.009330949955296505,False,False,0.16318537859007834,2,1,35.445428031141105,False,False,42.13845678688563,50.84856396866841,Atencao,Atencao: sinais iniciais de risco,26.540488810653542
1777741250.5683982,2442,True,0.30420947965539613,0.2937339460396856,0.29897171284754087,0.044059490390185724,False,False,0.16329196603527107,2,1,37.51872178153558,False,False,42.25677724811935,50.84911822338341,Atencao,Atencao: sinais iniciais de risco,26.383705426159803
1777741250.6082845,2443,True,0.3092526055408792,0.3234345542300438,0.31634357988546147,0.08245373917632556,False,False,0.16329196603527107,2,1,37.32079552195289,False,False,42.24688093514021,50.84911822338341,Atencao,Atencao: sinais iniciais de risco,26.231802284285997
1777741250.650386,2444,True,0.3177801613972189,0.28697094261194767,0.30237555200458327,0.06962391935341036,False,False,0.16329196603527107,2,1,38.948291913487694,False,False,42.32825575471695,50.84911822338341,Atencao,Atencao: sinais iniciais de risco,25.984669597085873
1777741250.6880183,2445,True,0.2970230839354673,0.3205524321548187,0.308787758045143,0.1377918276997897,False,False,0.16329196603527107,2,1,37.6204673750834,False,False,42.26186452779674,50.84911822338341,Atencao,Atencao: sinais iniciais de risco,26.062153065650524
1777741250.7215252,2446,True,0.32534052965295185,0.2999927646947579,0.31266664717385484,0.17017997986109132,False,False,0.16263879817112997,2,1,39.024819859049536,False,False,42.24227157067565,50.84911822338341,Atencao,Atencao: sinais iniciais de risco,26.478437244869596
1777741250.7559116,2447,True,0.30795673976862076,0.32412878641288795,0.31604276309075435,0.15355740440369733,False,False,0.1619856303069889,2,1,40.40061988993124,False,False,42.22125099090034,50.84911822338341,Atencao,Atencao: sinais iniciais de risco,26.708722045242634
1777741250.7937152,2448,True,0.3220408277634289,0.2916021948412151,0.306821511302322,0.15542199091027026,False,False,0.16133246244284782,2,1,39.859056040915576,False,False,42.10436221713015,50.84911822338341,Atencao,Atencao: sinais iniciais de risco,26.697891231711118
1777741250.8304098,2449,True,0.3069659431214752,0.30925763812250345,0.30811179062198935,0.17481356180335245,False,False,0.16133246244284782,2,1,39.50576372200793,False,False,42.13302621814769,50.84911822338341,Atencao,Atencao: sinais iniciais de risco,26.76498627651663
1777741250.86476,2450,True,0.36018704198577733,0.3161504012416803,0.3381687216137288,0.1509728048390333,False,False,0.16133246244284782,2,1,39.650676012039185,False,False,42.14027183264925,50.84911822338341,Atencao,Atencao: sinais iniciais de risco,26.933089875114316
1777741250.8976345,2451,True,0.3494698354025172,0.27557689932586416,0.3125233673641907,0.13962663634911293,False,False,0.16133246244284782,2,1,42.08571405519138,False,False,42.26202373480686,50.84911822338341,Atencao,Atencao: sinais iniciais de risco,27.27681139868695
1777741250.9373498,2452,True,0.31398431058548687,0.298981673922168,0.30648299225382747,0.1328153734736443,False,False,0.16133246244284782,2,1,42.85991541147232,False,True,42.300733802620904,50.84911822338341,Atencao,Atencao: sinais iniciais de risco,27.10498854052105
1777741250.97344,2453,True,0.3275772681571535,0.3040535999368581,0.3158154340470058,0.12863670222039586,False,False,0.16133246244284782,2,1,43.411102414131165,False,True,42.32829315275385,50.84911822338341,Atencao,Atencao: sinais iniciais de risco,27.161859080075946
1777741251.0103698,2454,True,0.30796227410379473,0.2925986687812698,0.3002804714425322,0.061975554799722034,False,False,0.16133246244284782,2,1,43.186813799901444,False,True,42.31707872204236,50.84911822338341,Atencao,Atencao: sinais iniciais de risco,27.139109000268085
1777741251.050415,2455,True,0.3324576214787355,0.3015981602998424,0.31702789088928895,0.006614471856932557,False,False,0.16133246244284782,2,1,43.43643001426349,False,True,42.32955953276046,50.84911822338341,Atencao,Atencao: sinais iniciais de risco,26.933714513921334
1777741251.0862358,2456,True,0.3069834163770831,0.24799179112263278,0.2774876037498579,0.0049544298406540834,False,False,0.16133246244284782,2,1,41.221964586322954,False,False,42.218836261363435,50.84911822338341,Atencao,Atencao: sinais iniciais de risco,27.046604394753665
1777741251.121969,2457,True,0.3374048971073658,0.26581802445391106,0.30161146078063844,0.004257822013623089,False,False,0.16133246244284782,2,1,39.722724741697306,False,False,42.143874269132155,50.84911822338341,Atencao,Atencao: sinais iniciais de risco,27.123616075000243
1777741251.50592,2458,True,0.27624847163851424,0.22175026216145205,0.24899936689998314,0.2150324009313647,False,False,0.1618610747051114,2,1,37.419364768808535,False,False,42.101390456548955,50.8519003931848,Atencao,Atencao: sinais iniciais de risco,24.671941461138307
1777741251.7349133,2459,True,0.2414986231977356,0.22712843050242418,0.2343135268500799,0.20538243619101787,False,False,0.1623931623931624,2,1,39.27128827842799,False,False,42.26714868913694,50.85470085470085,Atencao,Atencao: sinais iniciais de risco,22.6406435438454
1777741251.773523,2460,True,0.24773652633604396,0.2251673761190237,0.23645195122753382,0.1976509023193013,False,False,0.1623931623931624,2,1,40.72406995567408,False,False,42.339787772999244,50.85470085470085,Atencao,Atencao: sinais iniciais de risco,22.968065121912822
1777741251.8127773,2461,True,0.25056328714017606,0.2251028062194349,0.23783304667980548,0.23828946736070028,False,False,0.1623931623931624,2,1,39.54210298819975,False,False,42.28068942462553,50.85470085470085,Atencao,Atencao: sinais iniciais de risco,23.245850987239287
1777741251.8504782,2462,True,0.26108962586589846,0.23538891309024051,0.24823926947806949,0.19477587962138873,False,False,0.1625,2,1,39.79675985249606,False,False,42.30811243878051,50.85526315789474,Atencao,Atencao: sinais iniciais de risco,23.561090813378616
1777741251.8870804,2463,True,0.25631058018694014,0.22607548470103733,0.24119303244398874,0.2057916273913057,False,False,0.1625,2,1,39.24295869036154,False,False,42.28042238067379,50.85526315789474,Atencao,Atencao: sinais iniciais de risco,23.951012345572984
1777741251.93455,2464,True,0.2638694415884408,0.22944283381408026,0.24665613770126052,0.21228785018911966,False,False,0.1625,2,1,40.91571054079316,False,False,42.36405997319537,50.85526315789474,Atencao,Atencao: sinais iniciais de risco,23.632435176459364
1777741251.983061,2465,True,0.2546339698084253,0.2187938827005754,0.23671392625450033,0.19324715944722942,False,False,0.1625,2,1,39.36467872803861,False,False,42.28650838255764,50.85526315789474,Atencao,Atencao: sinais iniciais de risco,23.35217348838809
1777741252.026376,2466,True,0.2673070850318654,0.21391423090884945,0.2406106579703574,0.19981610307077463,False,False,0.1625,2,1,39.360538979552004,False,False,42.286301395133314,50.85526315789474,Atencao,Atencao: sinais iniciais de risco,23.306878649540995
1777741252.0680325,2467,True,0.2587303963712584,0.2175407373998275,0.23813556688554294,0.20225876998132172,False,False,0.1625,2,1,39.58015788305889,False,False,42.297282340308655,50.85526315789474,Atencao,Atencao: sinais iniciais de risco,23.379210897524636
1777741252.1084647,2468,True,0.2657692458553352,0.23108129683923867,0.24842527134728692,0.18501267235888527,False,False,0.1625,2,1,40.02297328818928,False,False,42.319423110565175,50.85526315789474,Atencao,Atencao: sinais iniciais de risco,23.513159928718608
1777741252.1464574,2469,True,0.280786823511065,0.23890679276396856,0.25984680813751676,0.1833368171425794,False,False,0.16260697827518103,2,1,42.426381559805435,False,True,42.454303036983376,50.85582620144832,Atencao,Atencao: sinais iniciais de risco,23.801222941467117
1777741252.1843843,2470,True,0.25668987008869165,0.2296422325765761,0.24316605133263386,0.18515597773360176,False,False,0.1625,2,1,40.95587703314694,False,False,42.36606829781306,50.85526315789474,Atencao,Atencao: sinais iniciais de risco,24.07688215206984
1777741252.2298725,2471,True,0.2431782381258937,0.2275490177049095,0.2353636279154016,0.18955952660205055,False,False,0.16260697827518103,2,1,40.47745329358361,False,False,42.356856623672286,50.85582620144832,Atencao,Atencao: sinais iniciais de risco,23.79685351040341
1777741252.281412,2472,True,0.24455905510614007,0.24467825626514772,0.2446186556856439,0.2438638566067911,False,False,0.16260697827518103,2,1,40.708133058114484,False,False,42.36839061189883,50.85582620144832,Atencao,Atencao: sinais iniciais de risco,23.412355765518193
1777741252.3251288,2473,True,0.2383403491961421,0.22995187668091502,0.23414611293852855,0.2262550518104426,False,False,0.16260697827518103,2,1,41.699084323102774,False,False,42.417938175148244,50.85582620144832,Atencao,Atencao: sinais iniciais de risco,23.346350216010116
1777741252.3652616,2474,True,0.2511478907481305,0.22165502434520723,0.23640145754666886,0.22500713978722758,False,False,0.16260697827518103,2,1,40.53839113170451,False,False,42.35990351557833,50.85582620144832,Atencao,Atencao: sinais iniciais de risco,23.48415979943799
1777741252.4084172,2475,True,0.23575869201006458,0.20013258041515744,0.217945636212611,0.2324338372019948,False,False,0.16260697827518103,2,1,36.893682893297886,False,False,42.177668103658,50.85582620144832,Atencao,Atencao: sinais iniciais de risco,23.464856801499813
1777741252.4482274,2476,True,0.23457997367663808,0.1857568319834248,0.21016840283003144,0.23600553695631635,False,False,0.16260697827518103,2,1,31.68025713590058,False,False,41.91699681578813,50.85582620144832,Atencao,Atencao: sinais iniciais de risco,23.60241116314252
1777741252.501671,2477,True,0.2259419062971224,0.19729656968052742,0.21161923798882493,0.24660177205708073,False,False,0.1627140974967062,2,1,18.477751509167934,False,False,41.27160042741121,50.856389986824766,Atencao,Atencao: sinais iniciais de risco,23.137196927531487
1777741252.5619497,2478,True,0.20724335874380617,0.18594690554720017,0.19659513214550317,0.20611601447405403,True,False,0.16348055372445616,2,1,7.701773536480455,False,False,40.83818926009246,50.856954515491104,Atencao,Atencao: sinais iniciais de risco,22.47909540895197
1777741252.6129005,2479,True,0.1990031862033813,0.21958096150205156,0.20929207385271642,0.21319131095575336,True,False,0.16413974950560317,2,1,15.57133222398433,False,False,41.322306614375364,50.856954515491104,Atencao,Atencao: sinais iniciais de risco,22.200565947732652
1777741252.6617198,2480,True,0.19592410210461525,0.21627409055251046,0.20609909632856285,0.20634039858238082,True,False,0.16479894528675015,2,1,21.43208897466009,False,False,41.70598387181686,50.856954515491104,Atencao,Atencao: sinais iniciais de risco,22.034344478425155
1777741252.713278,2481,True,0.20502438222115843,0.22819285371245263,0.21660861796680553,0.22121320450195275,False,False,0.16490765171503957,2,1,23.403576430136503,False,False,41.78013557399276,50.857519788918204,Atencao,Atencao: sinais iniciais de risco,21.729311387114112
1777741252.762912,2482,True,0.19419047668350772,0.2109885392193277,0.20258950795141772,0.21059366229465176,True,False,0.16556728232189974,2,1,23.213128721443088,False,False,41.86131239700136,50.857519788918204,Atencao,Atencao: sinais iniciais de risco,21.585823410013255
1777741252.811677,2483,True,0.18670484635491172,0.23781348350215745,0.21225916492853458,0.1986392825124599,False,False,0.16567656765676567,2,1,25.935324118083177,False,False,41.96186980688143,50.85808580858086,Atencao,Atencao: sinais iniciais de risco,21.514117743750806
1777741252.8638067,2484,True,0.1878455459417156,0.23153442156169657,0.20968998375170608,0.19185181869258816,True,False,0.16633663366336635,2,1,27.957820543917737,False,False,42.15375370408075,50.85808580858086,Atencao,Atencao: sinais iniciais de risco,21.244835713294805
1777741252.9135132,2485,True,0.18242252175420506,0.23391191120025207,0.20816721647722858,0.18602074823577922,True,False,0.16710700132100395,2,1,26.555217411843213,False,False,42.18954910040219,50.85865257595773,Atencao,Atencao: sinais iniciais de risco,21.147438063095205
1777741252.9611855,2486,True,0.1860575492791005,0.28528365352128915,0.23567060140019483,0.1893955093765074,False,False,0.16710700132100395,2,1,36.177101508053866,False,True,42.63049907481029,50.85865257595773,Atencao,Atencao: sinais iniciais de risco,21.110003395185558
1777741253.0052478,2487,True,0.18762727245329233,0.2746382319059489,0.2311327521796206,0.19398908815669558,False,False,0.16710700132100395,2,1,34.36154488704421,False,True,42.53972124375981,50.85865257595773,Atencao,Atencao: sinais iniciais de risco,21.293749461177182
1777741253.0550117,2488,True,0.1771271936737771,0.29443852625386546,0.23578285996382128,0.1536127455351096,False,False,0.16710700132100395,2,1,37.09033167145469,False,True,42.67616058298033,50.85865257595773,Atencao,Atencao: sinais iniciais de risco,21.199538071489606
1777741253.101582,2489,True,0.1497979439184925,0.20897169790455777,0.17938482091152513,0.08621947814185663,True,False,0.16776750330250992,2,1,37.90622432231903,False,True,42.807774237980624,50.85865257595773,Atencao,Atencao: sinais iniciais de risco,21.198928794838658
1777741253.1522121,2490,True,0.07974308078730286,0.09103280044300094,0.0853879406151519,0.010795607675961428,True,False,0.16853932584269662,2,1,35.593442445993425,False,True,42.79826074344002,50.859220092531395,Atencao,Atencao: sinais iniciais de risco,21.041736748490283
1777741253.2004511,2491,True,0.07071669810538005,0.04213312767299894,0.056424912889189494,0.14462446603190962,True,False,0.16920026437541308,2,1,35.20315119475126,False,True,42.86962522912643,50.859220092531395,Atencao,Atencao: sinais iniciais de risco,21.031887245152486
1777741253.2435896,2492,True,0.10471018856190974,0.22827522130389946,0.1664927049329046,0.09303156944271292,True,False,0.16986120290812953,2,1,37.18251132965087,False,True,43.05947228411992,50.859220092531395,Atencao,Atencao: sinais iniciais de risco,21.269078737152363
1777741253.2864037,2493,True,0.1415226177800503,0.23443936149125297,0.18798098963565163,0.1267168617709888,True,False,0.17052214144084601,2,1,37.18695757389068,False,True,43.15057364458042,50.859220092531395,Atencao,Atencao: sinais iniciais de risco,21.422085048193935
1777741253.3272917,2494,True,0.1607943010898517,0.29792128448078214,0.22935779278531693,0.009899399553363377,False,False,0.17063492063492064,2,1,38.087645292282104,False,True,43.19058007897523,50.85978835978836,Atencao,Atencao: sinais iniciais de risco,21.790345198323656
1777741253.3711536,2495,True,0.15548977019813487,0.265458176354021,0.21047397327607795,0.013662098699077085,False,False,0.17063492063492064,2,1,39.281316709518435,False,True,43.250263649837045,50.85978835978836,Atencao,Atencao: sinais iniciais de risco,21.888483614840922
1777741253.4171329,2496,True,0.17419814701188086,0.31269860468613636,0.2434483758490086,0.007876501736623564,False,False,0.17063492063492064,2,1,39.248884725570676,False,True,43.24864205063966,50.85978835978836,Atencao,Atencao: sinais iniciais de risco,21.84772452559091
1777741253.4593372,2497,True,0.17278268660113522,0.2642892988560086,0.2185359927285719,0.005279957963528451,False,False,0.17063492063492064,2,1,39.223929452896115,False,True,43.24739428700593,50.85978835978836,Atencao,Atencao: sinais iniciais de risco,22.068833975321837
1777741253.5041893,2498,True,0.13403463764098056,0.2631137692211601,0.19857420343107032,0.006808569981261237,True,False,0.171409662475182,2,1,39.182734155654906,False,True,43.351861525179814,50.86035737921906,Atencao,Atencao: sinais iniciais de risco,22.084889080704606
1777741253.5576458,2499,True,0.09465158661191253,0.1568585582481687,0.1257550724300406,0.008507691499001532,True,False,0.17207147584381205,2,1,36.46647857427597,False,True,43.30704808429749,50.86035737921906,Atencao,Atencao: sinais iniciais de risco,21.717664751801465
1777741253.6037905,2500,True,0.1396429205665868,0.22238910178603727,0.18101601117631205,0.0033433448119067548,True,False,0.1727332892124421,2,1,35.75962680578232,False,True,43.36270483405944,50.86035737921906,Atencao,Atencao: sinais iniciais de risco,21.744202944715752
1777741253.6477957,2501,True,0.2110926494456773,0.2961408005142307,0.253616724979954,0.006381139333232803,False,False,0.1728476821192053,2,1,35.828267860412595,False,True,43.35253470640309,50.86092715231788,Atencao,Atencao: sinais iniciais de risco,21.828536452046336
1777741253.6932602,2502,True,0.20549411069824736,0.2641118835231336,0.23480299711069047,0.006483667882016138,False,False,0.1728476821192053,2,1,35.94706847667694,False,True,43.358474737216305,50.86092715231788,Atencao,Atencao: sinais iniciais de risco,21.841651008944222
1777741253.742136,2503,True,0.23672182983331577,0.3274020135665923,0.28206192169995403,0.006488477267955749,False,False,0.1728476821192053,2,1,35.03964894339442,False,True,43.31310376055218,50.86092715231788,Atencao,Atencao: sinais iniciais de risco,21.701677235206017
1777741253.7866118,2504,True,0.22396222730558513,0.3341380859622355,0.2790501566339103,0.005249762511560725,False,False,0.17296222664015903,2,1,35.08438251689076,False,True,43.33109031085814,50.86149768058317,Atencao,Atencao: sinais iniciais de risco,21.759048127019362
1777741253.8330212,2505,True,0.23270949635610366,0.3178482166656598,0.27527885651088174,0.006369048923940129,False,False,0.17296222664015903,2,1,35.48442357778549,False,True,43.35109236390288,50.86149768058317,Atencao,Atencao: sinais iniciais de risco,21.786436796586717
1777741253.8770523,2506,True,0.22585927093334154,0.3468966849506845,0.28637797794201303,0.005910110745395937,False,False,0.17296222664015903,2,1,36.48047144412994,False,True,43.4008947572201,50.86149768058317,Atencao,Atencao: sinais iniciais de risco,21.873270859910065
1777741253.9194193,2507,True,0.23604636563604853,0.3476182402648937,0.29183230295047113,0.0062500920980552615,False,False,0.17296222664015903,2,1,36.247324395179746,False,True,43.38923740477259,50.86149768058317,Atencao,Atencao: sinais iniciais de risco,22.020423337836696
1777741253.9653375,2508,True,0.2288318484245445,0.355751329680482,0.29229158905251323,0.005883691603331845,False,False,0.17307692307692307,2,1,36.567811357975,False,True,43.4210325129674,50.86206896551724,Atencao,Atencao: sinais iniciais de risco,21.990617647018667
1777741254.0051246,2509,True,0.2493503892621852,0.3534854431275673,0.30141791619487623,0.007179331436055634,False,False,0.17307692307692307,2,1,37.08906917572021,False,True,43.44709540385466,50.86206896551724,Atencao,Atencao: sinais iniciais de risco,22.324259416430014
1777741254.0420449,2510,True,0.2091937595696655,0.3517840262336686,0.28048889290166706,0.0057712608551049385,False,False,0.17307692307692307,2,1,37.67416367530822,False,True,43.47635012883406,50.86206896551724,Atencao,Atencao: sinais iniciais de risco,22.811752531912642
1777741254.0787086,2511,True,0.22676868496960642,0.3371996519251523,0.28198416844737934,0.006300000919266365,False,False,0.17307692307692307,2,1,37.50681915283203,False,True,43.467982902710254,50.86206896551724,Atencao,Atencao: sinais iniciais de risco,23.208132672106792
1777741254.120545,2512,True,0.21621199440567865,0.36374041225569126,0.28997620333068497,0.005926797939188613,False,False,0.17307692307692307,2,1,38.26508457660675,False,True,43.50589617389899,50.86206896551724,Atencao,Atencao: sinais iniciais de risco,23.321694729604474
1777741254.1663296,2513,True,0.24882638003783317,0.3685312849844864,0.3086788325111598,0.007568279144549873,False,False,0.17307692307692307,2,1,38.561967563629146,False,True,43.52074032325011,50.86206896551724,Atencao,Atencao: sinais iniciais de risco,23.18955649681328
1777741254.2114372,2514,True,0.2397666204284106,0.3719398651984459,0.30585324281342824,0.0058624144471860875,False,False,0.17307692307692307,2,1,38.4485588312149,False,True,43.5150698866294,50.86206896551724,Atencao,Atencao: sinais iniciais de risco,23.05212075692057
