timestamp,frame_id,face_detected,ear_left,ear_right,ear_avg,mar,eye_closed,mouth_open,perclos,yawn_count_window,long_eye_closure_count,head_tilt_score,looking_down,looking_side,fatigue_score,distraction_score,final_state,alert_message,fps
1777746299.508911,1,False,0.0,0.0,0.0,0.0,False,False,0.0,0,0,0.0,False,False,0.0,15.0,Normal,,1.7214957319417927
1777746299.6890683,2,True,0.2463231069546206,0.3428535322286043,0.29458831959161247,0.02032022688225751,False,False,0.0,0,0,43.75124378204346,False,True,2.187562189102173,50.0,Atencao,Atencao: sinais iniciais de risco,2.1046845152854377
1777746299.928998,3,True,0.2533419575001786,0.32291617317998117,0.28812906534007987,0.005951057329306363,False,False,0.0,0,0,41.22126579284668,False,True,2.061063289642334,50.0,Atencao,Atencao: sinais iniciais de risco,2.311253720181112
1777746299.9692655,4,True,0.24923937107196242,0.3381563826983052,0.2936978768851338,0.0012650577875770346,False,False,0.0,0,0,40.96016969680786,False,True,2.048008484840393,50.0,Atencao,Atencao: sinais iniciais de risco,4.554230680513429
1777746300.0099084,5,True,0.24636053847368886,0.2952083688854426,0.2707844536795657,0.00410736179090181,False,False,0.0,0,0,40.489399099349974,False,True,2.0244699549674987,50.0,Atencao,Atencao: sinais iniciais de risco,6.574637325880482
1777746300.054847,6,True,0.26956611528066626,0.37195717943388096,0.32076164735727364,0.0008821792220848408,False,False,0.0,0,0,40.63514175415039,False,True,2.0317570877075193,50.0,Atencao,Atencao: sinais iniciais de risco,8.12747981066266
1777746300.0970654,7,True,0.3034781793851731,0.45449557045881683,0.37898687492199495,0.0019474116781829224,False,False,0.0,0,0,39.69487600326538,False,True,1.984743800163269,50.0,Atencao,Atencao: sinais iniciais de risco,9.628721749027973
1777746300.1468794,8,True,0.2953243723814221,0.43756718006737927,0.36644577622440067,0.005587004067996456,False,False,0.0,0,0,38.7720742225647,False,True,1.9386037111282348,50.0,Atencao,Atencao: sinais iniciais de risco,10.73068115506519
1777746300.201854,9,True,0.30294167513168857,0.44828913643928575,0.37561540578548713,0.003593385397921154,False,False,0.0,0,0,38.598169445991516,False,True,1.9299084722995756,50.0,Atencao,Atencao: sinais iniciais de risco,11.467348330606356
1777746300.2565107,10,True,0.29636866628620767,0.42177145605797933,0.3590700611720935,0.0022820422875095745,False,False,0.0,0,0,39.093307161331175,False,True,1.9546653580665587,50.0,Atencao,Atencao: sinais iniciais de risco,12.149495941061728
1777746300.3049042,11,True,0.32031180569935397,0.4235780898107228,0.3719449477550384,0.005638518645406037,False,False,0.0,0,0,39.32865748405456,False,True,1.966432874202728,50.0,Atencao,Atencao: sinais iniciais de risco,13.009915450688128
1777746300.3557868,12,True,0.31248979455115533,0.4696193865432178,0.39105459054718655,0.004767634070759887,False,False,0.0,0,0,39.68654613494873,False,True,1.9843273067474365,50.0,Atencao,Atencao: sinais iniciais de risco,13.667879860804675
1777746300.4041069,13,True,0.31966407572785566,0.4197816094685457,0.36972284259820065,0.004339200257376872,False,False,0.0,0,0,39.45568218231201,False,True,1.9727841091156006,50.0,Atencao,Atencao: sinais iniciais de risco,14.371433810977056
1777746300.4532375,14,True,0.32247919014496745,0.4074786233912009,0.3649789067680842,0.005662448685790291,False,False,0.0,0,0,38.75548872947693,False,True,1.9377744364738465,50.0,Atencao,Atencao: sinais iniciais de risco,14.92263475511573
1777746300.5052078,15,True,0.3172589478024608,0.40669611794083943,0.36197753287165013,0.0030443839092737027,False,False,0.0,0,0,38.16705777645111,False,True,1.9083528888225554,50.0,Atencao,Atencao: sinais iniciais de risco,15.38371374148342
1777746300.5541246,16,True,0.3196716134734726,0.43564138762111104,0.37765650054729183,0.0033193287532801456,False,False,0.0,0,0,38.075746583938596,False,True,1.9037873291969298,50.0,Atencao,Atencao: sinais iniciais de risco,15.90386620027693
1777746300.6049619,17,True,0.32507241474424065,0.4459914425576258,0.3855319286509332,0.00653372318454408,False,False,0.0,0,0,37.40993647575378,False,True,1.870496823787689,50.0,Atencao,Atencao: sinais iniciais de risco,16.286866484438146
1777746300.6559846,18,True,0.3142489994428157,0.41951880632717276,0.36688390288499423,0.007782716005053357,False,False,0.0,0,0,38.2978364944458,False,True,1.91489182472229,50.0,Atencao,Atencao: sinais iniciais de risco,16.624036833041348
1777746300.7022567,19,True,0.3173442974106091,0.43105833278058814,0.3742013150955986,0.006600793927383342,False,False,0.0,0,0,38.50616559982299,False,True,1.9253082799911496,50.0,Atencao,Atencao: sinais iniciais de risco,17.1068607691113
1777746300.7546775,20,True,0.31894098286351025,0.4696238419550935,0.39428241240930184,0.010684816447479139,False,False,0.0,0,0,35.14191689938306,False,True,1.7570958449691532,50.0,Atencao,Atencao: sinais iniciais de risco,17.316057961693343
1777746300.8048396,21,True,0.35031191637854003,0.40387894109438605,0.37709542873646307,0.008577222160875857,False,False,0.0,0,0,38.05717754364014,False,True,1.9028588771820067,50.0,Atencao,Atencao: sinais iniciais de risco,17.579878648509318
1777746300.8628638,22,True,0.36353529158339903,0.2862702627712124,0.32490277717730576,0.023896641346768683,False,False,0.0,0,0,45.4505111694336,False,True,2.2725255584716795,50.0,Atencao,Atencao: sinais iniciais de risco,17.53444241767022
1777746300.9176238,23,True,0.3669928985352822,0.32928516910438865,0.34813903381983546,0.035811230462280616,False,False,0.0,0,0,39.33861942291259,False,True,1.9669309711456295,50.0,Atencao,Atencao: sinais iniciais de risco,17.605362931134376
1777746300.972546,24,True,0.3615252306519361,0.7452852120404179,0.553405221346177,0.03770675683223491,False,False,0.0,0,0,35.61077783107757,False,True,1.7805388915538787,50.0,Atencao,Atencao: sinais iniciais de risco,17.665703355225023
1777746301.0252533,25,True,0.31653750235589934,1.141628930041571,0.7290832161987352,0.014455236112874128,False,False,0.0,0,0,39.42175116539001,False,True,1.9710875582695007,50.0,Atencao,Atencao: sinais iniciais de risco,17.81166161211137
1777746301.0781703,26,True,0.3545587158150808,1.5276613006894804,0.9411100082522805,0.012571080178431041,False,False,0.0,0,0,38.71272573471069,False,True,1.9356362867355346,50.0,Atencao,Atencao: sinais iniciais de risco,17.900643585427797
1777746301.127474,27,True,0.3502383682934949,1.8985876908849806,1.1244130295892378,0.03370769235137344,False,False,0.0,0,0,41.594642591476436,False,True,2.079732129573822,50.0,Atencao,Atencao: sinais iniciais de risco,18.135243689080703
1777746301.1707444,28,True,0.35149774155206215,2.279941304405602,1.315719522978832,0.023872733293720614,False,False,0.0,0,0,42.86937637329101,False,True,2.1434688186645507,50.0,Atencao,Atencao: sinais iniciais de risco,18.604777431279928
1777746301.217369,29,True,0.35764855677148966,1.9216820675026078,1.1396653121370488,0.056341980960644945,False,False,0.0,0,0,40.25705800056457,False,True,2.0128529000282285,50.0,Atencao,Atencao: sinais iniciais de risco,18.913111307622152
1777746301.7105377,30,True,0.25572711031469525,0.3158548284613289,0.2857909693880121,0.0058860081609137735,False,False,0.0,0,0,27.012685699083583,False,False,1.3506342849541793,50.0,Atencao,Atencao: sinais iniciais de risco,17.224570752895787
1777746301.7565968,31,True,0.2574045010277855,0.32481851509350923,0.29111150806064734,0.0818336012158715,False,False,0.0,0,0,31.675320334326134,False,False,1.5837660167163068,50.0,Atencao,Atencao: sinais iniciais de risco,17.703408920620554
1777746301.8008502,32,True,0.25690623472229934,0.27473301819051493,0.2658196264564071,0.07024755137109018,False,False,0.0,0,0,25.059491276199164,False,False,1.2529745638099583,50.0,Atencao,Atencao: sinais iniciais de risco,18.172253323016527
1777746301.8430662,33,True,0.26370600031965175,0.29882931389743467,0.2812676571085432,0.06445646937271086,False,False,0.0,0,0,22.968001666123218,False,False,1.1484000833061607,50.0,Atencao,Atencao: sinais iniciais de risco,18.727856259368608
1777746301.8845906,34,True,0.26751814856283573,0.30016196129155204,0.2838400549271939,0.05216706753488431,False,False,0.0,0,0,21.551362862370233,False,False,1.0775681431185116,50.0,Atencao,Atencao: sinais iniciais de risco,19.265905894225945
1777746301.9268355,35,True,0.3025546362250277,0.2802164264048457,0.2913855313149367,0.017867719180472506,False,False,0.0,0,0,16.091570699418135,False,False,0.8045785349709067,50.0,Atencao,Atencao: sinais iniciais de risco,19.721356616416696
1777746301.9732468,36,True,0.27807187579514586,0.28623671960856245,0.2821542977018542,0.030021720539407704,False,False,0.0,0,0,16.11824212189425,False,False,0.8059121060947126,50.0,Atencao,Atencao: sinais iniciais de risco,19.894209297617266
1777746302.0183442,37,True,0.2881346992157175,0.2874232731078003,0.2877789861617589,0.016776885673233866,False,False,0.0,0,0,15.089616459963672,False,False,0.7544808229981836,50.0,Atencao,Atencao: sinais iniciais de risco,20.117794647697693
1777746302.0649824,38,True,0.2964908642545883,0.2800639210101185,0.2882773926323534,0.0034728615365103555,False,False,0.0,0,0,15.23285351779989,False,False,0.7616426758899946,50.0,Atencao,Atencao: sinais iniciais de risco,20.245762051885226
1777746302.1110873,39,True,0.2853965717388072,0.2807383422521226,0.2830674569954649,0.016542272991906515,False,False,0.0,0,0,17.59358735484156,False,False,0.879679367742078,50.0,Atencao,Atencao: sinais iniciais de risco,20.410979656002535
1777746302.1556637,40,True,0.2916378191404293,0.2797382805521436,0.2856880498462865,0.004780673959567261,False,False,0.0,0,0,15.57645153088326,False,False,0.778822576544163,50.0,Atencao,Atencao: sinais iniciais de risco,20.595150055860042
1777746302.2029045,41,True,0.31386664011811866,0.3028407483914658,0.3083536942547922,0.02284644201872354,False,False,0.0,0,0,15.076499704110692,False,False,0.7538249852055345,50.0,Atencao,Atencao: sinais iniciais de risco,20.656782253546208
1777746302.2463076,42,True,0.2991409427149723,0.309501936935272,0.30432143982512216,0.03245116901952443,False,False,0.0,0,0,15.124329704461111,False,False,0.7562164852230556,50.0,Atencao,Atencao: sinais iniciais de risco,20.912183608732185
1777746302.2868505,43,True,0.3041155543787578,0.3095463103111604,0.3068309323449591,0.012802931792035862,False,False,0.0,0,0,16.361900445310905,False,False,0.8180950222655453,50.0,Atencao,Atencao: sinais iniciais de risco,21.212028410053417
1777746302.3352551,44,True,0.30817868948718224,0.3063436916442271,0.30726119056570467,0.026412709431857237,False,False,0.0,0,0,18.982781632312317,False,False,0.9491390816156159,50.0,Atencao,Atencao: sinais iniciais de risco,21.192323727361433
1777746302.3785973,45,True,0.30678528198025073,0.309569123762833,0.3081772028715419,0.02670068527311585,False,False,0.0,0,0,18.92353571240197,False,False,0.9461767856200985,50.0,Atencao,Atencao: sinais iniciais de risco,21.40432191654489
1777746302.425761,46,True,0.3244550356749025,0.30475158383499185,0.3146033097549472,0.030151613396701495,False,False,0.0,0,0,20.66732999574054,False,False,1.033366499787027,50.0,Atencao,Atencao: sinais iniciais de risco,21.35728881892934
1777746302.4746656,47,True,0.32262634877759655,0.3088307221811262,0.3157285354793614,0.03233944100310536,False,False,0.0,0,0,20.69175684777173,False,False,1.0345878423885866,50.0,Atencao,Atencao: sinais iniciais de risco,21.2725601068863
1777746302.521646,48,True,0.32824610707118385,0.32148063588504033,0.32486337147811206,0.015182255931288425,False,False,0.0,0,0,21.596937439929352,False,False,1.0798468719964678,50.0,Atencao,Atencao: sinais iniciais de risco,21.294566040844092
1777746302.5656576,49,True,0.315665378010581,0.3069177595016608,0.31129156875612085,0.027631460408957677,False,False,0.0,0,0,22.21667230684649,False,False,1.1108336153423246,50.0,Atencao,Atencao: sinais iniciais de risco,21.389165269841026
1777746302.6098692,50,True,0.3154063198894157,0.32683060768191763,0.32111846378566666,0.0047184319456729015,False,False,0.0,0,0,24.29474939568476,False,False,1.2147374697842381,50.0,Atencao,Atencao: sinais iniciais de risco,21.556410112779616
1777746302.6568663,51,True,0.33038024783753833,0.3216389275732309,0.32600958770538463,0.030848603137352628,False,False,0.0,0,0,27.830372728813778,False,False,1.391518636440689,50.0,Atencao,Atencao: sinais iniciais de risco,21.512032692501982
1777746302.699245,52,True,0.32259823051579506,0.3165490030388141,0.31957361677730456,0.07473720042307189,False,False,0.0,0,0,30.822734645821832,False,False,1.5411367322910916,50.0,Atencao,Atencao: sinais iniciais de risco,21.653555521363515
1777746302.7464573,53,True,0.3082318715633602,0.36482252758676237,0.3365271995750613,0.08034703367955777,False,False,0.0,0,0,32.785034138506106,False,False,1.6392517069253054,50.0,Atencao,Atencao: sinais iniciais de risco,21.669106135073122
1777746302.7908576,54,True,0.28338931372020043,0.34599381098739046,0.3146915623537955,0.14747337367269153,False,False,0.0,0,0,37.83025443228808,False,True,1.8915127216144039,50.0,Atencao,Atencao: sinais iniciais de risco,21.765345554053194
1777746302.8344803,55,True,0.29008030048440453,0.3453685895117454,0.31772444499807495,0.14530896915360733,False,False,0.0,0,0,39.594653877886856,False,True,1.9797326938943427,50.0,Atencao,Atencao: sinais iniciais de risco,21.872614719457736
1777746302.8805661,56,True,0.2865874408874742,0.35141340273093247,0.3190004218092033,0.15560657815872275,False,False,0.0,0,0,38.806325088305904,False,True,1.9403162544152952,50.0,Atencao,Atencao: sinais iniciais de risco,21.853078848921886
1777746302.9257925,57,True,0.28288203234635423,0.34469808010675157,0.31379005622655287,0.18446666215783927,False,False,0.0,0,0,38.02656762166456,False,True,1.9013283810832282,50.0,Atencao,Atencao: sinais iniciais de risco,21.88181107950733
1777746302.9702992,58,True,0.28268457503953326,0.3418029055983586,0.3122437403189459,0.20386513139863374,False,False,0.0,0,0,40.11253835179589,False,True,2.0056269175897947,50.0,Atencao,Atencao: sinais iniciais de risco,21.94547648488081
1777746303.0175362,59,True,0.2925970126355344,0.33357824428943905,0.3130876284624867,0.2180814014443447,False,False,0.0,0,0,40.08429743755947,False,True,2.0042148718779735,50.0,Atencao,Atencao: sinais iniciais de risco,21.87270161891343
1777746303.066273,60,True,0.28952340692889256,0.33441605579530004,0.31196973136209627,0.24301272104439686,False,False,0.0,0,0,43.23173674886876,False,True,2.161586837443438,50.0,Atencao,Atencao: sinais iniciais de risco,21.739865749236486
1777746303.1108031,61,True,0.29916793918945284,0.33365107985283027,0.31640950952114155,0.2541538285026726,False,False,0.0,0,0,44.496581498601216,False,True,2.224829074930061,50.0,Atencao,Atencao: sinais iniciais de risco,21.80808694103826
1777746303.160335,62,True,0.3041372716419543,0.3440497448306853,0.32409350823631977,0.23883241622746126,False,False,0.0,0,0,44.630179214477536,False,True,2.231508960723877,50.0,Atencao,Atencao: sinais iniciais de risco,21.612657911164582
1777746303.567931,63,True,0.24990504273201886,0.28623329572331974,0.2680691692276693,0.007043507948202038,False,False,0.0,0,0,37.99366293657909,False,True,1.8996831468289546,50.0,Atencao,Atencao: sinais iniciais de risco,19.697240901906248
1777746303.6159756,64,True,0.2535970570627962,0.2829630382216325,0.26828004764221436,0.006936821020235583,False,False,0.0,0,0,36.68342886621302,False,True,1.8341714433106509,50.0,Atencao,Atencao: sinais iniciais de risco,19.79965627476865
1777746303.6587813,65,True,0.2669086859020731,0.3113311814952342,0.28911993369865363,0.00784485117394335,False,False,0.0,0,0,30.29984767924656,False,False,1.514992383962328,50.0,Atencao,Atencao: sinais iniciais de risco,20.173113581534007
1777746303.6997514,66,True,0.27731011588357335,0.3215579124079542,0.29943401414576376,0.005008816394976719,False,False,0.0,0,0,26.961823498660863,False,False,1.3480911749330433,50.0,Atencao,Atencao: sinais iniciais de risco,20.582486039534494
1777746303.7409265,67,True,0.281685235500582,0.33720801363744235,0.3094466245690122,0.005478325866163326,False,False,0.0,0,0,25.004346599091182,False,False,1.2502173299545591,50.0,Atencao,Atencao: sinais iniciais de risco,20.962298495851922
1777746303.778136,68,True,0.2740670174922471,0.3268763570502404,0.30047168727124374,0.005371515145602102,False,False,0.0,0,0,25.047203572771764,False,False,1.2523601786385883,50.0,Atencao,Atencao: sinais iniciais de risco,21.520088026011283
1777746303.8220706,69,True,0.2783096438831928,0.32972888665633454,0.30401926526976364,0.005413744121488313,False,False,0.0,0,0,25.69245583929799,False,False,1.2846227919648996,50.0,Atencao,Atencao: sinais iniciais de risco,21.65183600299251
1777746303.8644621,70,True,0.2769685373587169,0.32123760747176994,0.2991030724152434,0.0053460102141166385,False,False,0.0,0,0,25.692136790806597,False,False,1.2846068395403298,50.0,Atencao,Atencao: sinais iniciais de risco,21.848501920754128
1777746303.9047039,71,True,0.27735207983363064,0.322891277731631,0.30012167878263085,0.005147391106889558,False,False,0.0,0,0,25.97970596172593,False,False,1.2989852980862966,50.0,Atencao,Atencao: sinais iniciais de risco,22.16835430479222
1777746303.9445915,72,True,0.2718127576648288,0.313595806827248,0.2927042822460384,0.005054692411968247,False,False,0.0,0,0,25.512395522269337,False,False,1.2756197761134669,50.0,Atencao,Atencao: sinais iniciais de risco,22.445191181132643
1777746303.9874609,73,True,0.2710774534711969,0.31472559919588794,0.2929015263335424,0.005469002707164938,False,False,0.0,0,0,27.69395508603616,False,False,1.384697754301808,50.0,Atencao,Atencao: sinais iniciais de risco,22.521067645125434
1777746304.0315342,74,True,0.2664146425654353,0.2896923296016788,0.27805348608355707,0.008355000631071467,False,False,0.0,0,0,31.37507986263795,False,False,1.5687539931318975,50.0,Atencao,Atencao: sinais iniciais de risco,22.55587220043064
1777746304.0794144,75,True,0.2879798496611369,0.3139211037658981,0.3009504767135175,0.0060906242824404,False,False,0.0,0,0,36.29677740064534,False,True,1.814838870032267,50.0,Atencao,Atencao: sinais iniciais de risco,22.377477613676866
1777746304.125181,76,True,0.2961855797292119,0.3386295634179142,0.31740757157356303,0.16347066303198815,False,False,0.0,0,0,35.83532665751197,False,False,1.7917663328755984,50.0,Atencao,Atencao: sinais iniciais de risco,22.33448832904005
1777746304.2350576,77,True,0.280192301655742,0.3532089431807736,0.3167006224182578,0.2082914189519227,False,False,0.0,0,0,37.58615436824885,False,True,1.8793077184124423,50.0,Atencao,Atencao: sinais iniciais de risco,21.012200397095008
1777746304.2768564,78,True,0.2785741161957942,0.35317377893891977,0.315873947567357,0.19274665324673926,False,False,0.0,0,0,38.60713573965159,False,True,1.9303567869825793,50.0,Atencao,Atencao: sinais iniciais de risco,21.291949747793844
1777746304.3194082,79,True,0.2966221198156682,0.3470998625280908,0.3218609911718795,0.18140643120609987,False,False,0.0,0,0,41.479247249798334,False,True,2.0739623624899166,50.0,Atencao,Atencao: sinais iniciais de risco,21.499678397512607
1777746304.3619845,80,True,0.30057420121623174,0.3755382435567284,0.33805622238648003,0.19418171064239073,False,False,0.0,0,0,44.670438098907475,False,True,2.2335219049453734,50.0,Atencao,Atencao: sinais iniciais de risco,21.70741151816278
1777746304.403216,81,True,0.30012773028368844,0.3818717078124686,0.3409997190480785,0.23395944961472565,False,False,0.0,0,0,43.87305469512939,False,True,2.193652734756469,50.0,Atencao,Atencao: sinais iniciais de risco,21.97860721277065
1777746304.4492047,82,True,0.28521676789138134,0.3575792577725908,0.3213980128319861,0.22937000274405817,False,False,0.0,0,0,44.74224319458008,False,True,2.237112159729004,50.0,Atencao,Atencao: sinais iniciais de risco,21.935333822001976
1777746304.493111,83,True,0.2908536287833656,0.3991546384612875,0.34500413362232657,0.20292820796784622,False,False,0.0,0,0,44.72976512908936,False,True,2.236488256454468,50.0,Atencao,Atencao: sinais iniciais de risco,22.029020371449434
1777746304.537288,84,True,0.29424518935954824,0.3967923687976213,0.34551877907858475,0.19611922501393395,False,False,0.0,0,0,44.27267036437988,False,True,2.213633518218994,50.0,Atencao,Atencao: sinais iniciais de risco,22.10031349606809
1777746304.5928645,85,True,0.29025614901421365,0.3887146209733448,0.3394853849937792,0.19893637472565448,False,False,0.0,0,0,44.92329273223877,False,True,2.2461646366119385,50.0,Atencao,Atencao: sinais iniciais de risco,21.681048952757227
1777746304.9301221,86,True,0.313586418581317,0.44868577766820744,0.38113609812476223,0.22234524495887292,False,False,0.0,0,0,39.80363807678222,False,True,1.990181903839111,50.0,Atencao,Atencao: sinais iniciais de risco,19.809521817081617
1777746305.1702757,87,True,0.3102451179509732,0.42447184124470405,0.3673584795978386,0.053844106171766055,False,False,0.0,0,0,39.99134979248047,False,True,1.9995674896240234,50.0,Atencao,Atencao: sinais iniciais de risco,18.245420063603934
1777746305.2186508,88,True,0.3120747660615982,0.4409840558329965,0.3765294109472973,0.008345786842960385,False,False,0.0,0,0,39.23756966590881,False,True,1.9618784832954403,50.0,Atencao,Atencao: sinais iniciais de risco,18.474072210552514
1777746305.2675867,89,True,0.31179024271314,0.4528991534402656,0.3823446980767028,0.010029587514077445,False,False,0.0,0,0,39.35563149452209,False,True,1.9677815747261045,50.0,Atencao,Atencao: sinais iniciais de risco,18.67073932078224
1777746305.3122084,90,True,0.30308508729635647,0.45481718611523286,0.37895113670579467,0.06852732480306603,False,False,0.0,0,0,38.15038623809814,False,True,1.9075193119049072,50.0,Atencao,Atencao: sinais iniciais de risco,19.02878026006541
1777746305.364035,91,True,0.30825984116763555,0.44032173387856255,0.3742907875230991,0.1011052114227117,False,False,0.0,0,0,38.69068140983581,False,True,1.9345340704917904,50.0,Atencao,Atencao: sinais iniciais de risco,19.078115947007618
1777746305.411493,92,True,0.30430973055265315,0.4416402947997195,0.3729750126761863,0.15243638482934208,False,False,0.0,0,0,39.52743234634399,False,True,1.9763716173171997,50.0,Atencao,Atencao: sinais iniciais de risco,19.277772586823737
1777746305.4589736,93,True,0.30327310469091817,0.4503565063577968,0.3768148055243575,0.21808408452667724,False,False,0.0,0,0,39.005090379714964,False,True,1.950254518985748,50.0,Atencao,Atencao: sinais iniciais de risco,19.428301756903572
1777746305.505233,94,True,0.29793178153705563,0.42519999651710816,0.36156588902708187,0.20376092563527967,False,False,0.0,0,0,39.27623424530029,False,True,1.9638117122650145,50.0,Atencao,Atencao: sinais iniciais de risco,19.670924768378256
1777746305.550705,95,True,0.2956125686563699,0.4277160932180153,0.36166433093719264,0.14681871627913026,False,False,0.0,0,0,39.17918376922607,False,True,1.9589591884613036,50.0,Atencao,Atencao: sinais iniciais de risco,19.90378609164663
1777746305.5915115,96,True,0.2881767018140526,0.4215044206209471,0.35484056121749985,0.15220483525866707,False,False,0.0,0,0,39.18242173194885,False,True,1.9591210865974427,50.0,Atencao,Atencao: sinais iniciais de risco,20.349484813512564
1777746305.6338246,97,True,0.2848099941263352,0.44155043154827794,0.36318021283730656,0.10366825191141861,False,False,0.0,0,0,38.721531534194945,False,True,1.9360765767097474,50.0,Atencao,Atencao: sinais iniciais de risco,20.67922863823027
1777746305.6758425,98,True,0.30925580884175874,0.41783171665921043,0.3635437627504846,0.07406048796970066,False,False,0.0,0,0,38.159887480735776,False,True,1.9079943740367888,50.0,Atencao,Atencao: sinais iniciais de risco,20.997581823544973
1777746305.7204583,99,True,0.3180708178397734,0.4237801934492004,0.3709255056444869,0.057398285956001084,False,False,0.0,0,0,37.89365828037262,False,True,1.894682914018631,50.0,Atencao,Atencao: sinais iniciais de risco,21.103318412650452
1777746305.763769,100,True,0.292925161164238,0.38193143017029463,0.3374282956672663,0.03630865302883596,False,False,0.0,0,0,38.857716941833495,False,True,1.9428858470916746,50.0,Atencao,Atencao: sinais iniciais de risco,21.35233406834942
1777746305.8062148,101,True,0.29874132878175064,0.4125403540756957,0.3556408414287232,0.046371022316800514,False,False,0.0,0,0,38.94694395065307,False,True,1.9473471975326537,50.0,Atencao,Atencao: sinais iniciais de risco,21.571576401991706
1777746305.863891,102,True,0.29988897187656816,0.4184362960224888,0.35916263394952846,0.04723995292380906,False,False,0.0,0,0,39.223922157287596,False,True,1.9611961078643798,50.0,Atencao,Atencao: sinais iniciais de risco,21.138170334666366
1777746305.9212592,103,True,0.299973992620406,0.4166728443980587,0.3583234185092323,0.05769379634097791,False,False,0.0,0,0,38.68366389274597,False,True,1.9341831946372983,50.0,Atencao,Atencao: sinais iniciais de risco,20.780433730909138
1777746305.9708736,104,True,0.30891792116003886,0.4167851263125737,0.36285152373630625,0.09441377112983283,False,False,0.0,0,0,39.32457365989685,False,True,1.9662286829948425,50.0,Atencao,Atencao: sinais iniciais de risco,20.70904039575477
1777746306.0176823,105,True,0.3080064580104785,0.4174680494610214,0.36273725373574994,0.12934075604209777,False,False,0.0,0,0,39.215909004211426,False,True,1.9607954502105711,50.0,Atencao,Atencao: sinais iniciais de risco,20.766294010327584
1777746306.0646682,106,True,0.2994004798160474,0.4241784164218412,0.3617894481189443,0.14625046530057131,False,False,0.0,0,0,39.593891048431395,False,True,1.9796945524215697,50.0,Atencao,Atencao: sinais iniciais de risco,20.836287541997173
1777746306.1115842,107,True,0.2989603441476223,0.425581712013867,0.36227102808074463,0.14188622834358175,False,False,0.0,0,0,39.274147272109985,False,True,1.9637073636054991,50.0,Atencao,Atencao: sinais iniciais de risco,20.860917893022776
1777746306.1595814,108,True,0.3065688510987643,0.4365822243832892,0.37157553774102675,0.12225098998833638,False,False,0.0,0,0,39.18991560935974,False,True,1.959495780467987,50.0,Atencao,Atencao: sinais iniciais de risco,20.873365099152714
1777746306.2044916,109,True,0.30326237267903433,0.4244981070937395,0.3638802398863869,0.09094938616928415,False,False,0.0,0,0,40.26219496726989,False,True,2.0131097483634948,50.0,Atencao,Atencao: sinais iniciais de risco,20.95058697728383
1777746306.2505498,110,True,0.30592823906307065,0.4124488089285871,0.3591885239958289,0.036950546281592965,False,False,0.0,0,0,40.038849353790276,False,True,2.0019424676895134,50.0,Atencao,Atencao: sinais iniciais de risco,21.080910543553802
1777746306.293815,111,True,0.30304980006178167,0.39986198858642774,0.35145589432410473,0.029631449534496042,False,False,0.0,0,0,39.6664990901947,False,True,1.983324954509735,50.0,Atencao,Atencao: sinais iniciais de risco,21.278013321924977
1777746306.3388531,112,True,0.315215991718977,0.44044021932671445,0.37782810552284574,0.03808870295057607,False,False,0.0,0,0,39.86410193443298,False,True,1.993205096721649,50.0,Atencao,Atencao: sinais iniciais de risco,21.37825683484815
1777746306.3863778,113,True,0.280199617248663,0.34315911964052953,0.31167936844459626,0.16822743720140776,False,False,0.0,0,0,38.9402156829834,False,True,1.94701078414917,50.0,Atencao,Atencao: sinais iniciais de risco,21.3517928112124
1777746306.4285138,114,True,0.24685477065079983,0.2539709774401949,0.2504128740454974,0.15400511945919726,False,False,0.0,0,0,39.12506365776062,False,True,1.9562531828880312,50.0,Atencao,Atencao: sinais iniciais de risco,21.59324835694058
1777746306.4732556,115,True,0.2752682325108154,0.30728782208289235,0.29127802729685387,0.16451932819368,False,False,0.0,0,0,39.55763359069824,False,True,1.977881679534912,50.0,Atencao,Atencao: sinais iniciais de risco,21.665956770064447
1777746306.5342221,116,True,0.2778066042808364,0.31003649897815083,0.2939215516294936,0.18919945944290828,False,False,0.0,0,0,39.212459039688106,False,True,1.9606229519844054,50.0,Atencao,Atencao: sinais iniciais de risco,21.127635756902215
1777746306.5971365,117,True,0.11824481483214644,0.094249722682923,0.10624726875753472,0.2109348343031468,True,False,0.008620689655172414,0,0,37.70498976707458,False,True,3.070594315939936,50.0,Atencao,Atencao: sinais iniciais de risco,20.610473428377976
1777746306.650732,118,True,0.19823592867626683,0.22675502914120899,0.2124954789087379,0.2535980463315743,False,False,0.008547008547008548,0,0,38.13806309700012,False,True,3.269701230240683,50.0,Atencao,Atencao: sinais iniciais de risco,20.41252900811688
1777746306.6949108,119,True,0.27901801454047487,0.3099891894754862,0.29450360200798054,0.20981413071673746,False,False,0.00847457627118644,0,0,37.60968744754791,False,True,3.2333230098425334,50.0,Atencao,Atencao: sinais iniciais de risco,20.65578417512482
1777746306.735615,120,True,0.28070869920359404,0.33588377357676424,0.3082962363901791,0.26358456965388893,False,False,0.008403361344537815,0,0,37.51685469150543,False,True,3.218889319626223,50.0,Atencao,Atencao: sinais iniciais de risco,21.01869877809711
1777746306.7754483,121,True,0.3104216288945082,0.33638738107848964,0.3234045049864989,0.2290923502898275,False,False,0.008333333333333333,0,0,37.77652192115784,False,True,3.222243829568227,50.0,Atencao,Atencao: sinais iniciais de risco,21.4114280931486
1777746306.8144329,122,True,0.2938312791178376,0.37240852628453475,0.3331199027011862,0.24999873393422656,False,False,0.008264462809917356,0,0,38.622222852706905,False,True,3.2550591791759835,50.0,Atencao,Atencao: sinais iniciais de risco,21.82571902988293
1777746306.8578117,123,True,0.3039299835829013,0.3841101915736308,0.3440200875782661,0.15792609516194336,False,False,0.00819672131147541,0,0,38.447146272659296,False,True,3.2369908941378354,50.0,Atencao,Atencao: sinais iniciais de risco,21.972743013809094
1777746306.8988147,124,True,0.3131038436203735,0.3867643385704642,0.34993409109541884,0.006161874903729519,False,False,0.008130081300813009,0,0,37.926018595695496,False,True,3.2017715088235654,50.0,Atencao,Atencao: sinais iniciais de risco,22.210478305333492
1777746306.943122,125,True,0.3114210524837646,0.4103333464026201,0.36087719944319235,0.036875833195035616,False,False,0.008064516129032258,0,0,38.08854458332062,False,True,3.2008825970849686,50.0,Atencao,Atencao: sinais iniciais de risco,22.25587351949442
1777746306.9859421,126,True,0.29931351752601454,0.3925719900916636,0.3459427538088391,0.21067945553245598,False,False,0.008,0,0,38.192379117012024,False,True,3.1972033560276034,50.0,Atencao,Atencao: sinais iniciais de risco,22.3688875910802
1777746307.0260215,127,True,0.2907947957780898,0.3964610503617919,0.34362792306994083,0.30909658920135663,False,False,0.007936507936507936,0,0,39.07048435211181,False,True,3.232378459052434,50.0,Atencao,Atencao: sinais iniciais de risco,22.617656587330234
1777746307.0697832,128,True,0.29603401216514347,0.39899835015182405,0.34751618115848376,0.27377481829824823,False,False,0.007874015748031496,0,0,38.62049078941345,False,True,3.2012861050020054,50.0,Atencao,Atencao: sinais iniciais de risco,22.646185801761497
1777746307.1146362,129,True,0.30878190719969906,0.3754118277867764,0.34209686749323776,0.248607334466487,False,False,0.0078125,0,0,38.08721485137939,False,True,3.1661638927459714,50.0,Atencao,Atencao: sinais iniciais de risco,22.604891224936345
1777746307.1542504,130,True,0.3002556725047127,0.3909490899183356,0.34560238121152415,0.27929013969588307,False,False,0.007751937984496124,0,0,38.598667478561396,False,True,3.1834092469732886,50.0,Atencao,Atencao: sinais iniciais de risco,22.882279930718028
1777746307.1963775,131,True,0.31237348613059446,0.38452769845392465,0.34845059229225955,0.07236769107625537,False,False,0.007692307692307693,0,0,38.35261578559875,False,True,3.162907497149247,50.0,Atencao,Atencao: sinais iniciais de risco,22.974936291915856
1777746307.2359388,132,True,0.30300995275837644,0.4177773015114187,0.36039362713489753,0.006883935203464002,False,False,0.007633587786259542,0,0,39.60419931411743,False,True,3.21741268649356,50.0,Atencao,Atencao: foco visual fora da direcao,23.207058134465036
1777746307.2759578,133,True,0.30976123371910247,0.43414913242896064,0.3719551830740315,0.004486893309093707,False,False,0.007575757575757576,0,0,39.84125208854675,False,True,3.221313671271006,50.0,Atencao,Atencao: foco visual fora da direcao,23.334344723121816
1777746307.3164132,134,True,0.2844707986662466,0.41534299268072244,0.34990689567348454,0.007948939530078124,False,False,0.007518796992481203,0,0,39.411269950866696,False,True,3.191982484186502,50.0,Atencao,Atencao: foco visual fora da direcao,23.509193859767137
1777746307.3556924,135,True,0.2963733171373326,0.41509236947999767,0.35573284330866517,0.0091402615203647,False,False,0.007462686567164179,0,0,39.194632005691524,False,True,3.173435403446653,50.0,Atencao,Atencao: foco visual fora da direcao,23.696686999649607
1777746307.395975,136,True,0.30240931509150704,0.41962421240090036,0.36101676374620373,0.014314992551331585,False,False,0.007407407407407408,0,0,39.12223553657532,False,True,3.1622146955242862,50.0,Atencao,Atencao: foco visual fora da direcao,23.82331130308353
1777746307.4419417,137,True,0.31293618780351806,0.42813014234506314,0.37053316507429057,0.026167421512389013,False,False,0.007352941176470588,0,0,38.64219908714294,False,True,3.1307237662988547,50.0,Atencao,Atencao: foco visual fora da direcao,23.61472782242743
1777746307.4833322,138,True,0.3046741513441511,0.42389318541021676,0.36428366837718396,0.043925079198098606,False,False,0.0072992700729927005,0,0,38.95963144302368,False,True,3.139215607364682,50.0,Atencao,Atencao: foco visual fora da direcao,23.60239337727046
1777746307.5259926,139,True,0.2948748997035045,0.41538900335633383,0.35513195152991917,0.057494896798794944,False,False,0.007246376811594203,0,0,38.89815907478332,False,True,3.1288691655103706,50.0,Atencao,Atencao: foco visual fora da direcao,23.613226949496116
1777746307.569852,140,True,0.2912360323805868,0.38078081582773027,0.33600842410415854,0.07896185055676352,False,False,0.007194244604316547,0,0,38.64628548622131,False,True,3.109107307581593,50.0,Atencao,Atencao: foco visual fora da direcao,23.56459910085701
1777746307.6136284,141,True,0.2788691616727239,0.3424033725493298,0.3106362671110269,0.09769256509386155,False,False,0.007142857142857143,0,0,38.24953162670135,False,True,3.0822038386549266,50.0,Atencao,Atencao: foco visual fora da direcao,23.49469492871161
1777746307.6588032,142,True,0.29535285477759715,0.37056386814492714,0.3329583614612621,0.09688324876960566,False,False,0.0070921985815602835,0,0,39.04174652099609,False,True,3.1148490311913455,50.0,Atencao,Atencao: foco visual fora da direcao,23.364434466181287
1777746307.7026103,143,True,0.2514768135838432,0.31194020555559715,0.28170850956972016,0.0973666611356851,False,False,0.007042253521126761,0,0,38.621131515502924,False,True,3.0869508351070776,50.0,Atencao,Atencao: foco visual fora da direcao,23.29344823301728
1777746307.745342,144,True,0.2654270040826811,0.3502209854935449,0.307823994788113,0.13247175203129877,False,False,0.006993006993006993,0,0,39.43313746452331,False,True,3.120779734941629,50.0,Atencao,Atencao: foco visual fora da direcao,23.306078632535947
1777746307.7878385,145,True,0.2643096402605722,0.35076181826801645,0.3075357292642943,0.1438087850455478,False,False,0.006944444444444444,0,0,38.43795273303986,False,True,3.0643431479401055,50.0,Atencao,Atencao: foco visual fora da direcao,23.301511963547284
1777746307.8294408,146,True,0.29615034522229394,0.3940154718334328,0.3450829085278634,0.1588947837320148,False,False,0.006896551724137931,0,0,38.57124629020691,False,True,3.0644225767563125,50.0,Atencao,Atencao: foco visual fora da direcao,23.369235289547284
1777746307.8699129,147,True,0.28130402290137607,0.38523964773047636,0.3332718353159262,0.16368055464533962,False,False,0.00684931506849315,0,0,39.191505622863765,False,True,3.0889405032379984,50.0,Atencao,Atencao: foco visual fora da direcao,23.544962958299283
1777746307.9119804,148,True,0.2786075952647958,0.3944372003460509,0.33652239780542337,0.0022832238025862115,False,False,0.006802721088435374,0,0,39.31540350914001,False,True,3.0887287252938664,50.0,Atencao,Atencao: foco visual fora da direcao,23.560477494604953
1777746307.9534338,149,True,0.29536423235720954,0.39846734479924595,0.34691578857822775,0.002780436318392831,False,False,0.006756756756756757,0,0,38.9559540271759,False,True,3.064436155589851,50.0,Atencao,Atencao: foco visual fora da direcao,23.619527002491193
1777746307.9970741,150,True,0.29424695472802687,0.3962976325339052,0.345272293630966,0.003192040734566417,False,False,0.006711409395973154,0,0,39.176314449310304,False,True,3.0692189145888262,50.0,Atencao,Atencao: foco visual fora da direcao,23.543382632749825
1777746308.0363657,151,True,0.30768602910837595,0.4042246422297895,0.3559553356690827,0.12693835629989295,False,False,0.006666666666666667,0,0,39.29334115982056,False,True,3.0689181248346964,50.0,Atencao,Atencao: foco visual fora da direcao,23.738373894340054
1777746308.0782561,152,True,0.30248354600954497,0.39988524738931536,0.35118439669943013,0.19801210123241617,False,False,0.006622516556291391,0,0,38.827939701080325,False,True,3.0395774117210843,50.0,Atencao,Atencao: foco visual fora da direcao,23.76010183518006
1777746308.1205778,153,True,0.30224861540883574,0.40210962860523314,0.35217912200703444,0.22325797391001098,False,False,0.006578947368421052,0,0,39.13895921707153,False,True,3.0491376241884733,50.0,Atencao,Atencao: foco visual fora da direcao,23.716600053311318
1777746308.163186,154,True,0.29789364372987476,0.4095290568087005,0.3537113502692876,0.21116904707839063,False,False,0.006535947712418301,0,0,39.324187421798705,False,True,3.0524865817244535,50.0,Atencao,Atencao: foco visual fora da direcao,23.715979226235458
1777746308.205628,155,True,0.29488729973553557,0.40873124944195144,0.3518092745887435,0.20733619180281374,False,False,0.006493506493506494,0,0,39.086649274826044,False,True,3.034774006775447,50.0,Atencao,Atencao: foco visual fora da direcao,23.701754343891373
1777746308.2498467,156,True,0.29286571291043473,0.4009169312883555,0.3468913220993951,0.2042513434223627,False,False,0.0064516129032258064,0,0,39.17223706245422,False,True,3.0332930274932615,50.0,Atencao,Atencao: foco visual fora da direcao,23.61578953209402
1777746308.2896655,157,True,0.2864982990634199,0.41215026999641086,0.3493242845299154,0.19674566832956691,False,False,0.00641025641025641,0,0,39.2586501121521,False,True,3.0319271621948634,50.0,Atencao,Atencao: foco visual fora da direcao,23.69983816369546
1777746308.3318334,158,True,0.28178509828745557,0.4115815373876983,0.34668331783757694,0.19065329040350285,False,False,0.006369426751592357,0,0,39.21843671798706,False,True,3.024302414420304,50.0,Atencao,Atencao: foco visual fora da direcao,23.692133471944352
1777746308.3762226,159,True,0.2838639810775489,0.38746416202851797,0.33566407155303346,0.1592564222980522,False,False,0.006329113924050633,0,0,38.933153533935545,False,True,3.0044952414307406,50.0,Atencao,Atencao: foco visual fora da direcao,23.623050314181032
1777746308.421059,160,True,0.27522907656401524,0.3825272297435536,0.32887815315378444,0.132103043166258,False,False,0.006289308176100629,0,0,39.256064891815186,False,True,3.0151675189815976,50.0,Atencao,Atencao: foco visual fora da direcao,23.492609156082505
1777746308.4640756,161,True,0.26431322849044947,0.35680624299715796,0.3105597357438037,0.1481612384774378,False,False,0.00625,0,0,38.87220602035522,False,True,2.990569701194763,50.0,Atencao,Atencao: foco visual fora da direcao,23.46090442205893
1777746308.50888,162,True,0.26006864368836136,0.3697474314586284,0.31490803757349484,0.1542999198649751,False,False,0.006211180124223602,0,0,39.65026078224182,False,True,3.0241347063698383,50.0,Atencao,Atencao: foco visual fora da direcao,23.347649614882485
1777746308.5503702,163,True,0.2528569710527837,0.35058785842320905,0.3017224147379964,0.14385514860084309,False,False,0.006172839506172839,0,0,38.50942051410675,False,True,2.961820857981105,50.0,Atencao,Atencao: foco visual fora da direcao,23.378343279495006
1777746308.5910375,164,True,0.23682194005300836,0.34775727630764885,0.2922896081803286,0.11984785750894476,False,False,0.006134969325153374,0,0,39.15193037986755,False,True,2.9887392013789684,50.0,Atencao,Atencao: foco visual fora da direcao,23.555580520545412
1777746308.6313946,165,True,0.24604965676829774,0.3412800293106598,0.29366484303947876,0.13766922339142618,False,False,0.006097560975609756,0,0,38.670108222961424,False,True,2.9595044454714143,50.0,Atencao,Atencao: foco visual fora da direcao,23.64527927885302
1777746308.676309,166,True,0.24348876880385353,0.3460529815602462,0.29477087518204986,0.13357665611132138,False,False,0.006060606060606061,0,0,38.691451740264895,False,True,2.95549032052358,50.0,Atencao,Atencao: foco visual fora da direcao,23.542775140971564
1777746308.7200408,167,True,0.2395934394531762,0.3184465092655843,0.27901997435938025,0.13710395234349584,False,False,0.006024096385542169,0,0,38.71693658828735,False,True,2.951744482603418,50.0,Atencao,Atencao: foco visual fora da direcao,23.476345491514188
1777746308.7648106,168,True,0.23288082692994025,0.328480025053841,0.28068042599189064,0.14108763028271204,False,False,0.005988023952095809,0,0,38.34125502109527,False,True,2.9280004446449395,50.0,Atencao,Atencao: foco visual fora da direcao,23.306150491776272
1777746308.805403,169,True,0.22969299110540276,0.33641419734924255,0.2830535942273227,0.11342751428472722,False,False,0.005952380952380952,0,0,38.04276120662689,False,True,2.9081748414607276,50.0,Atencao,Atencao: foco visual fora da direcao,23.508412183729323
1777746308.845998,170,True,0.23441452483607284,0.3266583197619288,0.2805364222990008,0.11833579548818154,False,False,0.005917159763313609,0,0,38.08475580215454,False,True,2.9054316577403503,50.0,Atencao,Atencao: foco visual fora da direcao,23.614265581446123
1777746308.8837755,171,True,0.23560464496003763,0.2947412150117697,0.2651729299859037,0.12800658128041137,False,False,0.0058823529411764705,0,0,38.190612292289735,False,True,2.905938544203253,50.0,Atencao,Atencao: foco visual fora da direcao,23.884044063736305
1777746308.9244044,172,True,0.23135983620857903,0.32609812730444776,0.2787289817565134,0.1282087631856937,False,False,0.005847953216374269,0,0,38.0186582326889,False,True,2.892610879062909,50.0,Atencao,Atencao: foco visual fora da direcao,23.95974381691146
1777746308.9662864,173,True,0.22630688730862517,0.32725611924617853,0.27678150327740186,0.12766625029433107,False,False,0.005813953488372093,0,0,37.85913932323456,False,True,2.8799599709898924,50.0,Atencao,Atencao: foco visual fora da direcao,23.94413806036066
1777746309.0100563,174,True,0.21331944598189279,0.32451743306324565,0.2689184395225692,0.11857645004105999,False,False,0.005780346820809248,0,0,37.50036103725433,False,True,2.85740013990099,50.0,Atencao,Atencao: foco visual fora da direcao,23.82812163088096
1777746309.0508177,175,True,0.21978095553436242,0.33505798160739014,0.2774194685708763,0.14128204071540426,False,False,0.005747126436781609,0,0,37.49275364875793,False,True,2.8524519676723696,50.0,Atencao,Atencao: foco visual fora da direcao,23.939236753467807
1777746309.0917304,176,True,0.21916011604564953,0.3100922793972675,0.2646261977214585,0.12575188344318716,False,False,0.005714285714285714,0,0,37.06688323020935,False,True,2.826642847401755,50.0,Atencao,Atencao: foco visual fora da direcao,23.9671600772314
1777746309.1302202,177,True,0.21947017610880523,0.32315301056388807,0.27131159333634663,0.1411657352332782,False,False,0.005681818181818182,0,0,37.37782785892486,False,True,2.837725793123245,50.0,Atencao,Atencao: foco visual fora da direcao,24.095709347558902
1777746309.1715844,178,True,0.21586892704638772,0.320687918973101,0.26827842300974436,0.1351614703587776,False,False,0.005649717514124294,0,0,37.17350103855133,False,True,2.823095610296659,50.0,Atencao,Atencao: foco visual fora da direcao,24.191820046728385
1777746309.2103179,179,True,0.22212289804291846,0.31701125782666184,0.2695670779347902,0.13371911599863867,False,False,0.0056179775280898875,0,0,37.41813910007477,False,True,2.8309632652930996,50.0,Atencao,Atencao: foco visual fora da direcao,24.339966222028597
1777746309.2525144,180,True,0.21985442100141542,0.32025623916435214,0.2700553300828838,0.12262309403943131,False,False,0.00558659217877095,0,0,37.15543003082275,False,True,2.8135123262991453,50.0,Atencao,Atencao: foco visual fora da direcao,24.279479330761287
1777746309.2929764,181,True,0.22201639263821357,0.3170476262015448,0.2695320094198792,0.12611066135959884,False,False,0.005555555555555556,0,0,37.573757433891295,False,True,2.8301611607604555,50.0,Atencao,Atencao: foco visual fora da direcao,24.27690860572416
1777746309.3352249,182,True,0.22887353255675866,0.3243413466021408,0.2766074395794497,0.12050794892809204,False,False,0.0055248618784530384,0,0,37.2278511762619,False,True,2.80864546727739,50.0,Atencao,Atencao: foco visual fora da direcao,24.269312276059896
1777746309.3746543,183,True,0.23095278431626803,0.30481906454694124,0.26788592443160464,0.1267199198807144,False,False,0.005494505494505495,0,0,37.7787887096405,False,True,2.8320183411535327,50.0,Atencao,Atencao: foco visual fora da direcao,24.365460918723848
1777746309.4170568,184,True,0.21929827224085885,0.3170459960315787,0.26817213413621876,0.1217454086986396,False,False,0.00546448087431694,0,0,37.363756561279295,False,True,2.807138348459546,50.0,Atencao,Atencao: foco visual fora da direcao,24.260629175428672
1777746309.4569669,185,True,0.22542043965951822,0.31759039326970406,0.2715054164646111,0.1359139684618297,False,False,0.005434782608695652,0,0,37.20885491371155,False,True,2.7953097545582315,50.0,Atencao,Atencao: foco visual fora da direcao,24.304006928175415
1777746309.4997473,186,True,0.2266642646466852,0.3195730617339984,0.27311866319034184,0.12836423499623648,False,False,0.005405405405405406,0,0,36.92857930660248,False,True,2.777256608750369,50.0,Atencao,Atencao: foco visual fora da direcao,24.259728546768876
1777746309.5424407,187,True,0.23144472102339633,0.30063371836756536,0.26603921969548083,0.1380995232684795,False,False,0.005376344086021506,0,0,37.333074665069574,False,True,2.7934854452584377,50.0,Atencao,Atencao: foco visual fora da direcao,24.14895637584199
1777746309.5874448,188,True,0.22414446344978534,0.30842005044416565,0.2662822569469755,0.11920301440629877,False,False,0.0053475935828877,0,0,37.159895586967465,False,True,2.780873297172434,50.0,Atencao,Atencao: foco visual fora da direcao,24.000175075228185
1777746309.6299896,189,True,0.22646918553266038,0.2968054381224315,0.2616373118275459,0.13199673521030578,False,False,0.005319148936170213,0,0,37.542403912544245,False,True,2.7960875745276184,50.0,Atencao,Atencao: foco visual fora da direcao,23.9520694364994
1777746309.6703959,190,True,0.2259645292207354,0.308468108365136,0.2672163187929357,0.12742223552861107,False,False,0.005291005291005291,0,0,36.97642648220062,False,True,2.7639189518002607,50.0,Atencao,Atencao: foco visual fora da direcao,24.01017594073112
1777746309.7121053,191,True,0.23658985890037987,0.2879250961332995,0.2622574775168397,0.14884066614012337,False,False,0.005263157894736842,0,0,37.54660940170288,False,True,2.7885990807884617,50.0,Atencao,Atencao: foco visual fora da direcao,23.95273624049995
1777746309.754323,192,True,0.21708584922923393,0.30428372844959983,0.26068478883941687,0.13097541233466697,False,False,0.005235602094240838,0,0,36.984723305702204,False,True,2.7567158534202276,50.0,Atencao,Atencao: foco visual fora da direcao,23.949749881506616
1777746309.7947474,193,True,0.21463929736914078,0.2593791691632944,0.2370092332662176,0.15310803359782757,False,False,0.005208333333333333,0,0,37.17542343139648,False,True,2.762501405080159,50.0,Atencao,Atencao: foco visual fora da direcao,24.06895486794466
1777746309.835034,194,True,0.22763496836708652,0.30425722245031595,0.26594609540870123,0.14500971320108355,False,False,0.0051813471502590676,0,0,37.235634732246396,False,True,2.7618013699499437,50.0,Atencao,Atencao: foco visual fora da direcao,24.158096921747674
1777746309.8787694,195,True,0.21331043189779852,0.2831640942111539,0.24823726305447621,0.15196716210269506,False,False,0.005154639175257732,0,0,37.02226843833923,False,True,2.747460708691902,50.0,Atencao,Atencao: foco visual fora da direcao,24.020502930922216
1777746309.9175515,196,True,0.2250795320342775,0.2991491007225635,0.26211431637842053,0.14228997663342444,False,False,0.005128205128205128,0,0,37.637602591514586,False,True,2.7745927348809363,50.0,Atencao,Atencao: foco visual fora da direcao,24.13446073809628
1777746309.960427,197,True,0.20947802961518774,0.2895731630177462,0.24952559631646698,0.12281107102804278,False,False,0.00510204081632653,0,0,37.1312727689743,False,True,2.745678650870615,50.0,Atencao,Atencao: foco visual fora da direcao,24.12070750573385
1777746310.1909182,198,True,0.22220083557745632,0.2956567011917826,0.2589287683846195,0.12531851790811765,False,False,0.005076142131979695,0,0,36.63410193920135,False,True,2.7172590402842776,50.0,Atencao,Atencao: foco visual fora da direcao,22.142323644425893
1777746310.2359507,199,True,0.22241446618996863,0.27257572932992297,0.2474950977599458,0.1489192226315691,False,False,0.005050505050505051,0,0,36.9236524105072,False,True,2.7282114651468063,50.0,Atencao,Atencao: foco visual fora da direcao,22.098512777986482
1777746310.2832072,200,True,0.22521146017489999,0.29495236148588433,0.26008191083039217,0.12806255027829688,False,False,0.005025125628140704,0,0,36.7099592089653,False,True,2.714037134494614,50.0,Atencao,Atencao: foco visual fora da direcao,22.0360496296796
1777746310.327112,201,True,0.22066289969681513,0.27427491011898064,0.24746890490789789,0.15260354417926983,False,False,0.005,0,0,36.84703242778778,False,True,2.7174360215663906,50.0,Atencao,Atencao: foco visual fora da direcao,22.10776270124803
1777746310.3716002,202,True,0.21717345357070889,0.2821454301496381,0.2496594418601735,0.14953664692065755,False,False,0.004975124378109453,0,0,36.74009726047516,False,True,2.7086688651908095,50.0,Atencao,Atencao: foco visual fora da direcao,22.16298266503255
1777746310.4156992,203,True,0.21301984630676787,0.275377483747572,0.24419866502716991,0.14459511451246954,False,False,0.0049504950495049506,0,0,36.71712564229965,False,True,2.7041337515989152,50.0,Atencao,Atencao: foco visual fora da direcao,22.146778562764286
1777746310.459643,204,True,0.21502370631334167,0.2756001492620895,0.24531192778771557,0.1473136119127974,False,False,0.0049261083743842365,0,0,37.022106647491455,False,True,2.716029634029407,50.0,Atencao,Atencao: foco visual fora da direcao,22.26758891622215
1777746310.5020015,205,True,0.20040939504416236,0.26660092351575804,0.23350515927996018,0.15191563150018153,False,False,0.004901960784313725,0,0,36.75490906238556,False,True,2.699349461139417,50.0,Atencao,Atencao: foco visual fora da direcao,22.39795857124103
1777746310.5473938,206,True,0.21843187047704551,0.26777765274803694,0.24310476161254124,0.15646735156711428,False,False,0.004878048780487805,0,0,37.06769540309906,False,True,2.711700877649028,50.0,Atencao,Atencao: foco visual fora da direcao,22.374970997609577
1777746310.5918033,207,True,0.22028016236281642,0.28361555312758396,0.2519478577452002,0.13991848501610263,False,False,0.0048543689320388345,0,0,37.08255913257599,False,True,2.709188084961141,50.0,Atencao,Atencao: foco visual fora da direcao,22.380033644268998
1777746310.6331964,208,True,0.2084796547720289,0.2710080952485241,0.2397438750102765,0.13620777146905502,False,False,0.004830917874396135,0,0,36.858202648162845,False,True,2.6947457403146124,50.0,Atencao,Atencao: foco visual fora da direcao,22.558417250728372
1777746310.6790702,209,True,0.2062316115800628,0.2424480478038709,0.22433982969196686,0.15053208647595762,False,False,0.004807692307692308,0,0,36.886809372901915,False,True,2.69298256112979,50.0,Atencao,Atencao: foco visual fora da direcao,22.45644818728534
1777746310.7221348,210,True,0.19234083803706054,0.2558868507402223,0.22411384438864143,0.17035366488927953,False,False,0.004784688995215311,0,0,36.75861233472824,False,True,2.683409753755519,50.0,Atencao,Atencao: foco visual fora da direcao,22.569777971225427
1777746310.7615104,211,True,0.20670076907905532,0.25133071434525195,0.22901574171215364,0.15913102677857194,False,False,0.004761904761904762,0,0,36.96292746067047,False,True,2.69049267797243,50.0,Atencao,Atencao: foco visual fora da direcao,22.771101240832376
1777746310.808734,212,True,0.21326201122686095,0.2682411815869238,0.24075159640689237,0.14580279996773793,False,False,0.004739336492890996,0,0,36.99877872467041,False,True,2.6891821041830344,50.0,Atencao,Atencao: foco visual fora da direcao,22.661425417700723
1777746310.8535132,213,True,0.19394348895317684,0.25830948495675893,0.2261264869549679,0.12496979801251519,False,False,0.0047169811320754715,0,0,36.57035194635391,False,True,2.664686903155075,50.0,Atencao,Atencao: foco visual fora da direcao,22.632959987892246
1777746310.8962164,214,True,0.21220643196300415,0.23590738757484897,0.22405690976892656,0.1605897055020453,False,False,0.004694835680751174,0,0,36.957947349548334,False,True,2.681021673757705,50.0,Atencao,Atencao: foco visual fora da direcao,22.717572353018582
1777746310.9415553,215,True,0.19700269460184006,0.26049801605368306,0.22875035532776156,0.1336397461083833,False,False,0.004672897196261682,0,0,37.19019682407379,False,True,2.6896176058666725,50.0,Atencao,Atencao: foco visual fora da direcao,22.660541721809686
1777746310.983608,216,True,0.19579756080846303,0.23694355069432163,0.21637055575139233,0.14141957311927233,False,False,0.004651162790697674,0,0,37.0699325799942,False,True,2.6806159128976423,50.0,Atencao,Atencao: foco visual fora da direcao,22.76607217140929
1777746311.0234113,217,True,0.19872350426176721,0.23356974600810584,0.21614662513493654,0.14940646166349508,False,False,0.004629629629629629,0,0,37.076796889305115,False,True,2.6779983187163316,50.0,Atencao,Atencao: foco visual fora da direcao,22.960278471570746
1777746311.0609286,218,True,0.20286856754422752,0.23392191576451715,0.21839524165437235,0.16910555483740372,False,False,0.004608294930875576,0,0,37.3142584323883,False,True,2.6869378747918082,50.0,Atencao,Atencao: foco visual fora da direcao,23.36316754913089
1777746311.1021585,219,True,0.19868471217634368,0.22843132902256907,0.2135580205994564,0.14758178245578352,False,False,0.0045871559633027525,0,0,37.13594646453857,False,True,2.675115668358059,50.0,Atencao,Atencao: foco visual fora da direcao,23.43803482895005
1777746311.141305,220,True,0.19314616976261526,0.22801058205253857,0.21057837590757691,0.16216932767543277,False,False,0.0045662100456621,0,0,37.161917543411256,False,True,2.6735341586261034,50.0,Atencao,Atencao: foco visual fora da direcao,23.675003048907854
1777746311.174932,221,True,0.19614491014518,0.21437165823634252,0.20525828419076125,0.16032606980054975,True,False,0.00909090909090909,0,0,36.99912827014923,False,True,3.287540813684463,50.0,Atencao,Atencao: foco visual fora da direcao,24.249224298708747
1777746311.2189732,222,True,0.19350525301833896,0.2092138626332387,0.20135955782578885,0.15988079360097085,True,False,0.013574660633484163,0,0,37.044508242607115,False,True,3.90632564941143,50.0,Atencao,Atencao: foco visual fora da direcao,24.116260758407993
1777746311.2662172,223,True,0.19304546186934918,0.20501381130416327,0.1990296365867562,0.154781245030031,True,False,0.018018018018018018,0,0,37.01613047122955,False,True,4.515868401215958,50.0,Atencao,Atencao: foco visual fora da direcao,23.811960802655555
1777746311.3112779,224,True,0.19098238095579503,0.22178677202869207,0.20638457649224357,0.1636324523299806,True,False,0.02242152466367713,0,0,36.91635959148407,False,True,5.116362021006811,50.0,Atencao,Atencao: foco visual fora da direcao,23.662409444941698
1777746311.3536677,225,True,0.19608576220727342,0.22224728486346518,0.2091665235353693,0.1535863366955786,True,False,0.026785714285714284,0,0,37.270467615127565,False,True,5.734143495219094,50.0,Atencao,Atencao: foco visual fora da direcao,23.642082972031364
1777746311.393294,226,True,0.1952782488738773,0.20035729540317218,0.19781777213852475,0.1593248651670799,True,False,0.03111111111111111,0,0,37.534046578407285,False,True,6.342064506875143,50.0,Atencao,Atencao: foco visual fora da direcao,23.811020892455893
1777746311.436058,227,True,0.18822001140816108,0.21350705364086756,0.20086353252451433,0.16699240264032297,True,False,0.035398230088495575,0,0,37.529494762420654,False,True,6.931315775466176,50.0,Atencao,Atencao: foco visual fora da direcao,23.767170148877028
1777746311.47649,228,True,0.19606066099365596,0.21400077522514963,0.2050307181094028,0.168301348462729,True,False,0.039647577092511016,0,0,37.25260045528412,False,True,7.501756273161472,50.0,Atencao,Atencao: foco visual fora da direcao,23.84719603418316
1777746311.5175786,229,True,0.20157055363151372,0.22045143069832926,0.21101099216492147,0.15604350888131982,False,False,0.039473684210526314,0,0,37.343596434593195,False,True,7.988235148693385,50.0,Atencao,Atencao: foco visual fora da direcao,23.89667398505495
1777746311.560952,230,True,0.19356384255425466,0.21167627945534268,0.20262006100479868,0.1620935034840745,True,False,0.043668122270742356,0,0,37.59350085258484,False,True,8.577465602872673,50.0,Atencao,Atencao: foco visual fora da direcao,23.82689077823709
1777746311.6021955,231,True,0.20610802398323738,0.20974080112191862,0.207924412552578,0.157358456039961,True,False,0.04782608695652174,0,0,37.392526149749756,False,True,9.139137012025584,50.0,Atencao,Atencao: foco visual fora da direcao,23.840191772135924
1777746311.648425,232,True,0.19802103806832072,0.20422114022910431,0.20112108914871252,0.14646327074221874,True,False,0.05194805194805195,0,0,37.57281758785248,False,True,9.714921770266123,50.0,Atencao,Atencao: foco visual fora da direcao,23.64277267338216
1777746311.6888957,233,True,0.1858307800033918,0.1973105491182816,0.1915706645608367,0.15589320647160734,True,False,0.05603448275862069,0,0,37.60278987884521,False,True,10.278304621268962,50.0,Atencao,Atencao: foco visual fora da direcao,23.69012718718057
1777746311.7332144,234,True,0.18637616129272244,0.19830505160576564,0.19234060644924406,0.15218828058730627,True,False,0.060085836909871244,0,0,37.68380138874054,False,True,10.839416392560679,50.0,Atencao,Atencao: foco visual fora da direcao,23.630892681775578
1777746311.7762074,235,True,0.18897493561978432,0.1956006651778911,0.1922878003988377,0.1509899321305551,True,False,0.0641025641025641,0,0,37.509362530708316,False,True,11.382994438654338,50.0,Atencao,Atencao: foco visual fora da direcao,23.580278988174808
1777746311.8172307,236,True,0.1898517727400509,0.20854611286563268,0.19919894280284178,0.1434341082509968,True,False,0.06808510638297872,0,0,37.45644297599792,False,True,11.927948024475828,50.0,Atencao,Atencao: foco visual fora da direcao,23.6836623160165
1777746311.8616698,237,True,0.19291855934418298,0.17541527509228336,0.18416691721823317,0.19201426759455364,True,False,0.07203389830508475,0,0,38.00082197189331,False,True,12.498125863560176,50.0,Atencao,Atencao: foco visual fora da direcao,23.56150280322175
1777746311.9045267,238,True,0.19437391780669663,0.18345611742768422,0.18891501761719043,0.18848252444901697,True,False,0.0759493670886076,0,0,37.85846962928772,False,True,13.029385204164287,50.0,Atencao,Atencao: foco visual fora da direcao,23.516764427080115
1777746311.9433258,239,True,0.17848505780542648,0.20260537349149155,0.190545215648459,0.22937801629882476,True,False,0.07983193277310924,0,0,37.77656440734863,False,True,13.559142724686309,50.0,Atencao,Atencao: foco visual fora da direcao,23.76621999625622
1777746311.9752862,240,True,0.16869878322436638,0.20294861323646116,0.18582369823041378,0.22950511689284472,True,False,0.08368200836820083,0,0,38.036607146263115,False,True,14.101530255957128,50.0,Atencao,Atencao: foco visual fora da direcao,24.435805922593467
1777746312.0108259,241,True,0.1665296318031657,0.205811196475218,0.18617041413919186,0.2319119630609072,True,False,0.0875,0,0,37.75207798480987,False,True,14.61227764725685,50.0,Atencao,Atencao: foco visual fora da direcao,24.875124837014912
1777746312.044855,242,True,0.16152508272704724,0.20556694945672357,0.18354601609188542,0.22238693488568204,True,False,0.0912863070539419,0,0,37.907392907142636,False,True,15.1406606132905,50.0,Atencao,Atencao: foco visual fora da direcao,25.243514930161076
1777746312.0840933,243,True,0.15582316702106283,0.24434574419375849,0.20008445560741067,0.22589593073100253,True,False,0.09504132231404959,0,0,37.06978516578674,False,True,15.61509482448751,50.0,Atencao,Atencao: foco visual fora da direcao,25.334267233300103
1777746312.1206713,244,True,0.18108083257780785,0.22203816835832269,0.20155950046806526,0.20027222297316874,True,False,0.09876543209876543,0,0,38.22405772209167,False,True,16.184873547701187,50.0,Atencao,Atencao: foco visual fora da direcao,25.471124521566196
1777746312.1610043,245,True,0.15923426416111042,0.22006070905397238,0.18964748660754138,0.19405935438631425,True,False,0.10245901639344263,0,0,37.58847696781159,False,True,16.660962350505297,50.0,Atencao,Atencao: foco visual fora da direcao,25.466219058109072
1777746312.2012432,246,True,0.17125096396898162,0.2058787041554362,0.18856483406220892,0.19451759449086783,True,False,0.10612244897959183,0,0,37.235363078117366,False,True,17.147028636616103,50.0,Atencao,Atencao: foco visual fora da direcao,25.390294680693202
1777746312.2444234,247,True,0.17889783402229245,0.21470424550163825,0.19680103976196534,0.1984501135942803,True,False,0.10975609756097561,0,0,37.810266041755675,False,True,17.675400464738285,50.0,Atencao,Atencao: foco visual fora da direcao,25.144843195568654
1777746312.2881522,248,True,0.1621942772952486,0.21175334574923127,0.18697381152223994,0.23491269439896081,True,False,0.11336032388663968,0,0,37.58781671524047,False,True,18.159859118191335,50.0,Atencao,Atencao: foco visual fora da direcao,24.943192791123764
1777746312.3290036,249,True,0.18161746209230137,0.20446858292511408,0.19304302250870772,0.23534324521825745,True,False,0.11693548387096774,0,0,37.830140352249146,False,True,18.66355979788688,50.0,Atencao,Atencao: foco visual fora da direcao,24.82808113971052
1777746312.3719978,250,True,0.16551629302777754,0.21335669591635625,0.1894364944720669,0.0030667566734034067,True,False,0.12048192771084337,0,0,38.00998740196228,False,True,19.160188178355433,50.0,Atencao,Atencao: foco visual fora da direcao,24.73891742067631
1777746312.414659,251,True,0.17066653779931187,0.225079309930495,0.19787292386490343,0.003471941277430428,True,False,0.124,0,0,37.870867657661435,False,True,19.63696713089943,50.0,Atencao,Atencao: foco visual fora da direcao,24.606288089172388
1777746312.460467,252,True,0.1734624580828994,0.21461188393879288,0.19403717101084614,0.006295330313119126,True,False,0.12749003984063745,0,0,37.50273833274841,False,True,20.098441142741425,50.0,Atencao,Atencao: foco visual fora da direcao,24.276537841316625
1777746312.5033221,253,True,0.17710002067076636,0.2357198227251335,0.20640992169794992,0.0059662077275221565,True,False,0.13095238095238096,0,0,37.28349542617798,False,True,20.563550900277637,50.0,Atencao,Atencao: foco visual fora da direcao,24.251754044572934
1777746312.5448844,254,True,0.15719177353970526,0.19786551456736415,0.1775286440535347,0.19279136297932642,True,False,0.13438735177865613,0,0,37.656221413612364,False,True,21.054495688262193,50.0,Atencao,Atencao: foco visual fora da direcao,24.19000788138124
1777746312.587276,255,True,0.17125699053712581,0.2121003886769076,0.1916786896070167,0.1700597957957982,True,False,0.1377952755905512,0,0,38.18695290088653,False,True,21.549621786761474,50.0,Atencao,Atencao: foco visual fora da direcao,24.131886379168495
1777746312.6283858,256,True,0.15110454903337237,0.20697318758582764,0.1790388683096,0.19533740090376608,True,False,0.1411764705882353,0,0,38.21055719852448,False,True,22.01571631382493,50.0,Atencao,Atencao: foco visual fora da direcao,24.191925054565324
1777746312.6709528,257,True,0.15022663810131184,0.216786584262511,0.18350661118191142,0.19275346013373226,True,False,0.14453125,0,0,38.332257819175716,False,True,22.483083513975142,50.0,Atencao,Atencao: foco visual fora da direcao,24.10839531738368
1777746312.7168922,258,True,0.13592534917649018,0.2016342282700839,0.16877978872328703,0.17706737216028912,True,False,0.14785992217898833,0,0,37.194091606140134,False,True,22.883867627934258,50.0,Atencao,Atencao: foco visual fora da direcao,23.88526088132846
1777746312.7589374,259,True,0.14598940900148652,0.18779611946363267,0.1668927642325596,0.15863043484210948,True,False,0.1511627906976744,0,0,37.63110435009003,False,True,23.359862686451088,50.0,Atencao,Atencao: foco visual fora da direcao,23.819518045425518
1777746312.7973735,260,True,0.14555371798384933,0.18879858886895748,0.1671761534264034,0.18291681408450966,True,False,0.15444015444015444,0,0,37.54235069751739,False,True,23.80606251841346,50.0,Atencao,Atencao: foco visual fora da direcao,24.1179924310811
1777746312.8328023,261,True,0.14486345665528014,0.1951678933725766,0.17001567501392836,0.19493830925067585,True,False,0.1576923076923077,0,0,37.698159146308896,False,True,24.26102401302411,50.0,Atencao,Atencao: foco visual fora da direcao,24.52928153467149
1777746312.8673544,262,True,0.14696930574560194,0.19470676346409024,0.1708380346048461,0.17472631553051735,True,False,0.16091954022988506,0,0,37.86785435676575,False,True,24.71325324746384,50.0,Atencao,Atencao: foco visual fora da direcao,24.96058327468551
1777746312.9039319,263,True,0.1462043242072339,0.17868867435939634,0.16244649928331512,0.1659740222297673,True,False,0.16412213740458015,0,0,38.06939597129821,False,True,25.163687439711037,50.0,Atencao,Atencao: foco visual fora da direcao,25.180351700046433
1777746312.9395833,264,True,0.14638316794062692,0.17983893517804608,0.1631110515593365,0.16992288386862742,True,False,0.16730038022813687,0,0,37.86730096340179,False,True,25.590591077555267,50.0,Atencao,Atencao: foco visual fora da direcao,25.40081960985387
1777746312.975554,265,True,0.14512340118453562,0.19874324291104062,0.1719333220477881,0.16882870760521865,True,False,0.17045454545454544,0,0,37.470748805999754,False,True,26.00446118831634,50.0,Atencao,Atencao: foco visual fora da direcao,25.738576273890775
1777746313.0100787,266,True,0.1537372245817637,0.20497920966336136,0.17935821712256253,0.15727164999266888,True,False,0.17358490566037735,0,0,37.82201390266418,False,True,26.45244897145145,50.0,Atencao,Atencao: foco visual fora da direcao,26.003345548593447
1777746313.049231,267,True,0.146604251133197,0.1929034199242809,0.16975383552873896,0.16715638601322752,True,False,0.17669172932330826,0,0,37.63210234642029,False,True,26.870141647292257,50.0,Atencao,Atencao: foco visual fora da direcao,25.94472044669916
1777746313.0884454,268,True,0.14416662735974115,0.20924680815037536,0.17670671775505825,0.17091595001265844,True,False,0.1797752808988764,0,0,37.28113207817078,False,True,27.276581475520402,50.0,Atencao,Atencao: foco visual fora da direcao,25.95820475513368
1777746313.1261454,269,True,0.1524244305272182,0.18509827550090968,0.16876135301406395,0.13583803572662037,True,False,0.1828358208955224,0,0,37.355867862701416,False,True,27.701142514285753,50.0,Atencao,Atencao: foco visual fora da direcao,26.010009228145922
1777746313.163263,270,True,0.15166790811064554,0.19535653064495875,0.17351221937780215,0.18479927129483342,True,False,0.18587360594795538,0,0,36.86000423431396,False,True,28.094044777575917,50.0,Atencao,Atencao: foco visual fora da direcao,26.067380850048533
1777746313.2020586,271,True,0.15612007858363663,0.19377731985186308,0.17494869921774986,0.1430286932736056,True,False,0.18888888888888888,0,0,37.11037149429321,False,True,28.52116454495324,50.0,Atencao,Atencao: foco visual fora da direcao,26.060537207012246
1777746313.244529,272,True,0.16133371856130937,0.20196758334802695,0.18165065095466815,0.1710544616621022,True,False,0.1918819188191882,0,0,36.802279877662656,False,True,28.917301579537867,50.0,Atencao,Atencao: foco visual fora da direcao,25.817119810863325
1777746313.2868938,273,True,0.15444197129034393,0.20179771718126346,0.17811984423580368,0.14960426545571198,True,False,0.1948529411764706,0,0,36.92814693450928,False,True,29.332110506506528,50.0,Atencao,Atencao: foco visual fora da direcao,25.578980231232638
1777746313.3264074,274,True,0.1516321953331219,0.20152637089459993,0.1765792831138609,0.18224867312006565,True,False,0.1978021978021978,0,0,36.505754911899565,False,True,29.71651369141353,50.0,Atencao,Atencao: foco visual fora da direcao,25.556817051766217
1777746313.372486,275,True,0.1485597799590503,0.19799190123175772,0.17327584059540402,0.15164979466155903,True,False,0.20072992700729927,0,0,37.109920024871826,False,True,30.149284712763595,50.0,Atencao,Atencao: foco visual fora da direcao,25.185361736945623
1777746313.4139783,276,True,0.16835040898456732,0.21791624943035243,0.19313332920745988,0.18516190278606237,True,False,0.20363636363636364,0,0,36.723664331436154,False,True,30.52960696458816,50.0,Atencao,Atencao: foco visual fora da direcao,25.066339902320212
1777746313.454679,277,True,0.16413723810518968,0.2082853600093861,0.1862112990572879,0.1629905767290759,True,False,0.20652173913043478,0,0,36.91798415184021,False,True,30.93606208604315,50.0,Atencao,Atencao: foco visual fora da direcao,25.03097737959029
1777746313.4960845,278,True,0.16145332100263887,0.22024008989908156,0.19084670545086022,0.18090211710374657,True,False,0.20938628158844766,0,0,36.7795553445816,False,True,31.32301523365699,50.0,Atencao,Atencao: foco visual fora da direcao,24.932037872904726
1777746313.5356457,279,True,0.1493269316669621,0.20528924453270517,0.17730808809983362,0.14752707964220416,True,False,0.21223021582733814,0,0,37.084485816955564,False,True,31.72930271512313,50.0,Atencao,Atencao: foco visual fora da direcao,24.975321458808665
1777746313.5748284,280,True,0.169142901214426,0.20867892370128927,0.18891091245785763,0.16878801483264308,True,False,0.21505376344086022,0,1,37.036657094955444,False,True,57.1151490758824,50.0,Atencao,Risco: olhos fechados por tempo prolongado,24.943369806766583
1777746313.6163032,281,True,0.16243354586540312,0.21237481245557616,0.18740417916048963,0.1661774324644867,True,False,0.21785714285714286,0,1,36.995635819435115,False,True,57.49856268184525,50.0,Atencao,Risco: olhos fechados por tempo prolongado,24.92532235478051
1777746313.6581552,282,True,0.16815529697501502,0.21137083956201208,0.18976306826851355,0.16400217756730487,True,False,0.2206405693950178,0,1,37.11639444828033,False,True,57.88732176224532,50.0,Atencao,Risco: olhos fechados por tempo prolongado,24.817563817963322
1777746313.7004623,283,True,0.17093064570366281,0.21064427815253245,0.19078746192809765,0.16301093603607072,True,False,0.22340425531914893,0,1,37.34993438720703,False,True,58.27900557375968,50.0,Atencao,Risco: olhos fechados por tempo prolongado,24.70766768506939
1777746313.7409134,284,True,0.16485784920636182,0.21446445151220817,0.189661150359285,0.16512648437545058,True,False,0.22614840989399293,0,1,37.12022936344147,False,True,58.64484157661245,50.0,Atencao,Risco: olhos fechados por tempo prolongado,24.7182904951391
1777746313.7793653,285,True,0.16055277181204927,0.22024453128210966,0.19039865154707947,0.16219541208841526,True,False,0.22887323943661972,0,1,36.59726330041885,False,True,58.99335733557251,50.0,Atencao,Risco: olhos fechados por tempo prolongado,24.8298266413067
1777746313.8201773,286,True,0.16193763025872973,0.20931907500940755,0.18562835263406863,0.156609272968266,True,False,0.23157894736842105,0,1,36.61970094442367,False,True,59.36651405839543,50.0,Atencao,Risco: olhos fechados por tempo prolongado,24.779697227258282
1777746313.8601809,287,True,0.1552859368357261,0.20935526263106696,0.18232059973339654,0.1558862548074533,True,False,0.23426573426573427,0,1,36.73600817918777,False,True,59.74176261851421,50.0,Atencao,Risco: olhos fechados por tempo prolongado,24.784879318953216
1777746313.8991008,288,True,0.1610392821854092,0.2092994489000509,0.18516936554273006,0.18030236175134648,True,False,0.23693379790940766,0,1,36.75395526885986,False,True,60.1095187240029,50.0,Risco por fadiga,Risco: olhos fechados por tempo prolongado,24.91421851829102
1777746313.942061,289,True,0.1605618105348384,0.20505340679753273,0.18280760866618556,0.17256911352740714,True,False,0.23958333333333334,0,1,36.703418052196504,False,True,60.47130298395952,50.0,Risco por fadiga,Risco: olhos fechados por tempo prolongado,24.720120971992607
1777746313.9847841,290,True,0.16016703417339756,0.19840350356514339,0.1792852688692705,0.15273864077780058,True,False,0.2422145328719723,0,1,37.26321728229522,False,True,60.86108288202731,50.0,Risco por fadiga,Risco: olhos fechados por tempo prolongado,24.637138451989017
1777746314.0240278,291,True,0.16539169826226727,0.2086606038403835,0.1870261510513254,0.16537009029028651,True,False,0.24482758620689654,0,1,36.9904645204544,False,True,61.206740077487346,50.0,Risco por fadiga,Risco: olhos fechados por tempo prolongado,24.65602160070382
1777746314.0612051,292,True,0.16728361523646001,0.21388775396882714,0.19058568460264358,0.15879367529856098,True,False,0.24742268041237114,0,1,37.11364035606384,False,True,61.56972432252058,50.0,Risco por fadiga,Risco: olhos fechados por tempo prolongado,24.89103464105903
1777746314.1012368,293,True,0.15223276961019977,0.20587379704924502,0.1790532833297224,0.17460858233108423,True,False,0.25,0,1,36.58299759626388,False,True,61.89757362782955,50.0,Risco por fadiga,Risco: olhos fechados por tempo prolongado,24.939519199044696
1777746314.1425111,294,True,0.15536328229832053,0.21299453687718028,0.1841789095877504,0.168038257360882,True,False,0.2525597269624573,0,1,36.288479030132294,False,True,62.23481015686085,50.0,Risco por fadiga,Risco: olhos fechados por tempo prolongado,24.86745533665951
1777746314.1832292,295,True,0.1394875437684007,0.1636696465585566,0.15157859516347866,0.15751775793893663,True,False,0.25510204081632654,0,1,36.10136716365814,False,True,62.57502271844416,50.0,Risco por fadiga,Risco: olhos fechados por tempo prolongado,24.847354597332178
1777746314.2278104,296,True,0.13908319077113732,0.16967965903483367,0.1543814249029855,0.15407671996833547,True,False,0.2576271186440678,0,1,36.251450383663176,False,True,62.929725080758836,50.0,Risco por fadiga,Risco: olhos fechados por tempo prolongado,24.59935529359495
1777746314.2760077,297,True,0.14869207365030004,0.20059619287973798,0.174644133265019,0.180601816845544,True,False,0.26013513513513514,0,1,36.62795828580856,False,True,63.293402743387865,50.0,Risco por fadiga,Risco: olhos fechados por tempo prolongado,24.209886012054778
1777746314.3225832,298,True,0.15125531787998162,0.19101197186687574,0.1711336448734287,0.17183302999333516,True,False,0.26262626262626265,0,1,36.64359073638916,False,True,63.63671439594693,50.0,Risco por fadiga,Risco: olhos fechados por tempo prolongado,23.932919981972933
1777746314.3682256,299,True,0.15168573497602442,0.2177101496764526,0.1846979423262385,0.1701303555543821,True,False,0.2651006711409396,0,1,36.34300361871719,False,True,63.96191621083141,50.0,Risco por fadiga,Risco: olhos fechados por tempo prolongado,23.718239251028443
1777746314.4127626,300,True,0.15423983488105283,0.20979888437034178,0.18201935962569732,0.1632508726744122,True,False,0.26755852842809363,0,1,36.800991129875186,False,True,64.32277096337299,50.0,Risco por fadiga,Risco: olhos fechados por tempo prolongado,23.62066738114563
1777746314.4613047,301,True,0.16697670231943693,0.20131769907265226,0.1841472006960446,0.17075963444871278,True,False,0.27,0,1,36.844400429725646,False,True,64.66064376950264,50.0,Risco por fadiga,Risco: olhos fechados por tempo prolongado,23.308646358742326
1777746314.5036154,302,True,0.16207135784721688,0.21692786951097057,0.18949961367909374,0.1532733480289624,True,False,0.2724252491694352,0,1,36.38601402044296,False,True,64.97119620983585,50.0,Risco por fadiga,Risco: olhos fechados por tempo prolongado,23.35822967742324
1777746314.5462432,303,True,0.1671072884315584,0.2199427921008767,0.19352504026621753,0.14996488244951856,True,False,0.27483443708609273,0,1,36.823568034172055,False,True,65.32433724906271,50.0,Risco por fadiga,Risco: olhos fechados por tempo prolongado,23.36185614128413
1777746314.590127,304,True,0.16854846990503794,0.21565919638754527,0.1921038331462916,0.17694392861079056,True,False,0.27722772277227725,0,1,36.90785999298096,False,True,65.65762862885353,50.0,Risco por fadiga,Risco: olhos fechados por tempo prolongado,23.2950710669773
1777746314.6327834,305,True,0.16373990588289702,0.22538343074564773,0.19456166831427238,0.17650718551143404,True,False,0.27960526315789475,0,1,36.55642312765121,False,True,65.96696858860943,50.0,Risco por fadiga,Risco: olhos fechados por tempo prolongado,23.307500786308932
1777746314.678709,306,True,0.1630231859259615,0.21575179670137146,0.18938749131366647,0.15630597741300722,True,False,0.2819672131147541,0,1,36.79145287275314,False,True,66.30348819493268,50.0,Risco por fadiga,Risco: olhos fechados por tempo prolongado,23.16721605274853
1777746314.7241,307,True,0.16864572619620086,0.22387973827448673,0.1962627322353438,0.15929667158204597,True,False,0.28431372549019607,0,1,37.31943681240082,False,True,66.65253284353835,50.0,Risco por fadiga,Risco: olhos fechados por tempo prolongado,22.99234033141527
1777746314.7700343,308,True,0.16769219495084522,0.2175905929117959,0.19264139393132057,0.1708683221557083,True,False,0.28664495114006516,0,1,37.050136590003966,False,True,66.95961135927551,50.0,Risco por fadiga,Risco: olhos fechados por tempo prolongado,22.924855611524958
1777746314.8154938,309,True,0.1665750855252767,0.2207096955694692,0.19364239054737295,0.16028363871318374,True,False,0.288961038961039,0,1,36.71058051586151,False,True,67.2610956309523,50.0,Risco por fadiga,Risco: olhos fechados por tempo prolongado,22.83506173985512
1777746314.8608775,310,True,0.16402065319888623,0.2183045341953361,0.19116259369711117,0.16323370774044935,True,False,0.2912621359223301,0,1,36.734737348556514,False,True,67.57870430476457,50.0,Risco por fadiga,Risco: olhos fechados por tempo prolongado,22.72886236756196
1777746314.9016068,311,True,0.16869742852626024,0.2138779553574182,0.1912876919418392,0.1659330168357052,True,False,0.29354838709677417,0,1,37.02906601428985,False,True,67.9077802745373,50.0,Risco por fadiga,Risco: olhos fechados por tempo prolongado,22.913063106671938
1777746314.9423242,312,True,0.16824174370718964,0.22153973486826897,0.19489073928772932,0.17272823650812266,True,False,0.2958199356913183,0,1,37.05237698554992,False,True,68.2212837548501,50.0,Risco por fadiga,Risco: olhos fechados por tempo prolongado,23.101970886712415
1777746314.984511,313,True,0.17578030188971702,0.21629815363923066,0.19603922776447386,0.1727755765157109,True,False,0.2980769230769231,0,1,36.823109483718866,False,True,68.52015614527922,50.0,Risco por fadiga,Risco: olhos fechados por tempo prolongado,23.172913269050408
1777746315.2156126,314,True,0.17073379779468945,0.22397164980397327,0.19735272379933136,0.1603936687360449,True,False,0.3003194888178914,0,1,37.265469908714294,False,True,68.85062695591213,50.0,Risco por fadiga,Risco: olhos fechados por tempo prolongado,21.288342355853356
1777746315.2604392,315,True,0.16783131809013555,0.20628251563984587,0.1870569168649907,0.18823640277706116,True,False,0.30254777070063693,0,1,37.14836552143097,False,True,69.15116049542547,50.0,Risco por fadiga,Risco: olhos fechados por tempo prolongado,21.378037724598325
1777746315.3039887,316,True,0.16273011728942013,0.20579387227081303,0.18426199478011657,0.1842408413079601,True,False,0.3047619047619048,0,1,37.131672525405875,False,True,69.45476927904855,50.0,Risco por fadiga,Risco: olhos fechados por tempo prolongado,21.559198209506906
1777746315.3453956,317,True,0.1686139634527503,0.21650069107589084,0.19255732726432057,0.1755025430677736,True,False,0.3069620253164557,0,1,37.11053521633148,False,True,69.75622898984558,50.0,Risco por fadiga,Risco: olhos fechados por tempo prolongado,21.809264481601424
1777746315.389514,318,True,0.16428189242096283,0.22333883826565615,0.19381036534330948,0.1754350092796879,True,False,0.30914826498422715,0,1,37.01871461868286,False,True,70.05224591428173,50.0,Risco por fadiga,Risco: olhos fechados por tempo prolongado,21.8937952468954
1777746315.4307172,319,True,0.16586377556463305,0.219880572555439,0.19287217406003604,0.16333792485888482,True,False,0.3113207547169811,0,1,37.012055444717404,False,True,70.35063029383713,50.0,Risco por fadiga,Risco: olhos fechados por tempo prolongado,22.138956996069247
1777746315.4736106,320,True,0.16406783037685577,0.2321531043775997,0.19811046737722773,0.17082491292894908,True,False,0.31347962382445144,0,1,36.96636025905609,False,True,70.64519003683122,50.0,Risco por fadiga,Risco: olhos fechados por tempo prolongado,22.251860202411027
1777746315.5179942,321,True,0.17103986244564445,0.22122666732323928,0.19613326488444188,0.15526798077474482,True,False,0.315625,0,1,37.07951257228851,False,True,70.94583687663078,50.0,Risco por fadiga,Risco: olhos fechados por tempo prolongado,22.28020546588678
1777746315.5609071,322,True,0.16593258069144542,0.2334237299265422,0.1996781553089938,0.1810483985511746,True,False,0.3177570093457944,0,1,36.963740491867064,False,True,71.23319955765643,50.0,Risco por fadiga,Risco: olhos fechados por tempo prolongado,22.37256434555264
1777746315.6039524,323,True,0.17384989718348784,0.22796079942836647,0.20090534830592716,0.15409916130129797,True,False,0.3198757763975155,0,1,37.01893348693848,False,True,71.52728967702167,50.0,Risco por fadiga,Risco: olhos fechados por tempo prolongado,22.468828703994088
1777746315.6468742,324,True,0.1705269260261859,0.2284288884913255,0.1994779072587557,0.17423589343258522,True,False,0.3219814241486068,0,1,36.88432886600494,False,True,71.81008601175003,50.0,Risco por fadiga,Risco: olhos fechados por tempo prolongado,22.551178167504972
1777746315.6920676,325,True,0.17250676390064645,0.21108172789077068,0.19179424589570856,0.16170395403000407,True,False,0.32407407407407407,0,1,37.06888008117676,False,True,72.10705293726039,50.0,Risco por fadiga,Risco: olhos fechados por tempo prolongado,22.51560924731291
1777746315.733999,326,True,0.1713804745131842,0.21660851055799957,0.19399449253559187,0.17252437998729886,True,False,0.3261538461538461,0,1,37.38860712051391,False,True,72.4090079501959,50.0,Risco por fadiga,Risco: olhos fechados por tempo prolongado,22.62646696881709
1777746315.7744596,327,True,0.1766576735590791,0.21136585635947713,0.19401176495927813,0.1730754692159613,True,False,0.3282208588957055,0,1,36.93507947921753,False,True,72.67054582013674,50.0,Risco por fadiga,Risco: olhos fechados por tempo prolongado,22.8329499775712
1777746315.811232,328,True,0.17495549825883638,0.20101716795077976,0.18798633310480806,0.15877637326194224,True,False,0.3302752293577982,0,1,36.95393176078796,False,True,72.953964372753,50.0,Risco por fadiga,Risco: olhos fechados por tempo prolongado,23.296356879015104
1777746315.8498416,329,True,0.1707763695109878,0.20784702686192053,0.18931169818645416,0.17938536723418455,True,False,0.3323170731707317,0,1,37.04871566295623,False,True,73.23945709213977,50.0,Risco por fadiga,Risco: olhos fechados por tempo prolongado,23.55152204135886
1777746315.886229,330,True,0.16991013085582404,0.21272559613411748,0.19131786349497076,0.15515248125721667,True,False,0.3343465045592705,0,1,37.316029119491574,False,True,73.53186958089063,50.0,Risco por fadiga,Risco: olhos fechados por tempo prolongado,23.8872906729276
1777746315.9248815,331,True,0.1741903217626831,0.20753352879278525,0.19086192527773416,0.18625225583340008,True,False,0.33636363636363636,0,1,37.020093059539796,False,True,73.79442840099335,50.0,Risco por fadiga,Risco: olhos fechados por tempo prolongado,24.10571563400614
1777746315.9619286,332,True,0.1775266648469661,0.21173801487940666,0.1946323398631864,0.15380088488493918,True,False,0.338368580060423,0,1,37.065357375144956,False,True,74.07237137508176,50.0,Risco por fadiga,Risco: olhos fechados por tempo prolongado,24.44137075741714
1777746316.0004578,333,True,0.17221976167216266,0.22329312306975163,0.19775644237095713,0.1749806532568607,True,False,0.34036144578313254,0,1,36.95160489082336,False,True,74.34070278773824,50.0,Risco por fadiga,Risco: olhos fechados por tempo prolongado,24.570858658394464
1777746316.0384448,334,True,0.17348162570807438,0.2145419163242072,0.19401177101614078,0.16113600844295778,True,False,0.34234234234234234,0,1,37.1696347951889,False,True,74.62397755984787,50.0,Risco por fadiga,Risco: olhos fechados por tempo prolongado,24.744887833263473
1777746316.0787687,335,True,0.17195044361860154,0.225871919627898,0.19891118162324978,0.1756967293437441,True,False,0.344311377245509,0,1,37.25162692070007,False,True,74.89881946530883,50.0,Risco por fadiga,Risco: olhos fechados por tempo prolongado,24.73759155678378
1777746316.1170151,336,True,0.18118816936357693,0.20515181488598921,0.19316999212478309,0.14711694874579967,True,False,0.34626865671641793,0,1,37.229175329208374,False,True,75.16682281298424,50.0,Risco por fadiga,Risco: olhos fechados por tempo prolongado,24.88575164470323
1777746316.1546502,337,True,0.17866998068028786,0.2077112256623084,0.19319060317129813,0.16091777009114144,True,False,0.3482142857142857,0,1,37.09749710559845,False,True,75.42776288901055,50.0,Risco por fadiga,Risco: olhos fechados por tempo prolongado,24.99465329411728
1777746316.1956656,338,True,0.16258803310999215,0.18887231703211685,0.17573017507105448,0.16355711099662001,True,False,0.35014836795252224,0,1,37.162738943099974,False,True,75.69696128864317,50.0,Risco por fadiga,Risco: olhos fechados por tempo prolongado,25.0038302350872
1777746316.234284,339,True,0.11023707741676657,0.1878630901532787,0.14905008378502263,0.15853492485323567,True,False,0.3520710059171598,0,1,37.40418109893799,False,True,75.97339611657272,50.0,Risco por fadiga,Risco: olhos fechados por tempo prolongado,25.01438233458047
1777746316.2784398,340,True,0.05979639620438426,0.14125009232132746,0.10052324426285586,0.16914945484501828,True,False,0.35398230088495575,0,1,37.65507493019104,False,True,76.24874386620732,50.0,Risco por fadiga,Risco: olhos fechados por tempo prolongado,24.812032512852415
1777746316.3224466,341,True,0.07574599239298582,0.17095157416749487,0.12334878328024035,0.16683478095472856,True,False,0.3558823529411765,0,1,38.1389954328537,False,True,76.53419704907081,50.0,Risco por fadiga,Risco: olhos fechados por tempo prolongado,24.624828158820957
1777746316.3660688,342,True,0.0865865073982749,0.17727903894732275,0.13193277317279883,0.17189876463340792,True,False,0.35777126099706746,0,1,38.27179846763611,False,True,76.80056205849493,50.0,Risco por fadiga,Risco: olhos fechados por tempo prolongado,24.426110165857338
1777746316.4078932,343,True,0.08273863353901813,0.19281805710866165,0.1377783453238399,0.16165221328246282,True,False,0.35964912280701755,0,1,38.28307662010192,False,True,77.05933196498636,50.0,Risco por fadiga,Risco: olhos fechados por tempo prolongado,24.38243785852509
1777746316.4504027,344,True,0.09200172926172677,0.20025708781322285,0.1461294085374748,0.17193251055303319,True,False,0.36151603498542273,0,1,38.32395498752594,False,True,77.31807630788828,50.0,Risco por fadiga,Risco: olhos fechados por tempo prolongado,24.266864027803475
1777746316.493363,345,True,0.09081211946743983,0.2001372824165976,0.1454747009420187,0.15911973385534414,True,False,0.3633720930232558,0,1,38.21210021972656,False,True,77.56769154970036,50.0,Risco por fadiga,Risco: olhos fechados por tempo prolongado,24.21122242843367
1777746316.5387607,346,True,0.09314028007413098,0.20524440474581987,0.14919234240997542,0.16475544332749564,True,False,0.3652173913043478,0,1,38.25999245643615,False,True,77.82381467518599,50.0,Risco por fadiga,Risco: olhos fechados por tempo prolongado,24.0072525189579
1777746316.584091,347,True,0.10281695174142527,0.18645549092259217,0.1446362213320087,0.1576420559312427,True,False,0.3670520231213873,0,1,38.28115379810333,False,True,78.07713461711226,50.0,Risco por fadiga,Risco: olhos fechados por tempo prolongado,23.798827033174994
1777746316.6273167,348,True,0.08885568072093794,0.21199145300058217,0.15042356686076006,0.16626850874784982,True,False,0.3688760806916426,0,1,38.563496422767635,False,True,78.3420596642556,50.0,Risco por fadiga,Risco: olhos fechados por tempo prolongado,23.727458824875747
1777746316.6688533,349,True,0.10046614626668117,0.19709648898629384,0.1487813176264875,0.157539108276608,True,False,0.3706896551724138,0,1,38.48560743331909,False,True,78.5875317058892,50.0,Risco por fadiga,Risco: olhos fechados por tempo prolongado,23.766676278407477
1777746316.7086546,350,True,0.09225209901884426,0.20626060804600418,0.14925635353242422,0.17753158414011874,True,False,0.37249283667621774,0,1,38.77669835090637,False,True,78.85002370854163,50.0,Risco por fadiga,Risco: olhos fechados por tempo prolongado,23.929897608644055
1777746316.7448008,351,True,0.10409705072263589,0.20012888245311533,0.1521129665878756,0.17749057864285747,True,False,0.3742857142857143,0,1,38.64327325820923,False,True,79.08987312521252,50.0,Risco por fadiga,Risco: olhos fechados por tempo prolongado,24.27155417312614
1777746316.7776139,352,True,0.10487046756801065,0.21274297596608602,0.15880672176704833,0.17516139570009684,True,False,0.37606837606837606,0,1,38.74881067276001,False,True,79.34026599105606,50.0,Risco por fadiga,Risco: olhos fechados por tempo prolongado,24.8990837290254
1777746316.810446,353,True,0.10924848085064894,0.20794226806036728,0.15859537445550811,0.18197197347095925,True,False,0.3778409090909091,0,1,38.777555799484254,False,True,79.58542653799057,50.0,Risco por fadiga,Risco: olhos fechados por tempo prolongado,25.4495114920162
1777746316.8437088,354,True,0.08887151757226526,0.2113233395683915,0.15009742857032837,0.1855884759543864,True,False,0.37960339943342775,0,1,38.554307389259336,False,True,79.81660653957563,50.0,Risco por fadiga,Risco: olhos fechados por tempo prolongado,25.910786239256883
1777746316.8777695,355,True,0.10025542406386677,0.21857557917079243,0.1594155016173296,0.18657846739833386,True,False,0.3813559322033898,0,1,38.42739191055298,False,True,80.0512340215101,50.0,Risco por fadiga,Risco: olhos fechados por tempo prolongado,26.291449323441
1777746316.9099936,356,True,0.11554533810036666,0.2196781122563645,0.1676117251783656,0.18511754555893778,True,False,0.38309859154929576,0,1,38.481493139266966,False,True,80.29355474300786,50.0,Risco por fadiga,Risco: olhos fechados por tempo prolongado,26.719510838465535
1777746316.943633,357,True,0.12727290321170578,0.21486330629708972,0.17106810475439777,0.17992028507329333,True,False,0.3848314606741573,0,1,38.62108645439148,False,True,80.53880391343256,50.0,Risco por fadiga,Risco: olhos fechados por tempo prolongado,27.03518500771824
1777746316.9792223,358,True,0.12425674978239691,0.21658064842865166,0.1704186991055243,0.17949797323877104,True,False,0.3865546218487395,0,1,38.78636288642883,False,True,80.78400239653948,50.0,Risco por fadiga,Risco: olhos fechados por tempo prolongado,27.13515854036742
1777746317.0134397,359,True,0.09400174934058199,0.20969383217902746,0.15184779075980473,0.16951955008776817,True,False,0.388268156424581,0,1,38.66326193809509,False,True,81.01345835330099,50.0,Risco por fadiga,Risco: olhos fechados por tempo prolongado,27.349763181472262
1777746317.0517633,360,True,0.09464015859646006,0.21593757430463492,0.15528886645054749,0.19078105129305142,True,False,0.38997214484679665,0,1,38.5295690536499,False,True,81.24107211713338,50.0,Risco por fadiga,Risco: olhos fechados por tempo prolongado,27.212351386427034
1777746317.0888207,361,True,0.10437734156979886,0.2117060277184522,0.15804168464412555,0.198067948637391,True,False,0.39166666666666666,0,1,38.68553328514099,False,True,81.48186707894007,50.0,Risco por fadiga,Risco: olhos fechados por tempo prolongado,27.196948942471447
1777746317.1249337,362,True,0.09381751667125508,0.20923161132189758,0.15152456399657632,0.18141396875650292,True,False,0.39335180055401664,0,1,38.632437992095944,False,True,81.71091822379843,50.0,Risco por fadiga,Risco: olhos fechados por tempo prolongado,27.258624428091494
1777746317.1592052,363,True,0.09386835031499949,0.21539729751268405,0.15463282391384175,0.1825156017068535,True,False,0.39502762430939226,0,1,38.68209018707275,False,True,81.94382659991143,50.0,Risco por fadiga,Risco: olhos fechados por tempo prolongado,27.43723109211454
1777746317.19381,364,True,0.08622220978658661,0.21382842432662402,0.15002531705660532,0.1881719390683196,True,False,0.39669421487603307,0,1,38.681458473205566,False,True,82.17295121713119,50.0,Risco por fadiga,Risco: olhos fechados por tempo prolongado,27.612764272469537
1777746317.2449756,365,True,0.0826339837370313,0.21937592585621352,0.1510049547966224,0.17624671925046062,True,False,0.3983516483516483,0,1,38.54773769378662,False,True,82.39416228105733,50.0,Risco por fadiga,Risco: olhos fechados por tempo prolongado,26.809013455170813
1777746317.2968078,366,True,0.09371862266925778,0.212474133277696,0.1530963779734769,0.17520137814070752,True,False,0.4,0,1,38.77807507514953,False,True,82.63232750177383,50.0,Risco por fadiga,Risco: olhos fechados por tempo prolongado,26.053165913944614
1777746317.335748,367,True,0.09335449189275175,0.2199421710961934,0.15664833149447258,0.2019426383263037,True,False,0.4016393442622951,0,1,39.09699273109436,False,True,82.64827338457107,50.0,Risco por fadiga,Risco: olhos fechados por tempo prolongado,26.004419837152355
1777746317.3749232,368,True,0.10976371197306431,0.23995004348446838,0.17485687772876635,0.21959684940652985,True,False,0.4032697547683924,0,1,38.876438760757445,False,True,82.63724568605423,50.0,Risco por fadiga,Risco: olhos fechados por tempo prolongado,25.89873885667883
1777746317.4173777,369,True,0.14848452435872175,0.2492436094250559,0.19886406689188885,0.26305327858782357,True,False,0.4048913043478261,0,1,39.90443720817566,False,True,82.68864560842513,50.0,Risco por fadiga,Risco: olhos fechados por tempo prolongado,25.730489105904862
1777746317.462215,370,True,0.1537042721357182,0.2706613146349357,0.21218279338532695,0.27190898370992594,False,False,0.4037940379403794,0,1,40.3474347114563,False,True,73.01737173557281,50.0,Risco por fadiga,Atencao: sinais de sonolencia,25.35766505949543
1777746317.5040507,371,True,0.16296338405025304,0.2764879195915072,0.2197256518208801,0.3200152408584803,False,False,0.4027027027027027,0,1,40.728207969665526,False,True,73.03641039848327,50.0,Risco por fadiga,Atencao: sinais de sonolencia,25.185389237400848
1777746317.5499463,372,True,0.17510739854837215,0.2781240114233369,0.22661570498585454,0.3174897630037694,False,False,0.40161725067385445,0,1,40.68199028968811,False,True,73.03409951448441,50.0,Risco por fadiga,Atencao: sinais de sonolencia,24.849055738667044
1777746317.5942154,373,True,0.1664724692283691,0.25908931881709835,0.21278089402273373,0.3631093470609108,False,False,0.40053763440860213,0,1,40.445154666900635,False,True,73.02225773334503,50.0,Risco por fadiga,Atencao: sinais de sonolencia,24.66666889179146
1777746317.6407049,374,True,0.1740168046510417,0.25401368795558954,0.21401524630331561,0.31218463043895217,False,False,0.39946380697050937,0,1,40.333058500289916,False,True,72.94292638345952,50.0,Risco por fadiga,Atencao: sinais de sonolencia,24.328191358222988
1777746317.6830382,375,True,0.17113432697511508,0.23587615239051057,0.2035052396828128,0.002284454291581935,True,False,0.40106951871657753,0,1,40.57727041244507,False,True,73.02886352062225,50.0,Risco por fadiga,Atencao: sinais de sonolencia,24.27170772312757
1777746317.731467,376,True,0.17757553614815286,0.25103967910966046,0.21430760762890666,0.028563974326365198,False,False,0.4,0,1,41.054947805404666,False,True,71.60543956518173,50.0,Risco por fadiga,Atencao: sinais de sonolencia,23.915243290807126
1777746317.7826464,377,True,0.20027296966584193,0.25678307220749413,0.22852802093666802,0.24461330694373803,False,False,0.39893617021276595,0,1,40.14732217788696,False,True,71.41378168806115,50.0,Risco por fadiga,Atencao: sinais de sonolencia,23.47889078274342
1777746317.8258588,378,True,0.19333753290090158,0.2459351862377057,0.21963635956930364,0.21994673840665585,False,False,0.3978779840848806,0,1,40.31022281646728,False,True,71.27642612740594,50.0,Risco por fadiga,Atencao: sinais de sonolencia,23.426064104491413
1777746317.867445,379,True,0.19150369900215167,0.25156536605906216,0.2215345325306069,0.22864261735813654,False,False,0.3968253968253968,0,1,41.790570449829104,False,True,71.205712760895,50.0,Risco por fadiga,Atencao: sinais de sonolencia,23.471357729364144
1777746317.9084947,380,True,0.20447581989080044,0.24773162126921658,0.2261037205800085,0.2279928292159357,False,False,0.39577836411609496,0,1,41.075157499313356,False,True,71.02597511584023,50.0,Risco por fadiga,Atencao: sinais de sonolencia,23.58343589179471
1777746317.9469912,381,True,0.19092515935462048,0.25125728325423946,0.22109122130442999,0.2173194099868376,False,False,0.39473684210526316,0,1,41.631444644927974,False,True,70.91058019663159,50.0,Risco por fadiga,Atencao: sinais de sonolencia,23.847733564835718
1777746317.9832635,382,True,0.16873719705222934,0.18955646269615195,0.17914682987419064,0.22868674157579516,True,False,0.3963254593175853,0,1,40.538238477706905,False,True,71.07435475496483,50.0,Risco por fadiga,Atencao: sinais de sonolencia,24.198242341024752
1777746318.0157619,383,True,0.06603143179106546,0.04612332798800091,0.05607737988953319,0.24805256503443487,True,False,0.39790575916230364,0,1,40.00269575119018,False,True,71.26486884728776,50.0,Risco por fadiga,Atencao: sinais de sonolencia,24.765971953947275
1777746318.0561695,384,True,0.16934479752367085,0.1708347536757489,0.1700897755997099,0.045957973742698846,True,False,0.39947780678851175,0,1,41.55604596300558,False,True,71.55869290648214,50.0,Risco por fadiga,Atencao: sinais de sonolencia,24.854319149985415
1777746318.0962617,385,True,0.19857790375004114,0.21560531233387456,0.20709160804195786,0.0031127685440914326,True,False,0.4010416666666667,0,1,39.88106004704128,False,True,71.54674517726356,50.0,Risco por fadiga,Atencao: sinais de sonolencia,24.86323753340513
1777746318.134757,386,True,0.17958382682351803,0.20163667023432355,0.19061024852892078,0.0038622071791650516,True,False,0.4025974025974026,0,1,39.51252691637386,False,True,71.5283185207302,50.0,Risco por fadiga,Atencao: sinais de sonolencia,24.91326605029464
1777746318.1735098,387,True,0.2265719418991286,0.2380601411716439,0.23231604153538626,0.06771472377773514,False,False,0.4015544041450777,0,1,36.92167083837769,False,True,70.42140972237695,50.0,Risco por fadiga,Atencao: sinais de sonolencia,25.03601782464743
1777746318.2084427,388,True,0.22787968105432915,0.24140835919450546,0.23464402012441732,0.14765982769324765,False,False,0.4005167958656331,0,1,34.958752039345825,False,True,70.32326378242536,50.0,Risco por fadiga,Atencao: sinais de sonolencia,25.40838416211122
1777746318.2465892,389,True,0.23816068267608057,0.2235536208228277,0.23085715174945415,0.13296535527674191,False,False,0.39948453608247425,0,1,35.722089430418876,False,True,70.29055436331922,50.0,Risco por fadiga,Atencao: sinais de sonolencia,25.481337155538625
1777746318.2873025,390,True,0.2449851597403099,0.22694460925272708,0.23596488449651848,0.16144598084934014,False,False,0.39845758354755784,0,1,34.56580779173157,False,True,70.09153430783384,50.0,Risco por fadiga,Atencao: sinais de sonolencia,25.400073377037586
1777746318.326402,391,True,0.2474451983355481,0.2363546069054271,0.2418999026204876,0.2240431948960418,False,False,0.3974358974358974,0,1,32.96633176966147,False,False,69.87107866637703,50.0,Risco por fadiga,Atencao: sinais de sonolencia,25.414546726027357
1777746318.36576,392,True,0.24440281976412528,0.23363738232880202,0.23902010104646365,0.20472769576445604,False,False,0.39641943734015345,0,1,34.50980333902619,False,False,69.80848898168047,50.0,Risco por fadiga,Atencao: sinais de sonolencia,25.394015719082557
1777746318.4056764,393,True,0.24747939793619275,0.23818936872949106,0.2428343833328419,0.10116074662382823,False,False,0.39540816326530615,0,1,34.68450031334704,False,False,69.678173645105,50.0,Risco por fadiga,Atencao: sinais de sonolencia,25.373829462992703
1777746318.4431853,394,True,0.23228886605515284,0.2241593704098664,0.2282241182325096,0.002252204504039109,False,False,0.3944020356234097,0,1,33.524122518301006,False,False,69.48181220459195,50.0,Risco por fadiga,Atencao: sinais de sonolencia,25.48113756648169
1777746318.4880574,395,True,0.25050229765990784,0.22103333083750426,0.23576781424870605,0.0032086443928587456,False,False,0.3934010152284264,0,1,32.62116981365464,False,False,69.29902426504943,50.0,Risco por fadiga,Atencao: sinais de sonolencia,25.165879384510795
1777746318.5262306,396,True,0.2391426905848092,0.2126326365642089,0.22588766357450904,0.0906290778526394,False,False,0.3924050632911392,0,1,32.679395177147605,False,False,69.16499214184708,50.0,Risco por fadiga,Atencao: sinais de sonolencia,25.269548128450324
1777746318.5660746,397,True,0.22563138361626492,0.219168656472475,0.22240002004436996,0.1913044475579282,False,False,0.39141414141414144,0,1,34.122065485607486,False,False,69.1008738991829,50.0,Risco por fadiga,Atencao: sinais de sonolencia,25.261231236518892
1777746318.604137,398,True,0.22801038568961912,0.23269914090786628,0.23035476329874272,0.2072644909438043,False,False,0.3904282115869018,0,1,34.83829135840589,False,False,69.00111984157735,50.0,Risco por fadiga,Atencao: sinais de sonolencia,25.36978627310766
1777746318.641642,399,True,0.20022176855282017,0.21489471864376472,0.20755824359829245,0.07083426218589338,True,False,0.39195979899497485,0,1,35.09581473903222,False,False,69.22458927921872,50.0,Risco por fadiga,Atencao: sinais de sonolencia,25.484750725162453
1777746318.679391,400,True,0.19198125755423937,0.20318945270315292,0.19758535512869613,0.0033642126170510896,True,False,0.39348370927318294,0,1,33.878099027005106,False,False,69.37324115687096,50.0,Risco por fadiga,Atencao: sinais de sonolencia,25.61944200177563
1777746318.714272,401,True,0.186589567348231,0.19362875054486967,0.19010915894655034,0.004731873667998486,True,False,0.395,0,1,33.917304600910704,False,False,69.5836914105036,50.0,Risco por fadiga,Atencao: sinais de sonolencia,25.93034281097144
1777746318.7488565,402,True,0.18666644452710823,0.19449280686708012,0.1905796256970942,0.004558123498893962,True,False,0.39650872817955113,0,1,33.84322998090224,False,False,69.78743780419146,50.0,Risco por fadiga,Atencao: sinais de sonolencia,26.162741951618933
1777746318.7849042,403,True,0.18102578056904833,0.1940273220174326,0.18752655129324047,0.021180233955222862,True,False,0.39800995024875624,0,1,34.26921545267105,False,False,70.0151551122956,50.0,Risco por fadiga,Atencao: sinais de sonolencia,26.36687282211122
1777746318.8219056,404,True,0.17965711355722278,0.19186566185925805,0.1857613877082404,0.01642237552418522,True,False,0.39950372208436724,0,1,34.681678688526155,False,False,70.24117190148486,50.0,Risco por fadiga,Atencao: sinais de sonolencia,26.405169622300125
1777746318.8566835,405,True,0.16181848593696155,0.18517703859738002,0.17349776226717079,0.026287711759438944,True,False,0.400990099009901,0,1,36.88565928502516,False,True,70.41960914470933,50.0,Risco por fadiga,Atencao: sinais de sonolencia,26.65756848806966
1777746318.8939033,406,True,0.14796805182595213,0.1741646448818135,0.1610663483538828,0.07785136553931322,True,False,0.4024691358024691,0,1,36.39779975089159,False,True,70.39521616800265,50.0,Risco por fadiga,Atencao: sinais de sonolencia,26.6833118800739
1777746318.9297202,407,True,0.15751119992779805,0.18210468249229125,0.16980794121004467,0.09912573619112604,True,False,0.4039408866995074,0,1,36.27656854932958,False,True,70.38915460792454,50.0,Risco por fadiga,Atencao: sinais de sonolencia,26.79950320228709
1777746318.9658937,408,True,0.15655879630687963,0.17464393906383285,0.16560136768535624,0.29734350365542905,True,False,0.40540540540540543,0,1,36.941148783943866,False,True,70.42238361965525,50.0,Risco por fadiga,Atencao: sinais de sonolencia,26.880427972540605
1777746319.004184,409,True,0.13647420186305798,0.1718813052121116,0.15417775353758478,0.32751685374824485,True,False,0.4068627450980392,0,1,38.073790313980794,False,True,70.4790156961571,50.0,Risco por fadiga,Atencao: sinais de sonolencia,26.81514336980923
1777746319.0432954,410,True,0.1479098941297297,0.1604815436127363,0.154195718871233,0.29836130726443144,True,False,0.4083129584352078,0,1,40.53050506169146,False,True,70.60185143354263,50.0,Risco por fadiga,Atencao: sinais de sonolencia,26.70173520910761
1777746319.0821197,411,True,0.15144744443823094,0.15039994292949324,0.1509236936838621,0.2694920319197461,True,False,0.4097560975609756,0,1,41.641302943229675,False,True,70.65739132761955,50.0,Risco por fadiga,Atencao: sinais de sonolencia,26.564611660037244
1777746319.1218805,412,True,0.13931822555990594,0.16493254350393077,0.15212538453191837,0.27427054806269635,True,False,0.41119221411192214,0,1,42.50658465678042,False,True,70.70065541329708,50.0,Risco por fadiga,Atencao: sinais de sonolencia,26.47218730994842
1777746319.155082,413,True,0.1508248773039816,0.19869710472668498,0.1747609910153333,0.2161613455408828,True,False,0.41262135922330095,0,1,42.99422655105591,False,True,70.72503750801086,50.0,Risco por fadiga,Atencao: sinais de sonolencia,26.804768519871573
1777746319.190661,414,True,0.15803387098303606,0.19269458357038965,0.17536422727671286,0.21895495823028627,True,False,0.41404358353510895,0,1,42.27520484924317,False,True,70.68908642292023,50.0,Risco por fadiga,Atencao: sinais de sonolencia,26.89037505849192
1777746319.2293377,415,True,0.14430563797280707,0.1985372510678911,0.17142144452034908,0.2197399089480175,True,False,0.41545893719806765,0,1,42.34504270553588,False,True,70.69257831573486,50.0,Risco por fadiga,Atencao: sinais de sonolencia,26.813292468887262
1777746319.2686307,416,True,0.13307200733547708,0.18810286792535139,0.16058743763041422,0.22284835538568584,True,False,0.41686746987951806,0,1,42.360025310516356,False,True,70.69332744598388,50.0,Risco por fadiga,Atencao: sinais de sonolencia,26.62722845777888
1777746319.3091612,417,True,0.16214989960163748,0.21249696970911647,0.18732343465537699,0.2030818597871861,True,False,0.4182692307692308,0,1,42.59149608612061,False,True,70.7049009847641,50.0,Risco por fadiga,Atencao: sinais de sonolencia,26.51276323878018
1777746319.3504345,418,True,0.15034380373840903,0.19297126382226454,0.17165753378033677,0.20459480886788206,True,False,0.4196642685851319,0,1,42.225964641571046,False,True,70.68662441253662,50.0,Risco por fadiga,Atencao: sinais de sonolencia,26.226470030969164
1777746319.392961,419,True,0.1353835007208942,0.1734618560305703,0.15442267837573226,0.16231059854382432,True,False,0.42105263157894735,0,1,44.92296571731567,False,True,70.82147446632385,50.0,Risco por fadiga,Atencao: sinais de sonolencia,26.011691943981578
1777746319.4286327,420,True,0.13219208319326878,0.1711480265662081,0.15167005487973845,0.09582080907067482,True,False,0.4224343675417661,0,1,45.13461046218872,False,True,70.8320567035675,50.0,Risco por fadiga,Atencao: sinais de sonolencia,26.165017395413518
1777746319.469286,421,True,0.12060447871580869,0.15013736287588306,0.13537092079584587,0.03891797790351928,True,False,0.4238095238095238,0,1,45.967587852478026,False,True,70.87370557308196,50.0,Risco por fadiga,Atencao: sinais de sonolencia,26.04588717181613
1777746319.5090373,422,True,0.1349950444208446,0.1930763222181138,0.1640356833194792,0.0711857230012645,True,False,0.4251781472684085,0,1,46.84907932281494,False,True,70.91778014659882,50.0,Risco por fadiga,Atencao: sinais de sonolencia,25.916509218671003
1777746319.5486298,423,True,0.1479197055713712,0.17910768703301103,0.16351369630219112,0.09098608097218482,True,False,0.4265402843601896,0,1,46.65477838516235,False,True,70.90806509971618,50.0,Risco por fadiga,Atencao: sinais de sonolencia,25.834967760603604
1777746319.592314,424,True,0.11762617030872911,0.17338407316659737,0.14550512173766325,0.060530366082190756,True,False,0.42789598108747046,0,1,47.91788253784179,False,True,70.97122030735015,50.0,Risco por fadiga,Atencao: sinais de sonolencia,25.567518882779087
1777746319.6334221,425,True,0.14045623177414054,0.16676829315810132,0.15361226246612092,0.13226434284307137,True,False,0.42924528301886794,0,1,47.88828983306884,False,True,70.9697406721115,50.0,Risco por fadiga,Atencao: sinais de sonolencia,25.46231220322553
1777746319.6746535,426,True,0.1556400532082912,0.17744670845695149,0.16654338083262132,0.127219011464469,True,False,0.43058823529411766,0,1,47.1931848526001,False,True,70.93498542308807,50.0,Risco por fadiga,Atencao: sinais de sonolencia,25.347408145648924
1777746319.7165835,427,True,0.1132161935332049,0.1657384378207842,0.13947731567699456,0.21898385776468937,True,False,0.431924882629108,0,1,44.83048572540283,False,True,70.8168504667282,50.0,Risco por fadiga,Atencao: sinais de sonolencia,25.191376930505346
1777746319.757699,428,True,0.11886986462470549,0.1498037826985711,0.1343368236616383,0.2603237589441094,True,False,0.4332552693208431,0,1,43.277454948425294,False,True,70.73919892787933,50.0,Risco por fadiga,Atencao: sinais de sonolencia,25.098410836167652
1777746319.7951837,429,True,0.13124727924696014,0.17778810819209176,0.15451769371952595,0.2606498788187847,True,False,0.43457943925233644,0,1,43.389831352233884,False,True,70.74481774806976,50.0,Risco por fadiga,Atencao: sinais de sonolencia,25.244732182195733
1777746319.8301084,430,True,0.12302621084138932,0.14816026897907292,0.13559323991023112,0.1821833246435079,True,False,0.4358974358974359,0,1,40.6538743019104,False,True,70.60801989555358,50.0,Risco por fadiga,Atencao: sinais de sonolencia,25.570951107674944
1777746319.864754,431,True,0.11404578451423979,0.1198509954441317,0.11694838997918575,0.004773037888163834,True,False,0.4372093023255814,0,1,40.05159821510315,False,True,70.57790609121322,50.0,Risco por fadiga,Atencao: sinais de sonolencia,25.95077394053385
1777746319.8990884,432,True,0.13075129369059718,0.12923450430803912,0.12999289899931815,0.00391787318326136,True,False,0.4385150812064965,0,1,38.189141798019406,False,True,70.48478327035903,50.0,Risco por fadiga,Atencao: sinais de sonolencia,26.218270115223024
1777746319.9348755,433,True,0.11065295593022266,0.13730191082602328,0.12397743337812298,0.06078397911911103,True,False,0.4398148148148148,0,1,38.42513542175293,False,True,70.4965829515457,50.0,Risco por fadiga,Atencao: sinais de sonolencia,26.359179317576213
1777746319.9708688,434,True,0.12249379522668111,0.12823719042382012,0.1253654928252506,0.040061403887374246,True,False,0.44110854503464203,0,1,38.413408217646854,False,True,70.4959965913404,50.0,Risco por fadiga,Atencao: sinais de sonolencia,26.541583861017113
1777746320.0093927,435,True,0.12404158839542502,0.1409269878018451,0.13248428809863505,0.07003868007897986,True,False,0.4423963133640553,0,1,37.88350723927672,False,True,70.4695015424219,50.0,Risco por fadiga,Atencao: sinais de sonolencia,26.515491114876
1777746320.23871,436,True,0.1427011556240245,0.12919528799725172,0.1359482218106381,0.04664274694184863,True,False,0.4436781609195402,0,1,34.05597059076483,False,True,70.2781247099963,50.0,Risco por fadiga,Atencao: sinais de sonolencia,24.299815622663395
1777746320.2849429,437,True,0.1386248694999441,0.14236870929699347,0.14049678939846877,0.14180157669787702,True,False,0.44495412844036697,0,1,36.55677419846708,False,True,70.40316489038142,50.0,Risco por fadiga,Atencao: sinais de sonolencia,24.006266644989175
1777746320.3245478,438,True,0.14087879669484416,0.14203961761659267,0.1414592071557184,0.15738671403162965,True,False,0.4462242562929062,0,1,34.7215691241351,False,True,70.31140463666482,50.0,Risco por fadiga,Atencao: sinais de sonolencia,24.094997975029063
1777746320.3657007,439,True,0.1336114004448407,0.16515367752362786,0.1493825389842343,0.18976920454672536,True,False,0.4474885844748858,0,1,33.82401811534708,False,True,70.26652708622542,50.0,Risco por fadiga,Atencao: sinais de sonolencia,24.116736675994677
1777746320.4075983,440,True,0.12146370764259418,0.1297502683471014,0.1256069879948478,0.1767860948996717,True,False,0.44874715261959,0,1,33.25465836579149,False,False,70.23805909874764,50.0,Risco por fadiga,Atencao: sinais de sonolencia,24.079846604453998
1777746320.45192,441,True,0.11146339670163416,0.13604459618019626,0.12375399644091521,0.1700143162401832,True,False,0.45,0,1,32.61591543772004,False,False,70.20612195234406,50.0,Risco por fadiga,Atencao: sinais de sonolencia,23.95521720024457
1777746320.4940443,442,True,0.12326730533326992,0.13964518353620287,0.13145624443473639,0.17169692831861863,True,False,0.4512471655328798,0,1,34.552092204310675,False,False,70.3029307906736,50.0,Risco por fadiga,Atencao: sinais de sonolencia,23.959520772726016
1777746320.5348914,443,True,0.12862383802607322,0.15597525081649816,0.14229954442128567,0.17705970733558027,True,False,0.45248868778280543,0,1,35.85881008018146,False,True,70.36826668446713,50.0,Risco por fadiga,Atencao: sinais de sonolencia,24.01490356803701
1777746320.5785317,444,True,0.13059067940454314,0.15996398671095755,0.14527733305775034,0.19288423411959169,True,False,0.45372460496614,0,1,35.365767571601,False,True,70.34361455903812,50.0,Risco por fadiga,Atencao: sinais de sonolencia,23.87188643747481
1777746320.6208117,445,True,0.12612705496207158,0.16076484441443434,0.14344594968825297,0.19387348881956928,True,False,0.45495495495495497,0,1,36.61937230012634,False,True,70.40629479546438,50.0,Risco por fadiga,Atencao: sinais de sonolencia,23.895788813788467
1777746320.6576846,446,True,0.12474621563983614,0.1544556851662157,0.13960095040302592,0.19873051256578453,True,False,0.45617977528089887,0,2,36.53141071254557,False,True,86.40189671608535,50.0,Risco por fadiga,Risco: olhos fechados por tempo prolongado,24.181694996055576
1777746320.697451,447,True,0.131376998468814,0.15496965125722537,0.1431733248630197,0.1990398080385064,True,False,0.45739910313901344,0,2,36.692719774354586,False,True,86.4099621691758,50.0,Risco por fadiga,Risco: olhos fechados por tempo prolongado,24.269414337621473
1777746320.744096,448,True,0.1307507014247353,0.16588305722387683,0.14831687932430607,0.16783998432065073,True,False,0.45861297539149887,0,2,36.42155243320898,False,True,86.39640380211851,50.0,Risco por fadiga,Risco: olhos fechados por tempo prolongado,24.01588984154617
1777746320.7959316,449,True,0.1235787072128929,0.1510455621916107,0.1373121347022518,0.18526047989561276,True,False,0.45982142857142855,0,2,37.44090142412619,False,True,86.44737125166438,50.0,Risco por fadiga,Risco: olhos fechados por tempo prolongado,23.50601175810329
1777746320.8452904,450,True,0.1315739744043705,0.14744870344349506,0.13951133892393278,0.10077584713720754,True,False,0.4610244988864143,0,2,38.95860218785025,False,True,86.52325628985058,50.0,Risco por fadiga,Risco: olhos fechados por tempo prolongado,23.18926200553549
1777746320.8843403,451,True,0.13085370225246262,0.15430666566994453,0.1425801839612036,0.0025742210067076447,True,False,0.4622222222222222,0,2,39.577124468304895,False,True,86.55418240387331,50.0,Risco por fadiga,Risco: olhos fechados por tempo prolongado,23.441862828797163
1777746320.9184191,452,True,0.12102341816702471,0.1512888397567681,0.1361561289618964,0.004394769535909379,True,False,0.4634146341463415,0,2,39.13344615806233,False,True,86.53199848836118,50.0,Risco por fadiga,Risco: olhos fechados por tempo prolongado,24.09833669338198
1777746320.9592361,453,True,0.13815695441093856,0.16633089933961598,0.15224392687527727,0.00439669141559191,True,False,0.4646017699115044,0,2,38.92138690731742,False,True,86.52139552582393,50.0,Risco por fadiga,Risco: olhos fechados por tempo prolongado,24.110684389573393
1777746320.9953468,454,True,0.13423486198254633,0.16684546462913288,0.1505401633058396,0.0032466209242668,True,False,0.46578366445916114,0,2,38.959933125430894,False,True,86.5233228367296,50.0,Risco por fadiga,Risco: olhos fechados por tempo prolongado,24.516636389153525
1777746321.0325575,455,True,0.1277667180139316,0.17122271202505288,0.14949471501949224,0.012533515032824457,True,False,0.4669603524229075,0,2,39.34152955033562,False,True,86.54240265797485,50.0,Risco por fadiga,Risco: olhos fechados por tempo prolongado,24.747174729994022
1777746321.0695572,456,True,0.12246816577922066,0.16722854234927365,0.14484835406424715,0.24732561153586682,True,False,0.46813186813186813,0,2,40.398427390510385,False,True,86.59524754998358,50.0,Risco por fadiga,Risco: olhos fechados por tempo prolongado,24.93348255004056
1777746321.109403,457,True,0.15429381182559052,0.15565392080577226,0.15497386631568139,0.263170294048529,True,False,0.4692982456140351,0,2,41.111629366874695,False,True,86.6309076488018,50.0,Risco por fadiga,Risco: olhos fechados por tempo prolongado,24.990816348676695
1777746321.1516974,458,True,0.12826075863613387,0.15044375405081628,0.1393522563434751,0.2752743636352934,True,False,0.47045951859956237,0,2,42.00588832335039,False,True,86.67562059662558,50.0,Risco por fadiga,Risco: olhos fechados por tempo prolongado,24.822503422838587
1777746321.1905272,459,True,0.13494679470015158,0.1638657948615202,0.1494062947808359,0.27387874544272645,True,False,0.47161572052401746,0,2,41.55583866076036,False,True,86.65311811349608,50.0,Risco por fadiga,Risco: olhos fechados por tempo prolongado,24.922971085006647
1777746321.2262383,460,True,0.13704236121101263,0.1643843687765757,0.15071336499379417,0.16923264359446838,True,False,0.47276688453159044,0,2,42.053826634992255,False,True,86.67801751220767,50.0,Risco por fadiga,Risco: olhos fechados por tempo prolongado,25.253124876091185
1777746321.2660983,461,True,0.12173581182126289,0.17773441340639312,0.149735112613828,0.18387811301688228,True,False,0.47391304347826085,0,2,43.40126421451569,False,True,86.74538939118385,50.0,Risco por fadiga,Risco: olhos fechados por tempo prolongado,25.232778486445802
1777746321.3088999,462,True,0.14036161264042737,0.1755597014265205,0.15796065703347395,0.24948692674607875,True,False,0.4750542299349241,0,2,43.10834360664541,False,True,86.73074336079033,50.0,Risco por fadiga,Risco: olhos fechados por tempo prolongado,25.021211763770253
1777746321.3510797,463,True,0.12843380362764104,0.16262628466209594,0.14553004414486848,0.2567086241988763,True,False,0.47619047619047616,0,2,43.422927008433774,False,True,86.74647253087976,50.0,Risco por fadiga,Risco: olhos fechados por tempo prolongado,24.883620745280236
1777746321.3918962,464,True,0.15288747304780068,0.16440412577322583,0.15864579941051327,0.27376799397283214,True,False,0.4773218142548596,0,2,43.7267759967934,False,True,86.76166498029774,50.0,Risco por fadiga,Risco: olhos fechados por tempo prolongado,24.851862759262055
1777746321.4343605,465,True,0.1529450358995289,0.1703122372894157,0.1616286365944723,0.28051732953923764,True,False,0.47844827586206895,0,2,44.09868812561035,False,True,86.78026058673858,50.0,Risco por fadiga,Risco: olhos fechados por tempo prolongado,24.75165493506499
1777746321.4756873,466,True,0.11775394356776218,0.19247981706368628,0.15511688031572424,0.15820388747087422,True,False,0.47956989247311826,0,2,43.39973020553589,False,True,86.74531269073486,50.0,Risco por fadiga,Risco: olhos fechados por tempo prolongado,24.699463108729798
1777746321.5194485,467,True,0.13453982553655813,0.18262953465008672,0.15858468009332244,0.165732978234347,True,False,0.48068669527896996,0,2,43.02833566665649,False,True,86.72674296379088,50.0,Risco por fadiga,Risco: olhos fechados por tempo prolongado,24.49139732381998
1777746321.5631547,468,True,0.13397824566664598,0.16957617789943272,0.15177721178303935,0.01433929264307309,True,False,0.4817987152034261,0,2,41.419472455978394,False,True,86.64629980325698,50.0,Risco por fadiga,Risco: olhos fechados por tempo prolongado,24.31361688829806
1777746321.6096663,469,True,0.12513320422408805,0.17229266478953173,0.1487129345068099,0.01020187938648916,True,False,0.4829059829059829,0,2,41.306092691421505,False,True,86.64063081502914,50.0,Risco por fadiga,Risco: olhos fechados por tempo prolongado,24.05990812458866
1777746321.6558554,470,True,0.1448243589934665,0.18559202866142627,0.1652081938274464,0.11758735874131866,True,False,0.4840085287846482,0,2,39.80890121459961,False,True,86.56577124118805,50.0,Risco por fadiga,Risco: olhos fechados por tempo prolongado,23.836985001673035
1777746321.7013645,471,True,0.14429147008950224,0.20136434610019546,0.17282790809484885,0.19281312681319346,True,False,0.4851063829787234,0,2,38.92907185554504,False,True,86.52177977323531,50.0,Risco por fadiga,Risco: olhos fechados por tempo prolongado,23.641513405433315
1777746321.7447686,472,True,0.14720188882859064,0.23938965163814244,0.19329577023336653,0.25310121294135746,True,False,0.4861995753715499,0,2,37.31824719905853,False,True,86.44123854041099,50.0,Risco por fadiga,Risco: olhos fechados por tempo prolongado,23.581844050081926
1777746321.7879965,473,True,0.14200397183535776,0.2283358740140967,0.18516992292472723,0.24705109357411562,True,False,0.4872881355932203,0,2,36.995672297477725,False,True,86.42510979533195,50.0,Risco por fadiga,Risco: olhos fechados por tempo prolongado,23.52696327502933
1777746321.8267424,474,True,0.14399693437052788,0.21026641216470657,0.17713167326761722,0.2197531812113857,True,False,0.4883720930232558,0,2,36.435755372047424,False,True,86.39711394906044,50.0,Risco por fadiga,Risco: olhos fechados por tempo prolongado,23.740284155171665
1777746321.8640878,475,True,0.12730773769726114,0.21447140955275734,0.17088957362500923,0.20612797831579113,True,False,0.48945147679324896,0,2,36.37234086990356,False,True,86.39394322395324,50.0,Risco por fadiga,Risco: olhos fechados por tempo prolongado,24.054521726665598
1777746321.907938,476,True,0.11661633321797939,0.20296466979809527,0.15979050150803734,0.19973157115693677,True,False,0.4905263157894737,0,2,36.131073272228235,False,True,86.38187984406947,50.0,Risco por fadiga,Risco: olhos fechados por tempo prolongado,23.9513762352056
1777746321.946454,477,True,0.12139181676418463,0.2093434425411118,0.16536762965264823,0.17701283401397708,True,False,0.49159663865546216,0,2,36.291500055789946,False,True,86.38990118324756,50.0,Risco por fadiga,Risco: olhos fechados por tempo prolongado,24.152245433504977
1777746321.9853683,478,True,0.14221147954835034,0.20110438164334984,0.1716579305958501,0.19680820028197601,True,False,0.49266247379454925,0,2,36.950245547294614,False,True,86.42283845782279,50.0,Risco por fadiga,Risco: olhos fechados por tempo prolongado,24.29397708917913
1777746322.0247757,479,True,0.14431541803912548,0.20438533231160402,0.17435037517536475,0.21643316761727122,True,False,0.49372384937238495,0,2,38.12493314743042,False,True,86.48157283782959,50.0,Risco por fadiga,Risco: olhos fechados por tempo prolongado,24.378430701744392
1777746322.063647,480,True,0.13628574197495674,0.1963948567451373,0.16634029936004702,0.2166058975494383,True,False,0.49478079331941544,0,2,38.24342541694641,False,True,86.48749745130539,50.0,Risco por fadiga,Risco: olhos fechados por tempo prolongado,24.519854965557712
1777746322.1023185,481,True,0.13949956106461728,0.20957170475655593,0.1745356329105866,0.23178376448053095,True,False,0.49583333333333335,0,2,38.98051533699035,False,True,86.52435194730758,50.0,Risco por fadiga,Risco: olhos fechados por tempo prolongado,24.675478992342498
1777746322.1409504,482,True,0.13400186121981483,0.1953352138742127,0.16466853754701377,0.11821552941910644,True,False,0.4968814968814969,0,2,39.10190267562866,False,True,86.53042131423949,50.0,Risco por fadiga,Risco: olhos fechados por tempo prolongado,24.747652334050155
1777746322.1807323,483,True,0.1352699071680571,0.18281910250364636,0.15904450483585172,0.13450512291959277,True,False,0.4979253112033195,0,2,39.42171125411987,False,True,86.54641174316406,50.0,Risco por fadiga,Risco: olhos fechados por tempo prolongado,24.847055323022268
1777746322.21826,484,True,0.14139145353234397,0.19492677796612634,0.16815911574923514,0.006449179787298342,True,False,0.4989648033126294,0,2,39.447755289077755,False,True,86.54771394491195,50.0,Risco por fadiga,Risco: olhos fechados por tempo prolongado,25.016587548479293
1777746322.258057,485,True,0.14833693352937846,0.20325512164961726,0.17579602758949786,0.014298586233184146,True,False,0.5,0,2,39.86619448661804,False,True,86.56863590478896,50.0,Risco por fadiga,Risco: olhos fechados por tempo prolongado,25.000444450658236
1777746322.2987263,486,True,0.14762718180998638,0.1991214712668922,0.1733743265384393,0.15654569610026944,True,False,0.5010309278350515,0,2,40.095222520828244,False,True,86.58008730649948,50.0,Risco por fadiga,Risco: olhos fechados por tempo prolongado,24.942706616787916
1777746322.344091,487,True,0.1529968166481947,0.18384406780986048,0.16842044222902758,0.15894221276844755,True,False,0.5020576131687243,0,2,39.45065078735352,False,True,86.54785871982574,50.0,Risco por fadiga,Risco: olhos fechados por tempo prolongado,24.693024252541445
1777746322.3877177,488,True,0.13408345908763533,0.17349662471684535,0.15379004190224033,0.23862576105017103,True,False,0.5030800821355236,0,2,40.1420238494873,False,True,86.58242737293243,50.0,Risco por fadiga,Risco: olhos fechados por tempo prolongado,24.472636164329433
1777746322.4275322,489,True,0.13926858041183213,0.18755476801269771,0.16341167421226493,0.21665025298441268,True,False,0.5040983606557377,0,2,39.88568706512451,False,True,86.56961053371428,50.0,Risco por fadiga,Risco: olhos fechados por tempo prolongado,24.523168242259153
1777746322.4689727,490,True,0.14096156761623724,0.18314251073095864,0.16205203917359795,0.2325864899192079,True,False,0.5051124744376279,0,2,40.0235830783844,False,True,86.57650533437729,50.0,Risco por fadiga,Risco: olhos fechados por tempo prolongado,24.499556771518797
1777746322.510867,491,True,0.12214784114110692,0.18493553526544607,0.1535416882032765,0.23824903503059816,True,False,0.5061224489795918,0,2,39.999506282806394,False,True,86.57530149459838,50.0,Risco por fadiga,Risco: olhos fechados por tempo prolongado,24.452090072882285
1777746322.5508773,492,True,0.137993170476403,0.17582146208447685,0.1569073162804399,0.2252002436977952,True,False,0.5071283095723014,0,2,40.350533628463744,False,True,86.59285286188125,50.0,Risco por fadiga,Risco: olhos fechados por tempo prolongado,24.518983119315124
1777746322.5935407,493,True,0.1326791607198277,0.18555234349778416,0.1591157521088059,0.2247818716204581,True,False,0.508130081300813,0,2,40.23990430831909,False,True,86.58732139587401,50.0,Risco por fadiga,Risco: olhos fechados por tempo prolongado,24.425330649232965
1777746322.6366196,494,True,0.13368058041195555,0.18386942580418905,0.1587750031080723,0.22746496350492088,True,False,0.5091277890466531,0,2,40.7145188331604,False,True,86.61105212211608,50.0,Risco por fadiga,Risco: olhos fechados por tempo prolongado,24.28842192501251
1777746322.674855,495,True,0.1343131667361682,0.18509388082023137,0.1597035237781998,0.22476908735736342,True,False,0.5101214574898786,0,2,40.778575563430785,False,True,86.6142549586296,50.0,Risco por fadiga,Risco: olhos fechados por tempo prolongado,24.45662481418764
1777746322.7261162,496,True,0.1310741117714075,0.19593569049941828,0.16350490113541288,0.2057592105615736,True,False,0.5111111111111111,0,2,41.08314747810363,False,True,86.62948355436325,50.0,Risco por fadiga,Risco: olhos fechados por tempo prolongado,23.95518643084188
1777746322.7696078,497,True,0.135730080723794,0.17842380942915612,0.15707694507647507,0.19126916266737523,True,False,0.5120967741935484,0,2,41.11535115242005,False,True,86.63109373807906,50.0,Risco por fadiga,Risco: olhos fechados por tempo prolongado,23.87490599348094
1777746322.8110757,498,True,0.12978569810652213,0.19256552078149727,0.16117560944400972,0.10075041200191284,True,False,0.5130784708249497,0,2,41.59946241378784,False,True,86.65529930114745,50.0,Risco por fadiga,Risco: olhos fechados por tempo prolongado,23.901014574131146
1777746322.84772,499,True,0.13791517149705435,0.1920111981151773,0.16496318480611583,0.002330301901585467,True,False,0.5140562248995983,0,2,41.58888635635376,False,True,86.65477049827575,50.0,Risco por fadiga,Risco: olhos fechados por tempo prolongado,24.272077887748146
1777746322.8877084,500,True,0.14410475616085192,0.1791778572045641,0.161641306682708,0.005768557959644037,True,False,0.5150300601202404,0,2,41.5389522075653,False,True,86.65227379083633,50.0,Risco por fadiga,Risco: olhos fechados por tempo prolongado,24.321478532098
1777746322.9256241,501,True,0.12230152758811756,0.1626462739149832,0.1424739007515504,0.009551145936860937,True,False,0.516,0,2,41.13574109077454,False,True,86.6321132349968,50.0,Risco por fadiga,Risco: olhos fechados por tempo prolongado,24.4591395384453
1777746322.9650335,502,True,0.13460446005788168,0.1742050992373055,0.15440477964759358,0.013250578600114091,True,False,0.5169660678642715,0,2,41.394355821609494,False,True,86.64504397153854,50.0,Risco por fadiga,Risco: olhos fechados por tempo prolongado,24.583120294764015
1777746323.002041,503,True,0.03577636252136535,0.029059744487667696,0.03241805350451653,0.08478963714011965,True,False,0.5179282868525896,0,2,40.323936414718624,False,True,86.59152300119399,50.0,Risco por fadiga,Risco: olhos fechados por tempo prolongado,24.813768202771044
1777746323.0378358,504,True,0.0630058126417681,0.03877285739555228,0.05088933501866019,0.12930165986106704,True,False,0.5188866799204771,0,2,40.059215259552,False,True,86.57828694343566,50.0,Risco por fadiga,Risco: olhos fechados por tempo prolongado,25.164626753398473
1777746323.0742443,505,True,0.12345379672964375,0.11996902911065839,0.12171141292015107,0.15755212107200733,True,False,0.5198412698412699,0,2,40.943964862823485,False,True,86.62252442359923,50.0,Risco por fadiga,Risco: olhos fechados por tempo prolongado,25.429449363648253
1777746323.1121607,506,True,0.13353153068032578,0.13624966455785767,0.13489059761909172,0.1721241765522276,True,False,0.5207920792079208,0,2,40.69736471176147,False,True,86.61019441604614,50.0,Risco por fadiga,Risco: olhos fechados por tempo prolongado,25.538004514848417
1777746323.1504464,507,True,0.13420257850294312,0.14867912344836415,0.14144085097565362,0.17581232919183806,True,False,0.5217391304347826,0,2,40.72037506103515,False,True,86.61134493350983,50.0,Risco por fadiga,Risco: olhos fechados por tempo prolongado,25.552198125805184
1777746323.188023,508,True,0.14442744056415832,0.13848713799996615,0.14145728928206225,0.17848515574913085,True,False,0.5226824457593688,0,2,40.597717428207396,False,True,86.60521205186843,50.0,Risco por fadiga,Risco: olhos fechados por tempo prolongado,25.669381738957725
1777746323.225633,509,True,0.14505095595405823,0.15756087071267796,0.1513059133333681,0.1762838953277166,True,False,0.5236220472440944,0,2,41.09541783332825,False,True,86.63009707212447,50.0,Risco por fadiga,Risco: olhos fechados por tempo prolongado,25.75442884223284
1777746323.2668097,510,True,0.14466262031663218,0.1706735185766857,0.15766806944665895,0.17993958503015234,True,False,0.5245579567779961,0,2,41.375779485702516,False,True,86.64411515474319,50.0,Risco por fadiga,Risco: olhos fechados por tempo prolongado,25.639543223189616
1777746323.3088555,511,True,0.14356982971262758,0.13422691481273596,0.13889837226268176,0.18492623722933532,True,False,0.5254901960784314,0,2,41.537976312637326,False,True,86.65222499608993,50.0,Risco por fadiga,Risco: olhos fechados por tempo prolongado,25.40773284313969
1777746323.354885,512,True,0.1623355105075505,0.132748520162156,0.14754201533485323,0.18081032327492416,True,False,0.5264187866927593,0,2,40.944160556793214,False,True,86.62253420829772,50.0,Risco por fadiga,Risco: olhos fechados por tempo prolongado,25.07334483789804
1777746323.3927104,513,True,0.15453447843859025,0.1400355861588132,0.1472850322987017,0.1907228827581927,True,False,0.52734375,0,2,41.4728853225708,False,True,86.6489704465866,50.0,Risco por fadiga,Risco: olhos fechados por tempo prolongado,25.13974793302951
1777746323.4349499,514,True,0.17678199981790083,0.14531970574442127,0.16105085278116105,0.16963710992891545,True,False,0.5282651072124757,0,2,41.069845008850095,False,True,86.62881843090057,50.0,Risco por fadiga,Risco: olhos fechados por tempo prolongado,24.994930502750822
1777746323.479421,515,True,0.15788378553352483,0.1472072949530553,0.15254554024329006,0.18331007115113046,True,False,0.5291828793774319,0,2,41.323368263244625,False,True,86.6414945936203,50.0,Risco por fadiga,Risco: olhos fechados por tempo prolongado,24.799085972098833
1777746323.522209,516,True,0.1703592764696371,0.15368859128220166,0.1620239338759194,0.19162789759195284,True,False,0.5300970873786408,0,2,41.55788688659668,False,True,86.6532205247879,50.0,Risco por fadiga,Risco: olhos fechados por tempo prolongado,24.64203076581676
1777746323.5608776,517,True,0.1715417944604341,0.21197661510585575,0.19175920478314493,0.1801821136610374,True,False,0.5310077519379846,0,2,40.83404150009155,False,True,86.61702825546264,50.0,Risco por fadiga,Risco: olhos fechados por tempo prolongado,24.732895795094034
1777746323.5999138,518,True,0.18333323655227146,0.23869949794867756,0.2110163672504745,0.2022828610785037,False,False,0.5299806576402321,0,2,40.388091421127314,False,True,81.72450157086055,50.0,Risco por fadiga,Atencao: sinais de sonolencia,24.806825290520912
1777746323.640337,519,True,0.1748684236255335,0.16995265400152068,0.17241053881352708,0.19803145709659728,True,False,0.5308880308880309,0,2,40.81868724822998,False,True,81.74603136221569,50.0,Risco por fadiga,Atencao: sinais de sonolencia,24.818217961318638
1777746323.6803956,520,True,0.188374564863392,0.22372227256158697,0.20604841871248947,0.19943715615392024,True,False,0.5317919075144508,0,2,40.79847841262817,False,True,81.74502092043559,50.0,Risco por fadiga,Atencao: sinais de sonolencia,24.867836657386952
1777746323.7223132,521,True,0.17578500842589662,0.17250672162175232,0.17414586502382445,0.21020003491770392,True,False,0.5326923076923077,0,2,40.65783925056458,False,True,81.73798896233241,50.0,Risco por fadiga,Atencao: sinais de sonolencia,24.765826686998768
1777746323.7589812,522,True,0.17561307366353648,0.1809339311798603,0.1782735024216984,0.18769517564784213,True,False,0.5335892514395394,0,2,39.642992639541625,False,True,81.68724663178126,50.0,Risco por fadiga,Atencao: sinais de sonolencia,24.94360859268795
1777746323.7930765,523,True,0.1792443859491654,0.18709392907678268,0.18316915751297402,0.1971147109086257,True,False,0.5344827586206896,0,2,40.91902503967285,False,True,81.75104825178782,50.0,Risco por fadiga,Atencao: sinais de sonolencia,25.47913759416173
1777746323.8282356,524,True,0.17526439172985778,0.18368046715029848,0.17947242944007813,0.19120231604595814,True,False,0.5353728489483748,0,2,39.998144149780266,False,True,81.7050042072932,50.0,Risco por fadiga,Atencao: sinais de sonolencia,25.779747870063083
1777746323.862836,525,True,0.17868741744049454,0.1851424346103103,0.18191492602540243,0.19579116630340226,True,False,0.5362595419847328,0,2,40.53854618072509,False,True,81.73202430884044,50.0,Risco por fadiga,Atencao: sinais de sonolencia,26.077030060520112
1777746323.898269,526,True,0.17747183135749114,0.17281387527871217,0.17514285331810164,0.19815933177844117,True,False,0.5371428571428571,0,2,40.180727910995486,False,True,81.71413339535395,50.0,Risco por fadiga,Atencao: sinais de sonolencia,26.277471800008342
1777746323.93412,527,True,0.18188608078920912,0.1642940666204025,0.1730900737048058,0.19150905147599567,True,False,0.5380228136882129,0,2,40.28846516609192,False,True,81.71952025810877,50.0,Risco por fadiga,Atencao: sinais de sonolencia,26.472207385111425
1777746323.9699028,528,True,0.17405922732671864,0.15609020176274124,0.16507471454472994,0.18964797226439095,True,False,0.538899430740038,0,2,40.676318597793575,False,True,81.73891292969387,50.0,Risco por fadiga,Atencao: sinais de sonolencia,26.568659052482428
1777746324.0047402,529,True,0.1741245465622385,0.1641654662596121,0.16914500641092528,0.18759249258875862,True,False,0.5397727272727273,0,2,40.34465980529785,False,True,81.72232999006907,50.0,Risco por fadiga,Atencao: sinais de sonolencia,26.771951429665357
1777746324.0353396,530,True,0.17300691536694152,0.16864474685269948,0.1708258311098205,0.19431964511882044,True,False,0.5406427221172023,0,2,40.466853094100955,False,True,81.72843965450923,50.0,Risco por fadiga,Atencao: sinais de sonolencia,27.342078866612297
1777746324.0721037,531,True,0.16561936472685646,0.16495500607696886,0.16528718540191267,0.1887331134289825,True,False,0.5415094339622641,0,2,40.926514625549316,False,True,81.75142273108165,50.0,Risco por fadiga,Atencao: sinais de sonolencia,27.344680244057887
1777746324.109448,532,True,0.17354836669524243,0.15628884937607987,0.16491860803566116,0.1841405894685972,True,False,0.5423728813559322,0,2,40.33859930038452,False,True,81.72202696482341,50.0,Risco por fadiga,Atencao: sinais de sonolencia,27.2977629493574
1777746324.1455157,533,True,0.15004421052699987,0.18956541354225942,0.16980481203462966,0.1897807282127843,True,False,0.543233082706767,0,2,40.85591030120849,False,True,81.7478925148646,50.0,Risco por fadiga,Atencao: sinais de sonolencia,27.392470407075788
1777746324.1849189,534,True,0.16607288935519812,0.17279689874059315,0.16943489404789563,0.1900101510525531,True,False,0.5440900562851783,0,2,40.998983192443845,False,True,81.75504615942637,50.0,Risco por fadiga,Atencao: sinais de sonolencia,27.19061178644747
1777746324.2268014,535,True,0.17377762281273323,0.17894850818357064,0.17636306549815195,0.19708198398386867,True,False,0.5449438202247191,0,2,41.37052707672119,False,True,81.77362335364025,50.0,Risco por fadiga,Atencao: sinais de sonolencia,26.845370226715968
1777746324.276583,536,True,0.168144077222421,0.16482730358743922,0.1664856904049301,0.187606036405724,True,False,0.5457943925233645,0,2,40.70702667236328,False,True,81.74044833342235,50.0,Risco por fadiga,Atencao: sinais de sonolencia,26.17846325390153
1777746324.3253965,537,True,0.17744940471957896,0.16996161089015185,0.1737055078048654,0.1876884885372414,True,False,0.5466417910447762,0,2,40.96321539878845,False,True,81.75325776974361,50.0,Risco por fadiga,Atencao: sinais de sonolencia,25.59612846348704
1777746324.365978,538,True,0.15162365308509962,0.1561851804922461,0.15390441678867287,0.19631598560390545,True,False,0.547486033519553,0,2,41.17703208923339,False,True,81.76394860426585,50.0,Risco por fadiga,Atencao: sinais de sonolencia,25.448636038896286
1777746324.4086244,539,True,0.13919838664654524,0.13936650442022216,0.1392824455333837,0.20297045381225712,True,False,0.5483271375464684,0,2,41.16564965248108,False,True,81.76337948242823,50.0,Risco por fadiga,Atencao: sinais de sonolencia,25.242745813190297
1777746324.4500446,540,True,0.13435685034199568,0.15148415912142757,0.14292050473171164,0.19199853809978393,True,False,0.549165120593692,0,2,41.00973134040832,False,True,81.7555835668246,50.0,Risco por fadiga,Atencao: sinais de sonolencia,25.188887990109777
1777746324.4882095,541,True,0.1375108607007623,0.1589720170942954,0.14824143889752883,0.19909360099397957,True,False,0.55,0,2,40.57379169464111,False,True,81.73378658453623,50.0,Risco por fadiga,Atencao: sinais de sonolencia,25.236556437087447
1777746324.526336,542,True,0.12972096708375172,0.17096855458689164,0.15034476083532167,0.19204273734006577,True,False,0.5508317929759704,0,2,41.17479104995727,False,True,81.76383655230205,50.0,Risco por fadiga,Atencao: sinais de sonolencia,25.405770881815865
1777746324.5657003,543,True,0.053315409861228326,0.04347713731933318,0.04839627359028075,0.1836344685385435,True,False,0.551660516605166,0,2,39.458839035034174,False,True,81.67803895155589,50.0,Risco por fadiga,Atencao: sinais de sonolencia,25.391122451576567
1777746324.6071239,544,True,0.06646103464352425,0.04484003814962824,0.055650536396576245,0.19405303318854186,True,False,0.5524861878453039,0,2,41.880369091033934,False,True,81.79911545435588,50.0,Risco por fadiga,Atencao: sinais de sonolencia,25.276276138326278
1777746324.6455526,545,True,0.1282706357900894,0.1996075392715151,0.16393908753080225,0.19628785152235365,True,False,0.5533088235294118,0,2,42.17756299972534,False,True,81.81397514979045,50.0,Risco por fadiga,Atencao: sinais de sonolencia,25.274379410346697
1777746324.693596,546,True,0.13230201332098054,0.19165869292607193,0.16198035312352624,0.19014488557752932,True,False,0.5541284403669725,0,2,42.53830938339233,False,True,81.8320124689738,50.0,Risco por fadiga,Atencao: sinais de sonolencia,24.870823244800068
1777746324.7373853,547,True,0.19264912633173437,0.22774439579837047,0.21019676106505242,0.18513501892779352,False,False,0.5531135531135531,0,2,42.717835426330566,False,True,81.43164191246032,50.0,Risco por fadiga,Atencao: sinais de sonolencia,24.662127911633885
1777746324.7932603,548,True,0.21359840733579394,0.25148288357462917,0.23254064545521155,0.1911856840314027,False,False,0.5521023765996343,0,2,42.54774667999961,False,True,81.42313747514378,50.0,Risco por fadiga,Atencao: sinais de sonolencia,23.95539121897476
1777746324.8435776,549,True,0.19161368366093817,0.25755848021417754,0.22458608193755786,0.19520749554919772,False,False,0.551094890510949,0,2,43.51328147920695,False,True,81.47141421510415,50.0,Risco por fadiga,Atencao: sinais de sonolencia,23.589072877226887
1777746324.8847542,550,True,0.21721292344396703,0.2629656627271656,0.2400892930855663,0.1972280337180029,False,False,0.5500910746812386,0,2,39.992476139827204,False,True,81.29537394813516,50.0,Risco por fadiga,Atencao: sinais de sonolencia,23.59049320206418
1777746324.9244957,551,True,0.2284395219830789,0.25888957947390284,0.24366455072849086,0.19234156389454238,False,False,0.5490909090909091,0,2,39.6289078306068,False,True,81.27719553267414,50.0,Risco por fadiga,Atencao: sinais de sonolencia,23.85789434026897
1777746324.9659305,552,True,0.2284662897601834,0.27437423241222386,0.25142026108620363,0.19874092194266244,False,False,0.5480943738656987,0,2,40.17899143695831,False,True,81.30469971299172,50.0,Risco por fadiga,Atencao: sinais de sonolencia,23.840841376119357
1777746325.0021634,553,True,0.24099466964447794,0.2579080808971211,0.24945137527079952,0.19548514086070184,False,False,0.5471014492753623,0,2,39.72295740300959,False,True,81.28189801129427,50.0,Risco por fadiga,Atencao: sinais de sonolencia,24.23991578826095
1777746325.0344758,554,True,0.24177792344549176,0.26657492620838524,0.2541764248269385,0.19116112218061437,False,False,0.546112115732369,0,2,39.646952814405616,False,True,81.27809778186408,50.0,Risco por fadiga,Atencao: sinais de sonolencia,24.853692784436618
1777746325.254655,555,True,0.25859540265649755,0.28196272705471587,0.2702790648556067,0.18017421096738867,False,False,0.5451263537906137,0,2,41.746069579232824,False,True,81.38305362010544,50.0,Risco por fadiga,Atencao: sinais de sonolencia,22.823460017344907
1777746325.2947974,556,True,0.26633865150771585,0.2972802083413526,0.2818094299245342,0.16851893732668677,False,False,0.5441441441441441,0,2,41.60090665058656,False,True,81.37579547367312,50.0,Risco por fadiga,Atencao: sinais de sonolencia,23.031494919907285
1777746325.33764,557,True,0.2705191702984419,0.3006954671899745,0.2856073187442082,0.1678695307952637,False,False,0.5431654676258992,0,2,41.469860384681006,False,True,81.36924316037785,50.0,Risco por fadiga,Atencao: sinais de sonolencia,23.064297363003554
1777746325.3824277,558,True,0.26547841658416543,0.2799290670847149,0.2727037418344401,0.15514550000477417,False,False,0.5421903052064632,0,2,41.838493085991246,False,True,81.38767479544336,50.0,Risco por fadiga,Atencao: sinais de sonolencia,23.000296626748877
1777746325.4241595,559,True,0.2626149097569538,0.2654872622484597,0.26405108600270677,0.054237525922329305,False,False,0.5412186379928315,0,2,42.73620962338014,False,True,81.4325606223128,50.0,Risco por fadiga,Atencao: sinais de sonolencia,23.078863402830006
1777746325.4674442,560,True,0.26006602191524153,0.275931212034162,0.26799861697470173,0.014666401400776928,False,False,0.5402504472271914,0,2,43.73505366173657,False,True,81.48250282423062,50.0,Risco por fadiga,Atencao: sinais de sonolencia,23.06896126882805
1777746325.512956,561,True,0.2645144205877158,0.3041568274581526,0.2843356240229342,0.004814890023270377,False,False,0.5392857142857143,0,2,43.32369644208388,False,True,81.461934963248,50.0,Risco por fadiga,Atencao: sinais de sonolencia,22.95931199267565
1777746325.5577917,562,True,0.2652634443906761,0.3021094632639003,0.2836864538272882,0.004652138067816696,False,False,0.5383244206773619,0,2,43.049919422648166,False,True,81.44824611227621,50.0,Risco por fadiga,Atencao: sinais de sonolencia,22.897169074258066
1777746325.6008463,563,True,0.26255645326933147,0.29831018003419857,0.280433316651765,0.004015898423587313,False,False,0.5373665480427047,0,2,43.25394200465896,False,True,81.45844724137675,50.0,Risco por fadiga,Atencao: sinais de sonolencia,22.932065875943586
1777746325.645778,564,True,0.2605031788234312,0.2868706151032115,0.2736868969633214,0.004621486075733524,False,False,0.5364120781527532,0,2,43.21114487268708,False,True,81.45630738477816,50.0,Risco por fadiga,Atencao: sinais de sonolencia,22.86272222614357
1777746325.693198,565,True,0.2526556504581451,0.28553173399501564,0.26909369222658036,0.004837606860133111,False,False,0.5354609929078015,0,2,43.1519158325412,False,True,81.45334593277086,50.0,Risco por fadiga,Atencao: sinais de sonolencia,22.689457891426812
1777746325.734579,566,True,0.2138992017167011,0.2392943052059166,0.22659675346130886,0.004104749151849714,False,False,0.5345132743362832,0,2,42.64892725348473,False,True,81.42819650381803,50.0,Risco por fadiga,Atencao: sinais de sonolencia,22.80511519748365
1777746325.7779756,567,True,0.21081923412671044,0.22185455661657733,0.21633689537164388,0.004042364867503431,False,False,0.5335689045936396,0,2,43.56847821528261,False,True,81.47417405190792,50.0,Risco por fadiga,Atencao: sinais de sonolencia,22.89470999934852
1777746325.8159225,568,True,0.1927630228782753,0.2145447137559902,0.20365386831713275,0.004582988865707879,True,False,0.5343915343915344,0,2,43.793000838973306,False,True,81.48540018309247,50.0,Risco por fadiga,Atencao: sinais de sonolencia,23.246353760888496
1777746325.8534036,569,True,0.1669465966769735,0.1981561144982248,0.18255135558759916,0.0038262747118588416,True,False,0.5352112676056338,0,2,44.84160038666292,False,True,81.53783016047694,50.0,Risco por fadiga,Atencao: sinais de sonolencia,23.542187920201474
1777746325.8892262,570,True,0.1652802912780482,0.1971152235110243,0.18119775739453625,0.004028814132734663,True,False,0.5360281195079086,0,2,44.88339496850968,False,True,81.53991988956928,50.0,Risco por fadiga,Atencao: sinais de sonolencia,23.964135191322725
1777746325.9269097,571,True,0.15618882656003705,0.19917323589613184,0.17768103122808443,0.002097584697466929,True,False,0.5368421052631579,0,2,44.146871610663155,False,True,81.50309372167696,50.0,Risco por fadiga,Atencao: sinais de sonolencia,24.253128899235612
1777746325.9630036,572,True,0.1584005969248129,0.19650543231557452,0.1774530146201937,0.0025702844037877445,True,False,0.5376532399299475,0,2,44.83516768217087,False,True,81.53750852525235,50.0,Risco por fadiga,Atencao: sinais de sonolencia,24.63326643875736
1777746325.9996736,573,True,0.15814089542941714,0.20414197503640155,0.18114143523290935,0.20432888583661032,True,False,0.5384615384615384,0,2,44.63505432768301,False,True,81.52750285752795,50.0,Risco por fadiga,Atencao: sinais de sonolencia,24.885206109075803
1777746326.0354314,574,True,0.18217072752109306,0.22429002125561712,0.2032303743883551,0.09189716801346198,True,False,0.5392670157068062,0,2,44.18723870028148,False,True,81.50511207615787,50.0,Risco por fadiga,Atencao: sinais de sonolencia,25.197413683911975
1777746326.0719068,575,True,0.16592329017082844,0.23316682579185002,0.19954505798133923,0.0997289949543182,True,False,0.5400696864111498,0,2,44.636135749383406,False,True,81.52755692861297,50.0,Risco por fadiga,Atencao: sinais de sonolencia,25.408316148176997
1777746326.1085513,576,True,0.17089037111685162,0.2352996514220348,0.2030950112694432,0.0029635985412169103,True,False,0.5408695652173913,0,2,44.21597709059715,False,True,81.50654899567365,50.0,Risco por fadiga,Atencao: sinais de sonolencia,25.588891392170062
1777746326.1457326,577,True,0.17132860005234085,0.22143756790536076,0.1963830839788508,0.001436818640574234,True,False,0.5416666666666666,0,2,44.607696941224006,False,True,81.526134988205,50.0,Risco por fadiga,Atencao: sinais de sonolencia,25.742999681779388
1777746326.1823037,578,True,0.1625818967539004,0.21877874281795553,0.19068031978592798,0.13435305219280383,True,False,0.5424610051993067,0,2,45.19212117574432,False,True,81.55535619993101,50.0,Risco por fadiga,Atencao: sinais de sonolencia,25.861562550453606
1777746326.2196093,579,True,0.1689787865715086,0.2321182584637084,0.20054852251760852,0.19314344156687493,True,False,0.5432525951557093,0,2,43.978997418555345,False,True,81.49470001207156,50.0,Risco por fadiga,Atencao: sinais de sonolencia,25.975875636152203
1777746326.2586248,580,True,0.16043164195099285,0.22867634209451676,0.1945539920227548,0.20519281127285002,True,False,0.5440414507772021,0,2,44.43312994458458,False,True,81.51740663837303,50.0,Risco por fadiga,Atencao: sinais de sonolencia,25.95099270636657
1777746326.3008761,581,True,0.16069180804616945,0.23332721806050405,0.19700951305333675,0.2361004102636789,True,False,0.5448275862068965,0,2,43.81287010203708,False,True,81.48639364624566,50.0,Risco por fadiga,Atencao: sinais de sonolencia,25.689534029643795
1777746326.3442125,582,True,0.1707298450589919,0.22667513470672376,0.19870248988285782,0.22544415218317526,True,False,0.5456110154905336,0,2,43.289049280773504,False,True,81.46020260518247,50.0,Risco por fadiga,Atencao: sinais de sonolencia,25.46586788975268
1777746326.3842897,583,True,0.17724498192454258,0.2463459792475404,0.21179548058604147,0.2149689256706357,False,False,0.5446735395189003,0,2,43.85131538618694,False,True,80.9500078115409,50.0,Risco por fadiga,Atencao: sinais de sonolencia,25.40977984949159
1777746326.4253206,584,True,0.16893958518436333,0.23359697696694903,0.2012682810756562,0.21776908806510076,True,False,0.5454545454545454,0,2,44.1606258993799,False,True,80.96547333720055,50.0,Risco por fadiga,Atencao: sinais de sonolencia,25.30432148205168
1777746326.4675577,585,True,0.18180742839913805,0.26433911091816764,0.22307326965865285,0.0797729918698698,False,False,0.5445205479452054,0,2,44.58381554646925,False,True,80.36334255395514,50.0,Risco por fadiga,Atencao: sinais de sonolencia,25.13036799956576
1777746326.5078552,586,True,0.183293542842204,0.2330891377469455,0.20819134029457476,0.09666086465259732,True,False,0.5452991452991452,0,2,44.004518163746056,False,True,80.33437768481897,50.0,Risco por fadiga,Atencao: sinais de sonolencia,25.073392269738207
1777746326.5496826,587,True,0.18240231429479895,0.2366694002020479,0.20953585724842344,0.016521467503911067,True,False,0.5460750853242321,0,2,44.39801417101513,False,True,80.35405248518242,50.0,Risco por fadiga,Atencao: sinais de sonolencia,24.975453558468942
1777746326.5920064,588,True,0.17457721269893173,0.21929596186855677,0.19693658728374425,0.013483828417785693,True,False,0.5468483816013628,0,2,44.522643999078056,False,True,80.36028397658558,50.0,Risco por fadiga,Atencao: sinais de sonolencia,24.85162639474433
1777746326.6337247,589,True,0.18267650532193946,0.2193262541814907,0.2010013797517151,0.17169133403987422,True,False,0.5476190476190477,0,2,44.74882626696066,False,True,80.3715930899797,50.0,Risco por fadiga,Atencao: sinais de sonolencia,24.763895624558774
1777746326.6773791,590,True,0.1687520338097931,0.24383361788797486,0.20629282584888398,0.22203565636010858,True,False,0.5483870967741935,0,2,44.2097608788447,False,True,80.3446398205739,50.0,Risco por fadiga,Atencao: sinais de sonolencia,24.561266864610303
1777746326.721012,591,True,0.17650014393499042,0.24386751067109896,0.2101838273030447,0.20618542444536636,False,False,0.5474576271186441,0,2,43.62221668579361,False,True,79.87645236175169,50.0,Risco por fadiga,Atencao: sinais de sonolencia,24.40268616704188
1777746326.771505,592,True,0.18228950816021666,0.24105969202349822,0.21167460009185746,0.19735307928301088,False,False,0.5465313028764806,0,2,43.92928277254104,False,True,79.89180566608906,50.0,Risco por fadiga,Atencao: sinais de sonolencia,23.91205072735329
1777746326.816908,593,True,0.18252855896721853,0.2415932432897075,0.21206090112846301,0.1943304125071463,False,False,0.5456081081081081,0,2,43.9708135664463,False,True,79.89388220578432,50.0,Risco por fadiga,Atencao: sinais de sonolencia,23.78853247890146
1777746326.857368,594,True,0.1781350234785637,0.244573169190057,0.21135409633431035,0.020333417724183903,False,False,0.5446880269814502,0,2,45.908351773565464,False,True,79.99075911614028,50.0,Risco por fadiga,Atencao: sinais de sonolencia,23.86141677865423
1777746326.8971992,595,True,0.16694123835818622,0.23070551328073993,0.19882337581946308,0.025739685369553938,True,False,0.5454545454545454,0,2,46.2100209236145,False,True,80.00584257364272,50.0,Risco por fadiga,Atencao: sinais de sonolencia,23.994706212197027
1777746326.9341521,596,True,0.1713286960751807,0.24080781059028622,0.20606825333273346,0.001933816132930554,True,False,0.5462184873949579,0,2,46.12112436294555,False,True,80.00139774560928,50.0,Risco por fadiga,Atencao: sinais de sonolencia,24.300797414089285
1777746326.970692,597,True,0.180627610352475,0.22351636450510995,0.20207198742879245,0.0023965755725839878,True,False,0.5469798657718121,0,2,46.115349535508585,False,True,80.00110900423743,50.0,Risco por fadiga,Atencao: sinais de sonolencia,24.604317438762628
1777746327.0065997,598,True,0.17396275958191904,0.24401055873715646,0.20898665915953774,0.0028037068292178753,True,False,0.5477386934673367,0,2,46.196094036102295,False,True,80.00514622926713,50.0,Risco por fadiga,Atencao: sinais de sonolencia,24.913654225357313
1777746327.0457382,599,True,0.1824467865598177,0.22575754177686086,0.20410216416833926,0.17240685737774547,True,False,0.5484949832775919,0,2,44.843042029034,False,True,79.9374936289137,50.0,Risco por fadiga,Atencao: sinais de sonolencia,25.001948704116977
1777746327.0832126,600,True,0.18423100672855805,0.2336925916595235,0.2089617991940408,0.15949434841191487,True,False,0.5492487479131887,0,2,43.45783977562731,False,True,79.86823351624338,50.0,Risco por fadiga,Atencao: sinais de sonolencia,25.16915314500362
1777746327.1177044,601,True,0.18400915842598753,0.2301401243831671,0.20707464140457732,0.19832866040942582,True,False,0.55,0,2,43.86638976660642,False,True,79.88866101579232,50.0,Risco por fadiga,Atencao: sinais de sonolencia,25.483543003964108
1777746327.155876,602,True,0.2062180715905133,0.2130264940847056,0.20962228283760945,0.20095013226413733,True,False,0.5507487520798668,0,2,45.0735664010048,False,True,79.94901984751225,50.0,Risco por fadiga,Atencao: sinais de sonolencia,25.615981361383074
1777746327.19009,603,True,0.21380240153316274,0.21803425836064344,0.21591832994690308,0.19049725827027128,False,False,0.5498338870431894,0,2,43.98053542267192,False,True,79.56071159200235,50.0,Risco por fadiga,Atencao: sinais de sonolencia,25.900912591333174
1777746327.2233698,604,True,0.21817838050312094,0.24494952541025058,0.23156395295668575,0.19998638895700252,False,False,0.548922056384743,0,2,46.34576559608633,False,True,79.67897310067306,50.0,Risco por fadiga,Atencao: sinais de sonolencia,26.368626077908736
1777746327.2571487,605,True,0.21945029841174377,0.21822880124527835,0.21883954982851106,0.2003414405315219,False,False,0.5480132450331126,0,2,45.80170067332008,False,True,79.65176985453475,50.0,Risco por fadiga,Atencao: sinais de sonolencia,26.676109442768357
1777746327.2952223,606,True,0.22075520613989152,0.23625124513699552,0.22850322563844352,0.2088223143875095,False,False,0.547107438016529,0,2,46.22386664964936,False,True,79.67287815335122,50.0,Risco por fadiga,Atencao: sinais de sonolencia,26.604720991992348
1777746327.3344638,607,True,0.2248458307881974,0.23406075759051398,0.22945329418935567,0.21717416646630103,False,False,0.5462046204620462,0,2,46.44823429151014,False,True,79.68409653544425,50.0,Risco por fadiga,Atencao: sinais de sonolencia,26.46244918606835
1777746327.3767464,608,True,0.2254535492030421,0.23628761881020563,0.23087058400662386,0.2037039531558345,False,False,0.5453047775947282,0,2,46.212585934725674,False,True,79.67231411760503,50.0,Risco por fadiga,Atencao: sinais de sonolencia,26.222294563656412
1777746327.417596,609,True,0.23818802970396233,0.2710019785273749,0.2545950041156686,0.21503755561563795,False,False,0.5444078947368421,0,2,46.798604011535645,False,True,79.70161502144553,50.0,Risco por fadiga,Atencao: sinais de sonolencia,26.04142963365986
1777746327.4573865,610,True,0.23223237987052772,0.2684842446425314,0.25035831225652955,0.21418141455104972,False,False,0.5435139573070608,0,2,47.11316576004028,False,True,79.71734310887076,50.0,Risco por fadiga,Atencao: sinais de sonolencia,25.989368276205386
1777746327.4945972,611,True,0.2363617104087575,0.2732928081159434,0.25482725926235045,0.2183394187048433,False,False,0.5426229508196722,0,2,46.40737829208374,False,True,79.68205373547293,50.0,Risco por fadiga,Atencao: sinais de sonolencia,26.03093250920904
1777746327.5374417,612,True,0.2323765624527171,0.2842323420834887,0.2583044522681029,0.2136550485448715,False,False,0.5417348608837971,0,2,47.03168325424194,False,True,79.71326898358085,50.0,Risco por fadiga,Atencao: sinais de sonolencia,25.773269540852386
1777746327.578539,613,True,0.23661229595386402,0.27762727126462117,0.2571197836092426,0.212889108427581,False,False,0.5408496732026143,0,2,46.50280141830444,False,True,79.68682489178397,50.0,Risco por fadiga,Atencao: sinais de sonolencia,25.656923728602077
1777746327.621241,614,True,0.2458261898930525,0.2780579040741466,0.2619420469835996,0.21685494940628608,False,False,0.5399673735725938,0,2,46.958725452423096,False,True,79.7096210934899,50.0,Risco por fadiga,Atencao: sinais de sonolencia,25.441092831515707
1777746327.663224,615,True,0.249497421753048,0.2749725449803653,0.26223498336670664,0.2133520056053385,False,False,0.5390879478827362,0,2,46.844695949554435,False,True,79.70391961834646,50.0,Risco por fadiga,Atencao: sinais de sonolencia,25.282804139224993
1777746327.70716,616,True,0.24635021740501006,0.27931588458455814,0.2628330509947841,0.21362190207986717,False,False,0.5382113821138211,0,2,46.77916507720947,False,True,79.70064307472921,50.0,Risco por fadiga,Atencao: sinais de sonolencia,25.02988835479727
1777746327.7473366,617,True,0.2425915912375258,0.2865090801000732,0.2645503356687995,0.21221769486569203,False,False,0.5373376623376623,0,2,46.7210542678833,False,True,79.69773753426291,50.0,Risco por fadiga,Atencao: sinais de sonolencia,24.986827296261737
1777746327.7846105,618,True,0.24329731723544584,0.29259894899562533,0.26794813311553556,0.21184803208732567,False,False,0.5364667747163695,0,2,46.774427223205564,False,True,79.70040618202903,50.0,Risco por fadiga,Atencao: sinais de sonolencia,25.164710958302468
1777746327.836032,619,True,0.24233259116991707,0.2987643381327015,0.2705484646513093,0.20238786251232427,False,False,0.5355987055016181,0,2,46.894251155853276,False,True,79.7063973786614,50.0,Risco por fadiga,Atencao: sinais de sonolencia,24.603931708045405
1777746327.8805304,620,True,0.24299975810735946,0.27916095301061444,0.26108035555898695,0.20810536532367147,False,False,0.5347334410339257,0,2,46.672329902648926,False,True,79.69530131600119,50.0,Risco por fadiga,Atencao: sinais de sonolencia,24.399525363417098
1777746327.9191506,621,True,0.24654346207710656,0.2960084003304689,0.27127593120378773,0.20189478124095078,False,False,0.5338709677419354,0,2,47.03585119247437,False,True,79.71347738049246,50.0,Risco por fadiga,Atencao: sinais de sonolencia,24.484716947686856
1777746327.958226,622,True,0.24705547607240488,0.2774462395070201,0.26225085778971247,0.20350196795461092,False,False,0.533011272141707,0,2,47.01574964523315,False,True,79.7124723031304,50.0,Risco por fadiga,Atencao: sinais de sonolencia,24.63938828659686
1777746327.9961514,623,True,0.2429003498946654,0.28528474742927007,0.26409254866196774,0.2061338127949043,False,False,0.5321543408360129,0,2,47.09093767404556,False,True,79.71623170457103,50.0,Risco por fadiga,Atencao: sinais de sonolencia,24.8276316759571
1777746328.032469,624,True,0.23837494359043077,0.2788291467813247,0.2586020451858777,0.2036774791577714,False,False,0.5313001605136437,0,2,46.81461670507084,False,True,79.70241565612228,50.0,Risco por fadiga,Atencao: sinais de sonolencia,25.084376875476046
1777746328.0707293,625,True,0.23939767091521522,0.28362424825355476,0.26151095958438497,0.20708033682810723,False,False,0.530448717948718,0,2,46.89527597427368,False,True,79.70644861958243,50.0,Risco por fadiga,Atencao: sinais de sonolencia,25.163361727581197
1777746328.1088138,626,True,0.2401857500139371,0.2872031134387899,0.26369443172636353,0.20297834803977388,False,False,0.5296,0,2,46.893735313415526,False,True,79.70637158653952,50.0,Risco por fadiga,Atencao: sinais de sonolencia,25.258837209356635
1777746328.146692,627,True,0.2388153029644474,0.27904087371370334,0.2589280883390754,0.20922506429288273,False,False,0.5287539936102237,0,2,46.79086208343506,False,True,79.7012279250405,50.0,Risco por fadiga,Atencao: sinais de sonolencia,25.415292166125823
1777746328.1827703,628,True,0.23645270859360232,0.2742577658854309,0.2553552372395166,0.20738542902950424,False,False,0.5279106858054227,0,2,46.99364395141601,False,True,79.71136701843955,50.0,Risco por fadiga,Atencao: sinais de sonolencia,25.667941001333194
1777746328.2201128,629,True,0.2329473512829218,0.2723742854822815,0.2526608183826016,0.20227333529240366,False,False,0.5270700636942676,0,2,46.91083278656006,False,True,79.70722646019675,50.0,Risco por fadiga,Atencao: sinais de sonolencia,25.751916021776314
1777746328.2575734,630,True,0.23183318677696704,0.27864667825278466,0.25523993251487587,0.2078317564588449,False,False,0.5262321144674086,0,2,47.08981981277466,False,True,79.71617581150748,50.0,Risco por fadiga,Atencao: sinais de sonolencia,25.83826672995159
1777746328.2998953,631,True,0.22904648036834416,0.2737225876800217,0.2513845340241829,0.2044716788329429,False,False,0.5253968253968254,0,2,47.00556669235229,False,True,79.71196315548636,50.0,Risco por fadiga,Atencao: sinais de sonolencia,25.61449471607369
1777746328.3393683,632,True,0.22582407779243005,0.2797550620780258,0.25278956993522794,0.20767252251522775,False,False,0.5245641838351822,0,2,47.00008897781372,False,True,79.71168926975943,50.0,Risco por fadiga,Atencao: sinais de sonolencia,25.601049647202288
1777746328.3791742,633,True,0.22468385334645447,0.2793354026207534,0.25200962798360393,0.206533223763115,False,False,0.5237341772151899,0,2,47.0092848777771,False,True,79.7121490647576,50.0,Risco por fadiga,Atencao: sinais de sonolencia,25.51925328843282
1777746328.4194794,634,True,0.22406906818049727,0.277723492290099,0.25089628023529814,0.21011637357642218,False,False,0.5229067930489731,0,2,47.12440357208252,False,True,79.71790499947286,50.0,Risco por fadiga,Atencao: sinais de sonolencia,25.48658769795606
1777746328.4604647,635,True,0.22570874706955807,0.272897234383923,0.24930299072674053,0.19272951313327813,False,False,0.5220820189274448,0,2,46.867014503479,False,True,79.7050355460427,50.0,Risco por fadiga,Atencao: sinais de sonolencia,25.392145520295202
1777746328.502037,636,True,0.22844323672697525,0.2768392521903016,0.25264124445863845,0.1989748239412667,False,False,0.521259842519685,0,2,46.75158681869507,False,True,79.6992641618035,50.0,Risco por fadiga,Atencao: sinais de sonolencia,25.224740586373994
1777746328.5444636,637,True,0.23128066944503456,0.2673804865659895,0.24933057800551203,0.21499187881937185,False,False,0.5204402515723271,0,2,46.66112213134765,False,True,79.69474092743613,50.0,Risco por fadiga,Atencao: sinais de sonolencia,25.03547697961846
1777746328.589399,638,True,0.22833393505117536,0.2684391067544966,0.24838652090283597,0.23900040820643922,False,False,0.5196232339089482,0,2,47.18461465835571,False,True,79.72091555378653,50.0,Risco por fadiga,Atencao: sinais de sonolencia,24.801592507004543
1777746328.6299224,639,True,0.24064694502300965,0.3013861731978444,0.271016559110427,0.24307466895851124,False,False,0.5188087774294671,0,2,46.93963670730591,False,True,79.70866665623404,50.0,Risco por fadiga,Atencao: sinais de sonolencia,24.798053956761592
1777746328.669496,640,True,0.23158800209273903,0.2873480525532208,0.2594680273229799,0.23986083853748413,False,False,0.5179968701095462,0,2,47.33884811401367,False,True,79.72862722656943,50.0,Risco por fadiga,Atencao: sinais de sonolencia,24.836765963338326
1777746328.7128665,641,True,0.23797790532763932,0.3036279738034966,0.27080293956556795,0.0029213889076048203,False,False,0.5171875,0,2,47.060633945465085,False,True,79.714716518142,50.0,Risco por fadiga,Atencao: sinais de sonolencia,24.65169687027819
1777746328.7573018,642,True,0.23776191118890322,0.28916211295430083,0.263462012071602,0.0030196241246207025,False,False,0.516380655226209,0,2,46.602740097045896,False,True,79.69182182572104,50.0,Risco por fadiga,Atencao: sinais de sonolencia,24.447430956910694
1777746328.7964778,643,True,0.2657149226272792,0.30052027010342036,0.2831175963653498,0.14055981837148834,False,False,0.5155763239875389,0,2,47.81344375610351,False,True,79.75235700867393,50.0,Risco por fadiga,Atencao: sinais de sonolencia,24.566645791370114
1777746328.8348415,644,True,0.23687482547315433,0.3110592293242635,0.27396702739870893,0.21135541142042952,False,False,0.5147744945567652,0,2,47.99570264816284,False,True,79.76146995327689,50.0,Risco por fadiga,Atencao: sinais de sonolencia,24.70636548595587
1777746328.8764331,645,True,0.23066795142771446,0.29034532534330776,0.26050663838551114,0.20069393109482594,False,False,0.5139751552795031,0,2,48.25797290802002,False,True,79.77458346626975,50.0,Risco por fadiga,Atencao: sinais de sonolencia,24.59737207355866
1777746328.916789,646,True,0.23530660792030966,0.2957698829409673,0.2655382454306385,0.20658366073556556,False,False,0.5131782945736434,0,2,47.86390790939331,False,True,79.7548802163384,50.0,Risco por fadiga,Atencao: sinais de sonolencia,24.594317411563047
1777746328.9579322,647,True,0.22636404343003552,0.3041350268560669,0.2652495351430512,0.21333527626065127,False,False,0.5123839009287926,0,2,47.39739151000976,False,True,79.73155439636923,50.0,Risco por fadiga,Atencao: sinais de sonolencia,24.61689729275015
1777746328.999984,648,True,0.2234966883871421,0.29730581571631237,0.26040125205172726,0.22166351328776226,False,False,0.5115919629057187,0,2,46.861443233489986,False,True,79.70475698254324,50.0,Risco por fadiga,Atencao: sinais de sonolencia,24.54728881865523
1777746329.0403903,649,True,0.2250401188731546,0.32067433889669,0.2728572288849223,0.22695380337880489,False,False,0.5108024691358025,0,2,47.27286319732666,False,True,79.72532798073507,50.0,Risco por fadiga,Atencao: sinais de sonolencia,24.52292393045172
1777746329.080105,650,True,0.22967509664553795,0.29185593603228277,0.2607655163389104,0.046201069837906,False,False,0.5100154083204931,0,2,48.14925632476806,False,True,79.76914763710715,50.0,Risco por fadiga,Atencao: sinais de sonolencia,24.633925680140834
1777746329.1205258,651,True,0.23173748981732348,0.2806191099092846,0.25617829986330404,0.006177397705457812,False,False,0.5092307692307693,0,2,47.92089347839356,False,True,79.75772949478842,50.0,Risco por fadiga,Atencao: sinais de sonolencia,24.634012036308995
1777746329.1598485,652,True,0.22711855470875408,0.31413218784056496,0.2706253712746595,0.005766621465705518,False,False,0.5084485407066052,0,2,47.643142795562746,False,True,79.74384196064688,50.0,Risco por fadiga,Atencao: sinais de sonolencia,24.736733396560084
1777746329.194877,653,True,0.20677941021065427,0.2945835391589504,0.25068147468480234,0.1555081336952818,False,False,0.5076687116564417,0,2,48.141530704498294,False,True,79.76876135609366,50.0,Risco por fadiga,Atencao: sinais de sonolencia,25.115435371440622
1777746329.2346783,654,True,0.21930051274390222,0.2631428617762759,0.24122168726008905,0.20919939217845882,False,False,0.5068912710566615,0,2,49.84921379089356,False,True,79.85414551041342,50.0,Risco por fadiga,Atencao: sinais de sonolencia,25.096662799170755
1777746329.275449,655,True,0.1223732607860825,0.09796415613347821,0.11016870845978036,0.22948300200100763,True,False,0.5076452599388379,0,2,49.7411169052124,False,True,79.84874066612936,50.0,Risco por fadiga,Atencao: sinais de sonolencia,25.05356221915127
1777746329.3182049,656,True,0.13088801991567584,0.13282145576508397,0.1318547378403799,0.2448811879571292,True,False,0.5083969465648855,0,2,50.14851055145264,False,True,79.86911034844138,50.0,Risco por fadiga,Atencao: sinais de sonolencia,24.85367087064687
1777746329.357853,657,True,0.09791108570806792,0.12837971608606974,0.11314540089706883,0.17350420550420062,True,False,0.5091463414634146,0,2,48.83725624084473,False,True,79.80354763291098,50.0,Risco por fadiga,Atencao: sinais de sonolencia,24.903093776896938
1777746329.3968287,658,True,0.15173107404133152,0.133077581629483,0.14240432783540724,0.17831594971724277,True,False,0.5098934550989346,0,2,49.31340713500976,False,True,79.82735517761924,50.0,Risco por fadiga,Atencao: sinais de sonolencia,24.998454099539252
1777746329.4391527,659,True,0.13601891843578165,0.15187601179247706,0.14394746511412937,0.19328947531807794,True,False,0.5106382978723404,0,2,48.71743574142456,False,True,79.79755660793997,50.0,Risco por fadiga,Atencao: sinais de sonolencia,24.82653425365554
1777746329.4841647,660,True,0.16972537555815675,0.11748622422193768,0.1436057998900472,0.26189109769839014,True,False,0.511380880121396,0,2,49.25910634994507,False,True,79.824640138366,50.0,Risco por fadiga,Atencao: sinais de sonolencia,24.609841119323224
1777746329.5224934,661,True,0.18428134531300364,0.13630761982965023,0.16029448257132695,0.2862728284220292,True,False,0.5121212121212121,0,2,50.02958869934082,False,True,79.86316425583578,50.0,Risco por fadiga,Atencao: sinais de sonolencia,24.751959383273107
1777746329.5619047,662,True,0.19315327990509792,0.12861141158307607,0.160882345744087,0.28105379403254427,True,False,0.5128593040847201,0,2,49.18899726867675,False,True,79.82113468430258,50.0,Risco por fadiga,Atencao: sinais de sonolencia,24.815633547965817
1777746329.6030037,663,True,0.20832023716571718,0.10307617035405121,0.1556982037598842,0.2828469962654686,True,False,0.513595166163142,0,2,48.583481502532955,False,True,79.7908588959954,50.0,Risco por fadiga,Atencao: sinais de sonolencia,24.750556427231995
1777746329.6444597,664,True,0.22522061936857726,0.10316014764708895,0.1641903835078331,0.29212140455667646,True,False,0.5143288084464555,0,2,48.749878883361816,False,True,79.79917876503684,50.0,Risco por fadiga,Atencao: sinais de sonolencia,24.696737940330998
1777746329.6903157,665,True,0.2209888520906422,0.11520023716839413,0.16809454462951817,0.2984102945420416,True,False,0.5150602409638554,0,2,48.22486629486084,False,True,79.77292813561179,50.0,Risco por fadiga,Atencao: sinais de sonolencia,24.373401422144262
1777746329.734559,666,True,0.22804024048696842,0.08437051467433561,0.156205377580652,0.26971174495013184,True,False,0.5157894736842106,0,2,48.416328811645506,False,True,79.78250126145102,50.0,Risco por fadiga,Atencao: sinais de sonolencia,24.23376036299822
1777746329.7782133,667,True,0.12187333315215565,0.04071988247839094,0.08129660781527329,0.19916069044863766,True,False,0.5165165165165165,0,2,47.73118877410889,False,True,79.7482442595742,50.0,Risco por fadiga,Atencao: sinais de sonolencia,24.085443535101646
1777746329.821199,668,True,0.1027006710251492,0.04349286019464635,0.07309676560989778,0.23005526909629806,True,False,0.5172413793103449,0,2,47.04214515686035,False,True,79.71379207871176,50.0,Risco por fadiga,Atencao: sinais de sonolencia,24.008276489035293
1777746329.8585963,669,True,0.056999177910677136,0.0464978766795664,0.05174852729512176,0.11263054508612755,True,False,0.5179640718562875,0,2,48.727430776032534,False,True,79.79805635967037,50.0,Risco por fadiga,Atencao: sinais de sonolencia,24.307218282151645
1777746329.8961926,670,True,0.12264278515668126,0.04835668893785622,0.08549973704726874,0.1700641435167419,True,False,0.5186846038863976,0,2,50.6582332611084,False,True,79.89459648392416,50.0,Risco por fadiga,Atencao: sinais de sonolencia,24.50696783400085
1777746329.9336023,671,True,0.12278885629168139,0.03719998170491695,0.07999441899829918,0.2577334534749673,True,False,0.5194029850746269,0,2,50.57452054348859,False,True,79.89041084804317,50.0,Risco por fadiga,Atencao: sinais de sonolencia,24.7672973352943
1777746329.9667585,672,True,0.1522559406820528,0.03938661864026581,0.0958212796611593,0.2803778765778952,True,False,0.5201192250372578,0,2,51.07206385352394,False,True,79.91528801354494,50.0,Risco por fadiga,Atencao: sinais de sonolencia,25.202140229650674
1777746330.0033143,673,True,0.1352193633683352,0.04889319378129484,0.09205627857481502,0.257028322937772,True,False,0.5208333333333334,0,2,50.75640190568838,False,True,79.89950491615316,50.0,Risco por fadiga,Atencao: sinais de sonolencia,25.49074139530688
1777746330.0427487,674,True,0.15872204836444684,0.05969159887726869,0.10920682362085776,0.1910596293529423,True,False,0.5215453194650818,0,2,50.644685260274194,False,True,79.89391908388245,50.0,Risco por fadiga,Atencao: sinais de sonolencia,25.478283308097062
1777746330.2635,675,True,0.1698186313925584,0.16948494984638898,0.1696517906194737,0.221164392394337,True,False,0.5222551928783383,0,2,48.68164596882733,False,True,79.79576711931011,50.0,Risco por fadiga,Atencao: sinais de sonolencia,23.383366655846668
1777746330.3031352,676,True,0.15714854595067632,0.12621656286534771,0.14168255440801203,0.18129493767747326,True,False,0.522962962962963,0,2,45.9113379473036,False,True,79.65725171823392,50.0,Risco por fadiga,Atencao: sinais de sonolencia,23.54218947283272
1777746330.3449025,677,True,0.15502104708379646,0.15415616547383168,0.15458860627881407,0.1769936779955119,True,False,0.5236686390532544,0,2,42.91783572110263,False,True,79.50757660692388,50.0,Risco por fadiga,Atencao: sinais de sonolencia,23.56849214456872
1777746330.3879273,678,True,0.1474168803039563,0.14528144130774379,0.14634916080585003,0.18366338533642826,True,False,0.5243722304283605,0,2,41.52598415613175,False,True,79.43798402867533,50.0,Risco por fadiga,Atencao: sinais de sonolencia,23.574296001061565
1777746330.4289727,679,True,0.1398437568432907,0.14175664565301735,0.140800201248154,0.18778835539658859,True,False,0.5250737463126843,0,2,39.29974600726908,False,True,79.3266721212322,50.0,Risco por fadiga,Atencao: sinais de sonolencia,23.650684794540844
1777746330.4705586,680,True,0.15753956387919593,0.14635043908419088,0.1519450014816934,0.18984162626645612,True,False,0.5257731958762887,0,2,39.83260077996687,False,True,79.35331485986708,50.0,Risco por fadiga,Atencao: sinais de sonolencia,23.69584145238173
1777746330.5118303,681,True,0.17793925222924092,0.1575625336164342,0.16775089292283757,0.21199217327498146,True,False,0.5264705882352941,0,2,40.983203327655794,False,True,79.41084498725154,50.0,Risco por fadiga,Atencao: sinais de sonolencia,23.74356718091847
1777746330.554565,682,True,0.16790829126801082,0.1612426324927411,0.16457546188037597,0.20292613369045553,True,False,0.527165932452276,0,2,42.04096330079165,False,True,79.46373298590832,50.0,Risco por fadiga,Atencao: sinais de sonolencia,23.66517393052486
1777746330.593909,683,True,0.16945412348042402,0.17370435465576056,0.1715792390680923,0.1971206974971866,True,False,0.5278592375366569,0,2,41.65399622917175,False,True,79.44438463232733,50.0,Risco por fadiga,Atencao: sinais de sonolencia,23.89006188222475
1777746330.635898,684,True,0.1759511459717437,0.19625939158117214,0.18610526877645792,0.1896093021569971,True,False,0.5285505124450952,0,2,38.92230496406555,False,True,79.30780006907203,50.0,Risco por fadiga,Atencao: sinais de sonolencia,23.84927280738124
1777746330.6792622,685,True,0.16355905107262114,0.2072171472172579,0.18538809914493953,0.18474425224208285,True,False,0.5292397660818714,0,2,36.48718007802963,False,True,79.18604382477022,50.0,Risco por fadiga,Atencao: sinais de sonolencia,23.76739984002007
1777746330.7247002,686,True,0.16544357052422315,0.21223236568969442,0.1888379681069588,0.1805575255809933,True,False,0.5299270072992701,0,2,37.40072705745697,False,True,79.23172117374159,50.0,Risco por fadiga,Atencao: sinais de sonolencia,23.594574888935497
1777746330.768013,687,True,0.1793659566428154,0.2679866773671925,0.22367631700500396,0.10407160842103105,False,False,0.5291545189504373,0,2,39.81561875343323,False,True,79.42432317932446,50.0,Risco por fadiga,Atencao: sinais de sonolencia,23.53858019534781
1777746330.8115313,688,True,0.17775137778794053,0.24314309084387278,0.21044723431590667,0.0782838520987977,False,False,0.5283842794759825,0,2,40.30839376449585,False,True,79.4489619298776,50.0,Risco por fadiga,Atencao: sinais de sonolencia,23.535008910925985
1777746330.852,689,True,0.1834699856849235,0.3060666944998153,0.2447683400923694,0.07768841463460409,False,False,0.5276162790697675,0,2,42.62226209640503,False,True,79.56465534647305,50.0,Risco por fadiga,Atencao: sinais de sonolencia,23.63429794799248
1777746330.888594,690,True,0.18889910245582708,0.29579238318089013,0.2423457428183586,0.009827640789846092,False,False,0.5268505079825835,0,2,43.818510150909425,False,True,79.62446774919827,50.0,Risco por fadiga,Atencao: sinais de sonolencia,24.026038229757905
1777746330.9258194,691,True,0.1946509291591608,0.2998282131770512,0.24723957116810602,0.01232310655419356,False,False,0.5260869565217391,0,2,44.31042556762696,False,True,79.64906352003415,50.0,Risco por fadiga,Atencao: sinais de sonolencia,24.303293122743675
1777746330.9629126,692,True,0.1951233020483207,0.30141899943904077,0.24827115074368072,0.011648512615353757,False,False,0.5253256150506512,0,2,44.53494920730591,False,True,79.66028970201809,50.0,Risco por fadiga,Atencao: sinais de sonolencia,24.53169681686142
1777746330.9969523,693,True,0.20408327716943844,0.2774607151593214,0.24077199616437994,0.0036640756921216965,False,False,0.5245664739884393,0,2,44.798396205902094,False,True,79.67346205194791,50.0,Risco por fadiga,Atencao: sinais de sonolencia,24.953395613166233
1777746331.0375803,694,True,0.19118399745130882,0.27735899339510517,0.234271495423207,0.0032682601040586387,False,False,0.5238095238095238,0,2,45.148752784729,False,True,79.69097988088924,50.0,Risco por fadiga,Atencao: sinais de sonolencia,24.979348363771454
1777746331.0730636,695,True,0.16077846567181497,0.18261681683889824,0.1716976412553566,0.0030790370283839204,True,False,0.5244956772334294,0,2,44.94793643951416,False,True,79.68093906362851,50.0,Risco por fadiga,Atencao: sinais de sonolencia,25.32857505154955
1777746331.1082911,696,True,0.1669860848491465,0.20933612927419748,0.188161107061672,0.0030776746041533006,True,False,0.5251798561151079,0,2,46.18806629180908,False,True,79.74294555624326,50.0,Risco por fadiga,Atencao: sinais de sonolencia,25.633281213516707
1777746331.146798,697,True,0.19449698883406058,0.22125657262174,0.20787678072790028,0.004836571271827689,True,False,0.5258620689655172,0,2,45.98913393020629,False,True,79.73299893816312,50.0,Risco por fadiga,Atencao: sinais de sonolencia,25.640158247053826
1777746331.187101,698,True,0.18637144850202655,0.23242983187196462,0.20940064018699558,0.004119329800499192,True,False,0.5265423242467718,0,2,45.35920534133911,False,True,79.70150250871976,50.0,Risco por fadiga,Atencao: sinais de sonolencia,25.564955208293554
1777746331.2250338,699,True,0.21040724772359087,0.29710564342904106,0.25375644557631594,0.04640168585853854,False,False,0.5257879656160458,0,2,45.07445087432861,False,True,79.38713811434232,50.0,Risco por fadiga,Atencao: sinais de sonolencia,25.63882728013821
1777746331.258976,700,True,0.2179534758440568,0.31548041099851254,0.26671694342128466,0.09702630868751087,False,False,0.525035765379113,0,2,44.762119865417475,False,True,79.37152156389676,50.0,Risco por fadiga,Atencao: sinais de sonolencia,25.997989544899387
1777746331.2973967,701,True,0.22810022886138429,0.2976486595180837,0.262874444189734,0.1174571084306145,False,False,0.5242857142857142,0,2,44.23050861358642,False,True,79.3449410013052,50.0,Risco por fadiga,Atencao: sinais de sonolencia,26.00645984950619
1777746331.3432803,702,True,0.22368737006196107,0.3033911302627564,0.26353925016235874,0.11395948464900263,False,False,0.5235378031383737,0,2,45.0225962638855,False,True,79.38454538382015,50.0,Risco por fadiga,Atencao: sinais de sonolencia,25.57059716998048
1777746331.3890107,703,True,0.22773934613482613,0.3716446623651565,0.2996920042499913,0.18249536491687177,False,False,0.5227920227920227,0,2,41.88791704177856,False,True,79.22781142271481,50.0,Risco por fadiga,Atencao: sinais de sonolencia,25.23127491543426
1777746331.4331615,704,True,0.19781456541363943,0.345185649432829,0.2715001074232342,0.05261970299682357,False,False,0.5220483641536273,0,2,39.62000503540039,False,True,79.1144158223959,50.0,Risco por fadiga,Atencao: sinais de sonolencia,24.966727770756094
1777746331.4781733,705,True,0.2539531216951869,0.19129208759560917,0.22262260464539804,0.008233558165920838,False,False,0.5213068181818182,0,2,38.30341538949446,False,True,79.04858634010061,50.0,Risco por fadiga,Atencao: sinais de sonolencia,24.66216733623589
1777746331.5329916,706,True,0.18900464724793412,0.2977193966377154,0.24336202194282475,0.029306441069581836,False,False,0.5205673758865248,0,2,40.65988149480386,False,True,79.16640964536607,50.0,Risco por fadiga,Atencao: sinais de sonolencia,24.033054592330068
1777746331.584959,707,True,0.2000869336301773,0.2964087778235964,0.24824785572688685,0.004182102390340411,False,False,0.5198300283286119,0,2,43.76313562393188,False,True,79.32157235182248,50.0,Risco por fadiga,Atencao: sinais de sonolencia,23.530781392953898
1777746331.6274247,708,True,0.2697498606907207,0.33684039094426343,0.3032951258174921,0.004782027914750624,False,False,0.5190947666195191,0,2,40.5267174243927,False,True,79.15975144184551,50.0,Risco por fadiga,Atencao: sinais de sonolencia,23.5479387835905
1777746331.6695626,709,True,0.24313558108267025,0.326455972856094,0.28479577696938213,0.0035361614410047825,False,False,0.518361581920904,0,2,39.72291002273559,False,True,79.11956107176266,50.0,Risco por fadiga,Atencao: sinais de sonolencia,23.606837300306267
1777746331.7103846,710,True,0.21542703252688158,0.3262932088873009,0.27086012070709126,0.0070534998300336394,False,False,0.5176304654442877,0,2,39.690246725082396,False,True,79.11792790688,50.0,Risco por fadiga,Atencao: sinais de sonolencia,23.646111331814975
1777746331.7509854,711,True,0.23156154569766224,0.3386176998105973,0.28508962275412975,0.1979637511962308,False,False,0.5169014084507042,0,2,39.49312238693237,False,True,79.1080716899725,50.0,Risco por fadiga,Atencao: sinais de sonolencia,23.761714289341146
1777746331.7903543,712,True,0.22668189611622716,0.3015274182430145,0.26410465717962084,0.2317190224648513,False,False,0.5161744022503516,0,2,38.617620611190794,False,True,79.06429660118542,50.0,Risco por fadiga,Atencao: sinais de sonolencia,23.923291877762228
1777746331.8289993,713,True,0.2264375634329916,0.3071522879345294,0.2667949256837605,0.23544042871432377,False,False,0.5154494382022472,0,2,39.967693996429446,False,True,79.13180027044736,50.0,Risco por fadiga,Atencao: sinais de sonolencia,24.088409334867716
1777746331.868473,714,True,0.22192451743399563,0.32825140387960694,0.2750879606568013,0.18891132974876595,False,False,0.514726507713885,0,2,38.14927837848663,False,True,79.04087948955022,50.0,Risco por fadiga,Atencao: sinais de sonolencia,24.257359699278542
1777746331.9052062,715,True,0.23803478815622486,0.3146429439782564,0.2763388660672406,0.18165773278373382,False,False,0.5140056022408963,0,2,37.38090317249298,False,True,79.00246072925053,50.0,Risco por fadiga,Atencao: sinais de sonolencia,24.584003157696163
1777746331.93724,716,True,0.2412793647392466,0.2909980795407316,0.2661387221399891,0.1942463274174225,False,False,0.5132867132867133,0,2,35.03226749412715,False,True,78.88502894533224,50.0,Risco por fadiga,Atencao: sinais de sonolencia,25.09978397866159
1777746331.9751432,717,True,0.22767401861213926,0.28546103214590635,0.25656752537902283,0.19907147809823136,False,False,0.5125698324022346,0,2,35.37927197217941,False,True,78.90237916923486,50.0,Risco por fadiga,Atencao: sinais de sonolencia,25.354749409914216
1777746332.0079982,718,True,0.23586714672645606,0.2958905705216563,0.2658788586240562,0.20700462739690667,False,False,0.5118549511854951,0,2,35.11534471064805,False,True,78.88918280615829,50.0,Risco por fadiga,Atencao: sinais de sonolencia,25.7636897971207
1777746332.0472896,719,True,0.22538761690976986,0.2977394935134509,0.2615635552116104,0.19463059948380815,False,False,0.5111420612813371,0,2,35.744519263505936,False,True,78.92064153380119,50.0,Risco por fadiga,Atencao: sinais de sonolencia,25.767566457162054
1777746332.0849564,720,True,0.23053067158055277,0.29553456267239325,0.263032617126473,0.19940774351949833,False,False,0.5104311543810849,0,2,36.76573209762573,False,True,78.97170217550718,50.0,Risco por fadiga,Atencao: sinais de sonolencia,25.860452238991886
1777746332.1180513,721,True,0.22552311994555072,0.30674301002033605,0.26613306498294337,0.19446805805742515,False,False,0.5097222222222222,0,2,35.36652734875679,False,True,78.90174193806372,50.0,Risco por fadiga,Atencao: sinais de sonolencia,26.296376735847783
1777746332.1547017,722,True,0.23518503762972762,0.2566886752908365,0.24593685646028207,0.19882942526138062,False,False,0.5090152565880721,0,2,35.273757356405255,False,True,78.89710343844615,50.0,Risco por fadiga,Atencao: sinais de sonolencia,26.424089467938945
1777746332.1889122,723,True,0.22201127033054774,0.2752495434897353,0.24863040691014152,0.1997674408288907,False,False,0.5083102493074793,0,2,35.73884156346321,False,True,78.92035764879904,50.0,Risco por fadiga,Atencao: sinais de sonolencia,26.6123765877372
1777746332.2272005,724,True,0.22572655588836163,0.2747801213917632,0.25025333864006244,0.19210833161375737,False,False,0.5076071922544951,0,2,36.5724392414093,False,True,78.96203753269636,50.0,Risco por fadiga,Atencao: sinais de sonolencia,26.589271554548315
1777746332.2657194,725,True,0.2199729784239812,0.27796664382906855,0.2489698111265249,0.1832395520519266,False,False,0.5069060773480663,0,2,36.656102168560025,False,True,78.96622067905389,50.0,Risco por fadiga,Atencao: sinais de sonolencia,26.548632090341236
1777746332.3041313,726,True,0.21744900044903623,0.2959850937405731,0.25671704709480464,0.18769453244227932,False,False,0.5062068965517241,0,2,36.6394523024559,False,True,78.96538818574868,50.0,Risco por fadiga,Atencao: sinais de sonolencia,26.5069182486599
1777746332.347058,727,True,0.22727968079629574,0.26514142935119983,0.24621055507374778,0.19288713123116563,False,False,0.5055096418732782,0,2,36.99638168811798,False,True,78.98323465503178,50.0,Risco por fadiga,Atencao: sinais de sonolencia,26.193155512737288
1777746332.3860352,728,True,0.22092161747907216,0.27084280655653004,0.24588221201780108,0.1954338341181002,False,False,0.5048143053645117,0,2,37.47255640029907,False,True,79.00704339064085,50.0,Risco por fadiga,Atencao: sinais de sonolencia,26.101786410215382
1777746332.4252288,729,True,0.22166032738483576,0.26982130787646863,0.2457408176306522,0.19856192081390667,False,False,0.5041208791208791,0,2,37.528605341911316,False,True,79.00984583772146,50.0,Risco por fadiga,Atencao: sinais de sonolencia,26.014814965499014
1777746332.4672658,730,True,0.22025617824689825,0.28028157668076936,0.2502688774638338,0.18941544851411807,False,False,0.5034293552812071,0,2,37.13362345695496,False,True,78.99009674347363,50.0,Risco por fadiga,Atencao: sinais de sonolencia,25.837164579558312
1777746332.5047204,731,True,0.2165595463943215,0.28589582340041486,0.2512276848973682,0.1976840732503748,False,False,0.5027397260273972,0,2,37.44068982601165,False,True,79.00545006192647,50.0,Risco por fadiga,Atencao: sinais de sonolencia,25.91742949279403
1777746332.5436769,732,True,0.2108573230160471,0.23542113582332796,0.22313922941968753,0.1849734698082827,False,False,0.5020519835841313,0,2,37.2298216342926,False,True,78.99490665234052,50.0,Risco por fadiga,Atencao: sinais de sonolencia,25.924716064855566
1777746332.5849535,733,True,0.20339819501507586,0.2577349905761213,0.2305665927955986,0.18972335556792858,False,False,0.5013661202185792,0,2,37.81902527809143,False,True,79.02436683453045,50.0,Risco por fadiga,Atencao: sinais de sonolencia,25.733106849117483
1777746332.629964,734,True,0.22117381420665555,0.2998521200240238,0.26051296711533967,0.2122500691559458,False,False,0.5006821282401092,0,2,37.735310959815976,False,True,79.02018111861669,50.0,Risco por fadiga,Atencao: sinais de sonolencia,25.40204917964984
1777746332.6717787,735,True,0.20813455023031813,0.29482747958965927,0.2514810149099887,0.21376206904885306,False,False,0.5,0,2,37.0291960477829,False,True,78.98487537301503,50.0,Risco por fadiga,Atencao: sinais de sonolencia,25.195975091352608
1777746332.7131176,736,True,0.22763237461520316,0.2997907005885384,0.26371153760187077,0.20571925678572206,False,False,0.4993197278911565,0,2,37.140826797485346,False,True,78.99045691050016,50.0,Risco por fadiga,Atencao: sinais de sonolencia,25.154630907283273
1777746332.7599072,737,True,0.22526909152014749,0.29848636831668196,0.26187772991841474,0.20691987475321938,False,False,0.4986413043478261,0,2,37.605330681800844,False,True,79.01368210471593,50.0,Risco por fadiga,Atencao: sinais de sonolencia,24.766293347015868
1777746332.7987163,738,True,0.22816038552576068,0.2612824950011409,0.2447214402634508,0.1955672962154041,False,False,0.49796472184531887,0,2,38.7698769569397,False,True,79.07190941847287,50.0,Risco por fadiga,Atencao: sinais de sonolencia,24.84088617687633
1777746332.8455162,739,True,0.221522197227944,0.27890407002983336,0.2502131336288887,0.1974540254700186,False,False,0.497289972899729,0,2,38.620638847351074,False,True,79.06444751299344,50.0,Risco por fadiga,Atencao: sinais de sonolencia,24.515491808320856
1777746332.884055,740,True,0.22411384381961078,0.27241225140759034,0.24826304761360057,0.19910365445856815,False,False,0.496617050067659,0,2,39.35771503448486,False,True,79.10130132235012,50.0,Risco por fadiga,Atencao: sinais de sonolencia,24.658548438689778
1777746332.9192817,741,True,0.21169117185873026,0.2823874846807175,0.24703932826972388,0.19334781246262753,False,False,0.49594594594594593,0,2,38.70493745803833,False,True,79.0686624435278,50.0,Risco por fadiga,Atencao: sinais de sonolencia,25.048416750372837
1777746332.954864,742,True,0.22172434885598175,0.2709836929726746,0.24635402091432818,0.18888394905920147,False,False,0.49527665317139,0,2,38.91057748794555,False,True,79.07894444502317,50.0,Risco por fadiga,Atencao: sinais de sonolencia,25.287473333675514
1777746332.9920352,743,True,0.22395760297309303,0.26051965085580014,0.2422386269144466,0.18245391274660486,False,False,0.4946091644204852,0,2,39.15475678443908,False,True,79.09115340984783,50.0,Risco por fadiga,Atencao: sinais de sonolencia,25.479962529211413
1777746333.0285754,744,True,0.21815425915683412,0.2759855771286083,0.2470699181427212,0.18306679237739767,False,False,0.4939434724091521,0,2,38.28446621894836,False,True,79.0476388815733,50.0,Risco por fadiga,Atencao: sinais de sonolencia,25.66828128202362
1777746333.0621178,745,True,0.2123694826520237,0.28630002999632637,0.24933475632417504,0.17591748105475696,False,False,0.4932795698924731,0,2,39.03583235740661,False,True,79.08520718849621,50.0,Risco por fadiga,Atencao: sinais de sonolencia,26.04006265941107
1777746333.0978076,746,True,0.20799042414449492,0.2613995329629168,0.23469497855370586,0.17750277280183827,False,False,0.49261744966442955,0,2,38.69535231590271,False,True,79.06818318642102,50.0,Risco por fadiga,Atencao: sinais de sonolencia,26.313166395053543
1777746333.134261,747,True,0.20595226812744163,0.24967006517445553,0.22781116665094858,0.18528634498871582,False,False,0.49195710455764075,0,2,38.807575082778925,False,True,79.07379432476483,50.0,Risco por fadiga,Atencao: sinais de sonolencia,26.426011551039004
1777746333.1713593,748,True,0.2016325052204422,0.24613548089736373,0.22388399305890297,0.18725634533874633,False,False,0.49129852744310576,0,2,38.78085384368896,False,True,79.07245826281033,50.0,Risco por fadiga,Atencao: sinais de sonolencia,26.440095012802807
1777746333.2108097,749,True,0.2139789467310084,0.27160853957029635,0.24279374315065239,0.18358206862890383,False,False,0.49064171122994654,0,2,39.26044998168945,False,True,79.09643806971036,50.0,Risco por fadiga,Atencao: sinais de sonolencia,26.30471519896254
1777746333.248039,750,True,0.19910366786828873,0.2491692229097647,0.22413644538902672,0.1948268307061691,False,False,0.48998664886515353,0,2,40.41444787979126,False,True,79.15413796461544,50.0,Risco por fadiga,Atencao: sinais de sonolencia,26.340889014063503
1777746333.2872686,751,True,0.2038145751061214,0.2863015770056507,0.24505807605588603,0.1802245315241082,False,False,0.48933333333333334,0,2,40.43190927505493,False,True,79.15501103437863,50.0,Risco por fadiga,Atencao: sinais de sonolencia,26.333540327386697
1777746333.328751,752,True,0.19370194213016764,0.24565738494594977,0.2196796635380587,0.18905436906715234,False,False,0.48868175765645805,0,2,40.12665586471557,False,True,79.13974836386167,50.0,Risco por fadiga,Atencao: sinais de sonolencia,26.084726841360826
1777746333.373792,753,True,0.20835788201898028,0.2603435753427987,0.23435072868088952,0.18440075049324814,False,False,0.488031914893617,0,2,39.7843656539917,False,True,79.12263385332547,50.0,Risco por fadiga,Atencao: sinais de sonolencia,25.71027698265422
1777746333.4209108,754,True,0.19932419448880312,0.2590031387089077,0.2291636665988554,0.1831256063813937,False,False,0.48738379814077026,0,2,40.64902873039246,False,True,79.16586700714551,50.0,Risco por fadiga,Atencao: sinais de sonolencia,25.248108604548065
1777746333.4621775,755,True,0.20711843229320273,0.2704188406526375,0.23876863647292013,0.18089439333860277,False,False,0.48673740053050396,0,2,41.36601710319519,False,True,79.20171642578565,50.0,Risco por fadiga,Atencao: sinais de sonolencia,25.133383467946
1777746333.5047848,756,True,0.2075286302625689,0.27655607267385657,0.24204235146821274,0.1683058941492804,False,False,0.4860927152317881,0,2,40.661066913604735,False,True,79.16646891630612,50.0,Risco por fadiga,Atencao: sinais de sonolencia,24.994653904519936
1777746333.5493543,757,True,0.20947461937608647,0.28406981004689796,0.24677221471149222,0.17816517008436036,False,False,0.48544973544973546,0,2,40.65653891563416,False,True,79.16624251640759,50.0,Risco por fadiga,Atencao: sinais de sonolencia,24.719081128761157
1777746333.591996,758,True,0.20495429719027647,0.29096183930989034,0.2479580682500834,0.1844526373088516,False,False,0.4848084544253633,0,2,41.11151666641235,False,True,79.1889914039465,50.0,Risco por fadiga,Atencao: sinais de sonolencia,24.617127676141365
1777746333.6340952,759,True,0.19952340103736105,0.2820690472604201,0.24079622414889057,0.19872006562983105,False,False,0.4841688654353562,0,2,40.11208825111389,False,True,79.13901998318158,50.0,Risco por fadiga,Atencao: sinais de sonolencia,24.53327041764323
1777746333.6731346,760,True,0.20418104980943105,0.27598017605178254,0.24008061293060678,0.19993155216712427,False,False,0.48353096179183136,0,2,40.25518002510071,False,True,79.14617457188092,50.0,Risco por fadiga,Atencao: sinais de sonolencia,24.62585896248552
1777746333.7140818,761,True,0.2120929940516561,0.25233192585086833,0.23221245995126222,0.19543721143696935,False,False,0.48289473684210527,0,2,40.51237983703613,False,True,79.15903456247769,50.0,Risco por fadiga,Atencao: sinais de sonolencia,24.62655780847129
1777746333.7586102,762,True,0.2019411410622095,0.2717897620033978,0.23686545153280364,0.19101575482246652,False,False,0.48226018396846254,0,2,39.794687223434444,False,True,79.12314993179761,50.0,Risco por fadiga,Atencao: sinais de sonolencia,24.408097416009706
1777746333.8030243,763,True,0.20639173028726757,0.25048334325148475,0.22843753676937617,0.1973031994104094,False,False,0.4816272965879265,0,2,40.26890563964843,False,True,79.14686085260831,50.0,Risco por fadiga,Atencao: sinais de sonolencia,24.159669149219493
1777746333.8475537,764,True,0.19861284367149423,0.2949161925700192,0.24676451812075673,0.1979777666607835,False,False,0.48099606815203144,0,2,40.16092762947082,False,True,79.14146195209943,50.0,Risco por fadiga,Atencao: sinais de sonolencia,24.00965739072728
1777746333.8936462,765,True,0.20189388824013338,0.25914863827526297,0.23052126325769817,0.20762849670070513,False,False,0.4803664921465969,0,2,40.08178057670593,False,True,79.13750459946118,50.0,Risco por fadiga,Atencao: sinais de sonolencia,23.802424594907873
1777746333.9392822,766,True,0.20529637375270413,0.2943970363203982,0.24984670503655115,0.21330769709916822,False,False,0.4797385620915033,0,2,40.28118758201599,False,True,79.14747494972669,50.0,Risco por fadiga,Atencao: sinais de sonolencia,23.600726955331854
1777746333.9867373,767,True,0.19487197212666535,0.262210096185325,0.22854103415599517,0.21275436609712775,False,False,0.47911227154047,0,2,39.704984712600705,False,True,79.11866480625592,50.0,Risco por fadiga,Atencao: sinais de sonolencia,23.367806938790935
1777746334.0271237,768,True,0.20018055909498608,0.2725688953386213,0.2363747272168037,0.21400819938549426,False,False,0.4784876140808344,0,2,40.41767768859863,False,True,79.15429945505582,50.0,Risco por fadiga,Atencao: sinais de sonolencia,23.48322672478401
1777746334.0687187,769,True,0.19474736179794042,0.2788273063908916,0.236787334094416,0.21703219475995358,False,False,0.4778645833333333,0,2,39.71901116371155,False,True,79.11936612881146,50.0,Risco por fadiga,Atencao: sinais de sonolencia,23.512900922530612
1777746334.104246,770,True,0.20223783648083116,0.2610609404274755,0.23164938845415334,0.222048631553983,False,False,0.47724317295188556,0,2,40.0786331653595,False,True,79.13734722889386,50.0,Risco por fadiga,Atencao: sinais de sonolencia,23.98608660982861
1777746334.1421168,771,True,0.19304886548129338,0.25280499286898644,0.2229269291751399,0.23106997436150112,False,False,0.4766233766233766,0,2,40.11121106147766,False,True,79.13897612369976,50.0,Risco por fadiga,Atencao: sinais de sonolencia,24.293017811774405
1777746334.1770842,772,True,0.19571442436233277,0.28334644514018176,0.23953043475125727,0.2340505030320854,False,False,0.47600518806744485,0,2,40.35774555206299,False,True,79.15130284822904,50.0,Risco por fadiga,Atencao: sinais de sonolencia,24.6826423032816
1777746334.212104,773,True,0.19333791966781502,0.2537746388442424,0.22355627925602872,0.2246722669827293,False,False,0.47538860103626945,0,2,39.84514536857605,False,True,79.12567283905469,50.0,Risco por fadiga,Atencao: sinais de sonolencia,25.061442319028316
1777746334.2487857,774,True,0.20603566918787686,0.2806685532795188,0.24335211123369782,0.22252344017823936,False,False,0.47477360931435963,0,2,40.18852949142456,False,True,79.14284204519711,50.0,Risco por fadiga,Atencao: sinais de sonolencia,25.31096925770792
1777746334.2879877,775,True,0.20537785382994672,0.26978055941541285,0.23757920662267978,0.22841046152668648,False,False,0.47416020671834624,0,2,40.58857131004333,False,True,79.16284413612806,50.0,Risco por fadiga,Atencao: sinais de sonolencia,25.328311798129516
1777746334.3280065,776,True,0.2052263403746149,0.2923123921964469,0.2487693662855309,0.228686225742172,False,False,0.4735483870967742,0,2,40.63098540306091,False,True,79.16496484077894,50.0,Risco por fadiga,Atencao: sinais de sonolencia,25.295318128950687
1777746334.3721766,777,True,0.20130762558778617,0.2562334298403392,0.2287705277140627,0.22989176081684753,False,False,0.4729381443298969,0,2,40.51386513710022,False,True,79.15910882748089,50.0,Risco por fadiga,Atencao: sinais de sonolencia,24.99876653974054
1777746334.427985,778,True,0.21859066909541305,0.2578311067829642,0.23821088793918865,0.23631250213186386,False,False,0.4723294723294723,0,2,41.24024167060852,False,True,79.1954276541563,50.0,Risco por fadiga,Atencao: sinais de sonolencia,24.2878722583391
1777746334.4708724,779,True,0.2179141398188265,0.24465183995805434,0.23128298988844043,0.22888919756828163,False,False,0.4717223650385604,0,2,40.66651673316956,False,True,79.16674140728436,50.0,Risco por fadiga,Atencao: sinais de sonolencia,24.21598024939344
1777746334.515985,780,True,0.21053938392044103,0.23269405599381598,0.2216167199571285,0.21931538815392806,False,False,0.4711168164313222,0,2,40.41748757362365,False,True,79.15428994930707,50.0,Risco por fadiga,Atencao: sinais de sonolencia,23.974551404840284
1777746334.5607023,781,True,0.22324258519926216,0.26882274426462754,0.24603266473194485,0.22221800778942027,False,False,0.4705128205128205,0,2,40.93884592056274,False,True,79.18035786665402,50.0,Risco por fadiga,Atencao: sinais de sonolencia,23.854175864522475
1777746334.604604,782,True,0.21508357411352674,0.25501561324017336,0.23504959367685005,0.1934715797396919,False,False,0.469910371318822,0,2,40.98712439537048,False,True,79.18277179039441,50.0,Risco por fadiga,Atencao: sinais de sonolencia,23.710151885881668
1777746334.6459029,783,True,0.2275157900258478,0.24741925817178825,0.23746752409881802,0.19440058497854176,False,False,0.46930946291560105,0,2,40.71590414047241,False,True,79.16921077764951,50.0,Risco por fadiga,Atencao: sinais de sonolencia,23.830442041996086
1777746334.6877422,784,True,0.23182676390252774,0.2568985169206354,0.24436264041158157,0.20613942875908617,False,False,0.46871008939974457,0,2,41.38286824226379,False,True,79.20255898273908,50.0,Risco por fadiga,Atencao: sinais de sonolencia,23.81820092431194
1777746334.729251,785,True,0.23290173646928122,0.2799926538901973,0.25644719517973924,0.20220216976887218,False,False,0.46811224489795916,0,2,40.90803828239441,False,True,79.17881748474561,50.0,Risco por fadiga,Atencao: sinais de sonolencia,23.850201401388
1777746334.7687297,786,True,0.23376479894481628,0.2515976822232006,0.24268124058400845,0.2396627352778789,False,False,0.467515923566879,0,2,41.39721784591674,False,True,79.20327646292172,50.0,Risco por fadiga,Atencao: sinais de sonolencia,23.938384110765657
1777746334.8206165,787,True,0.21591672084241262,0.23499254854450333,0.22545463469345797,0.22655783350369144,False,False,0.4669211195928753,0,2,40.92161068916321,False,True,79.17949610508404,50.0,Risco por fadiga,Atencao: sinais de sonolencia,23.516621110907224
1777746334.8613183,788,True,0.21433548924730844,0.23771093457931233,0.22602321191331037,0.2329082341631189,False,False,0.4663278271918678,0,2,41.326347446441645,False,True,79.19973294294797,50.0,Risco por fadiga,Atencao: sinais de sonolencia,23.576119782746186
1777746334.900436,789,True,0.04332750508189829,0.07908114663667067,0.06120432585928448,0.20232601447113854,True,False,0.467005076142132,0,2,41.15992259979247,False,True,79.1914117006155,50.0,Risco por fadiga,Atencao: sinais de sonolencia,23.813578205038144
1777746334.9430342,790,True,0.05122709017612556,0.06616479087259827,0.05869594052436192,0.16838031804998724,True,False,0.467680608365019,0,2,40.63400497815826,False,True,79.1651158195338,50.0,Risco por fadiga,Atencao: sinais de sonolencia,23.782523691433525
1777746334.9830935,791,True,0.12203910805365673,0.13417998841756423,0.1281095482356105,0.05658540227799703,True,False,0.46835443037974683,0,2,29.40391474366188,False,False,78.60361130780898,50.0,Risco por fadiga,Atencao: sinais de sonolencia,23.901979676906773
1777746335.0205634,792,True,0.12583097386151454,0.15420043341611825,0.14001570363881638,0.09273201412127953,True,False,0.4690265486725664,0,2,25.404776424982327,False,False,78.40365439187501,50.0,Risco por fadiga,Atencao: sinais de sonolencia,24.13745289563976
1777746335.0592215,793,True,0.13322928874655743,0.1492370719804594,0.1412331803635084,0.10405188060585395,True,False,0.4696969696969697,0,2,24.886985392733052,False,False,78.37776484026254,50.0,Risco por fadiga,Atencao: sinais de sonolencia,24.343614179587483
1777746335.2763212,794,True,0.16073051418334167,0.20380517127217632,0.18226784272775898,0.17879180030144168,True,False,0.4703656998738966,0,2,23.430102768811313,False,False,78.30492070906645,50.0,Risco por fadiga,Atencao: sinais de sonolencia,22.367904188852265
1777746335.321312,795,True,0.1571621826795994,0.18814860609302977,0.17265539438631458,0.1817166967212298,True,False,0.47103274559193953,0,2,26.51615102995526,False,False,78.45922312212365,50.0,Risco por fadiga,Atencao: sinais de sonolencia,22.37027399476094
1777746335.3615096,796,True,0.14771072505505164,0.20264416666334975,0.1751774458592007,0.20123391398443172,True,False,0.4716981132075472,0,2,28.775628914074463,False,False,78.57219701632961,50.0,Risco por fadiga,Atencao: sinais de sonolencia,22.59114887660107
1777746335.4017522,797,True,0.1446066047344374,0.18029276795967708,0.16244968634705725,0.21219760518360886,True,False,0.4723618090452261,0,2,38.77325029481541,False,True,79.07207808536666,50.0,Risco por fadiga,Atencao: sinais de sonolencia,22.885686219699668
1777746335.4455395,798,True,0.07828913466122932,0.052432897433835904,0.06536101604753261,0.1660693280658223,True,False,0.4730238393977415,0,2,42.8962345123291,False,True,79.27822729624233,50.0,Risco por fadiga,Atencao: sinais de sonolencia,22.84907567531021
1777746335.4860954,799,True,0.1403953780394986,0.17042094982656494,0.15540816393303175,0.1639815382185886,True,False,0.47368421052631576,0,2,42.19948072433471,False,True,79.24338960684263,50.0,Risco por fadiga,Atencao: sinais de sonolencia,23.078101585402866
1777746335.5273137,800,True,0.13727879805637547,0.16881182216647725,0.15304531011142636,0.15991754974980088,True,False,0.47434292866082606,0,2,42.39545621871948,False,True,79.25318838156186,50.0,Risco por fadiga,Atencao: sinais de sonolencia,23.196280562341947
1777746335.5673563,801,True,0.2117274260081306,0.21786704827306813,0.21479723714059937,0.18538235067067543,False,False,0.47375,0,2,40.45206875801086,False,True,79.02750514507294,50.0,Risco por fadiga,Atencao: sinais de sonolencia,23.33459707394237
1777746335.6053033,802,True,0.20229326144105686,0.1844159304889187,0.19335459596498777,0.1904210091394117,True,False,0.47440699126092384,0,2,40.71390256881713,False,True,79.04059683561326,50.0,Risco por fadiga,Atencao: sinais de sonolencia,23.66779692372418
1777746335.6449234,803,True,0.20424590735134734,0.26579436447138716,0.23502013591136725,0.19508803741826697,False,False,0.47381546134663344,0,2,40.08530564308167,False,True,78.75141824642817,50.0,Risco por fadiga,Atencao: sinais de sonolencia,23.76981776543757
1777746335.6851244,804,True,0.22121204564578642,0.19538673388801767,0.20829938976690204,0.19650261374691047,True,False,0.47447073474470736,0,2,39.259896373748774,False,True,78.71014778296153,50.0,Risco por fadiga,Atencao: sinais de sonolencia,23.922630645414664
1777746335.7241638,805,True,0.20556418381288244,0.23130519504149766,0.21843468942719005,0.20167184588477083,False,False,0.47388059701492535,0,2,37.73940851688385,False,True,78.40846619278193,50.0,Risco por fadiga,Atencao: sinais de sonolencia,24.096035857767326
1777746335.765244,806,True,0.20682363993174693,0.24997120120558228,0.2283974205686646,0.1892003059766568,False,False,0.47329192546583854,0,2,38.564178347587585,False,True,78.44970468431711,50.0,Risco por fadiga,Atencao: sinais de sonolencia,24.122972579939155
1777746335.8040063,807,True,0.21164729969443077,0.25041319023238295,0.23103024496340685,0.05143431403550072,False,False,0.47270471464019853,0,2,36.37158770561218,False,True,78.34007515221835,50.0,Risco por fadiga,Atencao: sinais de sonolencia,24.277660807847763
1777746335.8420496,808,True,0.21818629024371916,0.262201913418519,0.24019410183111908,0.056509862316865854,False,False,0.4721189591078067,0,2,36.925685095787045,False,True,78.36778002172709,50.0,Risco por fadiga,Atencao: sinais de sonolencia,24.47318958658305
1777746335.8827033,809,True,0.20886680192327017,0.2500734681825958,0.22947013505293298,0.01109652798537777,False,False,0.4715346534653465,0,2,35.18891873657703,False,True,78.28094170376659,50.0,Risco por fadiga,Atencao: sinais de sonolencia,24.520737441611537
1777746335.9242299,810,True,0.2106873233351391,0.25408462842511426,0.23238597588012666,0.008808788690656596,False,False,0.47095179233621753,0,2,36.738872778415676,False,True,78.35843940585852,50.0,Risco por fadiga,Atencao: sinais de sonolencia,24.477803008377276
1777746335.9622858,811,True,0.21965452542500608,0.23429614524908493,0.2269753353370455,0.11946589872440226,False,False,0.4703703703703704,0,2,35.19672248959541,False,True,78.28133189141751,50.0,Risco por fadiga,Atencao: sinais de sonolencia,24.631276508094164
1777746336.0003693,812,True,0.21544364558783108,0.2974091177206754,0.25642638165425324,0.18511714249763536,False,False,0.46979038224414305,0,2,35.07684921100736,False,True,78.2753382274881,50.0,Risco por fadiga,Atencao: sinais de sonolencia,24.777057762559544
1777746336.0419998,813,True,0.22311060453518045,0.2707331576263295,0.24692188108075497,0.19674385344586207,False,False,0.46921182266009853,0,2,35.512700927257534,False,True,78.29713081330061,50.0,Risco por fadiga,Atencao: sinais de sonolencia,24.73634950816464
1777746336.0821369,814,True,0.21808525787995903,0.23929795426646577,0.2286916060732124,0.185563299672075,False,False,0.46863468634686345,0,2,36.01900306940078,False,True,78.32244592040777,50.0,Risco por fadiga,Atencao: sinais de sonolencia,24.7093952656195
1777746336.125623,815,True,0.20719866915870838,0.24721092131130956,0.22720479523500897,0.17177521048822617,False,False,0.4680589680589681,0,2,35.62084898948669,False,True,78.30253821641207,50.0,Risco por fadiga,Atencao: sinais de sonolencia,24.56757957073089
1777746336.166929,816,True,0.21022600447073742,0.26062255607110535,0.23542428027092138,0.14094230218288814,False,False,0.46748466257668714,0,2,36.114031481742856,False,True,78.32719734102487,50.0,Risco por fadiga,Atencao: sinais de sonolencia,24.55161408817983
1777746336.2100556,817,True,0.21747060905603163,0.2712529629312886,0.2443617859936601,0.1333707552296192,False,False,0.46691176470588236,0,2,36.657560753822324,False,True,78.35437380462885,50.0,Risco por fadiga,Atencao: sinais de sonolencia,24.365904722532516
1777746336.2543383,818,True,0.20441660455362856,0.2809241789254381,0.2426703917395333,0.19270492901295325,False,False,0.4663402692778458,0,2,37.49209575653076,False,True,78.39610055476427,50.0,Risco por fadiga,Atencao: sinais de sonolencia,24.205740714352363
1777746336.2933125,819,True,0.20746154483347598,0.25753683649112896,0.23249919066230246,0.18996279993817253,False,False,0.46577017114914426,0,2,37.404058361053465,False,True,78.3916986849904,50.0,Risco por fadiga,Atencao: sinais de sonolencia,24.355391615973243
1777746336.332014,820,True,0.20995535133959753,0.28927263969965583,0.24961399551962668,0.19113499548936588,False,False,0.4652014652014652,0,2,38.40059320926666,False,True,78.44152542740106,50.0,Risco por fadiga,Atencao: sinais de sonolencia,24.492504138419058
1777746336.3777719,821,True,0.2206213571527122,0.23021679482064988,0.22541907598668104,0.17102315932557532,False,False,0.46463414634146344,0,2,39.05561890602112,False,True,78.47427671223879,50.0,Risco por fadiga,Atencao: sinais de sonolencia,24.231911661427674
1777746336.4215534,822,True,0.2156403967869987,0.2604693479500263,0.2380548723685125,0.16318532178959383,False,False,0.464068209500609,0,2,38.78042039871216,False,True,78.46051678687334,50.0,Risco por fadiga,Atencao: sinais de sonolencia,24.110513130703314
1777746336.4600446,823,True,0.1994396521720817,0.2987192254449296,0.24907943880850567,0.14929907342117102,False,False,0.4635036496350365,0,2,39.527427196502686,False,True,78.49786712676287,50.0,Risco por fadiga,Atencao: sinais de sonolencia,24.316933968530407
1777746336.5009344,824,True,0.19520789952718703,0.2905892403312353,0.24289856992921116,0.1664403342418376,False,False,0.4629404617253949,0,2,39.79541506767273,False,True,78.51126652032137,50.0,Risco por fadiga,Atencao: sinais de sonolencia,24.27395627729711
1777746336.5447867,825,True,0.08977395251433777,0.18945060238611583,0.1396122774502268,0.21124882096412936,True,False,0.46359223300970875,0,2,41.778428840637204,False,True,78.6104172089696,50.0,Risco por fadiga,Atencao: sinais de sonolencia,24.168082082087405
1777746336.5910146,826,True,0.12689905381363373,0.20356744332853297,0.16523324857108335,0.2294494955611536,True,False,0.46424242424242423,0,2,41.44564137458801,False,True,78.59377783566714,50.0,Risco por fadiga,Atencao: sinais de sonolencia,23.879707835718968
1777746336.6326413,827,True,0.09752669266401369,0.2231144331112355,0.16032056288762458,0.20845000900006347,True,False,0.4648910411622276,0,2,41.2005539894104,False,True,78.58152346640826,50.0,Risco por fadiga,Atencao: sinais de sonolencia,23.942381081309275
1777746336.6721058,828,True,0.18438385863164525,0.2488888161925575,0.21663633741210137,0.22137634461599123,False,False,0.46432889963724305,0,2,40.41195750236511,False,True,78.36115958760766,50.0,Risco por fadiga,Atencao: sinais de sonolencia,24.05885114234049
1777746336.7104504,829,True,0.19896549466898092,0.2898480188526317,0.2444067567608063,0.2244168078024143,False,False,0.463768115942029,0,2,41.49264698028564,False,True,78.41519406150368,50.0,Risco por fadiga,Atencao: sinais de sonolencia,24.226703610883465
1777746336.7488434,830,True,0.20399045730558257,0.2814161052773573,0.24270328129146992,0.20976197976368297,False,False,0.4632086851628468,0,2,40.5272581577301,False,True,78.36692462037591,50.0,Risco por fadiga,Atencao: sinais de sonolencia,24.441852721703047
1777746336.7868297,831,True,0.20291479613515861,0.29959317271450625,0.25125398442483243,0.21117849126257726,False,False,0.46265060240963857,0,2,41.07353916168213,False,True,78.39423867057351,50.0,Risco por fadiga,Atencao: sinais de sonolencia,24.617628939892622
1777746336.8262172,832,True,0.20989808475208876,0.3442936817043867,0.27709588322823775,0.21057037606760576,False,False,0.4620938628158845,0,2,41.15710520744324,False,True,78.39841697286157,50.0,Risco por fadiga,Atencao: sinais de sonolencia,24.73305278528855
1777746336.858784,833,True,0.22292567869416333,0.32455967520319107,0.2737426769486772,0.22243468794559212,False,False,0.46153846153846156,0,2,40.866771316528315,False,True,78.38390027831582,50.0,Risco por fadiga,Atencao: sinais de sonolencia,25.209034519092274
1777746336.8947098,834,True,0.2309759563755859,0.3232633201028192,0.27711963823920255,0.21573496765346528,False,False,0.460984393757503,0,2,40.095718193054196,False,True,78.34534762214211,50.0,Risco por fadiga,Atencao: sinais de sonolencia,25.570332609203817
1777746336.9284153,835,True,0.23469934075562177,0.3380711351424768,0.28638523794904924,0.2118121002653506,False,False,0.460431654676259,0,2,40.77042679786682,False,True,78.37908305238274,50.0,Risco por fadiga,Atencao: sinais de sonolencia,25.79789164287472
1777746336.9668217,836,True,0.23943325191459344,0.328649662256102,0.2840414570853477,0.2051766958221358,False,False,0.4598802395209581,0,2,40.001660633087155,False,True,78.34064474414376,50.0,Risco por fadiga,Atencao: sinais de sonolencia,25.989191152870944
1777746337.0015168,837,True,0.24780356134985218,0.3446657498671108,0.2962346556084815,0.19111564723114843,False,False,0.45933014354066987,0,2,40.788146543502805,False,True,78.37996903966454,50.0,Risco por fadiga,Atencao: sinais de sonolencia,26.235108946072863
1777746337.037114,838,True,0.23996589916810637,0.3593723050937969,0.29966910213095166,0.15914854143947582,False,False,0.45878136200716846,0,2,40.35540709495544,False,True,78.35833206723717,50.0,Risco por fadiga,Atencao: sinais de sonolencia,26.399746191987223
1777746337.0808005,839,True,0.27158772676231835,0.4057378141910248,0.3386627704766716,0.16529170443476668,False,False,0.45823389021479716,0,2,39.58205370903015,False,True,78.31966439794091,50.0,Risco por fadiga,Atencao: sinais de sonolencia,26.082862398297905
1777746337.1215286,840,True,0.25827813963905655,0.37641434139669705,0.3173462405178768,0.14413646237216954,False,False,0.4576877234803337,0,2,40.065655565261835,False,True,78.3438444907525,50.0,Risco por fadiga,Atencao: sinais de sonolencia,25.93968865141874
1777746337.161985,841,True,0.2723547585029266,0.421809775192096,0.3470822668475113,0.0035052131166901208,False,False,0.45714285714285713,0,2,39.14875550270081,False,True,78.29799948762444,50.0,Risco por fadiga,Atencao: sinais de sonolencia,25.77544012548606
1777746337.1971133,842,True,0.2715393734701392,0.3921112129465182,0.33182529320832865,0.0015178721382374126,False,False,0.45659928656361476,0,2,38.442589521408074,False,True,78.26269118855981,50.0,Risco por fadiga,Atencao: sinais de sonolencia,26.057604539673314
1777746337.2331214,843,True,0.2759629980564133,0.4012658995877161,0.3386144488220647,0.001974751817935274,False,False,0.45605700712589076,0,2,38.960000944137576,False,True,78.28856175969628,50.0,Risco por fadiga,Atencao: sinais de sonolencia,26.25207818249516
1777746337.2664533,844,True,0.2710979842326076,0.39024753467724027,0.3306727594549239,0.0014673115508936885,False,False,0.4555160142348754,0,2,38.907238674163814,False,True,78.28592364619759,50.0,Risco por fadiga,Atencao: sinais de sonolencia,26.609790168044427
1777746337.3002954,845,True,0.26748304133799594,0.3950143637935022,0.33124870256574906,0.005713535007807282,False,False,0.4549763033175355,0,2,38.86786727905273,False,True,78.28395507644204,50.0,Risco por fadiga,Atencao: sinais de sonolencia,26.927474983417692
1777746337.3360865,846,True,0.26423467894466296,0.38679221283386794,0.32551344588926545,0.006718592013225133,False,False,0.4544378698224852,0,2,38.40317435264588,False,True,78.2607204301217,50.0,Risco por fadiga,Atencao: sinais de sonolencia,26.949374635689075
1777746337.378648,847,True,0.26747691321744255,0.40280815861841707,0.3351425359179298,0.004693217163147684,False,False,0.45390070921985815,0,2,37.87314453125,False,True,78.2342189390519,50.0,Risco por fadiga,Atencao: sinais de sonolencia,26.66045799854574
1777746337.4181242,848,True,0.2680293968941754,0.3881779810449959,0.32810368896958564,0.007109704127402788,False,False,0.45336481700118064,0,2,38.72071528434753,False,True,78.27659747670678,50.0,Risco por fadiga,Atencao: sinais de sonolencia,26.53054576129981
1777746337.4579105,849,True,0.26665147339255935,0.3960430181196656,0.33134724575611246,0.0075194321158894425,False,False,0.4528301886792453,0,2,37.49072268009186,False,True,78.21509784649399,50.0,Risco por fadiga,Atencao: sinais de sonolencia,26.385963550705767
1777746337.495896,850,True,0.26718279518597915,0.3790357836432882,0.3231092894146337,0.006444754523333277,False,False,0.45229681978798586,0,2,38.37768778800964,False,True,78.25944610188989,50.0,Risco por fadiga,Atencao: sinais de sonolencia,26.358401425809888
1777746337.5345764,851,True,0.2621400217625104,0.4082634721271268,0.33520174694481863,0.007004419331466073,False,False,0.45176470588235296,0,2,37.63008918762207,False,True,78.22206617187051,50.0,Risco por fadiga,Atencao: sinais de sonolencia,26.34751567242739
1777746337.574706,852,True,0.2660835642624486,0.41329317813110317,0.33968837119677586,0.0036304024363643657,False,False,0.4512338425381904,0,2,37.840034699440004,False,True,78.2325634474614,50.0,Risco por fadiga,Atencao: sinais de sonolencia,26.15952264121293
1777746337.6184323,853,True,0.26786775276060093,0.4010078064737726,0.3344377796171868,0.0036478140925467945,False,False,0.4507042253521127,0,2,37.98174202442169,False,True,78.23964881371049,50.0,Risco por fadiga,Atencao: sinais de sonolencia,25.834704830298854
1777746337.6663115,854,True,0.2638484621809835,0.3981809449077056,0.3310147035443446,0.003923422125806965,False,False,0.4501758499413834,0,2,37.69781990051269,False,True,78.22545270751503,50.0,Risco por fadiga,Atencao: sinais de sonolencia,25.354929700092057
1777746337.7165895,855,True,0.2690552957216526,0.3990725764014874,0.33406393606157003,0.0045864201760388666,False,False,0.4496487119437939,0,2,37.552809381484984,False,True,78.21820218156365,50.0,Risco por fadiga,Atencao: sinais de sonolencia,24.802399117255604
1777746337.7606812,856,True,0.2675760350524684,0.3959590134088539,0.33176752423066114,0.0026460706608724643,False,False,0.44912280701754387,0,2,37.48814239501953,False,True,78.21496883224037,50.0,Risco por fadiga,Atencao: sinais de sonolencia,24.582700107954768
1777746337.802969,857,True,0.27823349873778364,0.40362995502400983,0.34093172688089673,0.0032723128856824036,False,False,0.4485981308411215,0,2,37.03435382843017,False,True,78.19227940391092,50.0,Risco por fadiga,Atencao: sinais de sonolencia,24.473441515764765
1777746337.845292,858,True,0.28971616907251796,0.3991331923022775,0.34442468068739773,0.005821162053965379,False,False,0.44807467911318555,0,2,36.76635158061981,False,True,78.17887929152039,50.0,Risco por fadiga,Atencao: sinais de sonolencia,24.41721198252927
1777746337.8857157,859,True,0.2938418798492841,0.39850554546024186,0.346173712654763,0.004840669916043013,False,False,0.44755244755244755,0,2,36.64328378438949,False,True,78.17272590170887,50.0,Risco por fadiga,Atencao: sinais de sonolencia,24.453437061648703
1777746337.9242315,860,True,0.30147264492183723,0.41424697171713165,0.35785980831948444,0.006558635333438224,False,False,0.4470314318975553,0,2,36.72711215019226,False,True,78.17691731999902,50.0,Risco por fadiga,Atencao: sinais de sonolencia,24.602732831193034
1777746337.9579742,861,True,0.2640931996790008,0.3793507554309902,0.32172197755499554,0.004979430867727441,False,False,0.44651162790697674,0,2,38.53464121818542,False,True,78.26729377339868,50.0,Risco por fadiga,Atencao: sinais de sonolencia,25.110021131378904
1777746337.9932258,862,True,0.27817747007581545,0.3659041800206436,0.3220408250482295,0.009270870987808166,False,False,0.445993031358885,0,2,38.38064572811126,False,True,78.25959399889497,50.0,Risco por fadiga,Atencao: sinais de sonolencia,25.439790913035793
1777746338.0287623,863,True,0.23902596694367298,0.33092175599196255,0.2849738614678178,0.010220719361033566,False,False,0.44547563805104406,0,2,40.10433945655822,False,True,78.34577868531731,50.0,Risco por fadiga,Atencao: sinais de sonolencia,25.684535339806764
1777746338.065407,864,True,0.2517703249248482,0.31110679377546313,0.28143855935015566,0.01157665170151463,False,False,0.44495944380069524,0,2,39.97011613845825,False,True,78.33906751941231,50.0,Risco por fadiga,Atencao: sinais de sonolencia,25.858084071506504
1777746338.1031773,865,True,0.2425758475234454,0.32270709510348367,0.2826414713134645,0.011620486811968771,False,False,0.4444444444444444,0,2,39.2826367855072,False,True,78.30469355176476,50.0,Risco por fadiga,Atencao: sinais de sonolencia,25.90440874515978
1777746338.141812,866,True,0.2634829597394295,0.3424593218144413,0.3029711407769354,0.012474474625455022,False,False,0.4439306358381503,0,2,38.58604564666748,False,True,78.26986399482277,50.0,Risco por fadiga,Atencao: sinais de sonolencia,25.922080663399807
1777746338.1777368,867,True,0.27885997418928193,0.3784193223719736,0.32863964828062775,0.01263752219985518,False,False,0.44341801385681295,0,2,38.050125050544736,False,True,78.24306796501664,50.0,Risco por fadiga,Atencao: sinais de sonolencia,26.047345130700936
1777746338.2130616,868,True,0.29456419669342115,0.3991659056744348,0.34686505118392796,0.012075134356718023,False,False,0.4429065743944637,0,2,37.50895655155182,False,True,78.21600954006699,50.0,Risco por fadiga,Atencao: sinais de sonolencia,26.366621425497033
1777746338.2505596,869,True,0.30400988087740316,0.3804354210417914,0.34222265095959725,0.011039863300144483,False,False,0.4423963133640553,0,2,37.14803957939148,False,True,78.19796369145898,50.0,Risco por fadiga,Atencao: sinais de sonolencia,26.36217550450504
1777746338.288142,870,True,0.29759241629386507,0.39404589485840885,0.34581915557613696,0.0120075395039026,False,False,0.44188722669735325,0,2,36.5530809879303,False,True,78.16821576188592,50.0,Risco por fadiga,Atencao: sinais de sonolencia,26.414816667500187
1777746338.325252,871,True,0.306752088852019,0.4183778184193028,0.3625649536356609,0.011487250864705891,False,False,0.4413793103448276,0,2,36.57879081964492,False,True,78.16950125347165,50.0,Risco por fadiga,Atencao: sinais de sonolencia,26.457956416313596
1777746338.3596709,872,True,0.3095255251231878,0.4195610238399784,0.3645432744815831,0.006346963566807558,False,False,0.44087256027554533,0,2,37.53391718864441,False,True,78.21725757192162,50.0,Risco por fadiga,Atencao: sinais de sonolencia,26.668242800120645
1777746338.402787,873,True,0.30113614326729404,0.38630197174514336,0.3437190575062187,0.19915277244098434,False,False,0.44036697247706424,0,2,37.7044958114624,False,True,78.22578650306252,50.0,Risco por fadiga,Atencao: sinais de sonolencia,26.369139848862243
1777746338.4417415,874,True,0.30205396155294,0.3824609603501468,0.3422574609515434,0.19274895951204915,False,False,0.43986254295532645,0,2,37.99052722454071,False,True,78.24008807371644,50.0,Risco por fadiga,Atencao: sinais de sonolencia,26.274025764865485
1777746338.4801958,875,True,0.30731229688261336,0.39364953931136437,0.3504809180969889,0.17888123498875455,False,False,0.43935926773455375,0,2,37.63904862403869,False,True,78.22251414369134,50.0,Risco por fadiga,Atencao: sinais de sonolencia,26.265068561232415
1777746338.5209117,876,True,0.3003363505056887,0.39371465000721856,0.3470255002564536,0.23617146748527382,False,False,0.43885714285714283,0,2,38.23205370903015,False,True,78.25216439794092,50.0,Risco por fadiga,Atencao: sinais de sonolencia,26.06358601796275
1777746338.559925,877,True,0.30060780835650114,0.40987048194597364,0.3552391451512374,0.23484123611335658,False,False,0.4383561643835616,0,2,38.149277520179744,False,True,78.2480255884984,50.0,Risco por fadiga,Atencao: sinais de sonolencia,26.053969025981324
1777746338.5992513,878,True,0.305232802912179,0.41677893502540797,0.3610058689687935,0.23223225421493515,False,False,0.4378563283922463,0,2,37.7571035861969,False,True,78.22841689179924,50.0,Risco por fadiga,Atencao: sinais de sonolencia,25.9418838123229
1777746338.6405778,879,True,0.3076350868930838,0.40724179129960053,0.35743843909634215,0.23865892951605405,False,False,0.43735763097949887,0,2,37.98789179325104,False,True,78.23995630215195,50.0,Risco por fadiga,Atencao: sinais de sonolencia,25.817105614387902
1777746338.6790633,880,True,0.30461816902124017,0.4107679208297763,0.35769304492550824,0.24070607991447446,False,False,0.43686006825938567,0,2,38.24993717670441,False,True,78.25305857132463,50.0,Risco por fadiga,Atencao: sinais de sonolencia,25.813917506877857
1777746338.721236,881,True,0.3089601930145395,0.4076680638769937,0.3583141284457666,0.23757734220478666,False,False,0.43636363636363634,0,2,38.37505750656128,False,True,78.25931458781747,50.0,Risco por fadiga,Atencao: sinais de sonolencia,25.574742335835982
1777746338.7659736,882,True,0.30552942101565234,0.4112252559731091,0.3583773384943807,0.2295668527243382,False,False,0.4358683314415437,0,2,37.773187398910515,False,True,78.22922108243493,50.0,Risco por fadiga,Atencao: sinais de sonolencia,25.253654104113753
1777746338.8043,883,True,0.2993578438436441,0.3914193012607286,0.34538857255218636,0.2238383820031768,False,False,0.43537414965986393,0,2,37.31201717853546,False,True,78.20616257141617,50.0,Risco por fadiga,Atencao: sinais de sonolencia,25.38532625468949
1777746338.8486867,884,True,0.3045104935514343,0.4134585309732588,0.3589845122623465,0.22831797341468968,False,False,0.434881087202718,0,2,37.923206567764275,False,True,78.23672204087762,50.0,Risco por fadiga,Atencao: sinais de sonolencia,25.097160438725332
1777746338.8931715,885,True,0.3027613139862575,0.39790447589301403,0.35033289493963576,0.21837971338754078,False,False,0.4343891402714932,0,2,36.98517241477966,False,True,78.18982033322838,50.0,Risco por fadiga,Atencao: sinais de sonolencia,24.827010814412542
1777746338.936219,886,True,0.29721644011684256,0.36657859122345915,0.33189751567015086,0.2497174404286623,False,False,0.43389830508474575,0,2,37.24893441200256,False,True,78.20300843308954,50.0,Risco por fadiga,Atencao: sinais de sonolencia,24.66778379078693
1777746338.9830172,887,True,0.30635777358358635,0.3810670834158925,0.34371242849973943,0.2302193506632324,False,False,0.43340857787810383,0,2,36.55186616182327,False,True,78.16815502058057,50.0,Risco por fadiga,Atencao: sinais de sonolencia,24.319644992094144
1777746339.0224078,888,True,0.3120764090170918,0.39935225295680166,0.3557143309869467,0.23191114523551626,False,False,0.43291995490417134,0,2,36.87269902229309,False,True,78.18419666360406,50.0,Risco por fadiga,Atencao: sinais de sonolencia,24.439045854945338
1777746339.0573623,889,True,0.31023037395769115,0.3836806254174949,0.34695549968759304,0.24446738903202017,False,False,0.43243243243243246,0,2,35.94025073051452,False,True,78.13757424901513,50.0,Risco por fadiga,Atencao: sinais de sonolencia,24.864359434799052
1777746339.0942576,890,True,0.3040643490689664,0.4050945596136619,0.35457945434131416,0.2178968831830221,False,False,0.43194600674915634,0,2,36.55309997797012,False,True,78.16821671138791,50.0,Risco por fadiga,Atencao: sinais de sonolencia,25.105134237846976
1777746339.1301038,891,True,0.3015335180732041,0.41113043819255374,0.3563319781328789,0.1851448755925643,False,False,0.4314606741573034,0,2,36.000677895545955,False,True,78.1405956072667,50.0,Risco por fadiga,Atencao: sinais de sonolencia,25.372059127374715
1777746339.1654763,892,True,0.29712746429266995,0.4206116726878409,0.3588695684902554,0.0024474145970121686,False,False,0.43097643097643096,0,2,35.39892060160636,False,True,78.11050774256972,50.0,Risco por fadiga,Atencao: sinais de sonolencia,25.630163802334522
1777746339.2124288,893,True,0.2995644022135818,0.3955896008517824,0.3475770015326821,0.0034456616036427404,False,False,0.4304932735426009,0,2,35.43861112594604,False,True,78.11249226878671,50.0,Risco por fadiga,Atencao: sinais de sonolencia,25.215638215444653
1777746339.2564645,894,True,0.2891276899179568,0.4293824426514555,0.35925506628470616,0.006194176609434882,False,False,0.43001119820828665,0,2,35.24328612089157,False,True,78.10272601853399,50.0,Risco por fadiga,Atencao: sinais de sonolencia,24.98982702142645
1777746339.2916646,895,True,0.2829775774241905,0.4012336539191108,0.34210561567165065,0.007000281664753702,False,False,0.42953020134228187,0,2,35.6958636701107,False,True,78.12535489599495,50.0,Risco por fadiga,Atencao: sinais de sonolencia,25.303182607516387
1777746339.328595,896,True,0.2779331198548496,0.41057347258972754,0.34425329622228856,0.006182159004859288,False,False,0.42905027932960893,0,2,35.118246498703954,False,True,78.0964740374246,50.0,Risco por fadiga,Atencao: sinais de sonolencia,25.46681534953841
1777746339.3640199,897,True,0.28313396718860234,0.39378568063344427,0.3384598239110233,0.00740788906026744,False,False,0.42857142857142855,0,2,35.17892141938209,False,True,78.0995077834585,50.0,Risco por fadiga,Atencao: sinais de sonolencia,25.74913217891047
1777746339.4025223,898,True,0.2899258850107914,0.39729056729546053,0.343608226153126,0.009225858579813105,False,False,0.4280936454849498,0,2,35.330653527379035,False,True,78.10709438885836,50.0,Risco por fadiga,Atencao: sinais de sonolencia,25.778188974830485
1777746339.4455419,899,True,0.27985563609032404,0.37668619369506195,0.328270914892693,0.007059795201928292,False,False,0.42761692650334077,0,2,35.07665009722113,False,True,78.09439421735046,50.0,Risco por fadiga,Atencao: sinais de sonolencia,25.537091656110796
1777746339.48641,900,True,0.28283508597657053,0.3722711775576311,0.3275531317671008,0.00881823182393525,False,False,0.4271412680756396,0,2,35.25024202764034,False,True,78.10307381387142,50.0,Risco por fadiga,Atencao: sinais de sonolencia,25.439594373425326
1777746339.5244293,901,True,0.2995158142633267,0.3755633266768277,0.3375395704700772,0.00860102151746558,False,False,0.4266666666666667,0,2,35.34212327003479,False,True,78.10766787599114,50.0,Risco por fadiga,Atencao: sinais de sonolencia,25.51890915058037
1777746339.5679998,902,True,0.2870855051102381,0.3849580090806046,0.33602175709542137,0.00894799405775674,False,False,0.4261931187569367,0,2,35.28384573459625,False,True,78.10475399921921,50.0,Risco por fadiga,Atencao: sinais de sonolencia,25.247244342819016
1777746339.608433,903,True,0.29229529839171803,0.3814624232963796,0.33687886084404883,0.008593679431657772,False,False,0.42572062084257206,0,2,35.24652172327041,False,True,78.10288779865293,50.0,Risco por fadiga,Atencao: sinais de sonolencia,25.19402958093508
1777746339.6534188,904,True,0.2931297048238262,0.3887619510388256,0.3409458279313259,0.008109464981302243,False,False,0.42524916943521596,0,2,35.09412011578679,False,True,78.09526771827875,50.0,Risco por fadiga,Atencao: sinais de sonolencia,24.865946367809094
1777746339.6958997,905,True,0.2912525420270975,0.3824767993673626,0.33686467069723003,0.009217601417462739,False,False,0.4247787610619469,0,2,35.63813228607178,False,True,78.122468326793,50.0,Risco por fadiga,Atencao: sinais de sonolencia,24.78374118200516
1777746339.7365866,906,True,0.2949207457948506,0.38902335849940706,0.34197205214712884,0.009865570703655747,False,False,0.4243093922651934,0,2,35.690270566940306,False,True,78.12507524083642,50.0,Risco por fadiga,Atencao: sinais de sonolencia,24.772084876440697
1777746339.7802446,907,True,0.28996619473322766,0.3703334908672485,0.33014984280023807,0.008162506477024984,False,False,0.423841059602649,0,2,35.86485716104507,False,True,78.13380457054166,50.0,Risco por fadiga,Atencao: sinais de sonolencia,24.55172366222823
1777746339.8220303,908,True,0.2965004634136297,0.3744323934308315,0.3354664284222306,0.008334748597649528,False,False,0.42337375964718854,0,2,36.10132628679275,False,True,78.14562802682904,50.0,Risco por fadiga,Atencao: sinais de sonolencia,24.511094573627656
1777746339.8640044,909,True,0.2976872889379755,0.39387509204641147,0.34578119049219347,0.00992518797495311,False,False,0.42290748898678415,0,2,35.40732323825359,False,True,78.11092787440208,50.0,Risco por fadiga,Atencao: sinais de sonolencia,24.448786415044076
1777746339.9088101,910,True,0.2950163683865873,0.37121966205059226,0.33311801521858975,0.009669921521423836,False,False,0.42244224422442245,0,2,36.109253394603726,False,True,78.1460243822196,50.0,Risco por fadiga,Atencao: sinais de sonolencia,24.219493088713573
1777746339.9448462,911,True,0.29747357413378317,0.40620470256219,0.3518391383479866,0.009484542997441331,False,False,0.421978021978022,0,2,35.033791860565536,False,True,78.09225130551768,50.0,Risco por fadiga,Atencao: sinais de sonolencia,24.540990370443673
1777746339.9821138,912,True,0.29766034620561127,0.3974270447770278,0.3475436954913195,0.00907943040879552,False,False,0.42151481888035125,0,2,35.4253448665142,False,True,78.11182895581511,50.0,Risco por fadiga,Atencao: sinais de sonolencia,24.769683368248412
1777746340.020855,913,True,0.3020920095196671,0.3790828494746056,0.34058742949713633,0.010475342606860255,False,False,0.42105263157894735,0,2,35.94131492376327,False,True,78.13762745867757,50.0,Risco por fadiga,Atencao: sinais de sonolencia,24.929261789394026
1777746340.0568845,914,True,0.3085030927882148,0.4008066995216207,0.35465489615491774,0.0071443159629445505,False,False,0.42059145673603504,0,2,36.65105296373367,False,True,78.17311436067608,50.0,Risco por fadiga,Atencao: sinais de sonolencia,25.219687824445582
1777746340.0916216,915,True,0.29755061964164964,0.4407898602226665,0.36917023993215803,0.003504293384612284,False,False,0.4201312910284464,0,2,36.310506510734555,False,True,78.15608703802613,50.0,Risco por fadiga,Atencao: sinais de sonolencia,25.556732508128547
1777746340.3099453,916,True,0.2907062197600389,0.44514071681579287,0.3679234682879159,0.008743935231986808,False,False,0.419672131147541,0,2,35.623340708017345,False,True,78.12172874789027,50.0,Risco por fadiga,Atencao: sinais de sonolencia,23.45945775968319
1777746340.3548572,917,True,0.27564227345626424,0.45480452535435617,0.36522339940531023,0.010023657409310443,False,False,0.4192139737991266,0,2,35.22338061630725,False,True,78.10173074330477,50.0,Risco por fadiga,Atencao: sinais de sonolencia,23.339999164547983
1777746340.3950002,918,True,0.28488349657930345,0.4586087443663891,0.3717461204728463,0.00917999933681599,False,False,0.4187568157033806,0,2,35.3875804901123,False,True,78.10994073699501,50.0,Risco por fadiga,Atencao: sinais de sonolencia,23.417735721992894
1777746340.4388182,919,True,0.28220850492225485,0.45421669819259547,0.3682126015574252,0.006394116831372425,False,False,0.41830065359477125,0,2,35.34882806837559,False,True,78.10800311590819,50.0,Risco por fadiga,Atencao: sinais de sonolencia,23.417509632546356
1777746340.4861147,920,True,0.28962155428237246,0.43059859677975304,0.3601100755310628,0.24349471821058855,False,False,0.4178454842219804,0,2,35.46850917339325,False,True,78.11398717115907,50.0,Risco por fadiga,Atencao: sinais de sonolencia,23.162017109892542
1777746340.527483,921,True,0.30830997591816517,0.408865733147484,0.3585878545328246,0.2749655736664476,False,False,0.41739130434782606,0,2,35.330826073884964,False,True,78.10710301618366,50.0,Risco por fadiga,Atencao: sinais de sonolencia,23.299477982937585
1777746340.5685349,922,True,0.3152391611070523,0.39756491988077053,0.35640204049391144,0.299540563340528,False,False,0.4169381107491857,0,2,35.561773818731304,False,True,78.11865040342597,50.0,Risco por fadiga,Atencao: sinais de sonolencia,23.413950182741804
1777746340.6132007,923,True,0.32261915249268597,0.3853930459227764,0.3540060992077312,0.2749871218983215,False,False,0.4164859002169197,0,2,35.03105282895267,False,True,78.09211435393703,50.0,Risco por fadiga,Atencao: sinais de sonolencia,23.295844565906297
1777746340.656426,924,True,0.31184763213514666,0.39524602792434743,0.3535468300297471,0.2638318032954767,False,False,0.4160346695557963,0,2,35.943094193935394,False,True,78.13771642218617,50.0,Risco por fadiga,Atencao: sinais de sonolencia,23.258197989673857
1777746340.6984694,925,True,0.30010346653411424,0.3974978203817663,0.34880064345794026,0.25341454170141836,False,False,0.4155844155844156,0,2,35.191080731153484,False,True,78.10011574904708,50.0,Risco por fadiga,Atencao: sinais de sonolencia,23.35987493204635
1777746340.7451422,926,True,0.2979782410100472,0.404592246312811,0.3512852436614291,0.13611584425760836,False,False,0.4151351351351351,0,2,36.068567502498624,False,True,78.14399008761434,50.0,Risco por fadiga,Atencao: sinais de sonolencia,23.15371762725393
1777746340.7883143,927,True,0.25130309957825153,0.40178763822012503,0.3265453688991883,0.13111307421998838,False,False,0.4146868250539957,0,2,35.50178143978119,False,True,78.11565078447846,50.0,Risco por fadiga,Atencao: sinais de sonolencia,23.164278853650593
1777746340.8297522,928,True,0.19226434176351379,0.3384878942624919,0.2653761180130028,0.1675521260915296,False,False,0.41423948220064727,0,2,35.00201726257801,False,True,78.09066257561831,50.0,Risco por fadiga,Atencao: sinais de sonolencia,23.26831453688468
1777746340.8773053,929,True,0.26599854842113185,0.35683867741198644,0.31141861291655915,0.24460766529108702,False,False,0.41379310344827586,0,2,35.36518211364746,False,True,78.10882081817178,50.0,Risco por fadiga,Atencao: sinais de sonolencia,22.993703893057162
1777746340.9259734,930,True,0.26594232733969153,0.3713856923754596,0.3186640098575756,0.18183884186084934,False,False,0.4133476856835307,0,2,35.487308776378626,False,True,78.11492715130834,50.0,Risco por fadiga,Atencao: sinais de sonolencia,22.801082475685682
1777746340.970321,931,True,0.27023814311309774,0.4099603831511086,0.34009926313210315,0.003958600637026379,False,False,0.4129032258064516,0,2,35.46529449224472,False,True,78.11382643710164,50.0,Risco por fadiga,Atencao: sinais de sonolencia,22.746822108842903
1777746341.015007,932,True,0.2700085919689006,0.4391155090585296,0.3545620505137151,0.004727195451731422,False,False,0.41245972073039744,0,2,35.631221306324,False,True,78.1221227778056,50.0,Risco por fadiga,Atencao: sinais de sonolencia,22.714468331992375
1777746341.060286,933,True,0.28624606679634107,0.43241485369168037,0.3593304602440107,0.199025250378106,False,False,0.41201716738197425,0,2,35.80384892225265,False,True,78.13075415860203,50.0,Risco por fadiga,Atencao: sinais de sonolencia,22.673561153330446
1777746341.1005924,934,True,0.3029398055985822,0.41453095345011803,0.3587353795243501,0.17780784756383863,False,False,0.4115755627009646,0,2,35.93711640834808,False,True,78.13741753290681,50.0,Risco por fadiga,Atencao: sinais de sonolencia,22.809161635929215
1777746341.1459568,935,True,0.29053405168151464,0.44183059422475884,0.36618232295313674,0.2394231592028674,False,False,0.41113490364025695,0,2,36.23374029397964,False,True,78.15224872718838,50.0,Risco por fadiga,Atencao: sinais de sonolencia,22.76410144794967
1777746341.189516,936,True,0.3050953427576998,0.4324866809059918,0.3687910118318458,0.2771855760996161,False,False,0.4106951871657754,0,2,35.121244283020495,False,True,78.09662392664043,50.0,Risco por fadiga,Atencao: sinais de sonolencia,22.778426882310743
1777746341.2342124,937,True,0.29226547503691097,0.44729869014193985,0.3697820825894254,0.04353733766039554,False,False,0.41025641025641024,0,2,36.510983073711394,False,True,78.16611086617498,50.0,Risco por fadiga,Atencao: sinais de sonolencia,22.778670145161435
1777746341.2785206,938,True,0.29099705098160267,0.46858873303838505,0.3797928920099939,0.0020478156538718505,False,False,0.40981856990394877,0,2,35.83168461918831,False,True,78.13214594344882,50.0,Risco por fadiga,Atencao: sinais de sonolencia,22.743669694900603
1777746341.3260107,939,True,0.30295551016195865,0.4610690111233085,0.3820122606426336,0.00594201932027125,False,False,0.4093816631130064,0,2,35.544521528482434,False,True,78.11778778891353,50.0,Risco por fadiga,Atencao: sinais de sonolencia,22.56997977278679
1777746341.3698804,940,True,0.2924469965020584,0.45276193183057245,0.37260446416631543,0.1772844878776275,False,False,0.40894568690095845,0,2,36.04576164484024,False,True,78.14284979473142,50.0,Risco por fadiga,Atencao: sinais de sonolencia,22.61400114667237
1777746341.413215,941,True,0.2987645393964093,0.46162719682339554,0.3801958681099024,0.1304549619219146,False,False,0.4085106382978723,0,2,36.645609688758846,False,True,78.17284219692735,50.0,Risco por fadiga,Atencao: sinais de sonolencia,22.650279000495466
1777746341.4505117,942,True,0.3022866014332273,0.4462582737951669,0.3742724376141971,0.1096615181561794,False,False,0.40807651434643993,0,2,36.18744268417358,False,True,78.14993384669808,50.0,Risco por fadiga,Atencao: sinais de sonolencia,23.00690226545454
1777746341.4944558,943,True,0.3055563951837099,0.4455752938624615,0.3755658445230857,0.21608917695209653,False,False,0.40764331210191085,0,2,36.21891615390778,False,True,78.1515075201848,50.0,Risco por fadiga,Atencao: sinais de sonolencia,23.01340563808325
1777746341.5376742,944,True,0.30312582447151376,0.43737612759138605,0.3702509760314499,0.16172279455025784,False,False,0.40721102863202546,0,2,36.54683208465576,False,True,78.16790331672219,50.0,Risco por fadiga,Atencao: sinais de sonolencia,23.02467969439585
1777746341.582884,945,True,0.30168663082751707,0.43962467926653365,0.37065565504702536,0.15441803642195973,False,False,0.4067796610169492,0,2,36.29709171056747,False,True,78.15541629801778,50.0,Risco por fadiga,Atencao: sinais de sonolencia,22.93692361399316
1777746341.624298,946,True,0.30319283275761033,0.4405181726824042,0.3718555027200072,0.09163186619955156,False,False,0.40634920634920635,0,2,36.41977080106735,False,True,78.16155025254277,50.0,Risco por fadiga,Atencao: sinais de sonolencia,23.063196935106266
1777746341.6679027,947,True,0.30563675656083433,0.4387400046879127,0.37218838062437354,0.024260060361027676,False,False,0.4059196617336152,0,2,36.17827854156494,False,True,78.14947563956765,50.0,Risco por fadiga,Atencao: sinais de sonolencia,23.02197525450416
1777746341.7164426,948,True,0.30433688459527275,0.43855835163735696,0.3714476181163149,0.10464862227684874,False,False,0.40549102428722283,0,2,36.08560596704483,False,True,78.14484201084164,50.0,Risco por fadiga,Atencao: sinais de sonolencia,22.80870765293404
1777746341.7614267,949,True,0.30209669020730956,0.4440687578371338,0.37308272402222165,0.13175105682002297,False,False,0.4050632911392405,0,2,36.74807490110397,False,True,78.1779654575446,50.0,Risco por fadiga,Atencao: sinais de sonolencia,22.717913649485045
1777746341.8038397,950,True,0.3017320444199774,0.43516802374306046,0.36845003408151894,0.2403244359513863,False,False,0.40463645943098,0,2,36.56477155685425,False,True,78.16880029033211,50.0,Risco por fadiga,Atencao: sinais de sonolencia,22.83143638195072
1777746341.845835,951,True,0.31714304946751626,0.4491665635577632,0.3831548065126397,0.29823092360519027,False,False,0.40421052631578946,0,2,35.80088449120522,False,True,78.13060593704967,50.0,Risco por fadiga,Atencao: sinais de sonolencia,22.941100919338687
1777746341.8891706,952,True,0.30375884526281277,0.45848721026578365,0.3811230277642982,0.2778880967933491,False,False,0.4037854889589905,0,2,37.288890743255614,False,True,78.20500624965219,50.0,Risco por fadiga,Atencao: sinais de sonolencia,22.928965284257323
1777746341.9253712,953,True,0.3085678874602206,0.44213814487938524,0.37535301616980293,0.2672646567911372,False,False,0.40336134453781514,0,2,36.829293799400325,False,True,78.18202640245941,50.0,Risco por fadiga,Atencao: sinais de sonolencia,23.41963790576837
1777746341.959422,954,True,0.3060635155435127,0.44599394133600656,0.37602872843975965,0.28963281905251975,False,False,0.40293809024134314,0,2,37.134620380401614,False,True,78.19729273150948,50.0,Risco por fadiga,Atencao: sinais de sonolencia,24.02464919266167
1777746341.9946165,955,True,0.3105226853299403,0.43414938641782974,0.37233603587388503,0.30332666829195865,False,False,0.4025157232704403,0,2,36.97568533420563,False,True,78.18934597919969,50.0,Risco por fadiga,Atencao: sinais de sonolencia,24.471503712826213
1777746342.036421,956,True,0.31409653091292006,0.4408045546422717,0.3774505427775959,0.2881794122067474,False,False,0.40209424083769635,0,2,36.44094780683517,False,True,78.16260910283117,50.0,Risco por fadiga,Atencao: sinais de sonolencia,24.421147389966794
1777746342.0716739,957,True,0.3170077742385384,0.4435756915805829,0.38029173290956064,0.2842265944391499,False,False,0.401673640167364,0,2,36.200111186504365,False,True,78.15056727181462,50.0,Risco por fadiga,Atencao: sinais de sonolencia,24.800241370199803
1777746342.1061845,958,True,0.31356500962669176,0.44414840081874973,0.37885670522272075,0.29354376421177397,False,False,0.4012539184952978,0,2,36.15238138437271,False,True,78.14818078170804,50.0,Risco por fadiga,Atencao: sinais de sonolencia,25.17470948652067
1777746342.1458144,959,True,0.3067056698823423,0.44139511995641406,0.3740503949193782,0.3059551360518831,False,False,0.40083507306889354,0,2,36.76520209312439,False,True,78.17882181714562,50.0,Risco por fadiga,Atencao: sinais de sonolencia,25.231923718800775
1777746342.187203,960,True,0.3100393559844824,0.4417833539505535,0.37591135496751793,0.26859186988849376,False,False,0.40041710114702816,0,2,36.272781670093536,False,True,78.15420079599409,50.0,Risco por fadiga,Atencao: sinais de sonolencia,25.105129082313173
1777746342.2288022,961,True,0.2944484607082988,0.44901522689753326,0.371731843802916,0.23224476109279352,False,False,0.4,0,2,37.314635443687436,False,True,78.20629348467378,50.0,Risco por fadiga,Atencao: sinais de sonolencia,24.942728526198017
1777746342.2670236,962,True,0.29210546565784734,0.4604263585974196,0.3762659121276335,0.18443453924995704,False,False,0.3995837669094693,0,2,37.373114466667175,False,True,78.1519853858748,50.0,Risco por fadiga,Atencao: sinais de sonolencia,25.150435416313815
1777746342.3023295,963,True,0.3027534453828971,0.44677021055679195,0.37476182796984453,0.19747457632694423,False,False,0.3991683991683992,0,2,37.509750270843504,False,True,78.10170411168646,50.0,Risco por fadiga,Atencao: sinais de sonolencia,25.454779109646406
1777746342.337649,964,True,0.3004694847854746,0.4538249440603068,0.3771472144228907,0.2085797796439529,False,False,0.3987538940809969,0,2,37.51927061080932,False,True,78.04518567916692,50.0,Risco por fadiga,Atencao: sinais de sonolencia,25.72390335115483
1777746342.3795688,965,True,0.3022079199388567,0.4621255428121624,0.38216673137550955,0.19293933080358977,False,False,0.3983402489626556,0,2,37.40018374919891,False,True,77.9823551323145,50.0,Risco por fadiga,Atencao: sinais de sonolencia,25.514657417033487
1777746342.423129,966,True,0.29315143482086864,0.468156685572712,0.3806540601967903,0.20676817386494958,False,False,0.39792746113989635,0,2,37.168102502822876,False,True,77.9139927443663,50.0,Risco por fadiga,Atencao: sinais de sonolencia,25.295547752262085
1777746342.467858,967,True,0.29007640240752325,0.452526406744255,0.3713014045758891,0.20098853814458645,False,False,0.39751552795031053,0,2,37.191279363632205,False,True,77.8585107738387,50.0,Risco por fadiga,Atencao: sinais de sonolencia,25.004090773063492
1777746342.512211,968,True,0.30149795965726395,0.4571582350691649,0.37932809736321443,0.2026818033672153,False,False,0.39710444674250256,0,2,37.44950141906738,False,True,77.81489821053687,50.0,Risco por fadiga,Atencao: sinais de sonolencia,24.75911390410891
1777746342.5577908,969,True,0.2980167705780079,0.4515228410510213,0.3747698058145146,0.1937533467685547,False,False,0.39669421487603307,0,2,37.4247049331665,False,True,77.75725150460228,50.0,Risco por fadiga,Atencao: sinais de sonolencia,24.468612715530536
1777746342.6019282,970,True,0.29119949598674544,0.4462430834468635,0.36872128971680446,0.20932372147732528,False,False,0.39628482972136225,0,2,37.25759558677673,False,True,77.69260557851555,50.0,Risco por fadiga,Atencao: sinais de sonolencia,24.300797891112023
1777746342.6442714,971,True,0.2845535620089037,0.46475912055295887,0.3746563412809313,0.2240090336317356,False,False,0.3958762886597938,0,2,37.56550245285034,False,True,77.65182652585358,50.0,Risco por fadiga,Atencao: sinais de sonolencia,24.217574018821125
1777746342.690536,972,True,0.2912173315018491,0.4542493099473339,0.37273332072459153,0.2173784294863179,False,False,0.39546858908341914,0,2,37.19574320316315,False,True,77.57727987161769,50.0,Risco por fadiga,Atencao: sinais de sonolencia,23.960885823058803
1777746342.7357407,973,True,0.31189784672803683,0.4568357559043594,0.3843668013161981,0.21113904273528708,False,False,0.3950617283950617,0,2,37.052511954307555,False,True,77.51417496452576,50.0,Risco por fadiga,Atencao: sinais de sonolencia,23.756520415567774
1777746342.7779524,974,True,0.28408252906870307,0.4588887955361302,0.37148566230241664,0.21499557413234513,False,False,0.394655704008222,0,2,36.94450218677521,False,True,77.45294612295869,50.0,Risco por fadiga,Atencao: sinais de sonolencia,23.72447922271133
1777746342.8229382,975,True,0.30006047311607764,0.4456332251514727,0.3728468491337752,0.22301136697438148,False,False,0.3942505133470226,0,2,36.79814616441727,False,True,77.38991460592587,50.0,Risco por fadiga,Atencao: sinais de sonolencia,23.59296281210026
1777746342.866901,976,True,0.2864570066422417,0.44605734586282275,0.36625717625253223,0.2221202246106591,False,False,0.39384615384615385,0,2,37.50263147354126,False,True,77.36953944001263,50.0,Risco por fadiga,Atencao: sinais de sonolencia,23.520159530028575
1777746342.9224105,977,True,0.2726234465952445,0.44360138120327836,0.3581124138992614,0.2369114813529361,False,False,0.39344262295081966,0,2,38.19369854927063,False,True,77.34860729569064,50.0,Risco por fadiga,Atencao: sinais de sonolencia,22.973214019632348
1777746342.9786706,978,True,0.2812010794202376,0.454207883626857,0.3677044815235473,0.2301218457628827,False,False,0.3930399181166837,0,2,37.64626333713531,False,True,77.26586362039018,50.0,Risco por fadiga,Atencao: sinais de sonolencia,22.439004440218024
1777746343.019728,979,True,0.26423242556529564,0.45980644106900725,0.3620194333171515,0.25192262035575624,False,False,0.39263803680981596,0,2,38.73693685531616,False,True,77.2651386166049,50.0,Risco por fadiga,Atencao: sinais de sonolencia,22.644841506819546
1777746343.059211,980,True,0.28709669034321716,0.45736089524811785,0.3722287927956675,0.24860683263743266,False,False,0.3922369765066394,0,2,37.93788340091705,False,True,77.17004015219818,50.0,Risco por fadiga,Atencao: sinais de sonolencia,22.932386857751965
1777746343.0943825,981,True,0.2938934871381366,0.44548691721860295,0.3696902021783698,0.24729198216180737,False,False,0.39183673469387753,0,2,37.73185262680053,False,True,77.10470536423759,50.0,Risco por fadiga,Atencao: sinais de sonolencia,23.50630148738535
1777746343.1293297,982,True,0.2667331325519831,0.4639245090391681,0.3653288207955756,0.3059205944279944,False,False,0.39143730886850153,0,2,38.88887348175049,False,True,77.10763535599588,50.0,Risco por fadiga,Atencao: sinais de sonolencia,23.944052713554775
1777746343.167409,983,True,0.3067840290326338,0.443326272565708,0.3750551507991709,0.33285375876935325,False,False,0.3910386965376782,0,2,38.06895008087158,False,True,77.01182999046374,50.0,Risco por fadiga,Atencao: sinais de sonolencia,24.222636619280173
1777746343.2040336,984,True,0.2999433391566651,0.45064778925588683,0.37529556420627597,0.36696379443571225,False,False,0.3906408952187182,0,2,38.80083179473877,False,True,76.99372639480009,50.0,Risco por fadiga,Atencao: sinais de sonolencia,24.531538838531336
1777746343.2439458,985,True,0.29877689563464993,0.4560966201848987,0.3774367579097743,0.4077398968188587,False,False,0.3902439024390244,0,2,38.62434844970703,False,True,76.9303157203406,50.0,Risco por fadiga,Atencao: sinais de sonolencia,24.57186450448218
1777746343.2833297,986,True,0.3037514278807924,0.44217528305436243,0.3729633554675774,0.38638286134983546,False,False,0.3898477157360406,0,2,39.36734094619751,False,True,76.91298967350485,50.0,Risco por fadiga,Atencao: sinais de sonolencia,24.654005891704657
1777746343.3214145,987,True,0.3038165899728787,0.4442452494344619,0.3740309197036703,0.3346368828034116,False,False,0.3894523326572008,0,2,38.099496364593506,False,True,76.79523227108419,50.0,Risco por fadiga,Atencao: sinais de sonolencia,24.834086952623096
1777746343.3591743,988,True,0.30939652941692164,0.4468173183644281,0.3781069238906749,0.27693089557825123,False,False,0.3890577507598784,0,2,37.91528589725494,False,True,76.73176673683543,50.0,Risco por fadiga,Atencao: sinais de sonolencia,25.0125252086196
1777746343.3976748,989,True,0.29570595267276983,0.4727670820776117,0.38423651737519077,0.16402171376462601,False,False,0.38866396761133604,0,2,37.016064167022705,False,True,76.63266046739925,50.0,Risco por fadiga,Atencao: sinais de sonolencia,25.091172172606655
1777746343.442662,990,True,0.28929392117241637,0.47328212862025887,0.3812880248963376,0.24245201953701073,False,False,0.38827098078867545,0,2,38.82089428901672,False,True,76.6688662853831,50.0,Risco por fadiga,Atencao: sinais de sonolencia,24.815943037616275
1777746343.4888713,991,True,0.2820575799045803,0.4430705803779844,0.3625640801412824,0.2502315971035612,False,False,0.3878787878787879,0,2,38.278915119171145,False,True,76.58784080178128,50.0,Risco por fadiga,Atencao: sinais de sonolencia,24.48064915594358
1777746343.5295706,992,True,0.2929452638353055,0.4546443231881157,0.37379479351171063,0.26177806332069337,False,False,0.3874873864783047,0,2,38.27907454967499,False,True,76.53403108074005,50.0,Risco por fadiga,Atencao: sinais de sonolencia,24.48961084447502
1777746343.5725198,993,True,0.2882254640316788,0.44022467744114324,0.364225070736411,0.2029709855665822,False,False,0.3870967741935484,0,2,38.72798857688904,False,True,76.50276759294675,50.0,Risco por fadiga,Atencao: sinais de sonolencia,24.356177458737108
1777746343.618588,994,True,0.2873844040940864,0.4170812290703749,0.35223281658223066,0.16190508961881186,False,False,0.3867069486404834,0,2,38.01070966720581,False,True,76.41330263391616,50.0,Risco por fadiga,Atencao: sinais de sonolencia,24.104166070268437
1777746343.66078,995,True,0.27649147065685625,0.41012402816000587,0.34330774940843106,0.12104121709943097,False,False,0.386317907444668,0,2,38.556154251098626,False,True,76.38708169868619,50.0,Risco por fadiga,Atencao: sinais de sonolencia,24.08353266221166
1777746343.7042189,996,True,0.2808928936611678,0.4131022620688655,0.34699757786501667,0.10294508321864247,False,False,0.385929648241206,0,2,38.15452456474304,False,True,76.31361457389238,50.0,Risco por fadiga,Atencao: sinais de sonolencia,23.97214487438611
1777746343.7457712,997,True,0.2796131895609789,0.41504212631567144,0.3473276579383252,0.09332970870621832,False,False,0.3855421686746988,0,2,38.38085708618164,False,True,76.27165275956958,50.0,Risco por fadiga,Atencao: sinais de sonolencia,23.919832687425686
1777746343.792894,998,True,0.2729921379713016,0.41672962471293,0.3448608813421158,0.10637915115809173,False,False,0.38515546639919757,0,2,38.35740277767181,False,True,76.21730848126265,50.0,Risco por fadiga,Atencao: sinais de sonolencia,23.68744807772304
1777746343.8394387,999,True,0.27688128952270086,0.4351719875992394,0.35602663856097017,0.12857614194089498,False,False,0.3847695390781563,0,2,38.08350331783294,False,True,76.15054850162754,50.0,Risco por fadiga,Atencao: sinais de sonolencia,23.435732653732728
1777746343.8948987,1000,True,0.28149558849805634,0.42712006371113237,0.3543078261045943,0.11257317514869776,False,False,0.3843843843843844,0,2,38.36718790531158,False,True,76.11177396060785,50.0,Risco por fadiga,Atencao: sinais de sonolencia,22.925921516893684
1777746343.9401152,1001,True,0.27019384703740223,0.3949266114153546,0.3325602292263784,0.0038327985248430463,False,False,0.384,0,2,40.61511788368225,False,True,76.17131760667351,50.0,Risco por fadiga,Atencao: sinais de sonolencia,22.7967217380616
1777746343.987149,1002,True,0.26332290690117593,0.3892105106004976,0.32626670875083674,0.006974227269364877,False,False,0.3836163836163836,0,2,41.351589822769164,False,True,76.15539395088061,50.0,Risco por fadiga,Atencao: sinais de sonolencia,22.6817016606051
1777746344.0298846,1003,True,0.17874570779051974,0.322086275482238,0.25041599163637884,0.005577555537368154,False,False,0.38323353293413176,0,2,42.27344446182251,False,True,76.14884471402365,50.0,Risco por fadiga,Atencao: sinais de sonolencia,22.76489587562999
1777746344.0697966,1004,True,0.19532813660704532,0.30447161271534884,0.24989987466119706,0.008548102976939448,False,False,0.382851445663011,0,2,42.287971305847165,False,True,76.09703405644578,50.0,Risco por fadiga,Atencao: sinais de sonolencia,22.926770532652434
1777746344.1129372,1005,True,0.0507382929955606,0.0583716456832803,0.054554969339420445,0.19586495983060404,True,False,0.3834661354581673,0,2,41.6867440700531,False,True,76.15149254149006,50.0,Risco por fadiga,Atencao: sinais de sonolencia,22.978330643338694
1777746344.1617308,1006,True,0.19254956835378403,0.19519373599396908,0.19387165217387656,0.24168903228241576,True,False,0.38407960199004976,0,2,30.618076702139597,False,False,75.68241082122822,50.0,Risco por fadiga,Atencao: sinais de sonolencia,22.73962755547041
1777746344.2031806,1007,True,0.22677870079626,0.22711854021729125,0.2269486205067756,0.20872424325426472,False,False,0.3836978131212724,0,2,24.270716420086945,False,False,75.14450739188511,50.0,Risco por fadiga,Atencao: sinais de sonolencia,22.89063618341991
1777746344.250017,1008,True,0.2453386189119169,0.23729449906086864,0.24131655898639276,0.0870579061204622,False,False,0.3833167825223436,0,2,21.106557234850793,False,False,74.9339077252706,50.0,Risco por fadiga,Atencao: sinais de sonolencia,22.739146846225378
1777746344.2940035,1009,True,0.24890366976369968,0.26053459399040246,0.2547191318770511,0.029745977929339442,False,False,0.38293650793650796,0,2,20.645140583406796,False,False,74.85854913714601,50.0,Risco por fadiga,Atencao: sinais de sonolencia,22.72857171978216
1777746344.3416562,1010,True,0.2561496659344855,0.2779186130205586,0.2670341394775221,0.12700222365028999,False,False,0.38255698711595637,0,2,20.466403989629313,False,False,74.79742819463128,50.0,Risco por fadiga,Atencao: sinais de sonolencia,22.52766081061216
1777746344.3933623,1011,True,0.26836260749149726,0.2869049364902452,0.27763377199087125,0.12358908471668655,False,False,0.3821782178217822,0,2,19.205504969710656,False,False,74.6823024656864,50.0,Risco por fadiga,Atencao: sinais de sonolencia,22.234572400910153
1777746344.4409974,1012,True,0.25921252688880514,0.2941226386471031,0.2766675827679541,0.14582702484829496,False,False,0.3818001978239367,0,2,21.213117481903595,False,False,74.7307053415923,50.0,Risco por fadiga,Atencao: sinais de sonolencia,22.112922505014197
1777746344.4922557,1013,True,0.2790415051371728,0.3019907291580059,0.29051611714758935,0.21202820952431214,False,False,0.3814229249011858,0,2,21.333905315805563,False,False,74.68486970640915,50.0,Risco por fadiga,Atencao: sinais de sonolencia,21.850997393155495
1777746344.534593,1014,True,0.27078189452490714,0.29541263979108506,0.2830972671579961,0.22349561558661885,False,False,0.3810463968410661,0,2,20.74826358014887,False,False,74.60381501135986,50.0,Risco por fadiga,Atencao: sinais de sonolencia,21.98417915562226
1777746344.5791452,1015,True,0.2841064336142482,0.30582172545623965,0.29496407953524395,0.2505343758886031,False,False,0.3806706114398422,0,2,21.18280970156193,False,False,74.57387182476224,50.0,Risco por fadiga,Atencao: sinais de sonolencia,22.053849242840357
1777746344.6244059,1016,True,0.2833702191060976,0.30430904918609153,0.2938396341460946,0.2512141890909904,False,False,0.38029556650246304,0,2,21.299756933071397,False,False,74.52815050744806,50.0,Risco por fadiga,Atencao: sinais de sonolencia,22.091929664929488
1777746344.666084,1017,True,0.28653735890755894,0.31410201713174557,0.30031968801965225,0.18289783982959817,False,False,0.3799212598425197,0,2,21.630027713152494,False,False,74.49319688070992,50.0,Risco por fadiga,Atencao: sinais de sonolencia,22.209757600972914
1777746344.7130177,1018,True,0.28930672615006503,0.314741469677731,0.302024097913898,0.21987440721776877,False,False,0.37954768928220256,0,2,21.959102304686198,False,False,74.45828465824299,50.0,Risco por fadiga,Atencao: sinais de sonolencia,22.16743582365194
1777746344.7549233,1019,True,0.286691165799349,0.3202998011169435,0.30349548345814625,0.2484380176827126,False,False,0.3791748526522593,0,2,22.631220866333358,False,False,74.44062554970814,50.0,Risco por fadiga,Atencao: sinais de sonolencia,22.306715652652528
1777746344.801988,1020,True,0.29009894578346457,0.32104535393308087,0.30557214985827275,0.25029950693255826,False,False,0.3788027477919529,0,2,21.80134021924301,False,False,74.34796709906149,50.0,Risco por fadiga,Atencao: sinais de sonolencia,22.21860127063175
1777746344.8445108,1021,True,0.29105730803226404,0.3160011276789312,0.3035292178555976,0.25782710312060914,False,False,0.3784313725490196,0,2,22.126873635974796,False,False,74.31317967399475,50.0,Risco por fadiga,Atencao: sinais de sonolencia,22.293664414015137
1777746344.8861542,1022,True,0.2949649058453441,0.31355009322639776,0.30425749953587095,0.2620080152600439,False,False,0.3780607247796278,0,2,21.880343130501835,False,False,74.24988908042975,50.0,Risco por fadiga,Atencao: sinais de sonolencia,22.480544816335506
1777746344.9288774,1023,True,0.2903792776777536,0.31043039201859957,0.3004048348481766,0.2581026304886224,False,False,0.3776908023483366,0,2,21.5277307362719,False,False,74.1813941264157,50.0,Risco por fadiga,Atencao: sinais de sonolencia,22.56728057745878
1777746344.9706829,1024,True,0.29482179904805317,0.3196058774648476,0.3072138382564504,0.23033114772033716,False,False,0.37732160312805474,0,2,23.16022015213966,False,False,74.21225370442033,50.0,Risco por fadiga,Atencao: sinais de sonolencia,22.74869680144232
1777746345.013706,1025,True,0.27470226042473955,0.30713656462346434,0.2909194125241019,0.1971372623981886,False,False,0.376953125,0,2,22.871629712798377,False,False,74.14715843984574,50.0,Risco por fadiga,Atencao: sinais de sonolencia,22.82331869182706
1777746345.0550246,1026,True,0.2846405369398293,0.3043449915912321,0.2944927642655307,0.17960481285835284,False,False,0.37658536585365854,0,2,28.40835833386941,False,False,74.37342798827734,50.0,Risco por fadiga,Atencao: sinais de sonolencia,22.921565112275978
1777746345.0938761,1027,True,0.28659526682642184,0.3342532600644584,0.3104242634454401,0.1768905997873925,False,False,0.3762183235867446,0,2,31.827709708430547,False,False,74.49392724530473,50.0,Risco por fadiga,Atencao: sinais de sonolencia,23.23475581544172
1777746345.656027,1028,True,0.27532112328848257,0.3592139158208443,0.3172675195546634,0.001911236232572443,False,False,0.3758519961051607,0,2,41.1450756072998,False,True,74.9094255115304,50.0,Risco por fadiga,Atencao: sinais de sonolencia,21.088949767502143
1777746345.7007515,1029,True,0.26933430909182965,0.385176011628742,0.3272551603602858,0.003172606785599294,False,False,0.3754863813229572,0,2,41.475617742538454,False,True,74.87568058573936,50.0,Risco por fadiga,Atencao: sinais de sonolencia,21.25544530414567
1777746345.7421038,1030,True,0.2793523718891954,0.39639795539249706,0.33787516364084624,0.004204008048946255,False,False,0.3751214771622935,0,2,41.517222023010255,False,True,74.82758647767169,50.0,Risco por fadiga,Atencao: sinais de sonolencia,21.50626450986053
1777746345.78854,1031,True,0.27922872728843506,0.3956477887094071,0.3374382579989211,0.00420493846523908,False,False,0.37475728155339805,0,2,41.49638748168945,False,True,74.77646785438253,50.0,Risco por fadiga,Atencao: sinais de sonolencia,21.552011407201288
1777746345.832254,1032,True,0.2873445463961657,0.4016499356398759,0.3444972410180208,0.003718075533530696,False,False,0.3743937924345296,0,2,41.52582011222839,False,True,74.72795973206507,50.0,Risco por fadiga,Atencao: sinais de sonolencia,21.670565895963456
1777746345.8705812,1033,True,0.28775712149206645,0.3959593565826658,0.3418582390373661,0.0032661374836344867,False,False,0.374031007751938,0,2,41.51992654800415,False,True,74.6777821599975,50.0,Risco por fadiga,Atencao: sinais de sonolencia,22.049476747914106
1777746345.9160926,1034,True,0.28131310699893436,0.40152425832033894,0.34141868265963665,0.00392378226720781,False,False,0.3736689254598258,0,2,41.60083398818969,False,True,74.63204121684134,50.0,Risco por fadiga,Atencao: sinais de sonolencia,22.096319811415373
1777746345.9586678,1035,True,0.28793616162030883,0.38408664997297026,0.3360114057966396,0.003385251366761728,False,False,0.3733075435203095,0,2,41.47593359947204,False,True,74.57610618072198,50.0,Risco por fadiga,Atencao: sinais de sonolencia,22.237444183406136
1777746346.0008118,1036,True,0.28935792817469375,0.3972332185981618,0.3432955733864278,0.004170921065250703,False,False,0.37294685990338167,0,2,41.50890030860901,False,True,74.52816051885125,50.0,Risco por fadiga,Atencao: sinais de sonolencia,22.38042362983126
1777746346.0397713,1037,True,0.2918764620602205,0.39929947071467925,0.3455879663874499,0.0035255365974168774,False,False,0.37258687258687256,0,2,41.572336483001706,False,True,74.48183407155089,50.0,Risco por fadiga,Atencao: sinais de sonolencia,22.714960148493606
1777746346.081219,1038,True,0.2919827070414719,0.39649866139673945,0.3442406842191057,0.003066116707175414,False,False,0.3722275795564127,0,2,41.52474207878113,False,True,74.43005155965162,50.0,Risco por fadiga,Atencao: sinais de sonolencia,22.834007144725966
1777746346.1243806,1039,True,0.2926050079311796,0.3963612582038612,0.34448313306752043,0.004069508052524426,False,False,0.371868978805395,0,2,41.58242201805115,False,True,74.38362795335019,50.0,Risco por fadiga,Atencao: sinais de sonolencia,22.840796401464985
1777746346.1619072,1040,True,0.28732383095375,0.40989600050967506,0.3486099157317125,0.004578729531307245,False,False,0.37151106833493747,0,2,41.497199010848995,False,True,74.33015411330217,50.0,Risco por fadiga,Atencao: sinais de sonolencia,23.290735058447176
1777746346.1986306,1041,True,0.28977017486031403,0.40313641630087255,0.3464532955805933,0.0031634195165959403,False,False,0.37115384615384617,0,2,41.449779701232906,False,True,74.2786650979213,50.0,Risco por fadiga,Atencao: sinais de sonolencia,23.645418381249538
1777746346.2366354,1042,True,0.29023574788908574,0.4075031359324216,0.34886944191075364,0.003417272918374609,False,False,0.37079731027857826,0,2,41.31243000030517,False,True,74.22277393002558,50.0,Risco por fadiga,Atencao: sinais de sonolencia,23.943255007605423
1777746346.2745717,1043,True,0.2966486584286136,0.4046508613194666,0.3506497598740401,0.0036988746392665932,False,False,0.3704414587332054,0,2,41.226364564895626,False,True,74.16954107076634,50.0,Risco por fadiga,Atencao: sinais de sonolencia,24.163370105697258
1777746346.3117964,1044,True,0.29550849856666095,0.4162910059018533,0.3558997522342571,0.003286055395588686,False,False,0.3700862895493768,0,2,41.15182275772094,False,True,74.11697821763117,50.0,Risco por fadiga,Atencao: sinais de sonolencia,24.406487322326377
1777746346.3520408,1045,True,0.2947082954904418,0.4098036297545947,0.35225596262251824,0.0027960431697967546,False,False,0.36973180076628354,0,2,41.39310483932495,False,True,74.08030011403606,50.0,Risco por fadiga,Atencao: sinais de sonolencia,24.501824224815493
1777746346.388259,1046,True,0.2992404139451667,0.40501680818881636,0.35212861106699156,0.0044529522212379165,False,False,0.369377990430622,0,2,41.29610929489136,False,True,74.02680141566091,50.0,Risco por fadiga,Atencao: sinais de sonolencia,24.76300621629105
1777746346.4266777,1047,True,0.29580269182810653,0.41303273329815493,0.3544177125631307,0.006650776980254886,False,False,0.3690248565965583,0,2,41.66151885986328,False,True,73.99651599172576,50.0,Risco por fadiga,Atencao: sinais de sonolencia,24.88147298857747
1777746346.471182,1048,True,0.2832397992363473,0.42336122929758485,0.35330051426696607,0.004865236085424204,False,False,0.36867239732569246,0,2,42.19115900993347,False,True,73.97453484948521,50.0,Risco por fadiga,Atencao: sinais de sonolencia,24.672496798863666
1777746346.514917,1049,True,0.2871847963378338,0.41008147264343636,0.34863313449063504,0.00513729471492347,False,False,0.3683206106870229,0,2,42.41902103424072,False,True,73.93755728788351,50.0,Risco por fadiga,Atencao: sinais de sonolencia,24.483660069042514
1777746346.5589345,1050,True,0.20263745679356543,0.2754273883968215,0.23903242259519347,0.005230004149529369,False,False,0.3679694947569113,0,2,42.29229974746704,False,True,73.88294278315449,50.0,Risco por fadiga,Atencao: sinais de sonolencia,24.31958817030761
1777746346.6039667,1051,True,0.042492982903231745,0.06852531862519001,0.05550915076421088,0.005589235627546484,True,False,0.36857142857142855,0,2,42.72577648162842,False,True,73.98738251935866,50.0,Risco por fadiga,Atencao: sinais de sonolencia,24.106523233100525
1777746346.6498196,1052,True,0.15088627106218966,0.19815933719677034,0.17452280412948,0.0061522904791540675,True,False,0.3691722169362512,0,2,43.07252645492554,False,True,74.08732841818663,50.0,Risco por fadiga,Atencao: sinais de sonolencia,23.856752895859096
1777746346.6949267,1053,True,0.24944530317546007,0.29267578884044104,0.27106054600795054,0.004038663383743349,False,False,0.3688212927756654,0,2,35.42828323678537,False,True,73.50664512328066,50.0,Risco por fadiga,Atencao: sinais de sonolencia,23.65083809310303
1777746346.7407157,1054,True,0.27230618835843556,0.31345484050187583,0.2928805144301557,0.006388543433992028,False,False,0.3684710351377018,0,2,32.003157102519815,False,False,73.28722839134738,50.0,Risco por fadiga,Atencao: sinais de sonolencia,23.499274910880114
1777746346.7878156,1055,True,0.2869070750481797,0.36331648527101656,0.32511178015959813,0.006462039256894357,False,False,0.3681214421252372,0,2,28.142137093435633,False,False,73.0461083516793,50.0,Risco por fadiga,Atencao: sinais de sonolencia,23.28575261846161
1777746346.836774,1056,True,0.2878368871621523,0.3743830700627776,0.33110997861246494,0.03466926481288302,False,False,0.36777251184834125,0,2,26.57825830551711,False,False,72.91993649921018,50.0,Risco por fadiga,Atencao: sinais de sonolencia,22.99306600285938
1777746346.8828175,1057,True,0.29098739668450563,0.34707908007601806,0.3190332383802619,0.09190554033167513,False,False,0.36742424242424243,0,2,24.465631476586513,False,False,72.76641811195007,50.0,Risco por fadiga,Atencao: sinais de sonolencia,22.881641597923124
1777746346.9285717,1058,True,0.28276101103307066,0.33969845724124537,0.31122973413715804,0.07942019246496526,False,False,0.36707663197729423,0,2,23.728988256508654,False,False,72.6817895144908,50.0,Risco por fadiga,Atencao: sinais de sonolencia,22.773389980109627
1777746346.9721973,1059,True,0.2852918387047241,0.3700613985047955,0.32767661860475983,0.11221694659963352,False,False,0.3667296786389414,0,2,22.24147852334109,False,False,72.5597079438089,50.0,Risco por fadiga,Atencao: sinais de sonolencia,22.78836713920797
1777746347.0206203,1060,True,0.29432077750216046,0.3240478072114238,0.3091842923567921,0.12115633297297118,False,False,0.3663833805476865,0,2,20.747912634502757,False,False,72.43741366181943,50.0,Risco por fadiga,Atencao: sinais de sonolencia,22.57086757304316
1777746347.0575216,1061,True,0.2873384640557285,0.34964457321929804,0.31849151863751324,0.13425646210959197,False,False,0.3660377358490566,0,2,18.866228311034767,False,False,72.29580329958442,50.0,Risco por fadiga,Atencao: sinais de sonolencia,23.021254527607915
1777746347.3080764,1062,True,0.3098403611111687,0.32126105320405224,0.31555070715761047,0.14567788919794727,False,False,0.3656927426955702,0,2,21.83631798408248,False,False,72.39687122463243,50.0,Risco por fadiga,Atencao: sinais de sonolencia,21.1189905627971
1777746347.3500803,1063,True,0.30481054583524747,0.33279527372085893,0.3188029097780532,0.1694693968050728,False,False,0.3653483992467043,0,2,21.27601676718755,False,False,72.32150893956863,50.0,Risco por fadiga,Atencao: sinais de sonolencia,21.37858614040949
1777746347.3950677,1064,True,0.30160582483551357,0.3456231730755791,0.32361449895554634,0.1786946322891763,False,False,0.36500470366886173,0,2,22.441986816037783,False,False,72.33254930005779,50.0,Risco por fadiga,Atencao: sinais de sonolencia,21.431567187454185
1777746347.4388444,1065,True,0.3004561503394583,0.3580769791029534,0.32926656472120586,0.1740818915094133,False,False,0.36466165413533835,0,2,23.20174626775763,False,False,72.3233679617843,50.0,Risco por fadiga,Atencao: sinais de sonolencia,21.596887659371575
1777746347.4906363,1066,True,0.3001222301036628,0.32915624592162424,0.3146392380126435,0.17877438193558176,False,False,0.3643192488262911,0,2,23.743186731094667,False,False,72.30335925495714,50.0,Risco por fadiga,Atencao: sinais de sonolencia,21.35088037682484
1777746347.5405953,1067,True,0.3010093041692714,0.3282432789682843,0.31462629156877786,0.17503073501825128,False,False,0.36397748592870544,0,2,22.954347429627724,False,False,72.2169248914658,50.0,Risco por fadiga,Atencao: sinais de sonolencia,21.24267282805438
1777746347.5882797,1068,True,0.2977677945021882,0.3285991402237876,0.3131834673629879,0.1799315090806802,False,False,0.36363636363636365,0,2,22.608345288038258,False,False,72.15272046918932,50.0,Risco por fadiga,Atencao: sinais de sonolencia,21.188636044937525
1777746347.6359842,1069,True,0.298251316095841,0.3330898265580878,0.3156705713269644,0.17533725365873296,False,False,0.36329588014981273,0,2,22.085565709932283,False,False,72.07976501088328,50.0,Risco por fadiga,Atencao: sinais de sonolencia,21.15302765068745
1777746347.6841934,1070,True,0.2779114934478931,0.331886123771105,0.30489880860949903,0.1696681495696778,False,False,0.362956033676333,0,2,21.202781255407764,False,False,71.98889689805358,50.0,Risco por fadiga,Atencao: sinais de sonolencia,21.154494356766218
1777746347.7350602,1071,True,0.2853294041205474,0.3285044972186792,0.30691695066961333,0.17344842924174503,False,False,0.36261682242990656,0,2,20.858206845142625,False,False,71.92502663115668,50.0,Risco por fadiga,Atencao: sinais de sonolencia,20.96514804905534
1777746347.7910192,1072,True,0.29015371489317315,0.33482406494054845,0.3124888899168608,0.17869851624959973,False,False,0.3622782446311858,0,2,20.357848400690337,False,False,71.85345426160997,50.0,Risco por fadiga,Atencao: sinais de sonolencia,20.68424679432655
1777746347.8391342,1073,True,0.29233750505107486,0.33986922575930867,0.3161033654051918,0.18024124776065217,False,False,0.3619402985074627,0,2,20.416314991224898,False,False,71.80990999912477,50.0,Risco por fadiga,Atencao: sinais de sonolencia,20.670627893806692
1777746347.89405,1074,True,0.293503639588716,0.33673843597016107,0.31512103777943856,0.17872573208570156,False,False,0.3616029822926375,0,2,20.49651268625801,False,False,71.76753890433795,50.0,Risco por fadiga,Atencao: sinais de sonolencia,20.442435890789312
1777746347.9456286,1075,True,0.2934512640830237,0.3345542740726275,0.3140027690778256,0.18392295894067306,False,False,0.3612662942271881,0,2,20.801395946605638,False,False,71.73648845835604,50.0,Risco por fadiga,Atencao: sinais de sonolencia,20.34108297317696
1777746347.994679,1076,True,0.29970327566847893,0.3065224920548405,0.3031128838616597,0.17345238095238094,False,False,0.36093023255813955,0,2,21.169315602969043,False,False,71.70867596168004,50.0,Risco por fadiga,Atencao: sinais de sonolencia,20.346138862812776
1777746348.0394037,1077,True,0.2963744469494026,0.3161156135705071,0.30624503025995486,0.1755023229773089,False,False,0.36059479553903345,0,2,21.823808009787037,False,False,71.69527799189386,50.0,Risco por fadiga,Atencao: sinais de sonolencia,20.511996757943614
1777746348.0872703,1078,True,0.3150776405842073,0.32309539145991406,0.3190865160220607,0.18958863291511197,False,False,0.36025998142989785,0,2,22.29316492866386,False,False,71.67270889783154,50.0,Risco por fadiga,Atencao: sinais de sonolencia,20.588424970008592
1777746348.1305945,1079,True,0.31437991118798564,0.31702522446089615,0.3157025678244409,0.18637949308193433,False,False,0.35992578849721707,0,2,22.021490340476685,False,False,71.61317364017859,50.0,Risco por fadiga,Atencao: sinais de sonolencia,20.817545497773445
1777746348.1810572,1080,True,0.31504434127688624,0.3238446161736252,0.3194444787252557,0.19315733760080891,False,False,0.35959221501390176,0,2,22.11102795086124,False,False,71.57178416674196,50.0,Risco por fadiga,Atencao: sinais de sonolencia,20.733345941135777
1777746348.2370484,1081,True,0.287239863983112,0.3099730356657013,0.29860644982440665,0.18497138667743096,False,False,0.3592592592592593,0,2,22.522967278144577,False,False,71.54659971684279,50.0,Risco por fadiga,Atencao: sinais de sonolencia,20.43267440167569
1777746348.2877686,1082,True,0.27819917598651683,0.31540236344901146,0.29680076971776415,0.1870557784931603,False,False,0.35892691951896394,0,2,20.5747496730902,False,False,71.40349212229945,50.0,Risco por fadiga,Atencao: sinais de sonolencia,20.343665584421448
1777746348.3362296,1083,True,0.2832868732144477,0.31639507969968933,0.29984097645706853,0.18989663213351798,False,False,0.3585951940850277,0,2,19.90504483946345,False,False,71.32439463345189,50.0,Risco por fadiga,Atencao: sinais de sonolencia,20.39557487675511
1777746348.3885152,1084,True,0.28985395707715406,0.3157377615820925,0.3027958593296233,0.18609802441128998,False,False,0.358264081255771,0,2,17.776311255043204,False,False,71.17242994020808,50.0,Risco por fadiga,Atencao: sinais de sonolencia,20.274909650383403
1777746348.4411206,1085,True,0.28702989616532243,0.33432639791785856,0.31067814704159047,0.18370555158080196,False,False,0.35793357933579334,0,2,16.468754593553868,False,False,71.06160809313668,50.0,Risco por fadiga,Atencao: sinais de sonolencia,20.138267545425546
1777746348.491862,1086,True,0.28794726803846776,0.35251558895036705,0.32023142849441744,0.1767938024887906,False,False,0.3576036866359447,0,2,16.532574242556638,False,False,71.01943882935763,50.0,Risco por fadiga,Atencao: sinais de sonolencia,20.064839502460636
1777746348.5384579,1087,True,0.29543891895415764,0.348811993911211,0.3221254564326843,0.17910651453045542,False,False,0.3572744014732965,0,2,16.442787942493503,False,False,70.96967280449034,50.0,Risco por fadiga,Atencao: sinais de sonolencia,20.19606691991107
1777746348.5946198,1088,True,0.2905339304541506,0.3561583586857953,0.32334614456997296,0.1763380306172364,False,False,0.35694572217111314,0,2,16.169752221283588,False,False,70.91082761437964,50.0,Risco por fadiga,Atencao: sinais de sonolencia,19.99420248178249
1777746348.6469796,1089,True,0.288991723456047,0.3419665826442511,0.31547915305014906,0.17727178610492822,False,False,0.35661764705882354,0,2,15.921956952322613,False,False,70.85332752299176,50.0,Risco por fadiga,Atencao: sinais de sonolencia,19.91442594859342
1777746348.6961844,1090,True,0.28692047929515907,0.335617541643117,0.311269010469138,0.1727886620279855,False,False,0.3562901744719926,0,2,16.299832268059255,False,False,70.82719380808936,50.0,Risco por fadiga,Atencao: sinais de sonolencia,19.955966472607145
1777746348.7525587,1091,True,0.27947485647419334,0.3277863343137526,0.30363059539397297,0.1765291793152002,False,False,0.3559633027522936,0,2,17.7024520997974,False,False,70.85237993821765,50.0,Risco por fadiga,Atencao: sinais de sonolencia,19.72642414166513
1777746348.7981308,1092,True,0.279226882741008,0.32654435702845885,0.3028856198847334,0.1769200109797142,False,False,0.3556370302474794,0,2,16.917702334170993,False,False,70.76827998052437,50.0,Risco por fadiga,Atencao: sinais de sonolencia,19.96057113611024
1777746348.8629029,1093,True,0.2832641191882083,0.3233434250357934,0.3033037721120009,0.18950685363406253,False,False,0.3553113553113553,0,2,17.88534665906971,False,False,70.77188189305225,50.0,Risco por fadiga,Atencao: sinais de sonolencia,19.499362763080615
1777746348.9261708,1094,True,0.28029928872558524,0.32635271193784554,0.3033260003317154,0.19684188318519394,False,False,0.3549862763037511,0,2,18.140227868949825,False,False,70.73992759000068,50.0,Risco por fadiga,Atencao: sinais de sonolencia,19.137126258595902
1777746348.996852,1095,True,0.31388055624089395,0.2960344911642718,0.3049575237025829,0.16489359783731913,False,False,0.3546617915904936,0,2,17.267531753331426,False,False,70.65167613614685,50.0,Risco por fadiga,Atencao: sinais de sonolencia,18.633566451315456
1777746349.064818,1096,True,0.289577374548825,0.29540503302966575,0.29249120378924537,0.1326921691172121,False,False,0.354337899543379,0,2,21.009261310642415,False,False,70.79422745753413,50.0,Risco por fadiga,Atencao: sinais de sonolencia,18.241263154342366
1777746349.1233299,1097,True,0.27463078424307386,0.310760696613054,0.2926957404280639,0.17006203937449582,False,False,0.354014598540146,0,2,23.81764097105373,False,False,70.89019255261016,50.0,Risco por fadiga,Atencao: sinais de sonolencia,18.132643993431774
1777746349.16931,1098,True,0.2502097470138854,0.3037900538278427,0.27699990042086403,0.19013009372368872,False,False,0.3536918869644485,0,2,28.902620538798246,False,False,71.10006868933898,50.0,Risco por fadiga,Atencao: sinais de sonolencia,18.478502645332146
1777746349.2156403,1099,True,0.2743015805858944,0.29497360958099755,0.284637595083446,0.15882736592227956,False,False,0.3533697632058288,0,2,26.917718360911714,False,False,70.95653156363444,50.0,Risco por fadiga,Atencao: sinais de sonolencia,18.76243945672127
1777746349.2590556,1100,True,0.24538669723905032,0.2828712470366177,0.26412897213783404,0.16695642034356303,False,False,0.35304822565969063,0,2,37.114918904412875,False,True,71.42218017821551,50.0,Risco por fadiga,Atencao: sinais de sonolencia,19.24660112283064
1777746349.3046255,1101,True,0.2294990437127762,0.29220473717991485,0.26085189044634555,0.10423091231078781,False,False,0.3527272727272727,0,2,39.65887260437012,False,True,71.5052468350059,50.0,Risco por fadiga,Atencao: sinais de sonolencia,19.496846946447203
1777746349.3600368,1102,True,0.07263035760434274,0.0880098077458248,0.08032008267508377,0.006013104327560065,True,False,0.3533151680290645,0,2,35.91477468013763,False,True,71.39887754279066,50.0,Risco por fadiga,Atencao: sinais de sonolencia,19.352685710448526
1777746349.411765,1103,True,0.08210684172822415,0.1038001060735555,0.09295347390088982,0.008122778588864043,True,False,0.35390199637023595,0,2,35.54654150009155,False,True,71.46115478069942,50.0,Risco por fadiga,Atencao: sinais de sonolencia,19.32976285962663
1777746349.462867,1104,True,0.10013608001125522,0.1503736843200471,0.12525488216565117,0.01223020136019909,True,False,0.35448776065276516,0,2,37.10160195827484,False,True,71.61945039245636,50.0,Risco por fadiga,Atencao: sinais de sonolencia,19.389890435621442
1777746349.5117517,1105,True,0.09820166769518475,0.19356689632013396,0.14588428200765935,0.02920956766602753,True,False,0.35507246376811596,0,2,37.50135087966919,False,True,71.7198345168868,50.0,Risco por fadiga,Atencao: sinais de sonolencia,19.485642562513746
1777746349.5628688,1106,True,0.10429208905395962,0.2641120723691554,0.18420208071155753,0.020143924238345927,True,False,0.3556561085972851,0,2,36.76535229682922,False,True,71.76328575175555,50.0,Risco por fadiga,Atencao: sinais de sonolencia,19.492188965577377
1777746349.6099155,1107,True,0.16052517631572635,0.22506445388894808,0.1927948151023372,0.05916001582111465,True,False,0.3562386980108499,0,2,37.143579602241516,False,True,71.86230316139135,50.0,Risco por fadiga,Atencao: sinais de sonolencia,19.62402724597523
1777746349.6587038,1108,True,0.15374775851080982,0.22411495153924899,0.1889313550250294,0.04587065090891048,True,False,0.3568202348690154,0,2,35.66134149432182,False,True,71.8681525739931,50.0,Risco por fadiga,Atencao: sinais de sonolencia,19.76379859007976
1777746349.702386,1109,True,0.12973161900947064,0.2157990517265893,0.17276533536802996,0.03522643737478842,True,False,0.3574007220216607,0,2,35.15878415852785,False,True,71.92284169069215,50.0,Risco por fadiga,Atencao: sinais de sonolencia,20.0607246621708
1777746349.7550063,1110,True,0.2607871396514028,0.37119343737704014,0.3159902885142215,0.14751909295676055,False,False,0.3570784490532011,0,2,37.28700568675995,False,True,71.90294472978715,50.0,Risco por fadiga,Atencao: sinais de sonolencia,19.957942222775966
1777746349.8045921,1111,True,0.2909969429300875,0.42244502691253444,0.356720984921311,0.1353070978092283,False,False,0.3567567567567568,0,2,37.8277907371521,False,True,71.88575129154567,50.0,Risco por fadiga,Atencao: sinais de sonolencia,19.971196757643632
1777746349.8562036,1112,True,0.3089035546294031,0.44062672201951003,0.37476513832445657,0.16491420782820246,False,False,0.3564356435643564,0,2,37.30828955173492,False,True,71.81562316831975,50.0,Risco por fadiga,Atencao: sinais de sonolencia,19.91909908830093
1777746349.9095407,1113,True,0.31454170303571566,0.38941690387266725,0.3519793034541915,0.16588483071274016,False,False,0.35611510791366907,0,2,37.11814646720886,False,True,71.76204236212395,50.0,Risco por fadiga,Atencao: sinais de sonolencia,19.770965971848426
1777746349.9659061,1114,True,0.30749208706436915,0.41728941186197255,0.36239074946317085,0.1486845142558703,False,False,0.3557951482479784,0,2,38.464875030517575,False,True,71.78538433625691,50.0,Risco por fadiga,Atencao: sinais de sonolencia,19.582170309759
1777746350.0139146,1115,True,0.30754793228684,0.386835451086519,0.3471916916866795,0.13358606743386217,False,False,0.35547576301615796,0,2,38.66693377494812,False,True,71.75157180410312,50.0,Risco por fadiga,Atencao: sinais de sonolencia,19.737126378541543
1777746350.0595214,1116,True,0.31390708119521,0.3725533733609733,0.3432302272780916,0.13192415660711007,False,False,0.35515695067264574,0,2,39.58949136734009,False,True,71.7538629864898,50.0,Risco por fadiga,Atencao: sinais de sonolencia,19.957589520594528
1777746350.1095855,1117,True,0.3157592547367564,0.3902451102085399,0.35300218247264814,0.13142864880572383,False,False,0.3548387096774194,0,2,39.257030916213985,False,True,71.69348182708985,50.0,Risco por fadiga,Atencao: sinais de sonolencia,19.94750590667961
1777746350.3437233,1118,True,0.29584299973592443,0.38867141619008133,0.34225720796300285,0.16633933246228574,False,False,0.35452103849597133,0,2,39.23586721420288,False,True,71.64874385454021,50.0,Risco por fadiga,Atencao: sinais de sonolencia,18.380254454569442
1777746350.3879166,1119,True,0.3053495461374446,0.3835024476321932,0.3444259968848189,0.165634733328693,False,False,0.3542039355992844,0,2,40.6582010269165,False,True,71.67625889688144,50.0,Risco por fadiga,Atencao: sinais de sonolencia,18.77684091265349
1777746350.4367568,1120,True,0.2790282627103855,0.3989451039671327,0.3389866833387591,0.17476516974380368,False,False,0.353887399463807,0,2,40.96502470970154,False,True,71.64807636239254,50.0,Risco por fadiga,Atencao: sinais de sonolencia,18.966357376624632
1777746350.4895923,1121,True,0.3098139043681063,0.36026919629183446,0.3350415503299704,0.16936352014062353,False,False,0.3535714285714286,0,2,41.365584945678705,False,True,71.62465837648936,50.0,Risco por fadiga,Atencao: sinais de sonolencia,18.957896377847593
1777746350.5423834,1122,True,0.3004744418754298,0.3824562299882621,0.34146533593184597,0.17272668388784226,False,False,0.35325602140945583,0,2,41.67063236236572,False,True,71.59654226255248,50.0,Risco por fadiga,Atencao: sinais de sonolencia,18.947167072207332
1777746350.6160018,1123,True,0.28834355134951517,0.36766634837070156,0.32800494986010836,0.17714278709891926,False,False,0.35294117647058826,0,2,41.56458897590637,False,True,71.5479489141352,50.0,Risco por fadiga,Atencao: sinais de sonolencia,18.40613224463097
1777746350.6685452,1124,True,0.31058021833734156,0.36720650525743664,0.3388933617973891,0.1815385287344545,False,False,0.352626892252894,0,2,42.149554300308225,False,True,71.53398310042233,50.0,Risco por fadiga,Atencao: sinais de sonolencia,18.4897949147314
1777746350.72463,1125,True,0.29765617434738406,0.40163575442236926,0.34964596438487666,0.18725213279810227,False,False,0.35231316725978645,0,2,40.824960520592604,False,True,71.42461622488428,50.0,Risco por fadiga,Atencao: sinais de sonolencia,18.395586206545538
1777746350.7767365,1126,True,0.30098146090319006,0.3820331184949968,0.34150728969909344,0.18178666836561783,False,False,0.352,0,2,40.86941018104553,False,True,71.38377820968627,50.0,Risco por fadiga,Atencao: sinais de sonolencia,18.509671522561433
1777746350.8377008,1127,True,0.2749373882131285,0.3577223152384151,0.31632985172577177,0.20247855586284397,False,False,0.35168738898756663,0,2,41.66201839447021,False,True,71.38042460614793,50.0,Risco por fadiga,Atencao: sinais de sonolencia,18.295874684552615
1777746350.894977,1128,True,0.26632788965587234,0.36940971949506557,0.31786880457546896,0.20554766208767375,False,False,0.3513753327417924,0,2,41.41338920593262,False,True,71.3250854129271,50.0,Risco por fadiga,Atencao: sinais de sonolencia,18.18254221009526
1777746350.947904,1129,True,0.2743628499177523,0.3553795174468694,0.3148711836823108,0.21270191989591436,False,False,0.35106382978723405,0,2,42.96158943176269,False,True,71.35966376796682,50.0,Risco por fadiga,Atencao: sinais de sonolencia,18.29603175505545
1777746351.0149946,1130,True,0.28984676737984355,0.33275515183098686,0.3113009596054152,0.21020006530450724,False,False,0.3507528786536758,0,2,41.96637028835036,False,True,71.26714702993195,50.0,Risco por fadiga,Atencao: sinais de sonolencia,17.952383335844463
1777746351.0895245,1131,True,0.2920789668384337,0.35421798957363954,0.32314847820603665,0.2230709459840471,False,False,0.3504424778761062,0,2,38.072622434659436,False,True,71.02977953033158,50.0,Risco por fadiga,Atencao: sinais de sonolencia,17.504930186868506
1777746351.153537,1132,True,0.2912297151431129,0.30657009321276574,0.2988999041779393,0.2156454866479124,False,False,0.35013262599469497,0,2,33.74610149806196,False,False,70.77084884980766,50.0,Risco por fadiga,Atencao: sinais de sonolencia,17.3156759799722
1777746351.206151,1133,True,0.30009034886383906,0.3065367677693724,0.3033135583166057,0.20837235953281422,False,False,0.3498233215547703,0,2,32.56864654150876,False,False,70.66944674149036,50.0,Risco por fadiga,Atencao: sinais de sonolencia,17.46992234674733
1777746351.2696927,1134,True,0.30381209817063126,0.319721118310061,0.31176660824034613,0.20117628835165266,False,False,0.34951456310679613,0,2,33.75338912335309,False,False,70.68622958398613,50.0,Risco por fadiga,Atencao: sinais de sonolencia,17.307879432383263
1777746351.330666,1135,True,0.305411127734711,0.3328671545643993,0.31913914114955516,0.16356302680063775,False,False,0.3492063492063492,0,2,33.56232467673041,False,False,70.63429695034354,50.0,Risco por fadiga,Atencao: sinais de sonolencia,17.199706852969996
1777746351.391524,1136,True,0.3033968401394302,0.32445651870223857,0.3139266794208344,0.029817028521741906,False,False,0.34889867841409694,0,2,34.36677306565372,False,False,70.63221463585502,50.0,Risco por fadiga,Atencao: sinais de sonolencia,17.140223056968416
1777746351.4503944,1137,True,0.3029806835767735,0.3606276308621578,0.33180415721946566,0.05198018491354512,False,False,0.3485915492957746,0,2,36.08872929540547,False,True,70.6760821935733,50.0,Risco por fadiga,Atencao: sinais de sonolencia,17.11554403496506
1777746351.5036104,1138,True,0.30892587627371826,0.3995466532374154,0.3542362647555668,0.11553122279859897,False,False,0.3482849604221636,0,2,40.74126419316638,False,True,70.86655296833982,50.0,Risco por fadiga,Atencao: sinais de sonolencia,17.28474945949547
1777746351.5654438,1139,True,0.30167127793105797,0.40208824393930004,0.35187976093517903,0.13676487493969514,False,False,0.34797891036906853,0,2,41.52738765911622,False,True,70.86377725933676,50.0,Risco por fadiga,Atencao: sinais de sonolencia,17.1719974357882
1777746351.6242523,1140,True,0.3076672929411619,0.4134879117886403,0.3605776023649011,0.12930122815295,False,False,0.3476733977172959,0,2,42.627777047590776,False,True,70.87678873914173,50.0,Risco por fadiga,Atencao: sinais de sonolencia,17.16075540802741
1777746351.6819413,1141,True,0.29472682610695466,0.4320099441069352,0.3633683851069449,0.1385712642291678,False,False,0.3473684210526316,0,2,44.13483743667602,False,True,70.91020746720466,50.0,Risco por fadiga,Atencao: sinais de sonolencia,17.173685844457935
1777746351.7349029,1142,True,0.2899713144169742,0.41351612749601596,0.3517437209564951,0.14931627172283285,False,False,0.3470639789658195,0,2,43.22884817123413,False,True,70.8230472169959,50.0,Risco por fadiga,Atencao: sinais de sonolencia,17.332204790216235
